ID,Name,disableParam_NT,disableParamReserve1,disableParamReserve2,behaviorVariationId,resistCorrectId_poison,nameId,turnVellocity,hitHeight,hitRadius,weight,hitYOffset,hp,mp,getSoul,itemLotId_enemy,itemLotId_map,maxAnkleRollAngle,chrHitGroupAndNavimesh,faceIconId,deactivateDist,unknown_0,footIkErrorHeightLimit,humanityLotId,spEffectID0,spEffectID1,spEffectID2,spEffectID3,spEffectID4,spEffectID5,spEffectID6,spEffectID7,rewardItemLot_1,physGuardCutRate,magGuardCutRate,fireGuardCutRate,thunGuardCutRate,animIdOffset,lockGazePoint0,lockGazePoint1,lockGazePoint2,lockGazePoint3,lockGazePoint4,lockGazePoint5,networkWarpDist,dbgBehaviorR1,dbgBehaviorL1,dbgBehaviorR2,dbgBehaviorL2,dbgBehaviorRL,dbgBehaviorRR,dbgBehaviorRD,dbgBehaviorRU,dbgBehaviorLL,dbgBehaviorLR,dbgBehaviorLD,dbgBehaviorLU,animIdOffset2,partsDamageRate1,partsDamageRate2,partsDamageRate3,partsDamageRate4,partsDamageRate5,partsDamageRate6,partsDamageRate7,partsDamageRate8,weakPartsDamageRate,superArmorRecoverCorrection,superArmorBrakeKnockbackDist,stamina,staminaRecoverBaseVel,def_phys,def_slash,def_blow,def_thrust,def_mag,def_fire,def_thunder,defFlickPower,resist_poison,resist_desease,resist_blood,resist_curse,ghostModelId,normalChangeResouceId,guardAngle,slashGuardCutRate,blowGuardCutRate,thrustGuardCutRate,lockGazePoint6,normalChangeTexChrId,dropType,knockbackRate,knockbackParamId,fallDamageDump,staminaGuardDef,resist_sleep,resist_madness,sleepGuardResist,madnessGuardResist,lockGazePoint7,mpRecoverBaseVel,flickDamageCutRate,defaultLodParamId,drawType,npcType,teamType,moveType,lockDist,materialSe_Weak1,materialSfx_Weak1,partsDamageType,vowType,guardLevel,burnSfxType,poisonGuardResist,diseaseGuardResist,bloodGuardResist,curseGuardResist,parryAttack,parryDefence,sfxSize,pushOutCamRegionRadius,hitStopType,ladderEndChkOffsetTop,ladderEndChkOffsetLow,useRagdollCamHit,disableClothRigidHit,useUndulationAddAnimFB,isWeakA,isGhost,isNoDamageMotion,isUnduration,isChangeWanderGhost,modelDispMask0,modelDispMask1,modelDispMask2,modelDispMask3,modelDispMask4,modelDispMask5,modelDispMask6,modelDispMask7,modelDispMask8,modelDispMask9,modelDispMask10,modelDispMask11,modelDispMask12,modelDispMask13,modelDispMask14,modelDispMask15,isEnableNeckTurn,disableRespawn,isMoveAnimWait,isCrowd,isWeakB,isWeakC,isWeakD,doesAlwaysUseSpecialTurn,isRideAtkTarget,isEnableStepDispInterpolate,isStealthTarget,disableInitializeDead,isHitRumble,isSmoothTurn,isWeakE,isWeakF,modelDispMask16,modelDispMask17,modelDispMask18,modelDispMask19,modelDispMask20,modelDispMask21,modelDispMask22,modelDispMask23,modelDispMask24,modelDispMask25,modelDispMask26,modelDispMask27,modelDispMask28,modelDispMask29,modelDispMask30,modelDispMask31,itemSearchRadius,chrHitHeight,chrHitRadius,specialTurnType,isSoulGetByBoss,isBulletOwner_byObject,isUseLowHitFootIk,isCalculatePvPDamage,isHostSyncChr,isSkipWeakDamageAnim,isKeepHitOnRide,isSpCollide,def_dark,threatLv,specialTurnDistanceThreshold,autoFootEffectSfxId,materialSe1,materialSfx1,materialSe_Weak2,materialSfx_Weak2,materialSe2,materialSfx2,spEffectID8,spEffectID9,spEffectID10,spEffectID11,spEffectID12,spEffectID13,spEffectID14,spEffectID15,autoFootEffectDecalBaseId1,toughness,toughnessRecoverCorrection,neutralDamageCutRate,slashDamageCutRate,blowDamageCutRate,thrustDamageCutRate,magicDamageCutRate,fireDamageCutRate,thunderDamageCutRate,darkDamageCutRate,darkGuardCutRate,clothUpdateOffset,npcPlayerWeightType,normalChangeModelId,normalChangeAnimChrId,paintRenderTargetSize,resistCorrectId_disease,phantomShaderId,multiPlayCorrectionParamId,maxAnklePitchAngle,resist_freeze,freezeGuardResist,pad1,lockCameraParamId,spEffectID16,spEffectID17,spEffectID18,spEffectID19,spEffectID20,spEffectID21,spEffectID22,spEffectID23,spEffectID24,spEffectID25,spEffectID26,spEffectID27,spEffectID28,spEffectID29,spEffectID30,spEffectID31,disableLockOnAng,clothOffLodLevel,isUseFootIKNormalByUnduration,attachHitInitializeDead,excludeGroupRewardCheck,enableAILockDmyPoly_212,enableAILockDmyPoly_213,enableAILockDmyPoly_214,disableActivateOpen_xb1,disableActivateLegacy_xb1,estusFlaskRecoveryParamId,roleNameId,estusFlaskLotPoint,hpEstusFlaskLotPoint,mpEstusFlaskLotPoint,estusFlaskRecovery_failedLotPointAdd,hpEstusFlaskRecovery_failedLotPointAdd,mpEstusFlaskRecovery_failedLotPointAdd,WanderGhostPhantomId,hearingHeadSize,SoundBankId,forwardUndulationLimit,sideUndulationLimit,deactiveMoveSpeed,deactiveMoveDist,enableSoundObjDist,undulationCorrectGain,autoFootEffectDecalBaseId2,autoFootEffectDecalBaseId3,RetargetReferenceChrId,SfxResBankId,updateActivatePriolity,chrNavimeshFlag_Alive,chrNavimeshFlag_Dead,affectedByNecromancy,unknown_20b,enableSpKillId,unknown_20d,unknown_20e,unknown_20f,unknown_20g,unknown_20h,wheelRotType,wheelRotRadius,retargetMoveRate,ladderWarpOffset,loadAssetId,overlapCameraDmypolyId,residentMaterialExParamId00,residentMaterialExParamId01,residentMaterialExParamId02,residentMaterialExParamId03,residentMaterialExParamId04,sleepCollectorItemLotId_enemy,sleepCollectorItemLotId_map,footIkErrorOnGain,footIkErrorOffGain,SoundAddBankId,materialVariationValue,materialVariationValue_Weak,superArmorDurability,saRecoveryRate,saGuardCutRate,resistCorrectId_blood,resistCorrectId_curse,resistCorrectId_freeze,resistCorrectId_sleep,resistCorrectId_madness,chrDeadTutorialFlagId,stepDispInterpolateTime,stepDispInterpolateTriggerValue,lockScoreOffset,rewardItemLot_2,day2SpEffectID,poiseBonusRate_Magic,poiseBonusRate_Fire,poiseBonusRate_Lightning,poiseBonusRate_Holy,poiseBonusRate_Poison,poiseBonusRate_ScarletRot,poiseBonusRate_Bleed,poiseBonusRate_Blight,poiseBonusRate_Frostbite,poiseBonusRate_Sleep,poiseBonusRate_Madness,poiseBonusRate_WeakA,poiseBonusRate_WeakB,poiseBonusRate_WeakC,poiseBonusRate_WeakD,poiseBonusRate_WeakE,poiseBonusRate_WeakF,poiseBonusRate_Unk,poiseBonusMax,unknown_21,unknown_22,chaosMatchingCorrectParamId,chaosMatchingSpEffectSetParamId,chaosMatchingRewardLotId,chaosMatchingItemLotId,chaosMatchingUnk,endPadding,
20410056,Kindred of Rot Larva,0,0,[0|0|0],20410,1002,0,60,1,0.8,45,0,77,0,100,204100100,-1,-1,0,0,-1,-1,0.8,-1,5401,0,0,7190,0,0,0,90010,-1,0,0,0,0,0,-1,-1,-1,-1,-1,-1,16,3000,3001,3002,3003,3004,3005,3006,3007,3008,3009,6001,6000,0,1,1,1,1,1,1,1,1,1.5,-0.53846157,0,50,21,100,0,0,0,100,100,100,0,112,999,84,999,-1,-1,0,0,0,0,-1,-1,0,0,0,0,0,63,999,0,0,-1,10,0,11,0,0,6,13,40,148,148,0,0,2,0,0,0,0,0,0,0,0,0,0,17,7,0,0,0,0,0,0,0,0,0,0,0,0,0,0,0,0,0,0,0,0,0,0,0,0,0,0,0,0,0,0,0,1,0,0,1,0,0,1,0,0,0,0,0,0,0,0,0,0,0,0,0,0,0,0,0,0,0,1,0.4,0,0,0,0,0,0,0,0,0,100,1,0,1,147,147,139,139,139,139,0,90030,0,0,90060,90100,90200,-1,-1,0,0.4,1,0.9,1.1,1,1,1.2,1,1,0,0,0,-1,2040,128,-1,-1,100,10,63,0,0,-1,-1,5800,18917,-1,-1,-1,-1,-1,-1,-1,-1,-1,-1,-1,152,-1,0,2,0,0,0,1,1,1,0,0,-1,-1,0,0,0,0,0,0,-1,-1,3810,0,0,0,180,200,0.1,-1,-1,-1,2040,1.8,0,0,0,1,0,0,0,0,0,0,0,0,1,0,-1,-1,-1,-1,-1,-1,-1,-1,-1,0.1,0.4,-1,0,0,30,0.29,100,3001,-1,5000,6000,-1,0,0.5,0.6,0,-1,0,1,1,1,1,1,1,1,1,1,1,1,1,1,1,1,1,1,1,-1,0,-1,0,-1,-1,-1,-1,[0|0|0|0|0|0|0|0|0|0|0|0],
21000052,Black Knife Assassin (Ordina),0,0,[0|0|0],21000,-1,0,120,1.9,0.4,130,0,731,0,400,210000000,-1,10,0,0,-1,-1,0.5,-1,5400,0,0,7160,0,0,90000,90010,-1,0,0,0,0,0,-1,-1,-1,-1,-1,-1,72,3000,3001,3002,3003,3004,3005,3006,3007,3008,3009,6001,6000,0,1,1,1,1,1,1,1,1,1.5,0.23076923,0,50,21,100,0,0,0,100,100,100,0,999,999,999,999,-1,-1,0,0,0,0,-1,-1,1,0,0,0,0,999,999,0,0,-1,10,0,12,0,0,33,3,40,141,141,0,0,2,0,0,0,0,0,0,0,0,0,0,22,7,0,0,0,0,0,0,0,0,1,0,0,0,0,0,0,0,0,0,1,0,0,0,0,0,0,0,0,0,0,0,0,0,0,0,1,0,0,1,0,0,0,0,0,0,0,0,0,0,0,0,0,0,0,0,0,0,0,1.9,0.4,0,0,0,0,0,0,0,0,0,100,1,0,1,144,134,139,144,139,144,90020,90030,0,90300,90060,90100,0,5261,-1,0,0.4,0.9,0.9,0.9,0.65,0.8,0.8,0.8,0.6,0,0,0,-1,-1,128,-1,-1,200,30,154,0,0,-1,5800,-1,-1,-1,-1,14506,14505,-1,-1,-1,-1,-1,-1,-1,-1,-1,0,-1,0,0,0,1,1,1,0,0,-1,-1,0,0,0,0,0,0,-1,-1,-1,0,0,0,180,100,0.1,-1,-1,-1,-1,1.8,0,0,0,1,0,0,0,0,0,0,0,0,1,-0.25,-1,-1,-1,-1,-1,-1,-1,-1,-1,0.1,0.4,-1,0,0,80,0.29,100,-1,-1,5003,-1,-1,0,0.5,0.6,0,-1,0,1,1,1,1,1,1,1,1,1,1,1,1,1,1,1,1,1,1,-1,0,-1,0,-1,-1,-1,-1,[0|0|0|0|0|0|0|0|0|0|0|0],
21000735,Black Knife Assassin (Boss),0,0,[0|0|0],21000,-1,0,120,1.9,0.4,130,0,731,0,400,-1,-1,10,0,0,-1,-1,0.5,-1,5400,0,0,7130,0,90400,90000,90010,-1,0,0,0,0,0,-1,-1,-1,-1,-1,-1,72,3000,3001,3002,3003,3004,3005,3006,3007,3008,3009,6001,6000,0,1,1,1,1,1,1,1,1,1.5,0.23076923,0,50,21,100,0,0,0,100,100,100,0,999,999,999,999,-1,-1,0,0,0,0,-1,-1,1,0,0,0,0,999,999,0,0,-1,10,0,12,0,0,7,3,40,141,141,0,0,2,0,0,0,0,0,0,0,0,0,0,22,7,0,0,0,0,0,0,0,0,1,0,0,0,0,0,0,0,0,0,1,0,0,0,0,0,0,0,0,0,0,0,0,0,0,0,1,0,0,1,0,0,0,0,0,0,0,0,0,0,0,0,0,0,0,0,0,0,0,1.9,0.4,0,1,0,0,0,0,0,0,0,100,1,0,1,144,134,139,144,139,144,90020,90030,95010,90300,90060,90100,0,-1,-1,0,0.4,0.9,0.9,0.9,0.65,0.8,0.8,0.8,0.6,0,0,0,-1,-1,128,-1,-1,300,30,154,0,0,-1,5800,-1,-1,-1,-1,-1,-1,-1,-1,-1,-1,-1,4410,-1,-1,4301,0,-1,0,0,0,1,1,1,0,0,-1,-1,0,0,0,0,0,0,-1,-1,-1,0,0,0,180,100,0.1,-1,-1,-1,-1,1.8,0,0,0,1,0,0,0,0,0,0,0,0,1,-0.25,-1,-1,-1,-1,-1,-1,-1,-1,-1,0.1,0.4,-1,0,0,80,0.29,100,-1,-1,5003,-1,-1,0,0.5,0.6,0,-1,0,1,1,1,1,1,1,1,1,1,1,1,1,1,1,1,1,1,1,-1,0,-1,0,-1,-1,-1,-1,[0|0|0|0|0|0|0|0|0|0|0|0],
21000820,Black Knife Assassin (Boss),0,0,[0|0|0],21000,-1,0,120,1.9,0.4,130,0,731,0,400,-1,-1,10,0,0,-1,-1,0.5,-1,5400,0,0,7060,0,90400,90000,90010,-1,0,0,0,0,0,-1,-1,-1,-1,-1,-1,72,3000,3001,3002,3003,3004,3005,3006,3007,3008,3009,6001,6000,0,1,1,1,1,1,1,1,1,1.5,0.23076923,0,50,21,100,0,0,0,100,100,100,0,999,999,999,999,-1,-1,0,0,0,0,-1,-1,1,0,0,0,0,999,999,0,0,-1,10,0,12,0,0,7,3,40,141,141,0,0,2,0,0,0,0,0,0,0,0,0,0,22,7,0,0,0,0,0,0,0,0,1,0,0,0,0,0,0,0,0,0,1,0,0,0,0,0,0,0,0,0,0,0,0,0,0,0,1,0,0,1,0,0,0,0,0,0,0,0,0,0,0,0,0,0,0,0,0,0,0,1.9,0.4,0,1,0,0,0,0,0,0,0,100,1,0,1,144,134,139,144,139,144,90020,90030,95010,90300,90060,90100,0,-1,-1,0,0.4,0.9,0.9,0.9,0.65,0.8,0.8,0.8,0.6,0,0,0,-1,-1,128,-1,-1,300,30,154,0,0,-1,5800,-1,-1,-1,-1,-1,-1,-1,-1,-1,-1,-1,4410,-1,-1,4301,0,-1,0,0,0,1,1,1,0,0,-1,-1,0,0,0,0,0,0,-1,-1,-1,0,0,0,180,100,0.1,-1,-1,-1,-1,1.8,0,0,0,1,0,0,0,0,0,0,0,0,1,-0.25,-1,-1,-1,-1,-1,-1,-1,-1,-1,0.1,0.4,-1,0,0,80,0.29,100,-1,-1,5003,-1,-1,0,0.5,0.6,0,-1,0,1,1,1,1,1,1,1,1,1,1,1,1,1,1,1,1,1,1,-1,0,-1,0,-1,-1,-1,-1,[0|0|0|0|0|0|0|0|0|0|0|0],
21000830,Black Knife Assassin (Boss),0,0,[0|0|0],21000,-1,0,120,1.9,0.4,130,0,731,0,400,-1,-1,10,0,0,-1,-1,0.5,-1,5400,0,0,7100,0,90400,90000,90010,-1,0,0,0,0,0,-1,-1,-1,-1,-1,-1,72,3000,3001,3002,3003,3004,3005,3006,3007,3008,3009,6001,6000,0,1,1,1,1,1,1,1,1,1.5,0.23076923,0,50,21,100,0,0,0,100,100,100,0,999,999,999,999,-1,-1,0,0,0,0,-1,-1,1,0,0,0,0,999,999,0,0,-1,10,0,12,0,0,7,3,40,141,141,0,0,2,0,0,0,0,0,0,0,0,0,0,22,7,0,0,0,0,0,0,0,0,1,0,0,0,0,0,0,0,0,0,1,0,0,0,0,0,0,0,0,0,0,0,0,0,0,0,1,0,0,1,0,0,0,0,0,0,0,0,0,0,0,0,0,0,0,0,0,0,0,1.9,0.4,0,1,0,0,0,1,0,0,0,100,14,0,1,144,134,139,144,139,144,90020,90030,95010,90300,90060,90100,0,-1,-1,0,0.4,0.9,0.9,0.9,0.65,0.8,0.8,0.8,0.6,0,0,0,-1,-1,128,-1,-1,400,30,154,0,0,-1,5800,-1,-1,-1,-1,-1,-1,-1,-1,-1,-1,-1,4410,-1,-1,4301,0,-1,0,0,0,1,1,1,0,0,-1,-1,0,0,0,0,0,0,-1,-1,-1,0,0,0,180,100,0.1,-1,-1,-1,-1,1.8,0,0,0,1,0,0,0,0,0,0,0,0,1,-0.25,-1,-1,-1,-1,-1,-1,-1,-1,-1,0.1,0.4,-1,0,0,80,0.29,100,-1,-1,5003,-1,-1,0,0.5,0.6,0,-1,0,1,1,1,1,1,1,1,1,1,1,1,1,1,1,1,1,1,1,-1,0,-1,0,-1,-1,-1,-1,[0|0|0|0|0|0|0|0|0|0|0|0],
21000930,Black Knife Assassin (Boss),0,0,[0|0|0],21000,-1,0,120,1.9,0.4,130,0,731,0,400,-1,-1,10,0,0,-1,-1,0.5,-1,5400,0,0,7080,0,90400,90000,90010,-1,0,0,0,0,0,-1,-1,-1,-1,-1,-1,72,3000,3001,3002,3003,3004,3005,3006,3007,3008,3009,6001,6000,0,1,1,1,1,1,1,1,1,1.5,0.23076923,0,50,21,100,0,0,0,100,100,100,0,999,999,999,999,-1,-1,0,0,0,0,-1,-1,1,0,0,0,0,999,999,0,0,-1,10,0,12,0,0,7,3,40,141,141,0,0,2,0,0,0,0,0,0,0,0,0,0,22,7,0,0,0,0,0,0,0,0,1,0,0,0,0,0,0,0,0,0,1,0,0,0,0,0,0,0,0,0,0,0,0,0,0,0,1,0,0,1,0,0,0,0,0,0,0,0,0,0,0,0,0,0,0,0,0,0,0,1.9,0.4,0,1,0,0,0,0,0,0,0,100,1,0,1,144,134,139,144,139,144,90020,90030,95010,90300,90060,90100,0,-1,-1,0,0.4,0.9,0.9,0.9,0.65,0.8,0.8,0.8,0.6,0,0,0,-1,-1,128,-1,-1,300,30,154,0,0,-1,5800,-1,-1,-1,-1,14506,14505,-1,-1,-1,-1,-1,4410,-1,-1,4301,0,-1,0,0,0,1,1,1,0,0,-1,-1,0,0,0,0,0,0,-1,-1,-1,0,0,0,180,100,0.1,-1,-1,-1,-1,1.8,0,0,0,1,0,0,0,0,0,0,0,0,1,-0.25,-1,-1,-1,-1,-1,-1,-1,-1,-1,0.1,0.4,-1,0,0,80,0.29,100,-1,-1,5003,-1,-1,0,0.5,0.6,0,-1,0,1,1,1,1,1,1,1,1,1,1,1,1,1,1,1,1,1,1,-1,0,-1,0,-1,-1,-1,-1,[0|0|0|0|0|0|0|0|0|0|0|0],
21001000,Black Knife Assassin (Unscaled),0,0,[0|0|0],21000,-1,0,120,1.9,0.4,130,0,731,0,400,-1,-1,10,0,0,-1,-1,0.5,-1,5400,0,0,0,0,0,90000,90010,-1,0,0,0,0,0,-1,-1,-1,-1,-1,-1,72,3000,3001,3002,3003,3004,3005,3006,3007,3008,3009,6001,6000,0,1,1,1,1,1,1,1,1,1.5,0.23076923,0,50,21,100,0,0,0,100,100,100,0,999,999,999,999,-1,-1,0,0,0,0,-1,-1,1,0,0,0,0,999,999,0,0,-1,10,0,12,0,0,7,3,40,141,141,0,0,2,0,0,0,0,0,0,0,0,0,0,22,7,0,0,0,0,0,0,0,0,1,0,0,0,0,0,0,0,0,0,0,0,1,0,0,0,0,0,0,0,0,0,0,0,0,0,1,0,0,1,0,0,0,0,0,0,0,0,0,0,0,0,0,0,0,0,0,0,0,1.9,0.4,0,0,0,0,0,0,0,0,0,100,1,0,1,144,134,139,144,139,144,90020,90030,0,90300,90060,90100,0,5261,-1,0,0.4,0.9,0.9,0.9,0.65,0.8,0.8,0.8,0.6,0,0,0,-1,-1,128,-1,-1,300,30,154,0,0,-1,5800,-1,-1,14547,-1,-1,-1,-1,-1,-1,-1,-1,-1,-1,-1,-1,0,-1,0,0,0,1,1,1,0,0,-1,-1,0,0,0,0,0,0,-1,-1,-1,0,0,0,180,100,0.1,-1,-1,-1,-1,1.8,0,0,0,1,0,0,0,0,0,0,0,0,1,-0.25,-1,-1,21100,21101,21102,21103,21104,-1,-1,0.1,0.4,-1,0,0,80,0.29,100,-1,-1,5003,-1,-1,0,0.5,0.6,0,-1,0,1,1,1,1,1,1,1,1,1,1,1,1,1,1,1,1,1,1,-1,0,-1,0,-1,-1,-1,-1,[0|0|0|0|0|0|0|0|0|0|0|0],
21001010,Black Knife Assassin (Limgrave Catacombs Boss),0,0,[0|0|0],21000,-1,0,120,1.9,0.4,130,0,731,0,400,-1,-1,10,0,0,-1,-1,0.5,-1,5400,0,0,7010,0,90400,90000,90010,-1,0,0,0,0,0,-1,-1,-1,-1,-1,-1,72,3000,3001,3002,3003,3004,3005,3006,3007,3008,3009,6001,6000,0,1,1,1,1,1,1,1,1,1.5,0.23076923,0,50,21,100,0,0,0,100,100,100,0,999,999,999,999,-1,-1,0,0,0,0,-1,-1,1,0,0,0,0,999,999,0,0,-1,10,0,12,0,0,7,3,40,141,141,0,0,2,0,0,0,0,0,0,0,0,0,0,22,7,0,0,0,0,0,0,0,0,1,0,0,0,0,0,0,0,0,0,0,0,1,0,0,0,0,0,0,0,0,0,0,0,0,0,1,0,0,1,0,0,0,0,0,0,0,0,0,0,0,0,0,0,0,0,0,0,0,1.9,0.4,0,1,0,0,0,0,0,0,0,100,1,0,1,144,134,139,144,139,144,90020,90030,95010,90300,90060,90100,0,-1,-1,0,0.4,0.9,0.9,0.9,0.65,0.8,0.8,0.8,0.6,0,0,0,-1,-1,128,-1,-1,300,30,154,0,0,-1,5800,-1,-1,14547,-1,-1,-1,-1,-1,-1,-1,-1,4410,-1,-1,4301,0,-1,0,0,0,1,1,1,0,0,-1,-1,0,0,0,0,0,0,-1,-1,-1,0,0,0,180,100,0.1,-1,-1,-1,-1,1.8,0,0,0,1,0,0,0,0,0,0,0,0,1,-0.25,-1,-1,21100,21101,21102,21103,21104,-1,-1,0.1,0.4,-1,0,0,80,0.29,100,-1,-1,5003,-1,-1,0,0.5,0.6,0,-1,0,1,1,1,1,1,1,1,1,1,1,1,1,1,1,1,1,1,1,-1,0,-1,0,-1,-1,-1,-1,[0|0|0|0|0|0|0|0|0|0|0|0],
21002000,Black Knife Assassin (Unscaled),0,0,[0|0|0],21000,-1,0,120,1.9,0.4,130,0,1307,0,400,-1,-1,10,0,0,-1,-1,0.5,-1,5400,0,0,0,0,0,90000,90010,-1,0,0,0,0,0,-1,-1,-1,-1,-1,-1,72,3000,3001,3002,3003,3004,3005,3006,3007,3008,3009,6001,6000,0,1,1,1,1,1,1,1,1,1.5,0.23076923,0,50,21,100,0,0,0,100,100,100,0,999,999,999,999,-1,-1,0,0,0,0,-1,-1,1,0,0,0,0,999,999,0,0,-1,10,0,12,0,0,7,3,40,141,141,0,0,2,0,0,0,0,0,0,0,0,0,0,22,7,0,0,0,0,0,0,0,0,1,0,0,0,0,0,0,0,0,0,1,0,0,0,0,0,0,0,0,0,0,0,0,0,0,0,1,0,0,1,0,0,0,0,0,0,0,0,0,0,0,0,0,0,0,0,0,0,0,1.9,0.4,0,0,0,0,0,0,0,0,0,100,1,0,1,144,134,139,144,139,144,90020,90030,0,90300,90060,90100,0,5261,-1,0,0.4,0.9,0.9,0.9,0.65,0.8,0.8,0.8,0.6,0,0,0,-1,-1,128,-1,-1,200,30,154,0,0,-1,5800,-1,-1,-1,14548,-1,-1,-1,-1,-1,-1,-1,-1,-1,-1,-1,0,-1,0,0,0,1,1,1,0,0,-1,-1,0,0,0,0,0,0,-1,-1,-1,0,0,0,180,100,0.1,-1,-1,-1,-1,1.8,0,0,0,1,0,0,0,0,0,0,0,0,1,-0.25,-1,-1,-1,-1,-1,-1,-1,-1,-1,0.1,0.4,-1,0,0,80,0.29,100,-1,-1,5003,-1,-1,0,0.5,0.6,0,-1,0,1,1,1,1,1,1,1,1,1,1,1,1,1,1,1,1,1,1,-1,0,-1,0,-1,-1,-1,-1,[0|0|0|0|0|0|0|0|0|0|0|0],
21002922,Alecto- Black Knife Ringleader,0,0,[0|0|0],21000,-1,0,120,1.9,0.4,130,0,1307,0,400,-1,-1,10,0,0,-1,-1,0.5,-1,5400,0,0,7150,0,90400,90000,90010,-1,0,0,0,0,0,-1,-1,-1,-1,-1,-1,72,3000,3001,3002,3003,3004,3005,3006,3007,3008,3009,6001,6000,0,1,1,1,1,1,1,1,1,1.5,0.23076923,0,50,21,100,0,0,0,100,100,100,0,999,999,999,999,-1,-1,0,0,0,0,-1,-1,1,0,0,0,0,999,999,0,0,-1,10,0,12,0,0,7,3,40,141,141,0,0,2,0,0,0,0,0,0,0,0,0,0,22,7,0,0,0,0,0,0,0,0,1,0,0,0,0,0,0,0,0,0,1,0,0,0,0,0,0,0,0,0,0,0,0,0,0,0,1,0,0,1,0,0,0,0,0,0,0,0,0,0,0,0,0,0,0,0,0,0,0,1.9,0.4,0,1,0,0,0,0,0,0,0,100,1,0,1,144,134,139,144,139,144,90020,90030,95010,90300,90060,90100,0,-1,-1,0,0.4,0.9,0.9,0.9,0.65,0.8,0.8,0.8,0.6,0,0,0,-1,-1,128,-1,-1,300,30,154,0,0,-1,5800,4301,-1,-1,14548,-1,-1,-1,-1,-1,-1,-1,4410,-1,-1,4301,0,-1,0,0,0,1,1,1,0,0,-1,-1,0,0,0,0,0,0,-1,-1,-1,0,0,0,180,100,0.1,-1,-1,-1,-1,1.8,0,0,0,1,0,0,0,0,0,0,0,0,1,-0.25,-1,-1,-1,-1,-1,-1,-1,-1,-1,0.1,0.4,-1,0,0,80,0.29,100,-1,-1,5003,-1,-1,0,0.5,0.6,0,-1,0,1,1,1,1,1,1,1,1,1,1,1,1,1,1,1,1,1,1,-1,0,-1,0,-1,-1,-1,-1,[0|0|0|0|0|0|0|0|0|0|0|0],
21009000,Black Knife Assassin (Unscaled),0,0,[0|0|0],21000,-1,0,120,1.9,0.4,130,0,731,0,400,-1,-1,10,0,0,-1,-1,0.5,-1,5400,0,0,0,0,0,90000,90010,-1,0,0,0,0,0,-1,-1,-1,-1,-1,-1,72,3000,3001,3002,3003,3004,3005,3006,3007,3008,3009,6001,6000,0,1,1,1,1,1,1,1,1,1.5,0.23076923,0,50,21,100,0,0,0,100,100,100,0,999,999,999,999,-1,-1,0,0,0,0,-1,-1,1,0,0,0,0,999,999,0,0,-1,10,0,12,0,0,0,3,40,141,141,0,0,2,0,0,0,0,0,0,0,0,0,0,22,7,0,0,0,0,0,0,0,0,1,0,0,0,0,0,0,0,0,0,1,0,0,0,0,0,0,0,0,0,0,0,0,0,0,0,1,0,0,1,0,0,0,0,0,0,0,0,0,0,0,0,0,0,0,0,0,0,0,1.9,0.4,0,0,0,0,0,0,0,0,0,100,1,0,1,144,134,139,144,139,144,90020,90030,0,90300,90060,90100,0,-1,-1,0,0.4,0.9,0.9,0.9,0.65,0.8,0.8,0.8,0.6,0,0,0,-1,-1,128,-1,-1,200,30,154,0,0,-1,5800,-1,-1,-1,-1,-1,-1,440,-1,-1,-1,-1,-1,-1,-1,-1,0,-1,0,0,0,1,1,1,0,0,-1,-1,0,0,0,0,0,0,-1,-1,-1,0,0,0,180,100,0.1,-1,-1,-1,-1,1.8,0,0,0,1,0,0,0,0,0,0,0,0,1,-0.25,-1,-1,-1,-1,-1,-1,-1,-1,-1,0.1,0.4,-1,0,0,80,0.29,100,-1,-1,5003,-1,-1,0,0.5,0.6,0,-1,0,1,1,1,1,1,1,1,1,1,1,1,1,1,1,1,1,1,1,-1,0,-1,0,-1,-1,-1,-1,[0|0|0|0|0|0|0|0|0|0|0|0],
21009020,Black Knife Assassin (Liurnia Catacombs Boss),0,0,[0|0|0],21000,-1,0,120,1.9,0.4,130,0,731,0,400,-1,-1,10,0,0,-1,-1,0.5,-1,5400,0,0,7060,0,0,90000,90010,-1,0,0,0,0,0,-1,-1,-1,-1,-1,-1,72,3000,3001,3002,3003,3004,3005,3006,3007,3008,3009,6001,6000,0,1,1,1,1,1,1,1,1,1.5,0.23076923,0,50,21,100,0,0,0,100,100,100,0,999,999,999,999,-1,-1,0,0,0,0,-1,-1,1,0,0,0,0,999,999,0,0,-1,10,0,12,0,0,0,3,40,141,141,0,0,2,0,0,0,0,0,0,0,0,0,0,22,7,0,0,0,0,0,0,0,0,1,0,0,0,0,0,0,0,0,0,1,0,0,0,0,0,0,0,0,0,0,0,0,0,0,0,1,0,0,1,0,0,0,0,0,0,0,0,0,0,0,0,0,0,0,0,0,0,0,1.9,0.4,0,0,0,0,0,0,0,0,0,100,1,0,1,144,134,139,144,139,144,90020,90030,0,90300,90060,90100,0,-1,-1,0,0.4,0.9,0.9,0.9,0.65,0.8,0.8,0.8,0.6,0,0,0,-1,-1,128,-1,-1,200,30,154,0,0,-1,5800,-1,-1,-1,-1,-1,-1,440,-1,-1,-1,-1,-1,-1,-1,-1,0,-1,0,0,0,1,1,1,0,0,-1,-1,0,0,0,0,0,0,-1,-1,-1,0,0,0,180,100,0.1,-1,-1,-1,-1,1.8,0,0,0,1,0,0,0,0,0,0,0,0,1,-0.25,-1,-1,-1,-1,-1,-1,-1,-1,-1,0.1,0.4,-1,0,0,80,0.29,100,-1,-1,5003,-1,-1,0,0.5,0.6,0,-1,0,1,1,1,1,1,1,1,1,1,1,1,1,1,1,1,1,1,1,-1,0,-1,0,-1,-1,-1,-1,[0|0|0|0|0|0|0|0|0|0|0|0],
21300014,Margit- the Fell Omen,0,0,[0|0|0],21300,1003,0,120,3.6,0.9,1000,0,2521,0,3000,-1,-1,10,0,0,-1,-1,0.8,-1,5402,0,5360,7030,0,90400,0,0,-1,0,0,0,0,0,-1,-1,-1,-1,-1,-1,500,3000,3001,3002,3003,3004,3005,3006,3007,3008,3009,6001,6000,0,1,1,1,1,1,1,1,1,1.5,0.23076923,0,50,21,100,0,0,0,100,100,100,0,154,154,154,999,-1,-1,0,0,0,0,-1,-1,1,0,0,100,0,999,999,0,0,-1,10,0,14,0,1,7,3,60,110,110,0,0,0,0,0,0,0,0,0,0,2,0,0,17,7,0,0,0,0,0,0,0,0,1,0,0,0,0,0,0,0,0,0,1,1,1,0,0,0,0,0,0,0,0,0,0,0,0,0,1,1,0,1,0,0,0,0,0,0,1,0,0,0,0,0,0,0,0,0,0,0,0,3.6,0.9,0,1,0,0,0,0,0,0,0,100,1,0,3,109,109,139,139,139,139,95000,90030,95010,90300,90060,90100,0,-1,-1,0,0,1,1.1,1,1,1,1,1,0.6,0,0,0,-1,-1,512,2003,-1,300,30,154,0,0,-1,5800,-1,-1,16248,-1,-1,-1,16238,6030,-1,-1,-1,-1,-1,-1,-1,0,-1,0,0,0,1,1,1,0,0,-1,-1,0,0,0,0,0,0,-1,-1,-1,0,0,0,180,-1,0.1,-1,-1,-1,2130,10,0,0,0,1,0,0,0,0,0,0,0,0,1,0,-1,-1,-1,-1,-1,-1,-1,-1,-1,0.1,0.4,-1,0,0,80,0.29,100,3003,-1,5003,-1,-1,0,0.5,0.6,0,-1,0,1,1,1,1,1,1,1,1,1,1,1,1,1,1,1,1,1,1,-1,0,-1,0,-1,-1,-1,-1,[0|0|0|0|0|0|0|0|0|0|0|0],
21300534,Morgott- the Omen King,0,0,[0|0|0],21300,1003,0,120,3.6,0.9,1000,0,2521,0,3000,-1,-1,10,0,0,-1,-1,0.8,-1,5400,0,5360,7110,0,90400,0,0,-1,0,0,0,0,0,-1,-1,-1,-1,-1,-1,500,3000,3001,3002,3003,3004,3005,3006,3007,3008,3009,6001,6000,0,1,1,1,1,1,1,1,1,1.5,0.23076923,0,50,21,100,0,0,0,100,100,100,0,154,154,154,999,-1,-1,0,0,0,0,-1,-1,1,0,0,100,0,252,999,0,0,-1,10,0,14,0,1,7,3,60,110,110,0,0,0,0,0,0,0,0,0,0,2,0,0,17,7,0,0,0,0,0,0,0,0,0,1,0,0,0,0,0,0,0,0,1,1,1,0,0,0,0,0,0,0,0,0,0,0,0,0,1,1,0,1,0,0,0,0,0,0,1,0,0,0,0,0,0,0,0,0,0,0,0,3.6,0.9,0,1,0,0,0,0,0,0,0,100,1,0,3,109,109,139,139,139,139,95000,90030,95010,5851,90060,90100,0,-1,-1,0,0,1,1.1,1,1,1,1,1,0.6,0,0,0,-1,-1,512,2003,-1,300,30,154,0,0,-1,5800,-1,16246,16248,-1,16204,-1,16239,6031,-1,-1,-1,-1,-1,-1,-1,0,-1,0,0,0,1,1,1,0,0,-1,-1,0,0,0,0,0,0,-1,-1,-1,0,0,0,180,-1,0.1,-1,-1,-1,2130,10,0,0,0,1,0,0,0,0,0,0,0,0,1,0,-1,-1,-1,-1,-1,-1,-1,-1,-1,0.1,0.4,-1,0,0,80,0.29,100,3003,-1,5003,6004,-1,0,0.5,0.6,0,-1,0,1,1,1,1,1,1,1,1,1,1,1,1,1,1,1,1,1,1,-1,0,-1,0,-1,-1,-1,-1,[0|0|0|0|0|0|0|0|0|0|0|0],
21400012,Omen,0,0,[0|0|0],21400,1002,0,120,3.1,0.8,1000,0,902,0,400,214000000,-1,10,0,0,-1,-1,0.8,-1,0,0,0,7020,0,0,0,0,-1,0,0,0,0,0,-1,-1,-1,-1,-1,-1,32,3000,3001,3002,3003,3004,3005,3006,3007,3008,3009,6001,6000,0,1,1,1,1,1,1,1,1,1.5,0,0,50,21,100,0,0,0,100,100,100,0,112,112,112,999,-1,-1,0,0,0,0,-1,-1,0,0,0,0,0,112,999,0,0,-1,10,0,12,0,0,7,3,40,110,110,0,0,0,0,0,0,0,0,0,0,2,0,0,32,7,0,0,0,0,0,0,0,0,1,0,0,0,0,0,0,0,0,0,0,0,1,1,1,0,0,0,0,0,0,0,0,0,0,0,1,0,0,1,0,0,1,0,0,0,1,0,0,0,0,0,0,0,0,0,0,0,0,3.1,0.8,0,0,0,0,0,0,0,0,0,100,1,0,2,109,109,139,139,139,139,0,90030,0,0,90060,90161,90200,5261,-1,0,0,1,1.1,1,1,1,1,1,0.8,0,0,0,-1,-1,128,2002,-1,200,30,112,0,0,-1,5800,-1,-1,16510,-1,16508,5851,-1,-1,-1,-1,-1,-1,-1,-1,-1,0,-1,0,0,0,1,1,1,0,0,-1,-1,0,0,0,0,0,0,-1,-1,-1,0,0,0,180,200,0.1,-1,-1,-1,-1,10,0,0,0,1,0,0,0,0,0,0,0,0,1,-0.3,-1,-1,-1,-1,-1,-1,-1,-1,-1,0.1,0.4,-1,0,0,65,0.29,100,3002,-1,5002,6002,-1,0,0.5,0.6,0,-1,0,1,1,1,1,1,1,1,1,1,1,1,1,1,1,1,1,1,1,-1,0,-1,0,-1,-1,-1,-1,[0|0|0|0|0|0|0|0|0|0|0|0],
21400034,Omen (Leyndell),0,0,[0|0|0],21400,1002,0,120,3.1,0.8,1000,0,902,0,400,214000000,-1,10,0,0,-1,-1,0.8,-1,0,0,0,7100,0,0,0,0,-1,0,0,0,0,0,-1,-1,-1,-1,-1,-1,32,3000,3001,3002,3003,3004,3005,3006,3007,3008,3009,6001,6000,0,1,1,1,1,1,1,1,1,1.5,0,0,50,21,100,0,0,0,100,100,100,0,112,112,112,999,-1,-1,0,0,0,0,-1,-1,0,0,0,0,0,112,999,0,0,-1,10,0,12,0,0,7,3,40,110,110,0,0,0,0,0,0,0,0,0,0,2,0,0,32,7,0,0,0,0,0,0,0,0,1,0,0,0,0,0,0,0,0,0,0,0,1,1,1,0,0,0,0,0,0,0,0,0,0,0,1,0,0,1,0,0,1,0,0,0,1,0,0,0,0,0,0,0,0,0,0,0,0,3.1,0.8,0,0,0,0,0,0,0,0,0,100,1,0,2,109,109,139,139,139,139,0,90030,0,0,90060,90161,90200,5261,-1,0,0,1,1.1,1,1,1,1,1,0.8,0,0,0,-1,-1,128,2002,-1,200,30,112,0,0,-1,5800,-1,-1,16510,-1,16508,5851,-1,-1,-1,-1,-1,-1,-1,-1,-1,0,-1,0,0,0,1,1,1,0,0,-1,-1,0,0,0,0,0,0,-1,-1,-1,0,0,0,180,200,0.1,-1,-1,-1,-1,10,0,0,0,1,0,0,0,0,0,0,0,0,1,-0.3,-1,-1,-1,-1,-1,-1,-1,-1,-1,0.1,0.4,-1,0,0,65,0.29,100,3002,-1,5002,6002,-1,0,0.5,0.6,0,-1,0,1,1,1,1,1,1,1,1,1,1,1,1,1,1,1,1,1,1,-1,0,-1,0,-1,-1,-1,-1,[0|0|0|0|0|0|0|0|0|0|0|0],
21400090,Omen,0,0,[0|0|0],21400,1002,0,120,3.1,0.8,1000,0,902,0,400,-1,-1,10,0,0,-1,-1,0.8,-1,0,0,0,7010,4340,0,0,0,-1,0,0,0,0,0,-1,-1,-1,-1,-1,-1,32,3000,3001,3002,3003,3004,3005,3006,3007,3008,3009,6001,6000,0,1,1,1,1,1,1,1,1,1.5,0,0,50,21,100,0,0,0,100,100,100,0,112,112,112,999,-1,-1,0,0,0,0,-1,-1,0,0,0,0,0,112,999,0,0,-1,10,0,12,0,0,7,3,40,110,110,0,0,0,0,0,0,0,0,0,0,2,0,0,32,7,0,0,0,0,0,0,0,0,1,0,0,0,0,0,0,0,0,0,0,0,1,1,1,0,0,0,0,0,0,0,0,0,0,0,1,0,0,1,0,0,1,0,0,0,1,0,0,0,0,0,0,0,0,0,0,0,0,3.1,0.8,0,0,0,0,0,0,0,0,0,100,1,0,2,100,0,139,139,139,139,0,90030,0,0,90060,90161,90200,5261,-1,0,0,1,1.1,1,1,1,1,1,0.8,0,0,0,-1,-1,128,2002,-1,200,30,112,0,0,-1,5800,4350,4360,16510,-1,16508,5851,-1,-1,-1,-1,-1,-1,-1,-1,-1,0,-1,0,0,0,1,1,1,0,0,-1,-1,0,0,0,0,0,0,-1,-1,-1,0,0,0,180,200,0.1,-1,-1,-1,-1,10,0,0,0,1,0,0,0,0,0,0,0,0,1,-0.3,-1,-1,-1,-1,-1,-1,-1,-1,-1,0.1,0.4,-1,0,0,65,0.29,100,3002,-1,5002,6002,-1,0,0.5,0.6,0,-1,0,1,1,1,1,1,1,1,1,1,1,1,1,1,1,1,1,1,1,-1,0,-1,0,-1,-1,-1,-1,[0|0|0|0|0|0|0|0|0|0|0|0],
21401130,Omen,0,0,[0|0|0],21400,1002,0,120,2.4,0.8,1000,0,902,0,400,214000100,-1,10,0,0,-1,-1,0.8,-1,0,0,0,7080,0,0,0,0,-1,0,0,0,0,0,-1,-1,-1,-1,-1,-1,32,3000,3001,3002,3003,3004,3005,3006,3007,3008,3009,6001,6000,0,1,1,1,1,1,1,1,1,1.5,0,0,50,21,100,0,0,0,100,100,100,0,112,112,112,999,-1,-1,0,0,0,0,-1,-1,0,0,0,0,0,112,999,0,0,-1,10,0,12,0,0,7,3,40,110,110,0,0,0,0,0,0,0,0,0,0,2,0,0,32,7,0,0,0,0,0,0,0,0,0,1,0,0,0,0,0,0,0,0,0,0,1,1,1,0,0,0,0,0,0,0,0,0,0,0,1,0,0,1,0,0,1,0,0,0,1,0,0,0,0,0,0,0,0,0,0,0,0,2.4,0.8,0,0,0,0,0,0,0,0,0,100,1,0,2,109,109,139,139,139,139,0,90030,0,0,90060,90161,90200,5261,-1,0,0,1,1.1,1,1,1,1,1,0.8,0,0,0,-1,-1,128,2002,-1,200,30,112,0,0,-1,5800,-1,-1,16510,-1,16508,5851,16518,-1,-1,16532,-1,-1,-1,-1,-1,0,-1,0,0,0,1,1,1,0,0,-1,-1,0,0,0,0,0,0,-1,-1,-1,0,0,0,180,200,0.1,-1,-1,-1,-1,10,0,0,0,1,0,0,0,0,0,0,0,0,1,-0.3,-1,-1,-1,-1,-1,-1,-1,-1,-1,0.1,0.4,-1,0,0,65,0.29,100,3002,-1,5002,6002,-1,0,0.5,0.6,0,-1,0,1,1,1,1,1,1,1,1,1,1,1,1,1,1,1,1,1,1,-1,0,-1,0,-1,-1,-1,-1,[0|0|0|0|0|0|0|0|0|0|0|0],
21401135,Omen,0,0,[0|0|0],21400,1002,0,120,2.4,0.8,1000,0,902,0,400,214000100,-1,10,0,0,-1,-1,0.8,-1,0,0,0,7130,0,0,0,0,-1,0,0,0,0,0,-1,-1,-1,-1,-1,-1,32,3000,3001,3002,3003,3004,3005,3006,3007,3008,3009,6001,6000,0,1,1,1,1,1,1,1,1,1.5,0,0,50,21,100,0,0,0,100,100,100,0,112,112,112,999,-1,-1,0,0,0,0,-1,-1,0,0,0,0,0,112,999,0,0,-1,10,0,12,0,0,7,3,40,110,110,0,0,0,0,0,0,0,0,0,0,2,0,0,32,7,0,0,0,0,0,0,0,0,0,1,0,0,0,0,0,0,0,0,0,0,1,1,1,0,0,0,0,0,0,0,0,0,0,0,1,0,0,1,0,0,1,0,0,0,1,0,0,0,0,0,0,0,0,0,0,0,0,2.4,0.8,0,0,0,0,0,0,0,0,0,100,1,0,2,109,109,139,139,139,139,0,90030,0,0,90060,90161,90200,5261,-1,0,0,1,1.1,1,1,1,1,1,0.8,0,0,0,-1,-1,128,2002,-1,200,30,112,0,0,-1,5800,-1,-1,16510,-1,16508,5851,16518,-1,-1,16532,-1,-1,-1,-1,-1,0,-1,0,0,0,1,1,1,0,0,-1,-1,0,0,0,0,0,0,-1,-1,-1,0,0,0,180,200,0.1,-1,-1,-1,-1,10,0,0,0,1,0,0,0,0,0,0,0,0,1,-0.3,-1,-1,-1,-1,-1,-1,-1,-1,-1,0.1,0.4,-1,0,0,65,0.29,100,3002,-1,5002,6002,-1,0,0.5,0.6,0,-1,0,1,1,1,1,1,1,1,1,1,1,1,1,1,1,1,1,1,1,-1,0,-1,0,-1,-1,-1,-1,[0|0|0|0|0|0|0|0|0|0|0|0],
21401335,Omen,0,0,[0|0|0],21400,1002,0,120,2.4,0.8,1000,0,1082,0,400,214000100,-1,10,0,0,-1,-1,0.8,-1,0,0,0,7130,0,0,0,0,-1,0,0,0,0,0,-1,-1,-1,-1,-1,-1,32,3000,3001,3002,3003,3004,3005,3006,3007,3008,3009,6001,6000,0,1,1,1,1,1,1,1,1,1.5,0,0,50,21,100,0,0,0,100,100,100,0,112,112,112,999,-1,-1,0,0,0,0,-1,-1,0,0,0,0,0,112,999,0,0,-1,10,0,12,0,0,7,3,40,110,110,0,0,0,0,0,0,0,0,0,0,2,0,0,32,7,0,0,0,0,0,0,0,0,0,1,0,0,0,0,0,0,0,0,0,0,0,0,0,1,0,0,0,0,0,0,0,0,0,0,1,0,0,1,0,0,0,1,0,0,0,0,0,0,0,0,0,0,0,0,0,0,0,2.4,0.8,0,0,0,0,0,0,0,0,0,100,1,0,2,109,109,139,139,139,139,0,90030,0,0,90060,90161,90200,5261,-1,0,0,1,1.1,1,1,1,1,1,0.6,0,0,0,-1,-1,128,2002,-1,200,30,112,0,0,-1,5800,-1,16500,16510,-1,16508,5851,16518,-1,-1,16532,-1,-1,-1,-1,-1,0,-1,0,0,0,1,1,1,0,0,-1,-1,0,0,0,0,0,0,-1,-1,-1,0,0,0,180,200,0.1,-1,-1,-1,-1,10,0,0,0,1,0,0,0,0,0,0,0,0,1,-0.3,-1,-1,-1,-1,-1,-1,-1,-1,-1,0.1,0.4,-1,0,0,65,0.29,100,3002,-1,5002,6002,-1,0,0.5,0.6,0,-1,0,1,1,1,1,1,1,1,1,1,1,1,1,1,1,1,1,1,1,-1,0,-1,0,-1,-1,-1,-1,[0|0|0|0|0|0|0|0|0|0|0|0],
21403050,Fell Twin,0,0,[0|0|0],21400,1002,0,120,3.1,0.8,1000,0,1625,0,400,-1,-1,10,0,0,-1,-1,0.8,-1,0,0,0,7120,0,90400,0,0,-1,0,0,0,0,0,-1,-1,-1,-1,-1,-1,32,3000,3001,3002,3003,3004,3005,3006,3007,3008,3009,6001,6000,0,1,1,1,1,1,1,1,1,1.5,0,0,50,21,100,0,0,0,100,100,100,0,112,112,112,999,-1,-1,0,0,0,0,-1,-1,1,0,0,0,0,112,999,0,0,-1,10,0,12,0,0,33,3,40,110,110,0,0,0,0,0,0,0,0,0,0,2,0,0,32,7,0,0,0,0,0,0,0,0,1,0,0,0,0,0,0,0,0,0,0,0,0,0,0,1,0,0,0,0,0,0,0,0,0,0,1,1,0,1,0,0,0,1,0,0,0,0,0,0,0,0,0,0,0,0,0,0,0,3.1,0.8,0,1,0,0,0,0,0,0,0,100,5,0,2,109,109,139,139,139,139,95000,90030,95010,95020,90060,90161,0,-1,-1,0,0,1,1.1,1,1,1,1,1,0.8,0,0,0,-1,-1,128,2002,-1,300,30,112,0,0,-1,5800,-1,16500,16510,-1,16508,5851,-1,-1,-1,16530,-1,-1,-1,-1,4301,0,-1,0,0,0,1,1,1,0,0,-1,-1,0,0,0,0,0,0,-1,-1,-1,0,0,0,180,200,0.1,-1,-1,-1,-1,10,0,0,0,1,0,0,0,0,0,0,0,0,1,-0.3,-1,-1,-1,-1,-1,-1,-1,-1,-1,0.1,0.4,-1,0,0,65,0.29,100,3002,-1,5002,6002,-1,0,0.5,0.6,0,-1,0,1,1,1,1,1,1,1,1,1,1,1,1,1,1,1,1,1,1,-1,0,-1,0,-1,-1,-1,-1,[0|0|0|0|0|0|0|0|0|0|0|0],
21403150,Fell Twin,0,0,[0|0|0],21400,1002,0,120,3.1,0.8,1000,0,1350,0,400,-1,-1,10,0,0,-1,-1,0.8,-1,0,0,0,7120,0,90400,0,0,-1,0,0,0,0,0,-1,-1,-1,-1,-1,-1,32,3000,3001,3002,3003,3004,3005,3006,3007,3008,3009,6001,6000,0,1,1,1,1,1,1,1,1,1.5,0,0,50,21,100,0,0,0,100,100,100,0,112,112,112,999,-1,-1,0,0,0,0,-1,-1,1,0,0,0,0,112,999,0,0,-1,10,0,12,0,0,33,3,40,110,110,0,0,0,0,0,0,0,0,0,0,2,0,0,32,7,0,0,0,0,0,0,0,0,0,1,0,0,0,0,0,0,0,0,0,0,1,1,1,0,0,0,0,0,0,0,0,0,0,0,1,1,0,1,0,0,1,0,0,0,1,0,0,0,0,0,0,0,0,0,0,0,0,3.1,0.8,0,1,0,0,0,0,0,0,0,100,5,0,2,109,109,139,139,139,139,95000,90030,95010,95020,90060,90161,0,-1,-1,0,0,1,1.1,1,1,1,1,1,0.8,0,0,0,-1,-1,128,2002,-1,300,30,112,0,0,-1,5800,-1,-1,16510,-1,16508,5851,-1,-1,-1,16531,-1,-1,-1,-1,4301,0,-1,0,0,0,1,1,1,0,0,-1,-1,0,0,0,0,0,0,-1,-1,-1,0,0,0,180,200,0.1,-1,-1,-1,-1,10,0,0,0,1,0,0,0,0,0,0,0,0,1,-0.3,-1,-1,-1,-1,-1,-1,-1,-1,-1,0.1,0.4,-1,0,0,65,0.29,100,3002,-1,5002,6002,-1,0,0.5,0.6,0,-1,0,1,1,1,1,1,1,1,1,1,1,1,1,1,1,1,1,1,1,-1,0,-1,0,-1,-1,-1,-1,[0|0|0|0|0|0|0|0|0|0|0|0],
22700012,Giant Crab,0,0,[0|0|0],22700,1003,0,60,3.8,1.9,100,0,357,0,100,227000000,-1,-1,5,0,-1,-1,1.9,-1,0,5300,5360,7020,0,0,0,0,-1,0,0,0,0,0,-1,-1,-1,-1,-1,-1,16,3000,3001,3002,3003,3004,3005,3006,3007,6003,6002,6003,6002,0,1,1,1,1,1,1,1,1,1.5,0.23076923,0,50,21,100,0,0,0,100,100,100,0,154,154,154,999,-1,-1,0,0,0,0,-1,-1,1,50,0,0,0,84,999,0,0,-1,10,0,13,0,0,7,4,40,139,139,0,0,0,0,0,0,0,0,0,0,2,0,0,16,8,0,1,0,0,0,0,0,0,0,1,0,0,0,0,0,0,0,0,1,0,0,0,0,0,1,0,0,0,0,0,0,0,0,1,1,0,1,1,0,0,0,0,0,0,0,0,0,0,0,0,0,0,0,0,0,0,0,3.3,1.6,0,0,0,0,0,0,0,0,0,100,1,999,2,125,145,139,139,139,123,0,90030,0,0,90060,90160,90200,5262,-1,0,0.4,0.65,0.65,1,0.65,0.8,0.8,0.8,0.8,0,0,0,-1,-1,256,2003,-1,200,10,84,0,0,-1,0,-1,-1,-1,-1,12030,-1,-1,-1,-1,-1,-1,-1,-1,-1,-1,0,-1,0,0,0,1,1,1,0,0,-1,-1,0,0,0,0,0,0,-1,-1,-1,10,30,0,180,50,0.1,-1,-1,-1,-1,2.5,0,0,0,1,0,0,0,0,0,0,0,0,1,0,-1,-1,-1,-1,-1,-1,-1,-1,2900,0.1,0.4,-1,0,0,80,0.29,100,3003,-1,5001,6001,-1,0,0.5,0.6,0,-1,0,1,1,1,1,1,1,1,1,1,1,1,1,1,1,1,1,1,1,-1,0,-1,0,-1,-1,-1,-1,[0|0|0|0|0|0|0|0|0|0|0|0],
22700030,Giant Crab,0,0,[0|0|0],22700,1003,0,60,3.8,1.9,100,0,357,0,100,227000000,-1,-1,5,0,-1,-1,1.9,-1,0,5300,5360,7080,0,0,0,0,-1,0,0,0,0,0,-1,-1,-1,-1,-1,-1,16,3000,3001,3002,3003,3004,3005,3006,3007,6003,6002,6003,6002,0,1,1,1,1,1,1,1,1,1.5,0.23076923,0,50,21,100,0,0,0,100,100,100,0,154,154,154,999,-1,-1,0,0,0,0,-1,-1,1,50,0,0,0,84,999,0,0,-1,10,0,13,0,0,7,4,40,139,139,0,0,0,0,0,0,0,0,0,0,2,0,0,16,8,0,1,0,0,0,0,0,0,0,1,0,0,0,0,0,0,0,0,1,0,0,0,0,0,1,0,0,0,0,0,0,0,0,1,1,0,1,1,0,0,0,0,0,0,0,0,0,0,0,0,0,0,0,0,0,0,0,3.3,1.6,0,0,0,0,0,0,0,0,0,100,1,999,2,125,145,139,139,139,123,0,90030,0,0,90060,90160,90200,5262,-1,0,0.4,0.65,0.65,1,0.65,0.8,0.8,0.8,0.8,0,0,0,-1,-1,256,2003,-1,200,10,84,0,0,-1,0,-1,-1,-1,-1,12030,-1,-1,-1,-1,-1,-1,-1,-1,-1,-1,0,-1,0,0,0,1,1,1,0,0,-1,-1,0,0,0,0,0,0,-1,-1,-1,10,30,0,180,50,0.1,-1,-1,-1,-1,2.5,0,0,0,1,0,0,0,0,0,0,0,0,1,0,-1,-1,-1,-1,-1,-1,-1,-1,2900,0.1,0.4,-1,0,0,80,0.29,100,3003,-1,5001,6001,-1,0,0.5,0.6,0,-1,0,1,1,1,1,1,1,1,1,1,1,1,1,1,1,1,1,1,1,-1,0,-1,0,-1,-1,-1,-1,[0|0|0|0|0|0|0|0|0|0|0|0],
22700032,Giant Crab,0,0,[0|0|0],22700,1003,0,60,3.8,1.9,100,0,357,0,100,227000000,-1,-1,5,0,-1,-1,1.9,-1,0,5300,5360,7090,0,0,0,0,-1,0,0,0,0,0,-1,-1,-1,-1,-1,-1,16,3000,3001,3002,3003,3004,3005,3006,3007,6003,6002,6003,6002,0,1,1,1,1,1,1,1,1,1.5,0.23076923,0,50,21,100,0,0,0,100,100,100,0,154,154,154,999,-1,-1,0,0,0,0,-1,-1,1,50,0,0,0,84,999,0,0,-1,10,0,13,0,0,7,4,40,139,139,0,0,0,0,0,0,0,0,0,0,2,0,0,16,8,0,1,0,0,0,0,0,0,0,1,0,0,0,0,0,0,0,0,1,0,0,0,0,0,1,0,0,0,0,0,0,0,0,1,1,0,1,1,0,0,0,0,0,0,0,0,0,0,0,0,0,0,0,0,0,0,0,3.3,1.6,0,0,0,0,0,0,0,0,0,100,1,999,2,125,145,139,139,139,123,0,90030,0,0,90060,90160,90200,5262,-1,0,0.4,0.65,0.65,1,0.65,0.8,0.8,0.8,0.8,0,0,0,-1,-1,256,2003,-1,200,10,84,0,0,-1,0,-1,-1,-1,-1,12030,-1,-1,-1,-1,-1,-1,-1,-1,-1,-1,0,-1,0,0,0,1,1,1,0,0,-1,-1,0,0,0,0,0,0,-1,-1,-1,10,30,0,180,50,0.1,-1,-1,-1,-1,2.5,0,0,0,1,0,0,0,0,0,0,0,0,1,0,-1,-1,-1,-1,-1,-1,-1,-1,2900,0.1,0.4,-1,0,0,80,0.29,100,3003,-1,5001,6001,-1,0,0.5,0.6,0,-1,0,1,1,1,1,1,1,1,1,1,1,1,1,1,1,1,1,1,1,-1,0,-1,0,-1,-1,-1,-1,[0|0|0|0|0|0|0|0|0|0|0|0],
22700033,Giant Crab,0,0,[0|0|0],22700,1003,0,60,3.8,1.9,100,0,357,0,100,227000000,-1,-1,5,0,-1,-1,1.9,-1,0,5300,5360,7090,0,0,0,0,-1,0,0,0,0,0,-1,-1,-1,-1,-1,-1,16,3000,3001,3002,3003,3004,3005,3006,3007,6003,6002,6003,6002,0,1,1,1,1,1,1,1,1,1.5,0.23076923,0,50,21,100,0,0,0,100,100,100,0,154,154,154,999,-1,-1,0,0,0,0,-1,-1,1,50,0,0,0,84,999,0,0,-1,10,0,13,0,0,7,4,40,139,139,0,0,0,0,0,0,0,0,0,0,2,0,0,16,8,0,1,0,0,0,0,0,0,0,1,0,0,0,0,0,0,0,0,1,0,0,0,0,0,1,0,0,0,0,0,0,0,0,1,1,0,1,1,0,0,0,0,0,0,0,0,0,0,0,0,0,0,0,0,0,0,0,3.3,1.6,0,0,0,0,0,0,0,0,0,100,1,999,2,125,145,139,139,139,123,0,90030,0,0,90060,90160,90200,5262,-1,0,0.4,0.65,0.65,1,0.65,0.8,0.8,0.8,0.8,0,0,0,-1,-1,256,2003,-1,200,10,84,0,0,-1,0,-1,-1,-1,-1,12030,-1,-1,-1,-1,-1,-1,-1,-1,-1,-1,0,-1,0,0,0,1,1,1,0,0,-1,-1,0,0,0,0,0,0,-1,-1,-1,10,30,0,180,50,0.1,-1,-1,-1,-1,2.5,0,0,0,1,0,0,0,0,0,0,0,0,1,0,-1,-1,-1,-1,-1,-1,-1,-1,2900,0.1,0.4,-1,0,0,80,0.29,100,3003,-1,5001,6001,-1,0,0.5,0.6,0,-1,0,1,1,1,1,1,1,1,1,1,1,1,1,1,1,1,1,1,1,-1,0,-1,0,-1,-1,-1,-1,[0|0|0|0|0|0|0|0|0|0|0|0],
22700210,Giant Crab,0,0,[0|0|0],22700,1003,0,60,3.8,1.9,100,0,357,0,100,227000000,-1,-1,5,0,-1,-1,1.9,-1,0,5300,5360,7010,0,0,0,0,-1,0,0,0,0,0,-1,-1,-1,-1,-1,-1,16,3000,3001,3002,3003,3004,3005,3006,3007,6003,6002,6003,6002,0,1,1,1,1,1,1,1,1,1.5,0.23076923,0,50,21,100,0,0,0,100,100,100,0,154,154,154,999,-1,-1,0,0,0,0,-1,-1,1,50,0,0,0,84,999,0,0,-1,10,0,13,0,0,7,4,40,139,139,0,0,0,0,0,0,0,0,0,0,2,0,0,16,8,0,1,0,0,0,0,0,0,0,1,0,0,0,0,0,0,0,0,1,0,0,0,0,0,1,0,0,0,0,0,0,0,0,1,1,0,1,1,0,0,0,0,0,0,0,0,0,0,0,0,0,0,0,0,0,0,0,3.3,1.6,0,0,0,0,0,0,0,0,0,100,1,999,2,125,145,139,139,139,123,0,90030,0,0,90060,90160,90200,5262,-1,0,0.4,0.65,0.65,1,0.65,0.8,0.8,0.8,0.8,0,0,0,-1,-1,256,2003,-1,200,10,84,0,0,-1,0,-1,-1,-1,-1,12030,-1,-1,-1,-1,-1,-1,-1,-1,-1,-1,0,-1,0,0,0,1,1,1,0,0,-1,-1,0,0,0,0,0,0,-1,-1,-1,10,30,0,180,50,0.1,-1,-1,-1,-1,2.5,0,0,0,1,0,0,0,0,0,0,0,0,1,0,-1,-1,-1,-1,-1,-1,-1,-1,2900,0.1,0.4,-1,0,0,80,0.29,100,3003,-1,5001,6001,-1,0,0.5,0.6,0,-1,0,1,1,1,1,1,1,1,1,1,1,1,1,1,1,1,1,1,1,-1,0,-1,0,-1,-1,-1,-1,[0|0|0|0|0|0|0|0|0|0|0|0],
22710032,Crab,0,0,[0|0|0],22710,1001,0,60,1.41,0.7,100,0,28,0,100,227100000,-1,-1,0,0,-1,-1,0.7,-1,0,0,0,7090,0,0,0,0,-1,100,0,0,0,0,-1,-1,-1,-1,-1,-1,32,3000,3001,3002,3003,3004,3005,3006,3007,6003,6002,6003,6002,0,1,1,1,1,1,1,1,1,1.5,-0.53846157,0,50,21,100,0,0,0,100,100,100,0,84,84,112,999,101,-1,0,0,0,0,-1,-1,0,0,0,0,0,63,999,0,0,-1,10,0,10,0,0,6,4,40,139,139,0,0,0,0,0,0,0,0,0,0,0,0,0,16,8,0,1,0,0,0,0,1,0,0,1,0,0,0,0,0,0,0,0,0,1,0,0,0,0,1,0,0,0,0,0,0,0,0,0,1,0,1,1,0,0,0,0,0,0,0,0,0,0,0,0,0,0,0,0,0,0,0,0.7,0.2,0,0,0,0,0,0,0,0,0,100,1,0,0,125,145,139,139,139,123,0,90030,0,0,90060,90160,90200,5261,-1,0,1,0.9,0.9,1.4,0.9,1,1,1,1,0,0,0,-1,-1,64,2001,-1,100,10,63,0,0,-1,8100,-1,5160,-1,12046,12030,-1,-1,-1,-1,-1,-1,-1,-1,152,-1,0,-1,0,0,0,1,1,1,0,0,-1,-1,0,0,0,0,0,0,-1,-1,-1,15,25,0,180,40,0.1,-1,-1,-1,-1,1,0,0,0,1,0,0,0,0,0,0,0,0,1,0,-1,-1,-1,-1,-1,-1,-1,-1,2900,0.1,0.4,-1,0,0,30,0.29,100,3002,-1,5000,6000,-1,0,0.5,0.6,-40,-1,0,1,1,1,1,1,1,1,1,1,1,1,1,1,1,1,1,1,1,-1,0,-1,0,-1,-1,-1,-1,[0|0|0|0|0|0|0|0|0|0|0|0],
22710033,Crab,0,0,[0|0|0],22710,1001,0,60,1.41,0.7,100,0,28,0,100,227100000,-1,-1,0,0,-1,-1,0.7,-1,0,0,0,7090,0,0,0,0,-1,100,0,0,0,0,-1,-1,-1,-1,-1,-1,32,3000,3001,3002,3003,3004,3005,3006,3007,6003,6002,6003,6002,0,1,1,1,1,1,1,1,1,1.5,-0.53846157,0,50,21,100,0,0,0,100,100,100,0,84,84,112,999,101,-1,0,0,0,0,-1,-1,0,0,0,0,0,63,999,0,0,-1,10,0,10,0,0,6,4,40,139,139,0,0,0,0,0,0,0,0,0,0,0,0,0,16,8,0,1,0,0,0,0,1,0,0,1,0,0,0,0,0,0,0,0,0,1,0,0,0,0,1,0,0,0,0,0,0,0,0,0,1,0,1,1,0,0,0,0,0,0,0,0,0,0,0,0,0,0,0,0,0,0,0,0.7,0.2,0,0,0,0,0,0,0,0,0,100,1,0,0,125,145,139,139,139,123,0,90030,0,0,90060,90160,90200,5261,-1,0,1,0.9,0.9,1.4,0.9,1,1,1,1,0,0,0,-1,-1,64,2001,-1,100,10,63,0,0,-1,8100,-1,5160,-1,12046,12030,-1,-1,-1,-1,-1,-1,-1,-1,152,-1,0,-1,0,0,0,1,1,1,0,0,-1,-1,0,0,0,0,0,0,-1,-1,-1,15,25,0,180,40,0.1,-1,-1,-1,-1,1,0,0,0,1,0,0,0,0,0,0,0,0,1,0,-1,-1,-1,-1,-1,-1,-1,-1,2900,0.1,0.4,-1,0,0,30,0.29,100,3002,-1,5000,6000,-1,0,0.5,0.6,-40,-1,0,1,1,1,1,1,1,1,1,1,1,1,1,1,1,1,1,1,1,-1,0,-1,0,-1,-1,-1,-1,[0|0|0|0|0|0|0|0|0|0|0|0],
22710060,Crab (Ainsel River),0,0,[0|0|0],22710,1001,0,60,1.41,0.7,100,0,28,0,100,227100000,-1,-1,0,0,-1,-1,0.7,-1,0,0,0,7050,0,0,0,0,-1,100,0,0,0,0,-1,-1,-1,-1,-1,-1,32,3000,3001,3002,3003,3004,3005,3006,3007,6003,6002,6003,6002,0,1,1,1,1,1,1,1,1,1.5,-0.53846157,0,50,21,100,0,0,0,100,100,100,0,84,84,112,999,101,-1,0,0,0,0,-1,-1,0,0,0,0,0,63,999,0,0,-1,10,0,10,0,0,6,4,40,139,139,0,0,0,0,0,0,0,0,0,0,0,0,0,16,8,0,1,0,0,0,0,1,0,0,1,0,0,0,0,0,0,0,0,0,1,0,0,0,0,1,0,0,0,0,0,0,0,0,0,1,0,1,1,0,0,0,0,0,0,0,0,0,0,0,0,0,0,0,0,0,0,0,0.7,0.2,0,0,0,0,0,0,0,0,0,100,1,0,0,125,145,139,139,139,123,0,90030,0,0,90060,90160,90200,5261,-1,0,1,0.9,0.9,1.4,0.9,1,1,1,1,0,0,0,-1,-1,64,2001,-1,100,10,63,0,0,-1,8100,-1,5160,-1,12046,12030,-1,-1,-1,-1,-1,-1,-1,-1,152,-1,0,-1,0,0,0,1,1,1,0,0,-1,-1,0,0,0,0,0,0,-1,-1,-1,15,25,0,180,40,0.1,-1,-1,-1,-1,1,0,0,0,1,0,0,0,0,0,0,0,0,1,0,-1,-1,-1,-1,-1,-1,-1,-1,2900,0.1,0.4,-1,0,0,30,0.29,100,3002,-1,5000,6000,-1,0,0.5,0.6,-40,-1,0,1,1,1,1,1,1,1,1,1,1,1,1,1,1,1,1,1,1,-1,0,-1,0,-1,-1,-1,-1,[0|0|0|0|0|0|0|0|0|0|0|0],
22769000,Giant Death Crab,0,0,[0|0|0],22700,1003,0,60,5.1,2.5,100,0,322,0,1500,227000010,-1,-1,5,0,-1,-1,1.9,-1,7735,5300,5360,0,0,0,0,0,-1,0,0,0,0,0,-1,-1,-1,-1,-1,-1,16,3000,3001,3002,3003,3004,3005,3006,3007,6003,6002,6003,6002,0,1,1,1,1,1,1,1,1,1.3,0.23076923,0,50,21,100,0,0,0,100,100,100,0,154,154,154,999,-1,-1,0,0,0,0,-1,-1,1,50,0,0,0,84,999,0,0,-1,10,0,13,0,0,6,4,40,139,139,0,0,0,0,0,0,0,0,0,0,2,0,0,16,8,0,1,0,0,0,0,0,0,0,1,0,0,0,0,0,0,0,0,1,0,0,0,0,0,1,0,0,0,0,0,0,0,0,1,1,0,1,1,0,0,0,0,0,0,0,0,0,0,0,0,0,0,0,0,0,0,0,5.1,2.5,0,0,0,0,0,0,0,0,0,100,1,999,2,125,145,139,139,139,123,0,90030,0,0,90060,90160,90200,5260,-1,0,0.4,0.65,0.65,1,0.65,0.8,0.8,0.8,0.8,0,0,0,-1,-1,256,2003,-1,0,10,84,0,0,-1,0,-1,-1,-1,-1,-1,12034,-1,-1,-1,-1,-1,-1,700500,-1,8600305,0,-1,0,0,0,1,1,1,0,0,-1,-1,0,0,0,0,0,0,-1,-1,2270,10,30,0,180,50,0.1,-1,-1,2270,2270,2.5,0,0,0,1,0,0,0,0,0,0,0,0,1,0,-1,-1,-1,-1,-1,-1,-1,-1,2900,0.1,0.4,-1,0,0,80,0.29,100,3003,-1,5001,6001,-1,0,0.5,0.6,0,-1,0,1,1,1,1,1,1,1,1,1.1,1.1,1,1,1,1,1,1,1,1,4,0,-1,0,-1,-1,-1,-1,[205|204|204|63|0|0|0|0|0|0|0|0],
25000034,Crucible Knight (Leyndell),0,0,[0|0|0],25000,1004,0,120,2.3,0.5,130,0,840,0,3000,-1,-1,10,0,0,-1,-1,0.6,-1,5400,5304,5362,7100,0,0,0,0,-1,90,70,70,55,0,-1,-1,-1,-1,-1,-1,110,3000,3001,3002,3003,3004,3005,3006,3007,3008,3009,6001,6000,0,1,1,1,1,1,1,1,1,1.5,0.23076923,0,150,21,100,0,0,0,100,100,100,0,252,252,999,999,-1,-1,0,0,0,0,-1,-1,1,0,0,0,70,252,999,70,70,-1,10,0,12,0,0,6,3,40,112,115,0,0,4,0,70,70,70,70,0,0,0,0,0,22,7,0,0,0,0,0,0,0,0,1,1,0,0,0,0,0,0,0,0,1,0,1,0,0,0,0,0,0,0,0,0,0,0,0,0,1,0,0,1,0,0,0,0,0,0,1,0,0,0,0,0,0,0,0,0,0,0,0,2.3,0.5,0,0,0,0,0,0,1,0,0,100,1,0,2,140,114,139,112,139,112,90020,90030,0,5851,90060,90100,0,5262,-1,0,0.4,0.65,0.65,0.65,0.65,0.6,0.8,0.8,0.6,80,0,0,-1,-1,128,2004,-1,200,30,252,70,0,-1,-1,5800,14600,14602,-1,-1,-1,-1,-1,-1,-1,-1,-1,-1,-1,-1,0,-1,0,0,0,1,1,1,0,0,-1,-1,0,0,0,0,0,0,-1,-1,-1,0,0,0,180,100,0.1,-1,-1,-1,-1,1.8,0,0,0,1,0,0,0,0,0,0,0,0,1,0,-1,-1,-1,-1,-1,-1,-1,-1,-1,0.1,0.4,-1,0,0,80,0.29,100,-1,-1,5004,6004,-1,0,0.5,0.6,0,-1,0,1,1,1,1,1,1,1,1,1,1,1,1,1,1,1,1,1,1,-1,0,-1,0,-1,-1,-1,-1,[0|0|0|0|0|0|0|0|0|0|0|0],
25000042,Crucible Knight (Boss),0,0,[0|0|0],25000,1004,0,120,2.3,0.5,130,0,840,0,3000,-1,-1,10,0,0,-1,-1,0.6,-1,5400,5304,5362,7150,0,90400,0,0,-1,90,70,70,55,0,-1,-1,-1,-1,-1,-1,110,3000,3001,3002,3003,3004,3005,3006,3007,3008,3009,6001,6000,0,1,1,1,1,1,1,1,1,1.5,0.23076923,0,150,21,100,0,0,0,100,100,100,0,252,252,999,999,-1,-1,0,0,0,0,-1,-1,1,0,0,0,70,252,999,70,70,-1,10,0,12,0,0,6,3,40,112,115,0,0,4,0,70,70,70,70,0,0,0,0,0,22,7,0,0,0,0,0,0,0,0,1,1,0,0,0,0,0,0,0,0,1,0,1,0,0,0,0,0,0,0,0,0,0,0,0,0,1,0,0,1,0,0,0,0,0,0,1,0,0,0,0,0,0,0,0,0,0,0,0,2.3,0.5,0,1,0,0,0,0,1,0,0,100,1,0,2,140,114,139,112,139,112,90020,90030,95010,5851,90060,90100,0,-1,-1,0,0.4,0.65,0.65,0.65,0.65,0.6,0.8,0.8,0.6,80,0,0,-1,-1,128,2004,-1,300,30,252,70,0,-1,-1,5800,14600,14602,-1,-1,-1,-1,-1,-1,-1,-1,4410,-1,-1,4301,0,-1,0,0,0,1,1,1,0,0,-1,-1,0,0,0,0,0,0,-1,-1,-1,0,0,0,180,100,0.1,-1,-1,-1,-1,1.8,0,0,0,1,0,0,0,0,0,0,0,0,1,0,-1,-1,-1,-1,-1,-1,-1,-1,-1,0.1,0.4,-1,0,0,80,0.29,100,-1,-1,5004,6004,-1,0,0.5,0.6,0,-1,0,1,1,1,1,1,1,1,1,1,1,1,1,1,1,1,1,1,1,-1,0,-1,0,-1,-1,-1,-1,[0|0|0|0|0|0|0|0|0|0|0|0],
25000065,Crucible Knight,0,0,[0|0|0],25000,1004,0,120,2.3,0.5,130,0,840,0,3000,-1,-1,10,0,0,-1,-1,0.6,-1,5400,5304,5362,7090,0,0,0,0,-1,90,70,70,55,0,-1,-1,-1,-1,-1,-1,110,3000,3001,3002,3003,3004,3005,3006,3007,3008,3009,6001,6000,0,1,1,1,1,1,1,1,1,1.5,0.23076923,0,150,21,100,0,0,0,100,100,100,0,252,252,999,999,-1,-1,0,0,0,0,-1,-1,1,0,0,0,70,252,999,70,70,-1,10,0,12,0,0,6,3,40,112,115,0,0,4,0,70,70,70,70,0,0,0,0,0,22,7,0,0,0,0,0,0,0,0,1,1,0,0,0,0,0,0,0,0,1,0,1,0,0,0,0,0,0,0,0,0,0,0,0,0,1,0,0,1,0,0,0,0,0,0,1,0,0,0,0,0,0,0,0,0,0,0,0,2.3,0.5,0,0,0,0,0,0,1,0,0,100,1,0,2,140,114,139,112,139,112,90020,90030,0,5851,90060,90100,0,5262,-1,0,0.4,0.65,0.65,0.65,0.65,0.6,0.8,0.8,0.6,80,0,0,-1,-1,128,2004,-1,200,30,252,70,0,-1,-1,5800,14600,14602,-1,-1,-1,-1,-1,-1,-1,-1,-1,-1,-1,-1,0,-1,0,0,0,1,1,1,0,0,-1,-1,0,0,0,0,0,0,-1,-1,-1,0,0,0,180,100,0.1,-1,-1,-1,-1,1.8,0,0,0,1,0,0,0,0,0,0,0,0,1,0,-1,-1,-1,-1,-1,-1,-1,-1,-1,0.1,0.4,-1,0,0,80,0.29,100,-1,-1,5004,6004,-1,0,0.5,0.6,0,-1,0,1,1,1,1,1,1,1,1,1,1,1,1,1,1,1,1,1,1,-1,0,-1,0,-1,-1,-1,-1,[0|0|0|0|0|0|0|0|0|0|0|0],
25000933,Crucible Knight Ordovis,0,0,[0|0|0],25000,1004,0,120,2.3,0.5,130,0,840,0,3000,-1,-1,10,0,0,-1,-1,0.6,-1,5400,5304,5362,7090,0,90400,0,0,-1,90,70,70,55,0,-1,-1,-1,-1,-1,-1,110,3000,3001,3002,3003,3004,3005,3006,3007,3008,3009,6001,6000,0,1,1,1,1,1,1,1,1,1.5,0.23076923,0,150,21,100,0,0,0,100,100,100,0,252,252,999,999,-1,-1,0,0,0,0,-1,-1,1,0,0,0,70,252,999,70,70,-1,10,0,12,0,0,6,3,40,112,115,0,0,4,0,70,70,70,70,0,0,0,0,0,22,7,0,0,0,0,0,0,0,0,1,1,0,0,0,0,0,0,0,0,1,0,1,0,0,0,0,0,0,0,0,0,0,0,0,0,1,1,0,1,0,0,0,0,0,0,1,0,0,0,0,0,0,0,0,0,0,0,0,2.3,0.5,0,1,0,0,0,0,1,0,0,100,1,0,2,140,114,139,112,139,112,90020,90030,95010,5851,90060,90100,0,-1,-1,0,0.4,0.65,0.65,0.65,0.65,0.6,0.8,0.8,0.6,80,0,0,-1,-1,128,2004,-1,300,30,252,70,0,-1,-1,5800,14600,14602,-1,14607,-1,-1,-1,-1,-1,-1,4410,-1,-1,4301,0,-1,0,0,0,1,1,1,0,0,-1,-1,0,0,0,0,0,0,-1,-1,-1,0,0,0,180,100,0.1,-1,-1,-1,-1,1.8,0,0,0,1,0,0,0,0,0,0,0,0,1,0,-1,-1,-1,-1,-1,-1,-1,-1,-1,0.1,0.4,-1,0,0,80,0.29,100,-1,-1,5004,6004,-1,0,0.5,0.6,0,-1,0,1,1,1,1,1,1,1,1,1,1,1,1,1,1,1,1,1,1,-1,0,-1,0,-1,-1,-1,-1,[0|0|0|0|0|0|0|0|0|0|0|0],
25000941,Crucible Knight (Redmane Boss),0,0,[0|0|0],25000,1004,0,120,2.3,0.5,130,0,840,0,3000,-1,-1,10,0,0,-1,-1,0.6,-1,5400,5304,5362,7080,0,90400,0,0,-1,90,70,70,55,0,-1,-1,-1,-1,-1,-1,110,3000,3001,3002,3003,3004,3005,3006,3007,3008,3009,6001,6000,0,1,1,1,1,1,1,1,1,1.5,0.23076923,0,150,21,100,0,0,0,100,100,100,0,252,252,999,999,-1,-1,0,0,0,0,-1,-1,1,0,0,0,70,252,999,70,70,-1,10,0,12,0,0,6,3,40,112,115,0,0,4,0,70,70,70,70,0,0,0,0,0,22,7,0,0,0,0,0,0,0,0,1,1,0,0,0,0,0,0,0,0,1,0,1,0,0,0,0,0,0,0,0,0,0,0,0,0,1,1,0,1,0,0,0,0,0,0,1,0,0,0,0,0,0,0,0,0,0,0,0,2.3,0.5,0,1,0,0,0,0,1,0,0,100,1,0,2,140,114,139,112,139,112,90020,90030,95010,5851,90060,90100,0,-1,-1,0,0.4,0.65,0.65,0.65,0.65,0.6,0.8,0.8,0.6,80,0,0,-1,-1,128,2004,-1,300,30,252,70,0,-1,-1,5800,14600,14602,-1,-1,-1,-1,-1,-1,-1,-1,4410,-1,-1,4301,0,-1,0,0,0,1,1,1,0,0,-1,-1,0,0,0,0,0,0,-1,-1,-1,0,0,0,180,100,0.1,-1,-1,-1,-1,1.8,0,0,0,1,0,0,0,0,0,0,0,0,1,0,-1,-1,-1,-1,-1,-1,-1,-1,-1,0.1,0.4,-1,0,0,80,0.29,100,-1,-1,5004,6004,-1,0,0.5,0.6,0,-1,0,1,1,1,1,1,1,1,1,1,1,1,1,1,1,1,1,1,1,-1,0,-1,0,-1,-1,-1,-1,[0|0|0|0|0|0|0|0|0|0|0|0],
25001065,Crucible Knight,0,0,[0|0|0],25000,1004,0,120,2.3,0.5,130,0,840,0,3000,-1,-1,10,0,0,-1,-1,0.6,-1,5401,5304,5362,7090,0,0,0,0,-1,0,0,0,0,0,-1,-1,-1,-1,-1,-1,110,3000,3001,3002,3003,3004,3005,3006,3007,3008,3009,6001,6000,0,1,1,1,1,1,1,1,1,1.5,0.23076923,0,50,21,100,0,0,0,100,100,100,0,252,252,999,999,-1,-1,0,0,0,0,-1,-1,1,0,0,0,0,252,999,0,0,-1,10,0,12,0,0,6,3,40,112,115,0,0,2,0,0,0,0,0,0,0,0,0,0,22,7,0,0,0,0,0,0,0,0,0,0,1,0,0,0,0,0,0,0,0,0,1,1,0,0,0,0,0,0,0,0,0,0,0,0,1,0,0,1,0,0,0,0,0,0,0,1,0,0,0,0,0,0,0,0,0,0,0,2.3,0.5,0,0,0,0,0,0,1,0,0,100,1,0,2,140,114,139,112,139,112,90020,90030,0,5851,90060,90100,0,5262,-1,0,0.4,0.65,0.65,0.65,0.65,0.6,0.8,0.8,0.6,0,0,0,-1,-1,128,2004,-1,200,30,252,0,0,-1,-1,5800,14600,14604,-1,-1,-1,-1,-1,-1,-1,-1,-1,-1,-1,-1,0,-1,0,0,0,1,1,1,0,0,-1,-1,0,0,0,0,0,0,-1,-1,-1,0,0,0,180,100,0.1,-1,-1,-1,-1,1.8,0,0,0,1,0,0,0,0,0,0,0,0,1,0,-1,-1,-1,-1,-1,-1,-1,-1,-1,0.1,0.4,-1,0,0,80,0.29,100,-1,-1,5004,6004,-1,0,0.5,0.6,0,-1,0,1,1,1,1,1,1,1,1,1,1,1,1,1,1,1,1,1,1,-1,0,-1,0,-1,-1,-1,-1,[0|0|0|0|0|0|0|0|0|0|0|0],
25001066,Crucible Knight Siluria,0,0,[0|0|0],25000,1004,0,120,2.3,0.5,130,0,840,0,3000,-1,-1,10,0,0,-1,-1,0.6,-1,5401,5304,5362,7130,0,90400,0,0,-1,0,0,0,0,0,-1,-1,-1,-1,-1,-1,110,3000,3001,3002,3003,3004,3005,3006,3007,3008,3009,6001,6000,0,1,1,1,1,1,1,1,1,1.5,0.23076923,0,50,21,100,0,0,0,100,100,100,0,252,252,999,999,-1,-1,0,0,0,0,-1,-1,1,0,0,0,0,252,999,0,0,-1,10,0,12,0,0,6,3,40,112,115,0,0,2,0,0,0,0,0,0,0,0,0,0,22,7,0,0,0,0,0,0,0,0,0,0,1,0,0,0,0,0,0,0,0,0,1,1,0,0,0,0,0,0,0,0,0,0,0,0,1,0,0,1,0,0,0,0,0,0,0,1,0,0,0,0,0,0,0,0,0,0,0,2.3,0.5,0,1,0,0,0,1,1,0,0,100,12,0,2,140,114,139,112,139,112,90020,90030,95010,5851,90060,90100,0,-1,-1,0,0.4,0.65,0.65,0.65,0.65,0.6,0.8,0.8,0.6,0,0,0,-1,-1,128,2004,-1,400,30,252,0,0,-1,-1,5800,14600,14604,-1,-1,-1,-1,-1,-1,-1,-1,-1,-1,-1,4301,0,-1,0,0,0,1,1,1,0,0,-1,-1,0,0,0,0,0,0,-1,-1,-1,0,0,0,180,100,0.1,-1,-1,-1,-1,1.8,0,0,0,1,0,0,0,0,0,0,0,0,1,0,-1,-1,-1,-1,-1,-1,-1,-1,-1,0.1,0.4,-1,0,0,80,0.29,100,-1,-1,5004,6004,-1,0,0.5,0.6,0,-1,0,1,1,1,1,1,1,1,1,1,1,1,1,1,1,1,1,1,1,-1,0,-1,0,-1,-1,-1,-1,[0|0|0|0|0|0|0|0|0|0|0|0],
25001933,Crucible Knight Ordovis (Auriza Boss),0,0,[0|0|0],25000,1004,0,120,2.3,0.5,130,0,840,0,3000,-1,-1,10,0,0,-1,-1,0.6,-1,5401,5304,5362,7090,0,90400,0,0,-1,0,0,0,0,0,-1,-1,-1,-1,-1,-1,110,3000,3001,3002,3003,3004,3005,3006,3007,3008,3009,6001,6000,0,1,1,1,1,1,1,1,1,1.5,0.23076923,0,50,21,100,0,0,0,100,100,100,0,252,252,999,999,-1,-1,0,0,0,0,-1,-1,1,0,0,0,0,252,999,0,0,-1,10,0,12,0,0,6,3,40,112,115,0,0,2,0,0,0,0,0,0,0,0,0,0,22,7,0,0,0,0,0,0,0,0,0,0,1,0,0,0,0,0,0,0,0,0,1,1,0,0,0,0,0,0,0,0,0,0,0,0,1,1,0,1,0,0,0,0,0,0,0,1,0,0,0,0,0,0,0,0,0,0,0,2.3,0.5,0,1,0,0,0,0,1,0,0,100,1,0,2,140,114,139,112,139,112,90020,90030,95010,5851,90060,90100,0,-1,-1,0,0.4,0.65,0.65,0.65,0.65,0.6,0.8,0.8,0.6,0,0,0,-1,-1,128,2004,-1,300,30,252,0,0,-1,-1,5800,14600,14604,-1,-1,-1,-1,-1,-1,-1,-1,4410,-1,-1,4301,0,-1,0,0,0,1,1,1,0,0,-1,-1,0,0,0,0,0,0,-1,-1,-1,0,0,0,180,100,0.1,-1,-1,-1,-1,1.8,0,0,0,1,0,0,0,0,0,0,0,0,1,0,-1,-1,-1,-1,-1,-1,-1,-1,-1,0.1,0.4,-1,0,0,80,0.29,100,-1,-1,5004,6004,-1,0,0.5,0.6,0,-1,0,1,1,1,1,1,1,1,1,1,1,1,1,1,1,1,1,1,1,-1,0,-1,0,-1,-1,-1,-1,[0|0|0|0|0|0|0|0|0|0|0|0],
25006020,Crucible Knight (Boss),0,0,[0|0|0],25000,-1,0,120,2.3,0.5,130,0,628,0,3000,-1,-1,10,0,0,-1,-1,0.6,-1,5400,5304,5362,7060,0,90400,90000,90010,-1,90,70,70,55,0,-1,-1,-1,-1,-1,-1,110,3000,3001,3002,3003,3004,3005,3006,3007,3008,3009,6001,6000,0,1,1,1,1,1,1,1,1,1.5,0.23076923,0,150,21,100,0,0,0,100,100,100,0,999,999,999,999,-1,-1,0,0,0,0,-1,-1,1,0,0,0,70,999,999,70,70,-1,10,0,12,0,0,6,3,40,143,143,0,0,4,0,70,70,70,70,0,0,0,0,0,22,7,0,0,0,0,0,0,0,0,1,1,0,0,0,0,0,0,0,0,1,0,1,0,0,0,0,0,0,0,0,0,0,0,0,0,1,0,0,1,0,0,0,0,0,0,1,0,0,0,0,0,0,0,0,0,0,0,0,2.3,0.5,0,1,0,0,0,0,1,0,0,100,1,0,2,142,142,139,139,139,139,90020,90030,90040,90300,90060,90100,0,-1,-1,0,0.4,0.65,0.65,0.65,0.65,0.6,0.8,0.8,0.6,80,0,0,-1,-1,128,-1,-1,300,30,999,70,0,-1,-1,5800,14600,14602,-1,-1,-1,-1,-1,15032,4302,-1,-1,-1,-1,4301,0,-1,0,0,0,1,1,1,0,0,-1,-1,0,0,0,0,0,0,-1,-1,-1,0,0,0,180,100,0.1,-1,-1,-1,-1,1.8,0,0,0,1,0,0,0,0,0,0,0,0,1,0,-1,-1,-1,-1,-1,-1,-1,-1,-1,0.1,0.4,-1,0,0,80,0.29,100,-1,-1,-1,-1,-1,0,0.5,0.6,0,-1,0,1,1,1,1,1,1,1,1,1,1,1,1,1,1,1,1,1,1,-1,0,-1,0,-1,-1,-1,-1,[0|0|0|0|0|0|0|0|0|0|0|0],
25006120,Crucible Knight (Boss),0,0,[0|0|0],25000,-1,0,120,2.3,0.5,130,0,628,0,3000,-1,-1,10,0,0,-1,-1,0.6,-1,5400,5304,5362,7060,0,90400,90000,90010,-1,90,70,70,55,0,-1,-1,-1,-1,-1,-1,110,3000,3001,3002,3003,3004,3005,3006,3007,3008,3009,6001,6000,0,1,1,1,1,1,1,1,1,1.5,0.23076923,0,150,21,100,0,0,0,100,100,100,0,999,999,999,999,-1,-1,0,0,0,0,-1,-1,1,0,0,0,70,999,999,70,70,-1,10,0,12,0,0,6,3,40,143,143,0,0,4,0,70,70,70,70,0,0,0,0,0,22,7,0,0,0,0,0,0,0,0,1,1,0,0,0,0,0,0,0,0,0,1,1,0,0,0,0,0,0,0,0,0,0,0,0,0,1,0,0,1,0,0,0,0,0,0,1,0,0,0,0,0,0,0,0,0,0,0,0,2.3,0.5,0,1,0,0,0,0,1,0,0,100,1,0,2,142,142,139,139,139,139,90020,90030,90040,90300,90060,90100,0,-1,-1,0,0.4,0.65,0.65,0.65,0.65,0.6,0.8,0.8,0.6,80,0,0,-1,-1,128,-1,-1,300,30,999,70,0,-1,-1,5800,14600,14603,-1,-1,-1,-1,-1,15032,4302,-1,-1,-1,-1,4301,0,-1,0,0,0,1,1,1,0,0,-1,-1,0,0,0,0,0,0,-1,-1,-1,0,0,0,180,100,0.1,-1,-1,-1,-1,1.8,0,0,0,1,0,0,0,0,0,0,0,0,1,0,-1,-1,-1,-1,-1,-1,-1,-1,-1,0.1,0.4,-1,0,0,80,0.29,100,-1,-1,-1,-1,-1,0,0.5,0.6,0,-1,0,1,1,1,1,1,1,1,1,1,1,1,1,1,1,1,1,1,1,-1,0,-1,0,-1,-1,-1,-1,[0|0|0|0|0|0|0|0|0|0|0|0],
25007020,Crucible Knight (Boss),0,0,[0|0|0],25000,-1,0,120,2.3,0.5,130,0,628,0,3000,-1,-1,10,0,0,-1,-1,0.6,-1,5401,5304,5362,7060,0,90400,90000,90010,-1,0,0,0,0,0,-1,-1,-1,-1,-1,-1,110,3000,3001,3002,3003,3004,3005,3006,3007,3008,3009,6001,6000,0,1,1,1,1,1,1,1,1,1.5,0.23076923,0,50,21,100,0,0,0,100,100,100,0,999,999,999,999,-1,-1,0,0,0,0,-1,-1,1,0,0,0,0,999,999,0,0,-1,10,0,12,0,0,6,3,40,143,143,0,0,2,0,0,0,0,0,0,0,0,0,0,22,7,0,0,0,0,0,0,0,0,0,0,1,0,0,0,0,0,0,0,0,0,1,1,0,0,0,0,0,0,0,0,0,0,0,0,1,0,0,1,0,0,0,0,0,0,0,1,0,0,0,0,0,0,0,0,0,0,0,2.3,0.5,0,1,0,0,0,0,1,0,0,100,1,0,2,142,142,139,139,139,139,90020,90030,90040,90300,90060,90100,0,-1,-1,0,0.4,0.65,0.65,0.65,0.65,0.6,0.8,0.8,0.6,0,0,0,-1,-1,128,-1,-1,300,30,999,0,0,-1,-1,5800,14600,14604,-1,-1,-1,-1,-1,15032,4302,-1,-1,-1,-1,4301,0,-1,0,0,0,1,1,1,0,0,-1,-1,0,0,0,0,0,0,-1,-1,-1,0,0,0,180,100,0.1,-1,-1,-1,-1,1.8,0,0,0,1,0,0,0,0,0,0,0,0,1,0,-1,-1,-1,-1,-1,-1,-1,-1,-1,0.1,0.4,-1,0,0,80,0.29,100,-1,-1,-1,-1,-1,0,0.5,0.6,0,-1,0,1,1,1,1,1,1,1,1,1,1,1,1,1,1,1,1,1,1,-1,0,-1,0,-1,-1,-1,-1,[0|0|0|0|0|0|0|0|0|0|0|0],
25007120,Crucible Knight (Boss),0,0,[0|0|0],25000,-1,0,120,2.3,0.5,130,0,628,0,3000,-1,-1,10,0,0,-1,-1,0.6,-1,5401,5304,5362,7060,0,90400,90000,90010,-1,0,0,0,0,0,-1,-1,-1,-1,-1,-1,110,3000,3001,3002,3003,3004,3005,3006,3007,3008,3009,6001,6000,0,1,1,1,1,1,1,1,1,1.5,0.23076923,0,50,21,100,0,0,0,100,100,100,0,999,999,999,999,-1,-1,0,0,0,0,-1,-1,1,0,0,0,0,999,999,0,0,-1,10,0,12,0,0,6,3,40,143,143,0,0,2,0,0,0,0,0,0,0,0,0,0,22,7,0,0,0,0,0,0,0,0,0,0,1,0,0,0,0,0,0,0,0,0,1,0,1,0,0,0,0,0,0,0,0,0,0,0,1,0,0,1,0,0,0,0,0,0,0,1,0,0,0,0,0,0,0,0,0,0,0,2.3,0.5,0,1,0,0,0,0,1,0,0,100,1,0,2,142,142,139,139,139,139,90020,90030,90040,90300,90060,90100,0,-1,-1,0,0.4,0.65,0.65,0.65,0.65,0.6,0.8,0.8,0.6,0,0,0,-1,-1,128,-1,-1,300,30,999,0,0,-1,-1,5800,14600,14605,-1,-1,-1,-1,-1,15032,4302,-1,-1,-1,-1,4301,0,-1,0,0,0,1,1,1,0,0,-1,-1,0,0,0,0,0,0,-1,-1,-1,0,0,0,180,100,0.1,-1,-1,-1,-1,1.8,0,0,0,1,0,0,0,0,0,0,0,0,1,0,-1,-1,-1,-1,-1,-1,-1,-1,-1,0.1,0.4,-1,0,0,80,0.29,100,-1,-1,-1,-1,-1,0,0.5,0.6,0,-1,0,1,1,1,1,1,1,1,1,1,1,1,1,1,1,1,1,1,1,-1,0,-1,0,-1,-1,-1,-1,[0|0|0|0|0|0|0|0|0|0|0|0],
25008000,Crucible Knight,1,0,[0|0|0],25000,1004,0,120,2.3,0.5,130,0,840,0,3000,-1,-1,10,0,0,-1,-1,0.6,-1,5401,5304,5362,0,0,0,0,0,-1,90,70,70,55,0,-1,-1,-1,-1,-1,-1,110,3000,3001,3002,3003,3004,3005,3006,3007,3008,3009,6001,6000,0,1,1,1,1,1,1,1,1,1.3,0.23076923,0,150,21,100,0,0,0,100,100,100,0,252,252,999,999,-1,-1,0,0,0,0,-1,-1,1,0,0,0,70,252,999,70,70,-1,10,0,12,0,0,26,3,40,112,115,0,0,4,0,70,70,70,70,0,0,0,0,0,22,7,0,0,0,0,0,0,0,0,0,1,0,1,0,0,0,0,0,0,0,1,1,0,0,0,0,0,0,0,0,0,0,0,0,0,1,0,0,1,0,0,0,0,0,0,1,0,0,0,0,0,0,0,0,0,0,0,0,2.3,0.5,0,0,0,0,0,0,1,0,0,100,1,0,2,140,114,139,112,139,112,90020,90030,0,5851,90060,90100,0,-1,-1,0,0.4,0.65,0.65,0.65,0.65,0.6,0.8,0.8,0.6,80,0,0,-1,-1,128,2004,-1,0,30,252,70,0,-1,-1,5800,14600,14603,-1,14607,440,-1,-1,-1,-1,-1,-1,700500,-1,-1,0,-1,0,0,0,1,1,1,0,0,-1,-1,0,0,0,0,0,0,-1,-1,-1,0,0,0,180,100,0.1,-1,-1,-1,-1,2.5,0,0,0,1,0,0,0,0,0,0,0,0,1,0,-1,-1,-1,-1,-1,-1,-1,-1,-1,0.1,0.4,-1,0,0,80,0.29,100,-1,-1,5004,6004,-1,0,0.5,0.6,0,-1,0,1,1,1,1,1,1,1,1,1,1,1,1,1,1,1,1,1,1,-1,0,-1,0,-1,-1,-1,-1,[0|0|0|0|0|0|0|0|0|0|0|0],
30000006,Exile Soldier,0,0,[0|0|0],30000,1001,0,120,1.9,0.4,130,0,134,0,100,-1,-1,10,0,0,-1,-1,0.4,-1,5401,0,0,7000,0,0,0,0,-1,0,0,0,0,0,-1,-1,-1,-1,-1,-1,16,3000,3001,3002,3003,3004,3005,3006,3007,3008,3009,6001,6000,0,1,1,1,1,1,1,1,1,1.5,-0.53846157,0,50,21,100,0,0,0,100,100,100,0,84,84,112,999,-1,-1,0,0,0,0,-1,-1,0,0,0,0,0,112,999,0,0,-1,10,0,11,0,0,6,3,40,110,110,0,0,2,0,0,0,0,0,0,0,0,0,0,22,7,0,0,0,0,0,0,0,0,0,0,0,0,0,0,0,0,0,0,1,1,1,0,0,0,0,0,0,0,0,0,0,0,0,0,1,0,0,1,0,0,0,0,0,0,1,1,0,0,0,0,0,0,0,0,0,0,0,1.9,0.4,0,0,0,0,0,0,0,0,0,100,1,0,1,144,109,139,144,139,144,0,90030,0,0,90060,90161,90200,-1,-1,0,0.4,1,0.9,1,1.1,1,1,1.2,1,0,0,0,-1,-1,128,2001,-1,100,30,112,0,0,-1,5012,0,-1,-1,5813,5800,-1,10179,5815,-1,-1,-1,10885,10887,-1,-1,0,2,0,0,0,1,1,1,0,0,-1,-1,0,0,0,0,0,0,-1,-1,-1,0,0,0,180,50,0.1,-1,-1,-1,-1,1.8,0,0,0,1,0,0,0,0,0,0,0,0,1,0,-1,-1,-1,-1,-1,-1,-1,-1,2900,0.1,0.4,-1,0,0,30,0.29,100,3002,-1,5002,6002,-1,0,0.5,0.6,0,-1,0,1,1,1,1,1,1,1,1,1,1,1,1,1,1,1,1,1,1,-1,0,-1,0,-1,-1,-1,-1,[0|0|0|0|0|0|0|0|0|0|0|0],
30000034,Exile Soldier (Leyndell),0,0,[0|0|0],30000,1001,0,120,1.9,0.4,130,0,134,0,100,300000000,-1,10,0,0,-1,-1,0.4,-1,5401,0,0,7100,0,0,0,0,-1,0,0,0,0,0,-1,-1,-1,-1,-1,-1,16,3000,3001,3002,3003,3004,3005,3006,3007,3008,3009,6001,6000,0,1,1,1,1,1,1,1,1,1.5,-0.53846157,0,50,21,100,0,0,0,100,100,100,0,84,84,112,999,-1,-1,0,0,0,0,-1,-1,0,0,0,0,0,112,999,0,0,-1,10,0,11,0,0,6,3,40,110,110,0,0,2,0,0,0,0,0,0,0,0,0,0,22,7,0,0,0,0,0,0,0,0,0,0,0,0,0,0,0,0,0,0,1,1,1,0,0,0,0,0,0,0,0,0,0,0,0,0,1,0,0,1,0,0,0,0,0,0,1,1,0,0,0,0,0,0,0,0,0,0,0,1.9,0.4,0,0,0,0,0,0,0,0,0,100,1,0,1,144,109,139,144,139,144,0,90030,0,0,90060,90161,90200,5261,-1,0,0.4,1,0.9,1,1.1,1,1,1.2,1,0,0,0,-1,-1,128,2001,-1,100,30,112,0,0,-1,5012,0,-1,-1,5813,5800,-1,10179,5815,-1,-1,-1,10885,10887,-1,-1,0,2,0,0,0,1,1,1,0,0,-1,-1,0,0,0,0,0,0,-1,-1,-1,0,0,0,180,50,0.1,-1,-1,-1,-1,1.8,0,0,0,1,0,0,0,0,0,0,0,0,1,0,-1,-1,-1,-1,-1,-1,-1,-1,2900,0.1,0.4,-1,0,0,30,0.29,100,3002,-1,5002,6002,-1,0,0.5,0.6,0,-1,0,1,1,1,1,1,1,1,1,1,1,1,1,1,1,1,1,1,1,-1,0,-1,0,-1,-1,-1,-1,[0|0|0|0|0|0|0|0|0|0|0|0],
30000106,Exile Soldier,0,0,[0|0|0],30000,1001,0,120,1.9,0.4,130,0,134,0,100,-1,-1,10,0,0,-1,-1,0.4,-1,5400,0,0,7000,0,0,0,0,-1,0,0,0,0,0,-1,-1,-1,-1,-1,-1,16,3000,3001,3002,3003,3004,3005,3006,3007,3008,3009,6001,6000,0,1,1,1,1,1,1,1,1,1.5,-0.53846157,0,50,21,100,0,0,0,100,100,100,0,84,84,112,999,-1,-1,0,0,0,0,-1,-1,0,0,0,0,0,112,999,0,0,-1,10,0,11,0,0,6,3,40,110,110,0,0,2,0,0,0,0,0,0,0,0,0,0,22,7,0,0,0,0,0,0,0,0,0,0,0,0,0,0,0,0,0,0,1,1,0,0,0,0,0,0,0,0,0,0,0,0,0,0,1,0,0,1,0,0,0,0,0,0,1,1,0,0,0,0,0,0,0,0,0,0,0,1.9,0.4,0,0,0,0,0,0,0,0,0,100,1,0,1,144,109,139,144,139,144,0,90030,0,0,90060,90161,90200,-1,-1,0,0.4,1,0.9,1,1.1,1,1,1.2,1,0,0,0,-1,-1,128,2001,-1,100,30,112,0,0,-1,5012,0,-1,-1,5813,5800,-1,10179,5815,-1,-1,-1,10885,10887,-1,-1,0,2,0,0,0,1,1,1,0,0,-1,-1,0,0,0,0,0,0,-1,-1,-1,0,0,0,180,50,0.1,-1,-1,-1,-1,1.8,0,0,0,1,0,0,0,0,0,0,0,0,1,0,-1,-1,-1,-1,-1,-1,-1,-1,2900,0.1,0.4,-1,0,0,30,0.29,100,3002,-1,5002,6002,-1,0,0.5,0.6,0,-1,0,1,1,1,1,1,1,1,1,1,1,1,1,1,1,1,1,1,1,-1,0,-1,0,-1,-1,-1,-1,[0|0|0|0|0|0|0|0|0|0|0|0],
30000134,Exile Soldier (Leyndell),0,0,[0|0|0],30000,1001,0,120,1.9,0.4,130,0,134,0,100,300000100,-1,10,0,0,-1,-1,0.4,-1,5400,0,0,7100,0,0,0,0,-1,0,0,0,0,0,-1,-1,-1,-1,-1,-1,16,3000,3001,3002,3003,3004,3005,3006,3007,3008,3009,6001,6000,0,1,1,1,1,1,1,1,1,1.5,-0.53846157,0,50,21,100,0,0,0,100,100,100,0,84,84,112,999,-1,-1,0,0,0,0,-1,-1,0,0,0,0,0,112,999,0,0,-1,10,0,11,0,0,6,3,40,110,110,0,0,2,0,0,0,0,0,0,0,0,0,0,22,7,0,0,0,0,0,0,0,0,0,0,0,0,0,0,0,0,0,0,1,1,0,0,0,0,0,0,0,0,0,0,0,0,0,0,1,0,0,1,0,0,0,0,0,0,1,1,0,0,0,0,0,0,0,0,0,0,0,1.9,0.4,0,0,0,0,0,0,0,0,0,100,1,0,1,144,109,139,144,139,144,0,90030,0,0,90060,90161,90200,5261,-1,0,0.4,1,0.9,1,1.1,1,1,1.2,1,0,0,0,-1,-1,128,2001,-1,100,30,112,0,0,-1,5012,0,-1,-1,5813,5800,-1,10179,5815,-1,-1,-1,10885,10887,-1,-1,0,2,0,0,0,1,1,1,0,0,-1,-1,0,0,0,0,0,0,-1,-1,-1,0,0,0,180,50,0.1,-1,-1,-1,-1,1.8,0,0,0,1,0,0,0,0,0,0,0,0,1,0,-1,-1,-1,-1,-1,-1,-1,-1,-1,0.1,0.4,-1,0,0,30,0.29,100,3002,-1,5002,6002,-1,0,0.5,0.6,0,-1,0,1,1,1,1,1,1,1,1,1,1,1,1,1,1,1,1,1,1,-1,0,-1,0,-1,-1,-1,-1,[0|0|0|0|0|0|0|0|0|0|0|0],
30000834,Exile Soldier (Leyndell),0,0,[0|0|0],30000,1001,0,120,1.9,0.4,130,0,134,0,100,300000000,-1,10,0,0,-1,-1,0.4,-1,5401,0,0,7100,0,0,0,0,-1,0,0,0,0,0,-1,-1,-1,-1,-1,-1,16,3000,3001,3002,3003,3004,3005,3006,3007,3008,3009,6001,6000,0,1,1,1,1,1,1,1,1,1.5,-0.53846157,0,50,21,100,0,0,0,100,100,100,0,84,84,112,999,-1,-1,0,0,0,0,-1,-1,0,0,0,0,0,112,999,0,0,-1,10,0,11,0,0,6,3,40,110,110,0,0,2,0,0,0,0,0,0,0,0,0,0,22,7,0,0,0,0,0,0,0,0,0,0,0,0,0,0,0,0,0,0,1,1,1,0,0,0,0,0,0,0,0,0,0,0,0,0,1,0,0,1,0,0,0,0,0,0,1,1,0,0,0,0,0,0,0,0,0,0,0,1.9,0.4,0,0,0,0,0,0,0,0,0,100,1,0,1,144,109,139,144,139,144,0,90030,0,0,90060,90161,90200,5261,-1,0,0.4,1,0.9,1,1.1,1,1,1.2,1,0,0,0,-1,-1,128,2001,-1,100,30,112,0,0,-1,5012,10177,-1,-1,5813,5800,-1,10179,5815,-1,-1,-1,10885,10887,-1,-1,0,2,0,0,0,1,1,1,0,0,-1,-1,0,0,0,0,0,0,-1,-1,-1,0,0,0,180,50,0.1,-1,-1,-1,-1,1.8,0,0,0,1,0,0,0,0,0,0,0,0,1,0,-1,-1,-1,-1,-1,-1,-1,-1,-1,0.1,0.4,-1,0,0,30,0.29,100,3002,-1,5002,6002,-1,0,0.5,0.6,0,-1,0,1,1,1,1,1,1,1,1,1,1,1,1,1,1,1,1,1,1,-1,0,-1,0,-1,-1,-1,-1,[0|0|0|0|0|0|0|0|0|0|0|0],
30001034,Exile Soldier (Leyndell),0,0,[0|0|0],30000,1001,0,120,1.9,0.4,130,0,134,0,100,300000500,-1,10,0,0,-1,-1,0.4,-1,5400,0,0,7100,0,0,0,0,-1,70,40,40,40,0,-1,-1,-1,-1,-1,-1,16,3000,3001,3002,3003,3004,3005,3006,3007,3008,3009,6001,6000,0,1,1,1,1,1,1,1,1,1.5,-0.53846157,0,50,21,100,0,0,0,100,100,100,0,84,84,112,999,-1,-1,0,0,0,0,-1,-1,0,0,0,0,40,112,999,30,30,-1,10,0,11,0,0,6,3,40,110,110,0,0,2,0,30,30,30,30,0,0,0,0,0,22,7,0,0,0,0,0,0,0,0,0,1,0,0,0,0,0,0,0,0,1,1,0,0,0,0,0,0,0,0,0,0,0,0,0,0,1,0,0,1,0,0,0,0,0,0,1,1,0,0,0,0,0,0,0,0,0,0,0,1.9,0.4,0,0,0,0,0,0,0,0,0,100,1,0,1,144,109,139,144,139,144,0,90030,0,0,90060,90161,90200,5261,-1,0,0.4,1,0.9,1,1.1,1,1,1.2,1,40,0,0,-1,-1,128,2001,-1,100,30,112,30,0,-1,0,0,-1,-1,-1,5800,-1,10179,5815,-1,-1,-1,10885,10887,-1,-1,0,2,0,0,0,1,1,1,0,0,-1,-1,0,0,0,0,0,0,-1,-1,-1,0,0,0,180,50,0.1,-1,-1,-1,-1,1.8,0,0,0,1,0,0,0,0,0,0,0,0,1,0,-1,-1,-1,-1,-1,-1,-1,-1,-1,0.1,0.4,-1,0,0,30,0.29,100,3002,-1,5002,6002,-1,0,0.5,0.6,0,-1,0,1,1,1,1,1,1,1,1,1,1,1,1,1,1,1,1,1,1,-1,0,-1,0,-1,-1,-1,-1,[0|0|0|0|0|0|0|0|0|0|0|0],
30002034,Exile Soldier (Leyndell),0,0,[0|0|0],30000,1001,0,120,1.9,0.4,130,0,134,0,100,300000600,-1,10,0,0,-1,-1,0.4,-1,5402,0,0,7100,0,0,0,0,-1,80,45,45,45,0,-1,-1,-1,-1,-1,-1,21,3000,3001,3002,3003,3004,3005,3006,3007,3008,3009,6001,6000,0,1,1,1,1,1,1,1,1,1.5,-0.53846157,0,50,21,100,0,0,0,100,100,100,0,84,84,112,999,-1,-1,0,0,0,0,-1,-1,0,0,0,0,60,112,999,35,35,-1,10,0,11,0,0,6,3,40,110,110,0,0,2,0,35,35,35,35,0,0,0,0,0,22,7,0,0,0,0,0,0,0,0,0,0,0,1,1,0,0,0,0,0,0,0,0,0,0,0,0,0,0,0,0,0,0,0,0,0,1,0,0,1,0,0,0,0,0,0,1,1,0,0,0,0,0,0,0,0,0,0,0,1.9,0.4,0,0,0,0,0,0,0,0,0,100,1,0,1,144,109,139,144,139,144,0,90030,0,0,90060,90161,90200,5261,-1,0,0.4,1,0.9,1,1.1,1,1,1.2,1,45,0,0,-1,-1,128,2001,-1,100,30,112,35,0,-1,0,0,-1,-1,-1,5800,-1,-1,-1,-1,-1,-1,10885,10887,-1,-1,0,2,0,0,0,1,1,1,0,0,-1,-1,0,0,0,0,0,0,-1,-1,-1,0,0,0,180,50,0.1,-1,-1,-1,-1,1.8,0,0,0,1,0,0,0,0,0,0,0,0,1,0,-1,-1,-1,-1,-1,-1,-1,-1,-1,0.1,0.4,-1,0,0,30,0.29,100,3002,-1,5002,6002,-1,0,0.5,0.6,0,-1,0,1,1,1,1,1,1,1,1,1,1,1,1,1,1,1,1,1,1,-1,0,-1,0,-1,-1,-1,-1,[0|0|0|0|0|0|0|0|0|0|0|0],
30003034,Exile Soldier (Leyndell),0,0,[0|0|0],30000,1001,0,120,1.9,0.4,130,0,134,0,100,300000700,-1,10,0,0,-1,-1,0.4,-1,5404,0,0,7100,0,0,0,0,-1,0,0,0,0,0,-1,-1,-1,-1,-1,-1,21,3000,3001,3002,3003,3004,3005,3006,3007,3008,3009,6001,6000,0,1,1,1,1,1,1,1,1,1.5,-0.53846157,0,50,21,100,0,0,0,100,100,100,0,84,84,112,999,-1,-1,0,0,0,0,-1,-1,0,0,0,0,0,112,999,0,0,-1,10,0,11,0,0,6,3,40,110,110,0,0,2,0,0,0,0,0,0,0,0,0,0,22,7,0,0,0,0,0,0,0,0,0,0,0,0,0,1,0,0,0,0,0,0,0,0,0,0,0,0,0,0,0,0,0,0,0,0,1,0,0,1,0,0,0,0,0,0,1,1,0,0,0,0,0,0,0,0,0,0,0,1.9,0.4,0,0,0,0,0,0,0,0,0,100,1,0,1,144,109,139,144,139,144,0,90030,0,0,90060,90161,90200,5261,-1,0,0.4,1,0.9,1,1.1,1,1,1.2,1,0,0,0,-1,-1,128,2001,-1,100,30,112,0,0,-1,10181,0,-1,-1,-1,5800,-1,-1,-1,-1,-1,-1,10885,10887,-1,-1,0,2,0,0,0,1,1,1,0,0,-1,-1,0,0,0,0,0,0,-1,-1,-1,0,0,0,180,100,0.1,-1,-1,-1,-1,1.8,0,0,0,1,0,0,0,0,0,0,0,0,1,0,-1,-1,-1,-1,-1,-1,-1,-1,-1,0.1,0.4,-1,0,0,30,0.29,100,3002,-1,5002,6002,-1,0,0.5,0.6,0,-1,0,1,1,1,1,1,1,1,1,1,1,1,1,1,1,1,1,1,1,-1,0,-1,0,-1,-1,-1,-1,[0|0|0|0|0|0|0|0|0|0|0|0],
30004107,Mausoleum Exile Soldier,0,0,[0|0|0],30000,-1,0,120,1.9,0.4,130,0,134,0,100,300000110,-1,10,0,0,-1,-1,0.4,-1,5400,0,0,7060,0,0,90000,90010,-1,0,0,0,0,0,-1,-1,-1,-1,-1,-1,16,3000,3001,3002,3003,3004,3005,3006,3007,3008,3009,6001,6000,0,1,1,1,1,1,1,1,1,1.5,-0.53846157,0,50,21,100,0,0,0,100,100,100,0,999,999,999,999,-1,-1,0,0,0,0,-1,-1,1,0,0,0,0,999,999,0,0,-1,10,0,11,0,0,6,3,40,143,143,0,0,2,0,0,0,0,0,0,0,0,0,0,22,7,0,0,0,0,0,0,0,0,0,0,0,0,0,0,0,0,0,0,1,1,0,0,0,0,0,0,0,0,0,0,0,0,0,0,1,0,0,1,0,0,0,0,0,0,1,1,0,0,0,0,0,0,0,0,0,0,0,1.9,0.4,0,0,0,0,0,0,0,0,0,100,1,0,1,142,142,139,139,139,139,90020,90030,90040,90300,90060,90161,90200,5261,-1,0,0.4,1,0.9,1,1.1,1,1,1.2,1,0,0,0,-1,-1,128,-1,-1,100,30,999,0,0,-1,5012,0,-1,-1,5813,5800,-1,10179,5815,10880,4300,19060,10885,10887,-1,-1,0,2,0,0,0,1,1,1,0,0,-1,-1,0,0,0,0,0,0,-1,-1,-1,0,0,0,180,50,0.1,-1,-1,-1,-1,1.8,0,0,0,1,0,0,0,0,0,0,0,0,1,0,-1,-1,-1,-1,-1,-1,-1,-1,-1,0.1,0.4,-1,0,0,30,0.29,100,-1,-1,-1,-1,-1,0,0.5,0.6,0,-1,0,1,1,1,1,1,1,1,1,1,1,1,1,1,1,1,1,1,1,-1,0,-1,0,-1,-1,-1,-1,[0|0|0|0|0|0|0|0|0|0|0|0],
30004251,Mausoleum Exile Soldier,0,0,[0|0|0],30000,-1,0,120,1.9,0.4,130,0,134,0,100,300051200,-1,10,0,0,-1,-1,0.4,-1,5400,0,0,7130,0,0,90000,90010,-1,0,0,0,0,0,-1,-1,-1,-1,-1,-1,21,3000,3001,3002,3003,3004,3005,3006,3007,3008,3009,6001,6000,0,1,1,1,1,1,1,1,1,1.5,-0.53846157,0,50,21,100,0,0,0,100,100,100,0,999,999,999,999,-1,-1,0,0,0,0,-1,-1,1,0,0,0,0,999,999,0,0,-1,10,0,11,0,0,6,3,40,143,143,0,0,2,0,0,0,0,0,0,0,0,0,0,22,7,0,0,0,0,0,0,0,0,0,0,0,0,0,0,0,0,0,0,1,1,0,0,0,0,0,0,0,0,0,0,0,0,0,0,1,0,0,1,0,0,0,0,0,0,1,1,0,0,0,0,0,0,0,0,0,0,0,1.9,0.4,0,0,0,0,0,0,0,0,0,100,1,0,1,142,142,139,139,139,139,90020,90030,90040,90300,90060,90161,90200,5261,-1,0,0.4,1,0.9,1,1.1,1,1,1.2,1,0,0,0,-1,-1,128,-1,-1,100,30,999,0,0,-1,5012,0,-1,-1,5813,5800,5230,10179,5815,10880,4300,19060,10886,10888,-1,-1,0,2,0,0,0,1,1,1,0,0,-1,-1,0,0,0,0,0,0,-1,-1,-1,0,0,0,180,50,0.1,-1,-1,-1,-1,1.8,0,0,0,1,0,0,0,0,0,0,0,0,1,0,-1,-1,-1,-1,-1,-1,-1,-1,-1,0.1,0.4,-1,0,0,30,0.29,100,-1,-1,-1,-1,-1,0,0.5,0.6,0,-1,0,1,1,1,1,1,1,1,1,1,1,1,1,1,1,1,1,1,1,-1,0,-1,0,-1,-1,-1,-1,[0|0|0|0|0|0|0|0|0|0|0|0],
30007051,Mausoleum Exile Soldier,0,0,[0|0|0],30000,-1,0,120,1.9,0.4,130,0,134,0,100,300051700,-1,10,0,0,-1,-1,0.4,-1,5404,0,0,7130,0,0,90000,90010,-1,0,0,0,0,0,-1,-1,-1,-1,-1,-1,21,3000,3001,3002,3003,3004,3005,3006,3007,3008,3009,6001,6000,0,1,1,1,1,1,1,1,1,1.5,-0.53846157,0,50,21,100,0,0,0,100,100,100,0,999,999,999,999,-1,-1,0,0,0,0,-1,-1,1,0,0,0,0,999,999,0,0,-1,10,0,11,0,0,6,3,40,143,143,0,0,2,0,0,0,0,0,0,0,0,0,0,22,7,0,0,0,0,0,0,0,0,0,0,0,0,0,1,0,0,0,0,0,0,0,0,0,0,0,0,0,0,0,0,0,0,0,0,1,0,0,1,0,0,0,0,0,0,1,1,0,0,0,0,0,0,0,0,0,0,0,1.9,0.4,0,0,0,0,0,0,0,0,0,100,1,0,1,142,142,139,139,139,139,90020,90030,90040,90300,90060,90161,90200,5261,-1,0,0.4,1,0.9,1,1.1,1,1,1.2,1,0,0,0,-1,-1,128,-1,-1,100,30,999,0,0,-1,10181,0,-1,-1,-1,5800,-1,-1,-1,10880,4300,19060,10886,10888,-1,-1,0,2,0,0,0,1,1,1,0,0,-1,-1,0,0,0,0,0,0,-1,-1,-1,0,0,0,180,100,0.1,-1,-1,-1,-1,1.8,0,0,0,1,0,0,0,0,0,0,0,0,1,0,-1,-1,-1,-1,-1,-1,-1,-1,-1,0.1,0.4,-1,0,0,30,0.29,100,-1,-1,-1,-1,-1,0,0.5,0.6,0,-1,0,1,1,1,1,1,1,1,1,1,1,1,1,1,1,1,1,1,1,-1,0,-1,0,-1,-1,-1,-1,[0|0|0|0|0|0|0|0|0|0|0|0],
30008040,Exile Soldier (Boss),0,0,[0|0|0],30000,-1,0,120,1.9,0.4,130,0,134,0,100,-1,-1,10,0,0,-1,-1,0.4,-1,5400,0,0,7090,0,90400,90000,90010,-1,0,0,0,0,0,-1,-1,-1,-1,-1,-1,16,3000,3001,3002,3003,3004,3005,3006,3007,3008,3009,6001,6000,0,1,1,1,1,1,1,1,1,1.5,-0.53846157,0,50,21,100,0,0,0,100,100,100,0,999,999,999,999,-1,-1,0,0,0,0,-1,-1,1,0,0,0,0,999,999,0,0,-1,10,0,11,0,0,51,3,40,143,143,0,0,2,0,0,0,0,0,0,0,0,0,0,22,7,0,0,0,0,0,0,0,0,0,0,0,0,0,0,0,0,0,0,1,1,0,0,0,0,0,0,0,0,0,0,0,0,0,0,1,1,0,1,0,0,0,0,0,0,1,1,0,0,0,0,0,0,0,0,0,0,0,1.9,0.4,0,1,0,0,0,1,0,0,0,100,1,0,1,142,142,139,139,139,139,90020,90030,90040,90300,90060,90161,90200,-1,-1,0,0.4,1,0.9,1,1.1,1,1,1.2,1,0,0,0,-1,-1,128,-1,-1,400,30,999,0,0,-1,5012,0,-1,-1,5813,5800,-1,10179,5815,-1,295000,11139,10885,10887,-1,4302,0,2,0,0,0,1,1,1,0,0,-1,-1,0,0,0,0,0,0,-1,-1,-1,0,0,0,180,50,0.1,-1,-1,-1,-1,1.8,0,0,0,1,0,0,0,0,0,0,0,0,1,0,-1,-1,-1,-1,-1,-1,-1,-1,-1,0.1,0.4,-1,0,0,30,0.29,100,-1,-1,-1,-1,-1,0,0.5,0.6,0,-1,0,1,1,1,1,1,1,1,1,1,1,1,1,1,1,1,1,1,1,-1,0,-1,0,-1,-1,-1,-1,[0|0|0|0|0|0|0|0|0|0|0|0],
30100034,Banished Knight (Leyndell),0,0,[0|0|0],30100,1002,0,120,2.4,0.5,170,0,477,0,400,301000000,-1,10,0,0,-1,-1,0.5,-1,0,5333,10860,7100,0,0,0,0,-1,90,50,50,50,0,-1,-1,-1,-1,-1,-1,75,3000,3001,3002,3003,3004,3005,3006,3007,3008,3009,6001,6000,0,1,1,1,1,1,1,1,1,1.5,0,0,100,15,100,0,0,0,100,100,100,0,112,112,154,999,-1,-1,0,0,0,0,-1,-1,0,0,0,0,70,112,999,40,40,-1,10,0,11,0,0,6,3,40,110,110,0,0,3,0,40,40,40,40,0,0,0,0,0,22,7,0,0,0,0,0,0,0,0,0,1,0,0,0,0,0,0,0,0,1,1,0,0,0,0,0,0,0,0,0,0,0,0,0,0,1,0,0,1,0,0,0,0,0,0,0,0,0,1,1,1,0,0,0,0,0,0,0,2.4,0.5,0,0,0,0,0,0,0,0,0,100,1,0,1,106,109,139,112,139,112,0,90030,0,5851,90060,90161,90200,5262,-1,35,0.4,0.9,0.65,0.9,1,0.8,0.8,1,0.8,50,0,0,-1,-1,256,2002,-1,200,30,154,40,0,-1,5800,10890,10891,-1,10885,10887,-1,5815,-1,-1,-1,-1,-1,-1,-1,-1,0,-1,0,0,0,1,1,1,0,0,-1,-1,0,0,0,0,0,0,-1,-1,-1,0,0,0,180,50,0.1,-1,-1,-1,3010,2.5,0,0,0,1,0,0,0,0,0,0,0,0,1,0,-1,-1,-1,-1,-1,-1,-1,-1,-1,0.1,0.4,-1,0,0,65,0.29,100,3003,-1,5003,6002,-1,0,0.5,0.6,0,-1,0,1,1,1,1,1,1,1,1,1,1,1,1,1,1,1,1,1,1,-1,0,-1,0,-1,-1,-1,-1,[0|0|0|0|0|0|0|0|0|0|0|0],
30100134,Banished Knight (Leyndell),0,0,[0|0|0],30100,1002,0,120,2.4,0.5,150,0,448,0,400,301000100,-1,10,0,0,-1,-1,0.5,-1,0,5333,10860,7100,0,0,0,0,-1,90,50,50,50,0,-1,-1,-1,-1,-1,-1,75,3000,3001,3002,3003,3004,3005,3006,3007,3008,3009,6001,6000,0,1,1,1,1,1,1,1,1,1.5,0,0,100,15,100,0,0,0,100,100,100,0,112,112,154,999,-1,-1,0,0,0,0,-1,-1,0,0,0,0,70,112,999,40,40,-1,10,0,11,0,0,6,3,40,110,110,0,0,3,0,40,40,40,40,0,0,0,0,0,22,7,0,0,0,0,0,0,0,0,0,1,0,0,0,0,0,0,0,0,1,1,0,0,0,0,0,0,0,0,0,0,1,0,0,0,1,0,0,1,0,0,0,0,0,0,0,0,1,1,0,1,0,0,0,0,0,0,0,2.4,0.5,0,0,0,0,0,0,0,0,0,100,1,0,1,106,109,139,112,139,112,0,90030,0,5851,90060,90161,90200,5262,-1,35,0.4,0.9,0.65,0.9,1,0.8,0.8,1.4,0.8,50,0,0,-1,-1,256,2002,-1,200,30,154,40,0,-1,5800,10890,10891,10850,10885,10887,-1,5815,-1,-1,-1,-1,-1,-1,-1,-1,0,-1,0,0,0,1,1,1,0,0,-1,-1,0,0,0,0,0,0,-1,-1,-1,0,0,0,180,50,0.1,-1,-1,-1,3010,2.5,0,0,0,1,0,0,0,0,0,0,0,0,1,0,-1,-1,-1,-1,-1,-1,-1,-1,-1,0.1,0.4,-1,0,0,65,0.29,100,3003,-1,5003,6002,-1,0,0.5,0.6,0,-1,0,1,1,1,1,1,1,1,1,1,1,1,1,1,1,1,1,1,1,-1,0,-1,0,-1,-1,-1,-1,[0|0|0|0|0|0|0|0|0|0|0|0],
30100234,Banished Knight (Leyndell),0,0,[0|0|0],30100,1002,0,120,2.4,0.5,180,0,640,0,400,301000200,-1,10,0,0,-1,-1,0.5,-1,0,5333,10860,7100,0,0,0,0,-1,90,50,50,50,0,-1,-1,-1,-1,-1,-1,75,3000,3001,3002,3003,3004,3005,3006,3007,3008,3009,6001,6000,0,1,1,1,1,1,1,1,1,1.5,0.15384616,0,100,15,100,0,0,0,100,100,100,0,112,112,154,999,-1,-1,0,0,0,0,-1,-1,0,0,0,0,70,112,999,40,40,-1,10,0,11,0,0,6,3,40,110,110,0,0,3,0,40,40,40,40,0,0,0,0,0,22,7,0,0,0,0,0,0,0,0,0,1,0,0,0,0,0,0,0,0,1,1,0,0,0,0,0,0,0,0,0,0,0,0,0,0,1,0,0,1,0,0,0,0,0,0,0,1,0,1,1,0,0,0,0,0,0,0,0,2.4,0.5,0,0,0,0,0,0,0,0,0,100,1,0,1,106,109,139,112,139,112,0,90030,0,5851,90060,90161,90200,5262,-1,35,0.4,0.9,0.65,0.9,1,0.8,0.8,1,0.8,50,0,0,-1,-1,256,2002,-1,200,30,154,40,0,-1,5800,10890,10891,10840,10885,10887,-1,5815,-1,-1,-1,-1,-1,-1,-1,-1,0,-1,0,0,0,1,1,1,0,0,-1,-1,0,0,0,0,0,0,-1,-1,-1,0,0,0,180,50,0.1,-1,-1,-1,3010,2.5,0,0,0,1,0,0,0,0,0,0,0,0,1,0,-1,-1,-1,-1,-1,-1,-1,-1,-1,0.1,0.4,-1,0,0,75,0.29,100,3003,-1,5003,6002,-1,0,0.5,0.6,0,-1,0,1,1,1,1,1,1,1,1,1,1,1,1,1,1,1,1,1,1,-1,0,-1,0,-1,-1,-1,-1,[0|0|0|0|0|0|0|0|0|0|0|0],
30100651,Mausoleum Banished Knight,0,0,[0|0|0],30100,-1,0,120,2.4,0.5,180,0,640,0,400,301000200,-1,10,0,0,-1,-1,0.5,-1,0,5333,10860,7130,0,0,90000,90010,-1,90,50,50,50,0,-1,-1,-1,-1,-1,-1,75,3000,3001,3002,3003,3004,3005,3006,3007,3008,3009,6001,6000,0,1,1,1,1,1,1,1,1,1.5,0.15384616,0,100,15,100,0,0,0,100,100,100,0,999,999,999,999,-1,-1,0,0,0,0,-1,-1,1,0,0,0,70,999,999,40,40,-1,10,0,11,0,0,6,3,40,143,143,0,0,3,0,40,40,40,40,0,0,0,0,0,22,7,0,0,0,0,0,0,0,0,0,1,0,0,0,0,0,0,0,0,1,1,0,0,0,0,0,0,0,0,0,0,0,0,0,0,1,0,0,1,0,0,0,0,0,0,0,1,0,1,1,0,0,0,0,0,0,0,0,2.4,0.5,0,0,0,0,0,0,0,0,0,100,1,0,1,142,142,139,139,139,139,90020,90030,90040,90300,90060,90161,90200,5262,-1,35,0.4,0.9,0.65,0.9,1,0.8,0.8,1,0.8,50,0,0,-1,-1,256,-1,-1,200,30,999,40,0,-1,5800,10890,10891,10840,10886,10888,-1,5815,-1,10880,4300,19060,-1,-1,-1,-1,0,-1,0,0,0,1,1,1,0,0,-1,-1,0,0,0,0,0,0,-1,-1,-1,0,0,0,180,50,0.1,-1,-1,-1,3010,2.5,0,0,0,1,0,0,0,0,0,0,0,0,1,0,-1,-1,-1,-1,-1,-1,-1,-1,-1,0.1,0.4,-1,0,0,75,0.29,100,-1,-1,-1,-1,-1,0,0.5,0.6,0,-1,0,1,1,1,1,1,1,1,1,1,1,1,1,1,1,1,1,1,1,-1,0,-1,0,-1,-1,-1,-1,[0|0|0|0|0|0|0|0|0|0|0|0],
30101034,Banished Knight (Leyndell),0,0,[0|0|0],30100,1002,0,120,2.4,0.5,170,0,477,0,400,301000300,-1,10,0,0,-1,-1,0.5,-1,5401,5333,10860,7100,0,0,0,0,-1,0,0,0,0,0,-1,-1,-1,-1,-1,-1,50,3000,3001,3002,3003,3004,3005,3006,3007,3008,3009,6001,6000,0,1,1,1,1,1,1,1,1,1.5,0,0,100,15,100,0,0,0,100,100,100,0,112,112,154,999,-1,-1,0,0,0,0,-1,-1,0,0,0,0,0,112,999,0,0,-1,10,0,11,0,0,6,3,40,110,110,0,0,3,0,0,0,0,0,0,0,0,0,0,22,7,0,0,0,0,0,0,0,0,0,0,0,0,0,0,0,0,0,0,1,1,1,1,0,0,0,0,0,0,0,0,0,0,0,0,1,0,0,1,0,0,0,0,0,0,0,0,0,1,1,1,0,0,0,0,0,0,0,2.4,0.5,0,0,0,0,0,0,0,0,0,100,1,0,1,106,109,139,112,139,112,0,90030,0,5851,90060,90161,90200,5262,-1,35,0.4,0.9,0.65,0.9,1,0.8,0.8,1,0.8,0,0,0,-1,-1,256,2002,-1,200,30,154,0,0,-1,5800,10890,10891,-1,10885,10887,-1,5815,-1,-1,-1,-1,-1,-1,-1,-1,0,-1,0,0,0,1,1,1,0,0,-1,-1,0,0,0,0,0,0,-1,-1,-1,0,0,0,180,50,0.1,-1,-1,-1,3010,2.5,0,0,0,1,0,0,0,0,0,0,0,0,1,0,-1,-1,-1,-1,-1,-1,-1,-1,-1,0.1,0.4,-1,0,0,65,0.29,100,3003,-1,5003,6002,-1,0,0.5,0.6,0,-1,0,1,1,1,1,1,1,1,1,1,1,1,1,1,1,1,1,1,1,-1,0,-1,0,-1,-1,-1,-1,[0|0|0|0|0|0|0|0|0|0|0|0],
30101134,Banished Knight (Leyndell),0,0,[0|0|0],30100,1002,0,120,2.4,0.5,150,0,448,0,400,301000400,-1,10,0,0,-1,-1,0.5,-1,5401,5333,10860,7100,0,0,0,0,-1,0,0,0,0,0,-1,-1,-1,-1,-1,-1,50,3000,3001,3002,3003,3004,3005,3006,3007,3008,3009,6001,6000,0,1,1,1,1,1,1,1,1,1.5,0,0,100,15,100,0,0,0,100,100,100,0,112,112,154,999,-1,-1,0,0,0,0,-1,-1,0,0,0,0,0,112,999,0,0,-1,10,0,11,0,0,6,3,40,110,110,0,0,3,0,0,0,0,0,0,0,0,0,0,22,7,0,0,0,0,0,0,0,0,0,0,0,0,0,0,0,0,0,0,1,1,1,1,0,0,0,0,0,0,0,0,1,0,0,0,1,0,0,1,0,0,0,0,0,0,0,0,1,1,0,1,0,0,0,0,0,0,0,2.4,0.5,0,0,0,0,0,0,0,0,0,100,1,0,1,106,109,139,112,139,112,0,90030,0,5851,90060,90161,90200,5262,-1,35,0.4,0.9,0.65,0.9,1,0.8,0.8,1.4,0.8,0,0,0,-1,-1,256,2002,-1,200,30,154,0,0,-1,5800,10890,10891,10850,10885,10887,-1,5815,-1,-1,-1,-1,-1,-1,-1,-1,0,-1,0,0,0,1,1,1,0,0,-1,-1,0,0,0,0,0,0,-1,-1,-1,0,0,0,180,50,0.1,-1,-1,-1,3010,2.5,0,0,0,1,0,0,0,0,0,0,0,0,1,0,-1,-1,-1,-1,-1,-1,-1,-1,-1,0.1,0.4,-1,0,0,65,0.29,100,3003,-1,5003,6002,-1,0,0.5,0.6,0,-1,0,1,1,1,1,1,1,1,1,1,1,1,1,1,1,1,1,1,1,-1,0,-1,0,-1,-1,-1,-1,[0|0|0|0|0|0|0|0|0|0|0|0],
30101140,Banished Knight,0,0,[0|0|0],30100,1002,0,120,2.4,0.5,150,0,448,0,400,301000400,-1,10,0,0,-1,-1,0.5,-1,5401,5333,10860,7070,0,0,0,0,-1,0,0,0,0,0,-1,-1,-1,-1,-1,-1,50,3000,3001,3002,3003,3004,3005,3006,3007,3008,3009,6001,6000,0,1,1,1,1,1,1,1,1,1.5,0,0,100,15,100,0,0,0,100,100,100,0,112,112,154,999,-1,-1,0,0,0,0,-1,-1,0,0,0,0,0,112,999,0,0,-1,10,0,11,0,0,6,3,40,110,110,0,0,3,0,0,0,0,0,0,0,0,0,0,22,7,0,0,0,0,0,0,0,0,0,0,0,0,0,0,0,0,0,0,1,1,1,1,0,0,0,0,0,0,0,0,1,0,0,0,1,0,0,1,0,0,0,0,0,0,0,0,1,1,0,1,0,0,0,0,0,0,0,2.4,0.5,0,0,0,0,0,0,0,0,0,100,1,0,1,106,109,139,112,139,112,0,90030,0,5851,90060,90161,90200,5262,-1,35,0.4,0.9,0.65,0.9,1,0.8,0.8,1.4,0.8,0,0,0,-1,-1,256,2002,-1,200,30,154,0,0,-1,5800,10890,10891,10850,10885,10887,-1,5815,-1,-1,-1,-1,-1,-1,-1,-1,0,-1,0,0,0,1,1,1,0,0,-1,-1,0,0,0,0,0,0,-1,-1,-1,0,0,0,180,50,0.1,-1,-1,-1,3010,2.5,0,0,0,1,0,0,0,0,0,0,0,0,1,0,-1,-1,-1,-1,-1,-1,-1,-1,-1,0.1,0.4,-1,0,0,65,0.29,100,3003,-1,5003,6002,-1,0,0.5,0.6,0,-1,0,1,1,1,1,1,1,1,1,1,1,1,1,1,1,1,1,1,1,-1,0,-1,0,-1,-1,-1,-1,[0|0|0|0|0|0|0|0|0|0|0|0],
30101234,Banished Knight (Leyndell),0,0,[0|0|0],30100,1002,0,120,2.4,0.5,180,0,640,0,400,301000500,-1,10,0,0,-1,-1,0.5,-1,5401,5333,10860,7100,0,0,0,0,-1,0,0,0,0,0,-1,-1,-1,-1,-1,-1,50,3000,3001,3002,3003,3004,3005,3006,3007,3008,3009,6001,6000,0,1,1,1,1,1,1,1,1,1.5,0.15384616,0,100,15,100,0,0,0,100,100,100,0,112,112,154,999,-1,-1,0,0,0,0,-1,-1,0,0,0,0,0,112,999,0,0,-1,10,0,11,0,0,6,3,40,110,110,0,0,3,0,0,0,0,0,0,0,0,0,0,22,7,0,0,0,0,0,0,0,0,0,0,0,0,0,0,0,0,0,0,1,1,1,1,0,0,0,0,0,0,0,0,0,0,0,0,1,0,0,1,0,0,0,0,0,0,0,1,0,1,1,0,0,0,0,0,0,0,0,2.4,0.5,0,0,0,0,0,0,0,0,0,100,1,0,1,106,109,139,112,139,112,0,90030,0,5851,90060,90161,90200,5262,-1,35,0.4,0.9,0.65,0.9,1,0.8,0.8,1,0.8,0,0,0,-1,-1,256,2002,-1,200,30,154,0,0,-1,5800,10890,10891,10840,10885,10887,-1,5815,-1,-1,-1,-1,-1,-1,-1,-1,0,-1,0,0,0,1,1,1,0,0,-1,-1,0,0,0,0,0,0,-1,-1,-1,0,0,0,180,50,0.1,-1,-1,-1,3010,2.5,0,0,0,1,0,0,0,0,0,0,0,0,1,0,-1,-1,-1,-1,-1,-1,-1,-1,-1,0.1,0.4,-1,0,0,75,0.29,100,3003,-1,5003,6002,-1,0,0.5,0.6,0,-1,0,1,1,1,1,1,1,1,1,1,1,1,1,1,1,1,1,1,1,-1,0,-1,0,-1,-1,-1,-1,[0|0|0|0|0|0|0|0|0|0|0|0],
30102034,Banished Knight (Leyndell),0,0,[0|0|0],30100,1002,0,120,2.4,0.5,170,0,477,0,400,301000600,-1,10,0,0,-1,-1,0.5,-1,5402,5333,10860,7100,0,0,0,0,-1,0,0,0,0,0,-1,-1,-1,-1,-1,-1,38,3000,3001,3002,3003,3004,3005,3006,3007,3008,3009,6001,6000,0,1,1,1,1,1,1,1,1,1.5,0,0,100,15,100,0,0,0,100,100,100,0,112,112,154,999,-1,-1,0,0,0,0,-1,-1,0,0,0,0,0,112,999,0,0,-1,10,0,11,0,0,6,3,40,110,110,0,0,3,0,0,0,0,0,0,0,0,0,0,22,7,0,0,0,0,0,0,0,0,0,0,0,1,0,0,0,0,0,0,0,0,0,0,0,0,0,0,0,0,0,0,0,0,0,0,1,0,0,1,0,0,0,0,0,0,0,0,0,1,1,1,0,0,0,0,0,0,0,2.4,0.5,0,0,0,0,0,0,0,0,0,100,1,0,1,106,109,139,112,139,112,0,90030,0,5851,90060,90161,90200,5262,-1,35,0.4,0.9,0.65,0.9,1,0.8,0.8,1,0.8,0,0,0,-1,-1,256,2002,-1,200,30,154,0,0,-1,5800,0,0,-1,10885,10887,-1,-1,-1,-1,-1,-1,-1,-1,-1,-1,0,-1,0,0,0,1,1,1,0,0,-1,-1,0,0,0,0,0,0,-1,-1,-1,0,0,0,180,50,0.1,-1,-1,-1,3010,2.5,0,0,0,1,0,0,0,0,0,0,0,0,1,0,-1,-1,-1,-1,-1,-1,-1,-1,-1,0.1,0.4,-1,0,0,65,0.29,100,3003,-1,5003,6002,-1,0,0.5,0.6,0,-1,0,1,1,1,1,1,1,1,1,1,1,1,1,1,1,1,1,1,1,-1,0,-1,0,-1,-1,-1,-1,[0|0|0|0|0|0|0|0|0|0|0|0],
30102134,Banished Knight (Leyndell),0,0,[0|0|0],30100,1002,0,120,2.4,0.5,150,0,448,0,400,301000700,-1,10,0,0,-1,-1,0.5,-1,5402,5333,10860,7100,0,0,0,0,-1,0,0,0,0,0,-1,-1,-1,-1,-1,-1,38,3000,3001,3002,3003,3004,3005,3006,3007,3008,3009,6001,6000,0,1,1,1,1,1,1,1,1,1.5,0,0,100,15,100,0,0,0,100,100,100,0,112,112,154,999,-1,-1,0,0,0,0,-1,-1,0,0,0,0,0,112,999,0,0,-1,10,0,11,0,0,6,3,40,110,110,0,0,3,0,0,0,0,0,0,0,0,0,0,22,7,0,0,0,0,0,0,0,0,0,0,0,1,0,0,0,0,0,0,0,0,0,0,0,0,0,0,0,0,0,0,1,0,0,0,1,0,0,1,0,0,0,0,0,0,0,0,1,1,0,1,0,0,0,0,0,0,0,2.4,0.5,0,0,0,0,0,0,0,0,0,100,1,0,1,106,109,139,112,139,112,0,90030,0,5851,90060,90161,90200,5262,-1,35,0.4,0.9,0.65,0.9,1,0.8,0.8,1.4,0.8,0,0,0,-1,-1,256,2002,-1,200,30,154,0,0,-1,5800,0,0,10850,10885,10887,-1,-1,-1,-1,-1,-1,-1,-1,-1,-1,0,-1,0,0,0,1,1,1,0,0,-1,-1,0,0,0,0,0,0,-1,-1,-1,0,0,0,180,50,0.1,-1,-1,-1,3010,2.5,0,0,0,1,0,0,0,0,0,0,0,0,1,0,-1,-1,-1,-1,-1,-1,-1,-1,-1,0.1,0.4,-1,0,0,65,0.29,100,3003,-1,5003,6002,-1,0,0.5,0.6,0,-1,0,1,1,1,1,1,1,1,1,1,1,1,1,1,1,1,1,1,1,-1,0,-1,0,-1,-1,-1,-1,[0|0|0|0|0|0|0|0|0|0|0|0],
30102234,Banished Knight (Leyndell),0,0,[0|0|0],30100,1002,0,120,2.4,0.5,180,0,640,0,400,301000800,-1,10,0,0,-1,-1,0.5,-1,5402,5333,10860,7100,0,0,0,0,-1,0,0,0,0,0,-1,-1,-1,-1,-1,-1,38,3000,3001,3002,3003,3004,3005,3006,3007,3008,3009,6001,6000,0,1,1,1,1,1,1,1,1,1.5,0.15384616,0,100,15,100,0,0,0,100,100,100,0,112,112,154,999,-1,-1,0,0,0,0,-1,-1,0,0,0,0,0,112,999,0,0,-1,10,0,11,0,0,6,3,40,110,110,0,0,3,0,0,0,0,0,0,0,0,0,0,22,7,0,0,0,0,0,0,0,0,0,0,0,1,0,0,0,0,0,0,0,0,0,0,0,0,0,0,0,0,0,0,0,0,0,0,1,0,0,1,0,0,0,0,0,0,0,1,0,1,1,0,0,0,0,0,0,0,0,2.4,0.5,0,0,0,0,0,0,0,0,0,100,1,0,1,106,109,139,112,139,112,0,90030,0,5851,90060,90161,90200,5262,-1,35,0.4,0.9,0.65,0.9,1,0.8,0.8,1,0.8,0,0,0,-1,-1,256,2002,-1,200,30,154,0,0,-1,5800,0,0,10840,10885,10887,-1,-1,-1,-1,-1,-1,-1,-1,-1,-1,0,-1,0,0,0,1,1,1,0,0,-1,-1,0,0,0,0,0,0,-1,-1,-1,0,0,0,180,50,0.1,-1,-1,-1,3010,2.5,0,0,0,1,0,0,0,0,0,0,0,0,1,0,-1,-1,-1,-1,-1,-1,-1,-1,-1,0.1,0.4,-1,0,0,75,0.29,100,3003,-1,5003,6002,-1,0,0.5,0.6,0,-1,0,1,1,1,1,1,1,1,1,1,1,1,1,1,1,1,1,1,1,-1,0,-1,0,-1,-1,-1,-1,[0|0|0|0|0|0|0|0|0|0|0|0],
30102451,Mausoleum Banished Knight,0,0,[0|0|0],30100,-1,0,120,2.4,0.5,170,0,477,0,400,301000600,-1,10,0,0,-1,-1,0.5,-1,5402,5333,10860,7130,0,0,90000,90010,-1,0,0,0,0,0,-1,-1,-1,-1,-1,-1,38,3000,3001,3002,3003,3004,3005,3006,3007,3008,3009,6001,6000,0,1,1,1,1,1,1,1,1,1.5,0,0,100,15,100,0,0,0,100,100,100,0,999,999,999,999,-1,-1,0,0,0,0,-1,-1,1,0,0,0,0,999,999,0,0,-1,10,0,11,0,0,6,3,40,143,143,0,0,3,0,0,0,0,0,0,0,0,0,0,22,7,0,0,0,0,0,0,0,0,0,0,0,1,0,0,0,0,0,0,0,0,0,0,0,0,0,0,0,0,0,0,0,0,0,0,1,0,0,1,0,0,0,0,0,0,0,0,0,1,1,1,0,0,0,0,0,0,0,2.4,0.5,0,0,0,0,0,0,0,0,0,100,1,0,1,142,142,139,139,139,139,90020,90030,90040,90300,90060,90161,90200,5262,-1,35,0.4,0.9,0.65,0.9,1,0.8,0.8,1,0.8,0,0,0,-1,-1,256,-1,-1,200,30,999,0,0,-1,5800,0,0,-1,10886,10888,-1,-1,-1,10880,4300,19060,-1,-1,-1,-1,0,-1,0,0,0,1,1,1,0,0,-1,-1,0,0,0,0,0,0,-1,-1,-1,0,0,0,180,50,0.1,-1,-1,-1,3010,2.5,0,0,0,1,0,0,0,0,0,0,0,0,1,0,-1,-1,-1,-1,-1,-1,-1,-1,-1,0.1,0.4,-1,0,0,65,0.29,100,-1,-1,-1,-1,-1,0,0.5,0.6,0,-1,0,1,1,1,1,1,1,1,1,1,1,1,1,1,1,1,1,1,1,-1,0,-1,0,-1,-1,-1,-1,[0|0|0|0|0|0|0|0|0|0|0|0],
30106051,Banished Knight (Niall Boss),0,0,[0|0|0],30100,-1,0,120,2.4,0.5,170,0,477,0,400,-1,-1,10,0,0,-1,-1,0.5,-1,0,5333,10860,7110,0,90400,90000,90010,-1,90,50,50,50,0,-1,-1,-1,-1,-1,-1,75,3000,3001,3002,3003,3004,3005,3006,3007,3008,3009,6001,6000,0,1,1,1,1,1,1,1,1,1.5,0,0,100,15,100,0,0,0,100,100,100,0,999,999,999,999,-1,-1,0,0,0,0,-1,-1,1,0,0,0,70,999,999,40,40,-1,10,0,11,0,0,6,3,40,143,143,0,0,3,0,40,40,40,40,0,0,0,0,0,22,7,0,0,0,0,0,0,0,0,0,1,0,0,0,0,0,0,0,0,1,1,0,0,0,0,0,0,0,0,0,0,0,0,0,0,1,1,0,1,0,0,0,0,0,0,0,0,0,1,1,1,0,0,0,0,0,0,0,2.4,0.5,0,1,0,0,0,0,0,0,0,100,1,0,1,142,142,139,139,139,139,90020,90030,90040,90300,90060,90161,90200,-1,-1,35,0.4,0.9,0.65,0.9,1,0.8,0.8,1,0.8,50,0,0,-1,-1,256,-1,-1,300,30,999,40,0,3015,5800,10890,10891,-1,10886,10888,-1,5815,-1,-1,295000,11139,-1,-1,-1,4302,0,-1,0,0,0,1,1,1,0,0,-1,-1,0,0,0,0,0,0,-1,-1,-1,0,0,0,180,50,0.1,-1,-1,-1,3010,2.5,0,0,0,1,0,0,0,0,0,0,0,0,1,0,-1,-1,-1,-1,-1,-1,-1,-1,-1,0.1,0.4,-1,0,0,65,0.29,100,-1,-1,-1,-1,-1,0,0.5,0.6,0,-1,0,1,1,1,1,1,1,1,1,1,1,1,1,1,1,1,1,1,1,-1,0,-1,0,-1,-1,-1,-1,[0|0|0|0|0|0|0|0|0|0|0|0],
30107051,Banished Knight (Niall Boss),0,0,[0|0|0],30100,-1,0,120,2.4,0.5,170,0,477,0,400,-1,-1,10,0,0,-1,-1,0.5,-1,5401,5333,10860,7110,0,90400,90000,90010,-1,0,0,0,0,0,-1,-1,-1,-1,-1,-1,50,3000,3001,3002,3003,3004,3005,3006,3007,3008,3009,6001,6000,0,1,1,1,1,1,1,1,1,1.5,0,0,100,15,100,0,0,0,100,100,100,0,999,999,999,999,-1,-1,0,0,0,0,-1,-1,1,0,0,0,0,999,999,0,0,-1,10,0,11,0,0,6,3,40,143,143,0,0,3,0,0,0,0,0,0,0,0,0,0,22,7,0,0,0,0,0,0,0,0,0,0,0,0,0,0,0,0,0,0,1,1,1,1,0,0,0,0,0,0,0,0,0,0,0,0,1,1,0,1,0,0,0,0,0,0,0,0,0,1,1,1,0,0,0,0,0,0,0,2.4,0.5,0,1,0,0,0,0,0,0,0,100,1,0,1,142,142,139,139,139,139,90020,90030,90040,90300,90060,90161,90200,-1,-1,35,0.4,0.9,0.65,0.9,1,0.8,0.8,1,0.8,0,0,0,-1,-1,256,-1,-1,300,30,999,0,0,3015,5800,10890,10891,-1,10886,10888,-1,5815,-1,-1,295000,11139,-1,-1,-1,4302,0,-1,0,0,0,1,1,1,0,0,-1,-1,0,0,0,0,0,0,-1,-1,-1,0,0,0,180,50,0.1,-1,-1,-1,3010,2.5,0,0,0,1,0,0,0,0,0,0,0,0,1,0,-1,-1,-1,-1,-1,-1,-1,-1,-1,0.1,0.4,-1,0,0,65,0.29,100,-1,-1,-1,-1,-1,0,0.5,0.6,0,-1,0,1,1,1,1,1,1,1,1,1,1,1,1,1,1,1,1,1,1,-1,0,-1,0,-1,-1,-1,-1,[0|0|0|0|0|0|0|0|0|0|0|0],
30200034,Large Exile Soldier (Leyndell),0,0,[0|0|0],30200,1002,0,120,2.2,0.5,150,0,192,0,100,302000000,-1,10,0,0,-1,-1,0.5,-1,5405,0,0,7100,0,0,0,0,-1,0,0,0,0,0,-1,-1,-1,-1,-1,-1,21,3000,3001,3002,3003,3004,3005,3006,3007,3008,3009,6001,6000,0,1,1,1,1,1,1,1,1,1.5,-0.23076923,0,50,21,100,0,0,0,100,100,100,0,112,112,112,999,-1,-1,0,0,0,0,-1,3000,0,0,0,0,0,112,999,0,0,-1,10,0,11,0,0,6,3,40,110,110,0,0,2,0,0,0,0,0,0,0,0,0,0,27,7,0,0,0,0,0,0,0,0,1,0,0,0,0,0,0,0,0,0,0,0,0,0,0,0,0,0,0,0,0,0,0,0,0,0,1,0,0,1,0,0,0,0,0,0,1,1,0,0,0,0,0,0,0,0,0,0,0,2.2,0.5,0,0,0,0,0,0,0,0,0,100,1,0,1,144,109,139,144,139,144,0,90030,0,0,90060,90161,90200,5261,-1,0,0.4,1,0.9,1,1.1,1,1,1.2,1,0,0,0,-1,-1,256,2002,-1,100,30,112,0,0,-1,5800,-1,-1,-1,10885,10887,-1,-1,-1,-1,-1,-1,-1,-1,-1,-1,0,2,0,0,0,1,1,1,0,0,-1,-1,0,0,0,0,0,0,-1,-1,3000,0,0,0,180,50,0.1,-1,-1,3000,-1,2.5,0,0,0,1,0,0,0,0,0,0,0,0,1.2,-0.15,-1,-1,-1,-1,-1,-1,-1,-1,-1,0.1,0.4,-1,0,0,50,0.29,100,3002,-1,5002,6002,-1,0,0.5,0.6,0,-1,0,1,1,1,1,1,1,1,1,1,1,1,1,1,1,1,1,1,1,-1,0,-1,0,-1,-1,-1,-1,[0|0|0|0|0|0|0|0|0|0|0|0],
30208040,Large Exile Soldier (Boss),0,0,[0|0|0],30200,-1,0,120,2.2,0.5,150,0,192,0,100,-1,-1,10,0,0,-1,-1,0.5,-1,5405,0,0,7090,0,90400,90000,90010,-1,0,0,0,0,0,-1,-1,-1,-1,-1,-1,21,3000,3001,3002,3003,3004,3005,3006,3007,3008,3009,6001,6000,0,1,1,1,1,1,1,1,1,1.5,-0.23076923,0,50,21,100,0,0,0,100,100,100,0,999,999,999,999,-1,-1,0,0,0,0,-1,3000,1,0,0,0,0,999,999,0,0,-1,10,0,11,0,0,51,3,40,143,143,0,0,2,0,0,0,0,0,0,0,0,0,0,27,7,0,0,0,0,0,0,0,0,1,0,0,0,0,0,0,0,0,0,0,0,0,0,0,0,0,0,0,0,0,0,0,0,0,0,1,1,0,1,0,0,0,0,0,0,1,1,0,0,0,0,0,0,0,0,0,0,0,2.2,0.5,0,1,0,0,0,1,0,0,0,100,1,0,1,142,142,139,139,139,139,90020,90030,90040,90300,90060,90161,90200,-1,-1,0,0.4,1,0.9,1,1.1,1,1,1.2,1,0,0,0,-1,-1,256,-1,-1,400,30,999,0,0,-1,5800,-1,-1,-1,10885,10887,-1,-1,-1,-1,295000,11139,-1,-1,-1,4302,0,2,0,0,0,1,1,1,0,0,-1,-1,0,0,0,0,0,0,-1,-1,3000,0,0,0,180,50,0.1,-1,-1,3000,-1,2.5,0,0,0,1,0,0,0,0,0,0,0,0,1.2,-0.15,-1,-1,-1,-1,-1,-1,-1,-1,-1,0.1,0.4,-1,0,0,50,0.29,100,-1,-1,-1,-1,-1,0,0.5,0.6,0,-1,0,1,1,1,1,1,1,1,1,1,1,1,1,1,1,1,1,1,1,-1,0,-1,0,-1,-1,-1,-1,[0|0|0|0|0|0|0|0|0|0|0|0],
30500051,Commander Niall,0,0,[0|0|0],30500,1003,0,100,3,0.8,200,0,2834,0,3000,-1,-1,10,0,0,-1,-1,0.6,-1,0,5300,5360,7130,0,90400,0,0,-1,0,0,0,0,0,-1,-1,-1,-1,-1,-1,42,3000,3001,3002,3003,3004,3005,3006,3007,3008,3009,6001,6000,0,1,1,1,1,1,1,1,1,1.5,0.3846154,0,50,21,100,0,0,0,100,100,100,0,154,154,154,999,-1,-1,0,0,0,0,-1,-1,1,0,0,100,0,154,999,0,0,-1,10,0,13,0,0,6,3,60,110,110,1,0,0,0,0,0,0,0,0,0,0,0,0,17,7,0,0,0,0,0,0,0,0,0,0,0,0,0,0,0,0,0,0,0,1,1,0,1,0,0,0,0,0,0,0,0,0,0,0,1,0,0,1,0,0,0,0,0,0,1,0,0,0,0,0,0,0,0,0,0,0,0,3,0.8,0,1,0,0,0,0,0,0,0,100,1,0,2,106,109,139,106,139,106,95000,90030,95010,5851,90060,90100,0,-1,-1,0,0,0.9,0.65,0.9,1,0.8,0.8,0.8,0.8,0,0,0,-1,-1,512,2003,-1,300,30,154,0,0,3050,-1,-1,-1,11120,11122,-1,-1,-1,-1,-1,-1,-1,-1,-1,-1,-1,0,-1,0,0,0,1,1,1,0,0,-1,-1,0,0,0,0,0,0,-1,-1,-1,0,0,0,180,100,0.1,-1,-1,-1,-1,2.5,0,0,0,1,0,0,0,0,0,0,0,0,1,0,-1,-1,-1,-1,-1,-1,-1,-1,-1,0.1,0.4,-1,0,0,90,0.29,100,3003,-1,5003,6003,-1,0,0.5,0.6,0,-1,0,1,1,1,1,1,1,1,1,1,1,1,1,1,1,1,1,1,1,-1,0,-1,0,-1,-1,-1,-1,[0|0|0|0|0|0|0|0|0|0|0|0],
30500140,Commander O'Neil,0,0,[0|0|0],30500,1003,0,100,3,0.8,200,0,2834,0,3000,-1,-1,10,0,0,-1,-1,0.6,-1,0,5300,5360,7090,0,90400,0,90010,-1,0,0,0,0,0,-1,-1,-1,-1,-1,-1,42,3000,3001,3002,3003,3004,3005,3006,3007,3008,3009,6001,6000,0,1,1,1,1,1,1,1,1,1.5,0.3846154,0,50,21,100,0,0,0,100,100,100,0,154,999,154,999,-1,-1,0,0,0,0,-1,-1,1,0,0,100,0,154,999,0,0,-1,10,0,13,0,0,51,3,60,110,110,1,0,0,0,0,0,0,0,0,0,0,0,0,17,7,0,0,0,0,0,0,0,0,0,0,0,0,0,0,0,0,0,0,0,1,1,0,1,0,0,0,0,0,0,0,0,0,0,0,1,0,0,1,0,0,0,0,0,0,0,1,0,0,0,0,0,0,0,0,0,0,0,3,0.8,0,1,0,0,0,1,0,0,0,100,11,0,2,106,109,139,106,139,106,95000,90030,95010,5851,90060,90100,0,-1,-1,0,0,0.9,0.65,0.9,1,0.8,0.8,0.8,0.8,0,0,0,-1,-1,512,-1,-1,400,30,154,0,0,3050,-1,-1,-1,11121,11123,-1,-1,-1,-1,-1,-1,-1,-1,-1,-1,-1,0,-1,0,0,0,1,1,1,0,0,-1,-1,0,0,0,0,0,0,-1,-1,-1,0,0,0,180,100,0.1,-1,-1,-1,-1,2.5,0,0,0,1,0,0,0,0,0,0,0,0,1,0,-1,-1,-1,-1,-1,-1,-1,-1,-1,0.1,0.4,-1,0,0,90,0.29,100,3003,-1,5003,6003,-1,0,0.5,0.6,0,-1,0,1,1,1,1,1,1,1,1,1,1,1,1,1,1,1,1,1,1,-1,0,-1,0,-1,-1,-1,-1,[0|0|0|0|0|0|0|0|0|0|0|0],
30509999,Commander,0,0,[0|0|0],30500,1003,0,100,3,0.8,200,0,2834,0,3000,305000000,-1,10,0,0,-1,-1,0.6,-1,0,5300,5360,0,0,0,0,0,-1,0,0,0,0,0,-1,-1,-1,-1,-1,-1,42,3000,3001,3002,3003,3004,3005,3006,3007,3008,3009,6001,6000,0,1,1,1,1,1,1,1,1,1.5,0.3846154,0,50,21,100,0,0,0,100,100,100,0,154,154,154,999,-1,-1,0,0,0,0,-1,-1,1,0,0,100,0,154,999,0,0,-1,10,0,13,0,0,6,3,60,110,110,1,0,0,0,0,0,0,0,0,0,0,0,0,17,7,0,0,0,0,0,0,0,0,0,0,0,0,0,0,0,0,0,0,0,1,1,0,0,0,0,0,0,0,0,0,0,0,0,0,1,0,0,1,0,0,0,0,0,0,1,0,0,0,0,0,0,0,0,0,0,0,0,3,0.8,0,0,0,0,0,0,0,0,0,100,1,0,2,106,109,139,106,139,106,0,90030,0,0,90060,90100,0,-1,-1,0,0,0.9,0.65,0.9,1,0.8,0.8,0.8,0.8,0,0,0,-1,-1,512,2003,-1,300,30,154,0,0,3050,-1,11100,11155,11120,11122,-1,-1,-1,-1,-1,-1,-1,-1,-1,-1,-1,0,-1,0,0,0,1,1,1,0,0,-1,-1,0,0,0,0,0,0,-1,-1,-1,0,0,0,180,100,0.1,-1,-1,-1,-1,2.5,0,0,0,1,0,0,0,0,0,0,0,0,1,0,-1,-1,-1,-1,-1,-1,-1,-1,-1,0.1,0.4,-1,0,0,90,0.29,100,3003,-1,5003,6003,-1,0,0.5,0.6,0,-1,0,1,1,1,1,1,1,1,1,1,1,1,1,1,1,1,1,1,1,-1,0,-1,0,-1,-1,-1,-1,[0|0|0|0|0|0|0|0|0|0|0|0],
30800032,Imp,0,0,[0|0|0],30800,-1,0,180,1.69,0.5,100,0,172,0,100,308000040,-1,10,0,0,-1,-1,0.7,-1,5400,0,0,7090,0,0,90000,90010,-1,0,0,0,0,0,-1,-1,-1,-1,-1,-1,16,3000,3001,3002,3003,3004,3005,3006,3007,702,703,701,-1,0,1,1,1,1,1,1,1,1,1.5,-0.53846157,0,50,21,100,0,0,0,100,100,100,0,999,999,999,999,-1,-1,0,0,0,0,-1,-1,0,0,0,0,0,999,999,0,0,-1,10,0,11,0,0,6,3,40,117,117,0,0,0,0,0,0,0,0,0,0,0,0,0,17,7,0,1,0,0,0,0,0,0,0,1,0,0,0,0,0,0,0,0,0,1,0,0,0,0,0,0,0,0,0,0,0,0,0,0,1,0,1,1,0,0,0,1,0,0,0,0,0,0,0,0,0,0,0,0,0,0,0,1.69,0.5,0,0,0,0,0,0,0,0,0,100,1,999,1,117,117,139,139,139,139,90020,90030,90040,90300,90060,90100,90200,5261,-1,0,0.4,0.9,0.65,1,0.65,0.8,0.6,0.6,0.6,0,0,0,-1,-1,128,-1,-1,100,30,999,0,0,-1,17150,-1,-1,-1,17170,-1,-1,-1,-1,-1,-1,-1,-1,152,6920,-1,0,2,0,0,0,1,1,1,0,0,-1,-1,0,0,0,0,0,0,-1,-1,3080,0,0,0,180,50,0.1,-1,-1,-1,-1,1.8,0,0,0,1,0,0,0,0,0,0,0,0,1,0,-1,-1,-1,-1,-1,-1,-1,-1,-1,0.1,0.4,-1,0,0,30,0.29,100,-1,-1,-1,-1,-1,0,0.5,0.6,0,-1,0,1,1,1,1,1,1,1,1,1,1,1,1,1,1,1,1,1,1,-1,0,-1,0,-1,-1,-1,-1,[0|0|0|0|0|0|0|0|0|0|0|0],
30800042,Imp,0,0,[0|0|0],30800,-1,0,180,1.69,0.5,100,0,172,0,100,308000030,-1,10,0,0,-1,-1,0.7,-1,5400,0,0,7150,0,0,90000,90010,-1,0,0,0,0,0,-1,-1,-1,-1,-1,-1,16,3000,3001,3002,3003,3004,3005,3006,3007,702,703,701,-1,0,1,1,1,1,1,1,1,1,1.5,-0.53846157,0,50,21,100,0,0,0,100,100,100,0,999,999,999,999,-1,-1,0,0,0,0,-1,-1,0,0,0,0,0,999,999,0,0,-1,10,0,11,0,0,6,3,40,117,117,0,0,0,0,0,0,0,0,0,0,0,0,0,17,7,0,1,0,0,0,0,0,0,0,1,0,0,0,0,0,0,0,0,0,1,0,0,0,0,0,0,0,0,0,0,0,0,0,0,1,0,1,1,0,0,0,1,0,0,0,0,0,0,0,0,0,0,0,0,0,0,0,1.69,0.5,0,0,0,0,0,0,0,0,0,100,1,999,1,117,117,139,139,139,139,90020,90030,90040,90300,90060,90100,90200,5261,-1,0,0.4,0.9,0.65,1,0.65,0.8,0.6,0.6,0.6,0,0,0,-1,-1,128,-1,-1,100,30,999,0,0,-1,17150,-1,-1,-1,17170,-1,-1,-1,-1,-1,-1,-1,-1,152,6920,-1,0,2,0,0,0,1,1,1,0,0,-1,-1,0,0,0,0,0,0,-1,-1,3080,0,0,0,180,50,0.1,-1,-1,-1,-1,1.8,0,0,0,1,0,0,0,0,0,0,0,0,1,0,-1,-1,-1,-1,-1,-1,-1,-1,-1,0.1,0.4,-1,0,0,30,0.29,100,-1,-1,-1,-1,-1,0,0.5,0.6,0,-1,0,1,1,1,1,1,1,1,1,1,1,1,1,1,1,1,1,1,1,-1,0,-1,0,-1,-1,-1,-1,[0|0|0|0|0|0|0|0|0|0|0|0],
30800052,Imp,0,0,[0|0|0],30800,-1,0,180,1.69,0.5,100,0,172,0,100,308000050,-1,10,0,0,-1,-1,0.7,-1,5400,0,0,7160,0,0,90000,90010,-1,0,0,0,0,0,-1,-1,-1,-1,-1,-1,16,3000,3001,3002,3003,3004,3005,3006,3007,702,703,701,-1,0,1,1,1,1,1,1,1,1,1.5,-0.53846157,0,50,21,100,0,0,0,100,100,100,0,999,999,999,999,-1,-1,0,0,0,0,-1,-1,0,0,0,0,0,999,999,0,0,-1,10,0,11,0,0,6,3,40,117,117,0,0,0,0,0,0,0,0,0,0,0,0,0,17,7,0,1,0,0,0,0,0,0,0,1,0,0,0,0,0,0,0,0,0,1,0,0,0,0,0,0,0,0,0,0,0,0,0,0,1,0,1,1,0,0,0,1,0,0,0,0,0,0,0,0,0,0,0,0,0,0,0,1.69,0.5,0,0,0,0,0,0,0,0,0,100,1,999,1,117,117,139,139,139,139,90020,90030,90040,90300,90060,90100,90200,5261,-1,0,0.4,0.9,0.65,1,0.65,0.8,0.6,0.6,0.6,0,0,0,-1,-1,128,-1,-1,100,30,999,0,0,-1,17150,-1,-1,-1,17170,-1,-1,-1,-1,-1,-1,-1,-1,152,6920,-1,0,2,0,0,0,1,1,1,0,0,-1,-1,0,0,0,0,0,0,-1,-1,3080,0,0,0,180,50,0.1,-1,-1,-1,-1,1.8,0,0,0,1,0,0,0,0,0,0,0,0,1,0,-1,-1,-1,-1,-1,-1,-1,-1,-1,0.1,0.4,-1,0,0,30,0.29,100,-1,-1,-1,-1,-1,0,0.5,0.6,0,-1,0,1,1,1,1,1,1,1,1,1,1,1,1,1,1,1,1,1,1,-1,0,-1,0,-1,-1,-1,-1,[0|0|0|0|0|0|0|0|0|0|0|0],
30800830,Imp,0,0,[0|0|0],30800,-1,0,180,1.69,0.5,100,0,172,0,100,308000040,-1,10,0,0,-1,-1,0.7,-1,5400,0,0,7080,0,0,90000,90010,-1,0,0,0,0,0,-1,-1,-1,-1,-1,-1,16,3000,3001,3002,3003,3004,3005,3006,3007,702,703,701,-1,0,1,1,1,1,1,1,1,1,1.5,-0.53846157,0,50,21,100,0,0,0,100,100,100,0,999,999,999,999,-1,-1,0,0,0,0,-1,-1,1,0,0,0,0,999,999,0,0,-1,10,0,11,0,0,6,3,40,117,117,0,0,0,0,0,0,0,0,0,0,0,0,0,17,7,0,1,0,0,0,0,0,0,0,1,0,0,0,0,0,0,0,0,0,1,0,0,0,0,0,0,0,0,0,0,0,0,0,0,1,0,1,1,0,0,0,1,0,0,0,0,0,0,0,0,0,0,0,0,0,0,0,1.69,0.5,0,0,0,0,0,0,0,0,0,100,1,999,1,117,117,139,139,139,139,90020,90030,90040,90300,90060,90100,90200,5261,-1,0,0.4,0.9,0.65,1,0.65,0.8,0.6,0.6,0.6,0,0,0,-1,-1,128,-1,-1,100,30,999,0,0,-1,17150,-1,-1,-1,17170,-1,-1,-1,-1,-1,-1,-1,-1,152,6920,-1,0,2,0,0,0,1,1,1,0,0,-1,-1,0,0,0,0,0,0,-1,-1,3080,0,0,0,180,50,0.1,-1,-1,-1,-1,1.8,0,0,0,1,0,0,0,0,0,0,0,0,1,0,-1,-1,-1,-1,-1,-1,-1,-1,-1,0.1,0.4,-1,0,0,30,0.29,100,-1,-1,-1,-1,-1,0,0.5,0.6,0,-1,0,1,1,1,1,1,1,1,1,1,1,1,1,1,1,1,1,1,1,-1,0,-1,0,-1,-1,-1,-1,[0|0|0|0|0|0|0|0|0|0|0|0],
30800852,Imp,0,0,[0|0|0],30800,-1,0,180,1.69,0.5,100,0,172,0,100,308000050,-1,10,0,0,-1,-1,0.7,-1,5400,0,0,7160,0,0,90000,90010,-1,0,0,0,0,0,-1,-1,-1,-1,-1,-1,16,3000,3001,3002,3003,3004,3005,3006,3007,702,703,701,-1,0,1,1,1,1,1,1,1,1,1.5,-0.53846157,0,50,21,100,0,0,0,100,100,100,0,999,999,999,999,-1,-1,0,0,0,0,-1,-1,1,0,0,0,0,999,999,0,0,-1,10,0,11,0,0,6,3,40,117,117,0,0,0,0,0,0,0,0,0,0,0,0,0,17,7,0,1,0,0,0,0,0,0,0,1,0,0,0,0,0,0,0,0,0,1,0,0,0,0,0,0,0,0,0,0,0,0,0,0,1,0,1,1,0,0,0,1,0,0,0,0,0,0,0,0,0,0,0,0,0,0,0,1.69,0.5,0,0,0,0,0,1,0,0,0,100,1,999,1,117,117,139,139,139,139,90020,90030,90040,90300,90060,90100,90200,5261,-1,0,0.4,0.9,0.65,1,0.65,0.8,0.6,0.6,0.6,0,0,0,-1,-1,128,-1,-1,100,30,999,0,0,-1,17150,-1,-1,-1,17170,-1,-1,-1,-1,-1,-1,-1,-1,152,6920,-1,0,2,0,0,0,1,1,1,0,0,-1,-1,0,0,0,0,0,0,-1,-1,3080,0,0,0,180,50,0.1,-1,-1,-1,-1,1.8,0,0,0,1,0,0,0,0,0,0,0,0,1,0,-1,-1,-1,-1,-1,-1,-1,-1,-1,0.1,0.4,-1,0,0,30,0.29,100,-1,-1,-1,-1,-1,0,0.5,0.6,0,-1,0,1,1,1,1,1,1,1,1,1,1,1,1,1,1,1,1,1,1,-1,0,-1,0,-1,-1,-1,-1,[0|0|0|0|0|0|0|0|0|0|0|0],
30800912,Imp (Boss),0,0,[0|0|0],30800,-1,0,180,1.69,0.5,100,0,172,0,100,-1,-1,10,0,0,-1,-1,0.7,-1,5400,0,0,7020,0,90400,90000,90010,-1,0,0,0,0,0,-1,-1,-1,-1,-1,-1,16,3000,3001,3002,3003,3004,3005,3006,3007,702,703,701,-1,0,1,1,1,1,1,1,1,1,1.5,-0.53846157,0,50,21,100,0,0,0,100,100,100,0,999,999,999,999,-1,-1,0,0,0,0,-1,-1,0,0,0,0,0,999,999,0,0,-1,10,0,11,0,0,6,3,40,117,117,0,0,0,0,0,0,0,0,0,0,0,0,0,17,7,0,1,0,0,0,0,0,0,0,1,0,0,0,0,0,0,0,0,0,1,0,0,0,0,0,0,0,0,0,0,0,0,0,0,1,0,1,1,0,0,0,1,0,0,0,0,0,0,0,0,0,0,0,0,0,0,0,1.69,0.5,0,1,0,0,0,0,0,0,0,100,1,999,1,117,117,139,139,139,139,90020,90030,90040,90300,90060,90100,90200,-1,-1,0,0.4,0.9,0.65,1,0.65,0.8,0.6,0.6,0.6,0,0,0,-1,-1,128,-1,-1,300,30,999,0,0,-1,17150,-1,-1,-1,17170,-1,-1,-1,-1,-1,-1,-1,-1,152,6920,-1,0,2,0,0,0,1,1,1,0,0,-1,-1,0,0,0,0,0,0,-1,-1,3080,0,0,0,180,50,0.1,-1,-1,-1,-1,1.8,0,0,0,1,0,0,0,0,0,0,0,0,1,0,-1,-1,-1,-1,-1,-1,-1,-1,-1,0.1,0.4,-1,0,0,30,0.29,100,-1,-1,-1,-1,-1,0,0.5,0.6,0,-1,0,1,1,1,1,1,1,1,1,1,1,1,1,1,1,1,1,1,1,-1,0,-1,0,-1,-1,-1,-1,[0|0|0|0|0|0|0|0|0|0|0|0],
30801012,Imp,0,0,[0|0|0],30800,-1,0,180,1.69,0.5,100,0,172,0,100,308000110,-1,10,0,0,-1,-1,0.7,-1,5400,0,0,7020,0,0,90000,90010,-1,0,0,0,0,0,-1,-1,-1,-1,-1,-1,16,3000,3001,3002,3003,3004,3005,3006,3007,702,703,701,-1,0,1,1,1,1,1,1,1,1,1.5,-0.53846157,0,50,21,100,0,0,0,100,100,100,0,999,999,999,999,-1,-1,0,0,0,0,-1,-1,0,0,0,0,0,999,999,0,0,-1,10,0,11,0,0,6,3,40,117,117,0,0,0,0,0,0,0,0,0,0,0,0,0,17,7,0,1,0,0,0,0,0,0,0,1,0,0,0,0,0,0,0,0,0,0,1,0,0,0,0,0,0,0,0,0,0,0,0,0,1,0,1,1,0,0,0,0,0,0,0,0,0,0,0,0,0,0,0,0,0,0,0,1.69,0.5,0,0,0,0,0,0,0,0,0,100,1,999,1,117,117,139,139,139,139,90020,90030,90040,90300,90060,90100,90200,5261,-1,0,0.4,0.9,0.65,1,0.65,0.8,0.6,0.6,0.6,0,0,0,-1,-1,128,-1,-1,100,30,999,0,0,-1,17151,-1,-1,-1,17170,-1,-1,-1,-1,-1,-1,-1,-1,152,6920,-1,0,2,0,0,0,1,1,1,0,0,-1,-1,0,0,0,0,0,0,-1,-1,3080,0,0,0,180,50,0.1,-1,-1,-1,-1,1.8,0,0,0,1,0,0,0,0,0,0,0,0,1,0,-1,-1,-1,-1,-1,-1,-1,-1,-1,0.1,0.4,-1,0,0,30,0.29,100,-1,-1,-1,-1,-1,0,0.5,0.6,0,-1,0,1,1,1,1,1,1,1,1,1,1,1,1,1,1,1,1,1,1,-1,0,-1,0,-1,-1,-1,-1,[0|0|0|0|0|0|0|0|0|0|0|0],
30801032,Imp,0,0,[0|0|0],30800,-1,0,180,1.69,0.5,100,0,172,0,100,308000140,-1,10,0,0,-1,-1,0.7,-1,5400,0,0,7090,0,0,90000,90010,-1,0,0,0,0,0,-1,-1,-1,-1,-1,-1,16,3000,3001,3002,3003,3004,3005,3006,3007,702,703,701,-1,0,1,1,1,1,1,1,1,1,1.5,-0.53846157,0,50,21,100,0,0,0,100,100,100,0,999,999,999,999,-1,-1,0,0,0,0,-1,-1,0,0,0,0,0,999,999,0,0,-1,10,0,11,0,0,6,3,40,117,117,0,0,0,0,0,0,0,0,0,0,0,0,0,17,7,0,1,0,0,0,0,0,0,0,1,0,0,0,0,0,0,0,0,0,0,1,0,0,0,0,0,0,0,0,0,0,0,0,0,1,0,1,1,0,0,0,0,0,0,0,0,0,0,0,0,0,0,0,0,0,0,0,1.69,0.5,0,0,0,0,0,0,0,0,0,100,1,999,1,117,117,139,139,139,139,90020,90030,90040,90300,90060,90100,90200,5261,-1,0,0.4,0.9,0.65,1,0.65,0.8,0.6,0.6,0.6,0,0,0,-1,-1,128,-1,-1,100,30,999,0,0,-1,17151,-1,-1,-1,17170,-1,-1,-1,-1,-1,-1,-1,-1,152,6920,-1,0,2,0,0,0,1,1,1,0,0,-1,-1,0,0,0,0,0,0,-1,-1,3080,0,0,0,180,50,0.1,-1,-1,-1,-1,1.8,0,0,0,1,0,0,0,0,0,0,0,0,1,0,-1,-1,-1,-1,-1,-1,-1,-1,-1,0.1,0.4,-1,0,0,30,0.29,100,-1,-1,-1,-1,-1,0,0.5,0.6,0,-1,0,1,1,1,1,1,1,1,1,1,1,1,1,1,1,1,1,1,1,-1,0,-1,0,-1,-1,-1,-1,[0|0|0|0|0|0|0|0|0|0|0|0],
30801033,Imp,0,0,[0|0|0],30800,-1,0,180,1.69,0.5,100,0,172,0,100,308000140,-1,10,0,0,-1,-1,0.7,-1,5400,0,0,7090,0,0,90000,90010,-1,0,0,0,0,0,-1,-1,-1,-1,-1,-1,16,3000,3001,3002,3003,3004,3005,3006,3007,702,703,701,-1,0,1,1,1,1,1,1,1,1,1.5,-0.53846157,0,50,21,100,0,0,0,100,100,100,0,999,999,999,999,-1,-1,0,0,0,0,-1,-1,0,0,0,0,0,999,999,0,0,-1,10,0,11,0,0,6,3,40,117,117,0,0,0,0,0,0,0,0,0,0,0,0,0,17,7,0,1,0,0,0,0,0,0,0,1,0,0,0,0,0,0,0,0,0,0,1,0,0,0,0,0,0,0,0,0,0,0,0,0,1,0,1,1,0,0,0,0,0,0,0,0,0,0,0,0,0,0,0,0,0,0,0,1.69,0.5,0,0,0,0,0,0,0,0,0,100,1,999,1,117,117,139,139,139,139,90020,90030,90040,90300,90060,90100,90200,5261,-1,0,0.4,0.9,0.65,1,0.65,0.8,0.6,0.6,0.6,0,0,0,-1,-1,128,-1,-1,100,30,999,0,0,-1,17151,-1,-1,-1,17170,-1,-1,-1,-1,-1,-1,-1,-1,152,6920,-1,0,2,0,0,0,1,1,1,0,0,-1,-1,0,0,0,0,0,0,-1,-1,3080,0,0,0,180,50,0.1,-1,-1,-1,-1,1.8,0,0,0,1,0,0,0,0,0,0,0,0,1,0,-1,-1,-1,-1,-1,-1,-1,-1,-1,0.1,0.4,-1,0,0,30,0.29,100,-1,-1,-1,-1,-1,0,0.5,0.6,0,-1,0,1,1,1,1,1,1,1,1,1,1,1,1,1,1,1,1,1,1,-1,0,-1,0,-1,-1,-1,-1,[0|0|0|0|0|0|0|0|0|0|0|0],
30801042,Imp,0,0,[0|0|0],30800,-1,0,180,1.69,0.5,100,0,172,0,100,308000130,-1,10,0,0,-1,-1,0.7,-1,5400,0,0,7150,0,0,90000,90010,-1,0,0,0,0,0,-1,-1,-1,-1,-1,-1,16,3000,3001,3002,3003,3004,3005,3006,3007,702,703,701,-1,0,1,1,1,1,1,1,1,1,1.5,-0.53846157,0,50,21,100,0,0,0,100,100,100,0,999,999,999,999,-1,-1,0,0,0,0,-1,-1,0,0,0,0,0,999,999,0,0,-1,10,0,11,0,0,6,3,40,117,117,0,0,0,0,0,0,0,0,0,0,0,0,0,17,7,0,1,0,0,0,0,0,0,0,1,0,0,0,0,0,0,0,0,0,0,1,0,0,0,0,0,0,0,0,0,0,0,0,0,1,0,1,1,0,0,0,0,0,0,0,0,0,0,0,0,0,0,0,0,0,0,0,1.69,0.5,0,0,0,0,0,0,0,0,0,100,1,999,1,117,117,139,139,139,139,90020,90030,90040,90300,90060,90100,90200,5261,-1,0,0.4,0.9,0.65,1,0.65,0.8,0.6,0.6,0.6,0,0,0,-1,-1,128,-1,-1,100,30,999,0,0,-1,17151,-1,-1,-1,17170,-1,-1,-1,-1,-1,-1,-1,-1,152,6920,-1,0,2,0,0,0,1,1,1,0,0,-1,-1,0,0,0,0,0,0,-1,-1,3080,0,0,0,180,50,0.1,-1,-1,-1,-1,1.8,0,0,0,1,0,0,0,0,0,0,0,0,1,0,-1,-1,-1,-1,-1,-1,-1,-1,-1,0.1,0.4,-1,0,0,30,0.29,100,-1,-1,-1,-1,-1,0,0.5,0.6,0,-1,0,1,1,1,1,1,1,1,1,1,1,1,1,1,1,1,1,1,1,-1,0,-1,0,-1,-1,-1,-1,[0|0|0|0|0|0|0|0|0|0|0|0],
30802012,Imp,0,0,[0|0|0],30800,-1,0,180,1.69,0.5,100,0,172,0,100,308000310,-1,10,0,0,-1,-1,0.7,-1,5400,0,0,7020,0,0,90000,90010,-1,0,0,0,0,0,-1,-1,-1,-1,-1,-1,16,3000,3001,3002,3003,3004,3005,3006,3007,702,703,701,-1,0,1,1,1,1,1,1,1,1,1.5,-0.53846157,0,50,21,100,0,0,0,100,100,100,0,999,999,999,999,-1,-1,0,0,0,0,-1,-1,0,0,0,0,0,999,999,0,0,-1,10,0,11,0,0,6,3,40,117,117,0,0,0,0,0,0,0,0,0,0,0,0,0,17,7,0,1,0,0,0,0,0,0,0,1,0,0,0,0,0,0,0,0,0,0,0,1,0,0,0,0,0,0,0,0,0,0,0,0,1,0,1,1,0,0,1,1,0,0,0,0,0,0,0,0,0,0,0,0,0,0,0,1.69,0.5,0,0,0,0,0,0,0,0,0,100,1,999,1,117,117,139,139,139,139,90020,90030,90040,90300,90060,90100,90200,5261,-1,0,0.4,0.9,0.65,1,0.65,0.8,0.6,0.6,0.6,0,0,0,-1,-1,128,-1,-1,100,30,999,0,0,-1,-1,-1,-1,-1,17170,-1,-1,-1,-1,-1,-1,-1,-1,152,6920,-1,0,2,0,0,0,1,1,1,0,0,-1,-1,0,0,0,0,0,0,-1,-1,3080,0,0,0,180,50,0.1,-1,-1,-1,-1,1.8,0,0,0,1,0,0,0,0,0,0,0,0,1,0,-1,-1,-1,-1,-1,-1,-1,-1,-1,0.1,0.4,-1,0,0,30,0.29,100,-1,-1,-1,-1,-1,0,0.5,0.6,0,-1,0,1,1,1,1,1,1,1,1,1,1,1,1,1,1,1,1,1,1,-1,0,-1,0,-1,-1,-1,-1,[0|0|0|0|0|0|0|0|0|0|0|0],
30802032,Imp,0,0,[0|0|0],30800,-1,0,180,1.69,0.5,100,0,172,0,100,308000340,-1,10,0,0,-1,-1,0.7,-1,5400,0,0,7090,0,0,90000,90010,-1,0,0,0,0,0,-1,-1,-1,-1,-1,-1,16,3000,3001,3002,3003,3004,3005,3006,3007,702,703,701,-1,0,1,1,1,1,1,1,1,1,1.5,-0.53846157,0,50,21,100,0,0,0,100,100,100,0,999,999,999,999,-1,-1,0,0,0,0,-1,-1,0,0,0,0,0,999,999,0,0,-1,10,0,11,0,0,6,3,40,117,117,0,0,0,0,0,0,0,0,0,0,0,0,0,17,7,0,1,0,0,0,0,0,0,0,1,0,0,0,0,0,0,0,0,0,0,0,1,0,0,0,0,0,0,0,0,0,0,0,0,1,0,1,1,0,0,1,1,0,0,0,0,0,0,0,0,0,0,0,0,0,0,0,1.69,0.5,0,0,0,0,0,0,0,0,0,100,1,999,1,117,117,139,139,139,139,90020,90030,90040,90300,90060,90100,90200,5261,-1,0,0.4,0.9,0.65,1,0.65,0.8,0.6,0.6,0.6,0,0,0,-1,-1,128,-1,-1,100,30,999,0,0,-1,-1,-1,-1,-1,17170,-1,-1,-1,-1,-1,-1,-1,-1,152,6920,-1,0,2,0,0,0,1,1,1,0,0,-1,-1,0,0,0,0,0,0,-1,-1,3080,0,0,0,180,50,0.1,-1,-1,-1,-1,1.8,0,0,0,1,0,0,0,0,0,0,0,0,1,0,-1,-1,-1,-1,-1,-1,-1,-1,-1,0.1,0.4,-1,0,0,30,0.29,100,-1,-1,-1,-1,-1,0,0.5,0.6,0,-1,0,1,1,1,1,1,1,1,1,1,1,1,1,1,1,1,1,1,1,-1,0,-1,0,-1,-1,-1,-1,[0|0|0|0|0|0|0|0|0|0|0|0],
30802034,Imp (Leyndell),0,0,[0|0|0],30800,-1,0,180,1.69,0.5,100,0,172,0,100,308000340,-1,10,0,0,-1,-1,0.7,-1,5400,0,0,7100,0,0,90000,90010,-1,0,0,0,0,0,-1,-1,-1,-1,-1,-1,16,3000,3001,3002,3003,3004,3005,3006,3007,702,703,701,-1,0,1,1,1,1,1,1,1,1,1.5,-0.53846157,0,50,21,100,0,0,0,100,100,100,0,999,999,999,999,-1,-1,0,0,0,0,-1,-1,0,0,0,0,0,999,999,0,0,-1,10,0,11,0,0,6,3,40,117,117,0,0,0,0,0,0,0,0,0,0,0,0,0,17,7,0,1,0,0,0,0,0,0,0,1,0,0,0,0,0,0,0,0,0,0,0,1,0,0,0,0,0,0,0,0,0,0,0,0,1,0,1,1,0,0,1,1,0,0,0,0,0,0,0,0,0,0,0,0,0,0,0,1.69,0.5,0,0,0,0,0,0,0,0,0,100,1,999,1,117,117,139,139,139,139,90020,90030,90040,90300,90060,90100,90200,5261,-1,0,0.4,0.9,0.65,1,0.65,0.8,0.6,0.6,0.6,0,0,0,-1,-1,128,-1,-1,100,30,999,0,0,-1,-1,-1,-1,-1,17170,-1,-1,-1,-1,-1,-1,-1,-1,152,6920,-1,0,2,0,0,0,1,1,1,0,0,-1,-1,0,0,0,0,0,0,-1,-1,3080,0,0,0,180,50,0.1,-1,-1,-1,-1,1.8,0,0,0,1,0,0,0,0,0,0,0,0,1,0,-1,-1,-1,-1,-1,-1,-1,-1,-1,0.1,0.4,-1,0,0,30,0.29,100,-1,-1,-1,-1,-1,0,0.5,0.6,0,-1,0,1,1,1,1,1,1,1,1,1,1,1,1,1,1,1,1,1,1,-1,0,-1,0,-1,-1,-1,-1,[0|0|0|0|0|0|0|0|0|0|0|0],
30806012,Imp,0,0,[0|0|0],30800,-1,0,180,1.69,0.5,100,0,172,0,100,308000410,-1,10,0,0,-1,-1,0.7,-1,5401,0,0,7020,0,0,90000,90010,-1,0,0,0,0,0,-1,-1,-1,-1,-1,-1,16,3000,3001,3002,3003,3004,3005,3006,3007,702,703,701,-1,0,1,1,1,1,1,1,1,1,1.5,-0.46153846,0,50,21,100,0,0,0,100,100,100,0,999,999,999,999,-1,-1,0,0,0,0,-1,-1,0,0,0,0,0,999,999,0,0,-1,10,0,11,0,0,6,3,40,117,117,0,0,0,0,0,0,0,0,0,0,0,0,0,17,7,0,1,0,0,0,0,0,0,1,0,0,0,0,0,0,0,0,0,1,0,0,0,0,0,0,0,0,0,0,0,0,0,0,0,1,0,1,1,0,0,1,1,0,0,0,0,0,0,0,0,0,0,0,0,0,0,0,1.69,0.5,0,0,0,0,0,0,0,0,0,100,1,999,1,117,117,139,139,139,139,90020,90030,90040,90300,90060,90100,90200,5261,-1,0,0.4,0.9,0.65,1,0.65,0.8,0.6,0.6,0.6,0,0,0,-1,-1,128,-1,-1,100,30,999,0,0,-1,-1,-1,-1,-1,17170,-1,-1,-1,-1,-1,-1,-1,-1,152,6920,-1,0,2,0,0,0,1,1,1,0,0,-1,-1,0,0,0,0,0,0,-1,-1,3080,0,0,0,180,50,0.1,-1,-1,-1,-1,1.8,0,0,0,1,0,0,0,0,0,0,0,0,1,0,-1,-1,-1,-1,-1,-1,-1,-1,-1,0.1,0.4,-1,0,0,35,0.29,100,-1,-1,-1,-1,-1,0,0.5,0.6,0,-1,0,1,1,1,1,1,1,1,1,1,1,1,1,1,1,1,1,1,1,-1,0,-1,0,-1,-1,-1,-1,[0|0|0|0|0|0|0|0|0|0|0|0],
30806042,Imp,0,0,[0|0|0],30800,-1,0,180,1.69,0.5,100,0,172,0,100,308000430,-1,10,0,0,-1,-1,0.7,-1,5401,0,0,7150,0,0,90000,90010,-1,0,0,0,0,0,-1,-1,-1,-1,-1,-1,16,3000,3001,3002,3003,3004,3005,3006,3007,702,703,701,-1,0,1,1,1,1,1,1,1,1,1.5,-0.46153846,0,50,21,100,0,0,0,100,100,100,0,999,999,999,999,-1,-1,0,0,0,0,-1,-1,0,0,0,0,0,999,999,0,0,-1,10,0,11,0,0,6,3,40,117,117,0,0,0,0,0,0,0,0,0,0,0,0,0,17,7,0,1,0,0,0,0,0,0,1,0,0,0,0,0,0,0,0,0,1,0,0,0,0,0,0,0,0,0,0,0,0,0,0,0,1,0,1,1,0,0,1,1,0,0,0,0,0,0,0,0,0,0,0,0,0,0,0,1.69,0.5,0,0,0,0,0,0,0,0,0,100,1,999,1,117,117,139,139,139,139,90020,90030,90040,90300,90060,90100,90200,5261,-1,0,0.4,0.9,0.65,1,0.65,0.8,0.6,0.6,0.6,0,0,0,-1,-1,128,-1,-1,100,30,999,0,0,-1,-1,-1,-1,-1,17170,-1,-1,-1,-1,-1,-1,-1,-1,152,6920,-1,0,2,0,0,0,1,1,1,0,0,-1,-1,0,0,0,0,0,0,-1,-1,3080,0,0,0,180,50,0.1,-1,-1,-1,-1,1.8,0,0,0,1,0,0,0,0,0,0,0,0,1,0,-1,-1,-1,-1,-1,-1,-1,-1,-1,0.1,0.4,-1,0,0,35,0.29,100,-1,-1,-1,-1,-1,0,0.5,0.6,0,-1,0,1,1,1,1,1,1,1,1,1,1,1,1,1,1,1,1,1,1,-1,0,-1,0,-1,-1,-1,-1,[0|0|0|0|0|0|0|0|0|0|0|0],
30806052,Imp,0,0,[0|0|0],30800,-1,0,180,1.69,0.5,100,0,172,0,100,308000450,-1,10,0,0,-1,-1,0.7,-1,5401,0,0,7160,0,0,90000,90010,-1,0,0,0,0,0,-1,-1,-1,-1,-1,-1,16,3000,3001,3002,3003,3004,3005,3006,3007,702,703,701,-1,0,1,1,1,1,1,1,1,1,1.5,-0.46153846,0,50,21,100,0,0,0,100,100,100,0,999,999,999,999,-1,-1,0,0,0,0,-1,-1,0,0,0,0,0,999,999,0,0,-1,10,0,11,0,0,6,3,40,117,117,0,0,0,0,0,0,0,0,0,0,0,0,0,17,7,0,1,0,0,0,0,0,0,1,0,0,0,0,0,0,0,0,0,1,0,0,0,0,0,0,0,0,0,0,0,0,0,0,0,1,0,1,1,0,0,1,1,0,0,0,0,0,0,0,0,0,0,0,0,0,0,0,1.69,0.5,0,0,0,0,0,0,0,0,0,100,1,999,1,117,117,139,139,139,139,90020,90030,90040,90300,90060,90100,90200,5261,-1,0,0.4,0.9,0.65,1,0.65,0.8,0.6,0.6,0.6,0,0,0,-1,-1,128,-1,-1,100,30,999,0,0,-1,-1,-1,-1,-1,17170,-1,-1,-1,-1,-1,-1,-1,-1,152,6920,-1,0,2,0,0,0,1,1,1,0,0,-1,-1,0,0,0,0,0,0,-1,-1,3080,0,0,0,180,50,0.1,-1,-1,-1,-1,1.8,0,0,0,1,0,0,0,0,0,0,0,0,1,0,-1,-1,-1,-1,-1,-1,-1,-1,-1,0.1,0.4,-1,0,0,35,0.29,100,-1,-1,-1,-1,-1,0,0.5,0.6,0,-1,0,1,1,1,1,1,1,1,1,1,1,1,1,1,1,1,1,1,1,-1,0,-1,0,-1,-1,-1,-1,[0|0|0|0|0|0|0|0|0|0|0|0],
31000033,Bell Bearing Hunter,0,0,[0|0|0],31000,1003,0,120,2.5,0.7,150,0,1507,0,3000,-1,-1,10,0,0,-1,-1,0.6,-1,0,5300,5360,7110,0,90400,0,0,-1,100,70,70,70,0,-1,-1,-1,-1,-1,-1,60,3000,3001,3002,3003,3004,3005,3006,3007,3008,3009,6001,6000,0,1,1,1,1,1,1,1,1,1.5,0.23076923,0,50,21,100,0,0,0,100,100,100,0,154,154,252,999,-1,-1,0,0,0,0,-1,-1,1,0,0,0,65,154,999,70,70,-1,10,0,12,0,0,7,3,40,110,110,0,0,0,0,70,70,70,70,0,0,0,0,0,17,7,0,0,0,0,0,0,0,0,1,0,0,0,0,0,0,0,0,0,0,0,0,0,0,0,0,0,0,0,0,0,0,0,0,0,1,1,0,1,0,0,0,0,0,0,0,0,0,0,0,0,0,0,0,0,0,0,0,2.5,0.7,0,1,0,0,0,1,1,0,0,100,10,0,2,109,109,139,112,139,112,95000,90030,95010,5851,90060,90100,0,-1,-1,35,0.4,0.65,0.65,0.65,0.9,0.6,0.6,0.8,0.6,70,0,0,-1,-1,256,2003,-1,400,30,252,70,0,-1,5800,16425,6030,5890,-1,-1,-1,-1,-1,-1,-1,-1,-1,-1,-1,-1,0,-1,0,0,0,1,1,1,0,0,-1,-1,0,0,0,0,0,0,-1,-1,-1,0,0,0,180,50,0.1,-1,-1,-1,-1,2.5,0,0,0,1,0,0,0,0,0,0,0,0,1,0,-1,-1,-1,-1,-1,-1,-1,-1,-1,0.1,0.4,-1,0,0,80,0.29,100,3004,-1,5004,6003,-1,0,0.5,0.6,0,-1,0,1,1,1,1,1,1,1,1,1,1,1,1,1,1,1,1,1,1,-1,0,-1,0,-1,-1,-1,-1,[0|0|0|0|0|0|0|0|0|0|0|0],
31000042,Bell Bearing Hunter,0,0,[0|0|0],31000,1003,0,120,2.5,0.7,150,0,1507,0,3000,-1,-1,10,0,0,-1,-1,0.6,-1,0,5300,5360,7170,0,90400,0,0,-1,100,70,70,70,0,-1,-1,-1,-1,-1,-1,60,3000,3001,3002,3003,3004,3005,3006,3007,3008,3009,6001,6000,0,1,1,1,1,1,1,1,1,1.5,0.23076923,0,50,21,100,0,0,0,100,100,100,0,154,154,252,999,-1,-1,0,0,0,0,-1,-1,1,0,0,0,65,154,999,70,70,-1,10,0,12,0,0,7,3,40,110,110,0,0,0,0,70,70,70,70,0,0,0,0,0,17,7,0,0,0,0,0,0,0,0,1,0,0,0,0,0,0,0,0,0,0,0,0,0,0,0,0,0,0,0,0,0,0,0,0,0,1,1,0,1,0,0,0,0,0,0,0,0,0,0,0,0,0,0,0,0,0,0,0,2.5,0.7,0,1,0,0,0,1,1,0,0,100,10,0,2,109,109,139,112,139,112,95000,90030,95010,5851,90060,90100,0,-1,-1,35,0.4,0.65,0.65,0.65,0.9,0.6,0.6,0.8,0.6,70,0,0,-1,-1,256,2003,-1,400,30,252,70,0,-1,5800,16425,6030,5890,-1,-1,-1,-1,-1,-1,-1,-1,-1,-1,-1,-1,0,-1,0,0,0,1,1,1,0,0,-1,-1,0,0,0,0,0,0,-1,-1,-1,0,0,0,180,50,0.1,-1,-1,-1,-1,2.5,0,0,0,1,0,0,0,0,0,0,0,0,1,0,-1,-1,-1,-1,-1,-1,-1,-1,-1,0.1,0.4,-1,0,0,80,0.29,100,3004,-1,5004,6003,-1,0,0.5,0.6,0,-1,0,1,1,1,1,1,1,1,1,1,1,1,1,1,1,1,1,1,1,-1,0,-1,0,-1,-1,-1,-1,[0|0|0|0|0|0|0|0|0|0|0|0],
31000931,Elemer of the Briar (Shaded Castle),0,0,[0|0|0],31000,1003,0,120,2.5,0.7,150,0,1507,0,3000,-1,-1,10,0,0,-1,-1,0.6,-1,0,5300,5360,7090,0,90400,0,0,-1,100,70,70,70,0,-1,-1,-1,-1,-1,-1,60,3000,3001,3002,3003,3004,3005,3006,3007,3008,3009,6001,6000,0,1,1,1,1,1,1,1,1,1.5,0.23076923,0,50,21,100,0,0,0,100,100,100,0,154,154,252,999,-1,-1,0,0,0,0,-1,-1,1,0,0,0,65,154,999,70,70,-1,10,0,12,0,0,7,3,40,110,110,0,0,0,0,70,70,70,70,0,0,0,0,0,17,7,0,0,0,0,0,0,0,0,1,0,0,0,0,0,0,0,0,0,0,0,0,0,0,0,0,0,0,0,0,0,0,0,0,0,1,0,0,1,0,0,0,0,0,0,0,0,0,0,0,0,0,0,0,0,0,0,0,2.5,0.7,0,1,0,0,0,0,1,0,0,100,1,0,2,109,109,139,112,139,112,95000,90030,95010,5851,90060,90100,0,-1,-1,35,0.4,0.65,0.65,0.65,0.9,0.6,0.6,0.8,0.6,70,0,0,-1,-1,256,2003,-1,300,30,252,70,0,-1,5800,16425,6030,5890,-1,-1,-1,-1,-1,-1,-1,-1,-1,-1,-1,-1,0,-1,0,0,0,1,1,1,0,0,-1,-1,0,0,0,0,0,0,-1,-1,-1,0,0,0,180,50,0.1,-1,-1,-1,-1,2.5,0,0,0,1,0,0,0,0,0,0,0,0,1,0,-1,-1,-1,-1,-1,-1,-1,-1,-1,0.1,0.4,-1,0,0,80,0.29,100,3004,-1,5004,6003,-1,0,0.5,0.6,0,-1,0,1,1,1,1,1,1,1,1,1,1,1,1,1,1,1,1,1,1,-1,0,-1,0,-1,-1,-1,-1,[0|0|0|0|0|0|0|0|0|0|0|0],
31500032,Night's Cavalry,0,0,[0|0|0],31500,1003,0,120,2.4,0.6,130,0,1006,0,3000,-1,-1,10,0,0,-1,-1,0.8,-1,5400,0,11800,7090,0,0,0,0,-1,0,0,0,0,0,-1,-1,-1,-1,-1,-1,22,3000,3001,3002,3003,3004,3005,3006,3007,3008,3009,6001,6000,0,1,1,1,1,1,1,1,1,1.5,0.23076923,0,50,21,100,0,0,0,100,100,100,0,154,154,252,999,-1,-1,0,0,0,0,-1,-1,1,0,0,0,0,999,999,0,0,-1,0,0,12,0,0,6,3,40,110,110,0,0,2,0,0,0,0,0,0,0,0,0,0,17,7,0,0,0,0,0,0,0,0,1,0,0,0,0,0,0,0,0,0,0,0,0,0,0,0,0,0,0,0,0,0,0,0,1,0,1,0,0,1,0,0,0,0,0,0,0,0,0,0,0,0,0,0,0,0,0,0,0,2.4,0.6,0,0,0,0,0,0,0,0,0,100,10,0,1,106,109,139,106,139,106,0,90030,0,90300,90060,90161,0,5262,-1,0,0.4,0.65,0.65,0.65,0.9,0.6,0.6,0.8,0.6,0,0,0,-1,-1,256,2003,-1,200,30,252,0,0,-1,5010,11825,5890,-1,11820,-1,-1,-1,-1,-1,-1,-1,-1,-1,-1,-1,0,-1,0,0,0,1,1,1,0,0,-1,-1,0,0,0,0,0,0,-1,-1,-1,0,0,0,180,50,0.1,-1,-1,-1,-1,2.5,0,0,0,1,0,0,0,0,0,0,0,0,1,0,-1,-1,-1,-1,-1,-1,-1,-1,-1,0.1,0.4,-1,0,0,80,0.29,100,3004,-1,5004,-1,-1,0,0.5,0.6,0,-1,0,1,1,1,1,1,1,1,1,1,1,1,1,1,1,1,1,1,1,-1,0,-1,0,-1,-1,-1,-1,[0|0|0|0|0|0|0|0|0|0|0|0],
31500040,Night's Cavalry,0,0,[0|0|0],31500,1003,0,120,2.4,0.6,130,0,1006,0,3000,-1,-1,10,0,0,-1,-1,0.8,-1,5400,0,11800,7090,0,0,0,0,-1,0,0,0,0,0,-1,-1,-1,-1,-1,-1,22,3000,3001,3002,3003,3004,3005,3006,3007,3008,3009,6001,6000,0,1,1,1,1,1,1,1,1,1.5,0.23076923,0,50,21,100,0,0,0,100,100,100,0,154,154,252,999,-1,-1,0,0,0,0,-1,-1,1,0,0,0,0,999,999,0,0,-1,0,0,12,0,0,6,3,40,110,110,0,0,2,0,0,0,0,0,0,0,0,0,0,17,7,0,0,0,0,0,0,0,0,1,0,0,0,0,0,0,0,0,0,0,0,0,0,0,0,0,0,0,0,0,0,0,0,1,0,1,0,0,1,0,0,0,0,0,0,0,0,0,0,0,0,0,0,0,0,0,0,0,2.4,0.6,0,0,0,0,0,0,0,0,0,100,10,0,1,106,109,139,106,139,106,0,90030,0,90300,90060,90161,0,5262,-1,0,0.4,0.65,0.65,0.65,0.9,0.6,0.6,0.8,0.6,0,0,0,-1,-1,256,2003,-1,200,30,252,0,0,-1,5010,11825,5890,-1,11820,-1,-1,-1,-1,-1,-1,-1,-1,-1,-1,-1,0,-1,0,0,0,1,1,1,0,0,-1,-1,0,0,0,0,0,0,-1,-1,-1,0,0,0,180,50,0.1,-1,-1,-1,-1,2.5,0,0,0,1,0,0,0,0,0,0,0,0,1,0,-1,-1,-1,-1,-1,-1,-1,-1,-1,0.1,0.4,-1,0,0,80,0.29,100,3004,-1,5004,-1,-1,0,0.5,0.6,0,-1,0,1,1,1,1,1,1,1,1,1,1,1,1,1,1,1,1,1,1,-1,0,-1,0,-1,-1,-1,-1,[0|0|0|0|0|0|0|0|0|0|0|0],
31500042,Night's Cavalry,0,0,[0|0|0],31500,1003,0,120,2.4,0.6,130,0,1006,0,3000,-1,-1,10,0,0,-1,-1,0.8,-1,5400,0,11800,7170,0,90400,0,0,-1,0,0,0,0,0,-1,-1,-1,-1,-1,-1,22,3000,3001,3002,3003,3004,3005,3006,3007,3008,3009,6001,6000,0,1,1,1,1,1,1,1,1,1.5,0.23076923,0,50,21,100,0,0,0,100,100,100,0,154,154,252,999,-1,-1,0,0,0,0,-1,-1,1,0,0,0,0,999,999,0,0,-1,0,0,12,0,0,6,3,40,110,110,0,0,2,0,0,0,0,0,0,0,0,0,0,17,7,0,0,0,0,0,0,0,0,1,0,0,0,0,0,0,0,0,0,0,0,0,0,0,0,0,0,0,0,0,0,0,0,1,0,1,1,0,1,0,0,0,0,0,0,0,0,0,0,0,0,0,0,0,0,0,0,0,2.4,0.6,0,1,0,0,0,1,0,0,0,100,10,0,1,106,109,139,106,139,106,95000,90030,95010,90300,90060,90161,0,-1,-1,0,0.4,0.65,0.65,0.65,0.9,0.6,0.6,0.8,0.6,0,0,0,-1,-1,256,2003,-1,400,30,252,0,0,-1,5010,11825,5890,-1,11820,5481,-1,-1,-1,-1,-1,-1,-1,-1,-1,-1,0,-1,0,0,0,1,1,1,0,0,-1,-1,0,0,0,0,0,0,-1,-1,-1,0,0,0,180,50,0.1,-1,-1,-1,-1,2.5,0,0,0,1,0,0,0,0,0,0,0,0,1,0,-1,-1,-1,-1,-1,-1,-1,-1,-1,0.1,0.4,-1,0,0,80,0.29,100,3004,-1,5004,-1,-1,0,0.5,0.6,0,-1,0,1,1,1,1,1,1,1,1,1,1,1,1,1,1,1,1,1,1,-1,0,-1,0,-1,-1,-1,-1,[0|0|0|0|0|0|0|0|0|0|0|0],
31500050,Night's Cavalry,0,0,[0|0|0],31500,1003,0,120,2.4,0.6,130,0,1006,0,3000,-1,-1,10,0,0,-1,-1,0.8,-1,5400,0,11800,7140,0,90400,0,0,-1,0,0,0,0,0,-1,-1,-1,-1,-1,-1,22,3000,3001,3002,3003,3004,3005,3006,3007,3008,3009,6001,6000,0,1,1,1,1,1,1,1,1,1.5,0.23076923,0,50,21,100,0,0,0,100,100,100,0,154,154,252,999,-1,-1,0,0,0,0,-1,-1,1,0,0,0,0,999,999,0,0,-1,0,0,12,0,0,6,3,40,110,110,0,0,2,0,0,0,0,0,0,0,0,0,0,17,7,0,0,0,0,0,0,0,0,1,0,0,0,0,0,0,0,0,0,0,0,0,0,0,0,0,0,0,0,0,0,0,0,1,0,1,1,0,1,0,0,0,0,0,0,0,0,0,0,0,0,0,0,0,0,0,0,0,2.4,0.6,0,1,0,0,0,1,0,0,0,100,10,0,1,106,109,139,106,139,106,95000,90030,95010,90300,90060,90161,0,-1,-1,0,0.4,0.65,0.65,0.65,0.9,0.6,0.6,0.8,0.6,0,0,0,-1,-1,256,2003,-1,400,30,252,0,0,-1,5010,11825,5890,-1,11820,-1,-1,-1,-1,-1,-1,-1,-1,-1,-1,-1,0,-1,0,0,0,1,1,1,0,0,-1,-1,0,0,0,0,0,0,-1,-1,-1,0,0,0,180,50,0.1,-1,-1,-1,-1,2.5,0,0,0,1,0,0,0,0,0,0,0,0,1,0,-1,-1,-1,-1,-1,-1,-1,-1,-1,0.1,0.4,-1,0,0,80,0.29,100,3004,-1,5004,-1,-1,0,0.5,0.6,0,-1,0,1,1,1,1,1,1,1,1,1,1,1,1,1,1,1,1,1,1,-1,0,-1,0,-1,-1,-1,-1,[0|0|0|0|0|0|0|0|0|0|0|0],
31500052,Night's Cavalry (Glaive),0,0,[0|0|0],31500,1003,0,120,2.4,0.6,130,0,1006,0,3000,-1,-1,10,0,0,-1,-1,0.8,-1,5400,0,11800,7180,0,90400,0,0,-1,0,0,0,0,0,-1,-1,-1,-1,-1,-1,22,3000,3001,3002,3003,3004,3005,3006,3007,3008,3009,6001,6000,0,1,1,1,1,1,1,1,1,1.5,0.23076923,0,50,21,100,0,0,0,100,100,100,0,154,154,252,999,-1,-1,0,0,0,0,-1,-1,1,0,0,0,0,999,999,0,0,-1,0,0,12,0,0,6,3,40,110,110,0,0,2,0,0,0,0,0,0,0,0,0,0,17,7,0,0,0,0,0,0,0,0,1,0,0,0,0,0,0,0,0,0,0,0,0,0,0,0,0,0,0,0,0,0,0,0,1,0,1,1,0,1,0,0,0,0,0,0,0,0,0,0,0,0,0,0,0,0,0,0,0,2.4,0.6,0,1,0,0,0,1,0,0,0,100,10,0,1,106,109,139,106,139,106,95000,90030,95010,90300,90060,90161,0,-1,-1,0,0.4,0.65,0.65,0.65,0.9,0.6,0.6,0.8,0.6,0,0,0,-1,-1,256,2003,-1,400,30,252,0,0,-1,5010,11825,5890,-1,11820,-1,-1,-1,-1,-1,-1,-1,-1,-1,-1,-1,0,-1,0,0,0,1,1,1,0,0,-1,-1,0,0,0,0,0,0,-1,-1,-1,0,0,0,180,50,0.1,-1,-1,-1,-1,2.5,0,0,0,1,0,0,0,0,0,0,0,0,1,0,-1,-1,-1,-1,-1,-1,-1,-1,-1,0.1,0.4,-1,0,0,80,0.29,100,3004,-1,5004,-1,-1,0,0.5,0.6,0,-1,0,1,1,1,1,1,1,1,1,1,1,1,1,1,1,1,1,1,1,-1,0,-1,0,-1,-1,-1,-1,[0|0|0|0|0|0|0|0|0|0|0|0],
31501012,Night's Cavalry (Weeping Peninsula Boss),0,0,[0|0|0],31500,1003,0,120,2.4,0.6,130,0,1006,0,3000,-1,-1,10,0,0,-1,-1,0.8,-1,5401,0,11800,7040,0,90400,0,0,-1,0,0,0,0,0,-1,-1,-1,-1,-1,-1,22,3000,3001,3002,3003,3004,3005,3006,3007,3008,3009,6001,6000,0,1,1,1,1,1,1,1,1,1.5,0.23076923,0,50,21,100,0,0,0,100,100,100,0,154,154,252,999,-1,-1,0,0,0,0,-1,-1,1,0,0,0,0,999,999,0,0,-1,0,0,12,0,0,6,3,40,110,110,0,0,2,0,0,0,0,0,0,0,0,0,0,17,7,0,0,0,0,0,0,0,0,0,1,0,0,0,0,0,0,0,0,0,0,0,0,0,0,0,0,0,0,0,0,0,0,1,0,1,1,0,1,0,0,0,0,0,0,0,0,0,0,0,0,0,0,0,0,0,0,0,2.4,0.6,0,1,0,0,0,1,0,0,0,100,10,0,1,106,109,139,106,139,106,95000,90030,95010,90300,90060,90161,0,-1,-1,0,0.4,0.65,0.65,0.65,0.9,0.6,0.6,0.8,0.6,0,0,0,-1,-1,256,2003,-1,400,30,252,0,0,-1,5010,11825,5890,-1,11821,-1,-1,-1,-1,-1,-1,-1,-1,-1,-1,-1,0,-1,0,0,0,1,1,1,0,0,-1,-1,0,0,0,0,0,0,-1,-1,-1,0,0,0,180,50,0.1,-1,-1,-1,-1,2.5,0,0,0,1,0,0,0,0,0,0,0,0,1,0,-1,-1,-1,-1,-1,-1,-1,-1,-1,0.1,0.4,-1,0,0,80,0.29,100,3004,-1,5004,-1,-1,0,0.5,0.6,0,-1,0,1,1,1,1,1,1,1,1,1,1,1,1,1,1,1,1,1,1,-1,0,-1,0,-1,-1,-1,-1,[0|0|0|0|0|0|0|0|0|0|0|0],
31501030,Night's Cavalry,0,0,[0|0|0],31500,1003,0,120,2.4,0.6,130,0,1006,0,3000,-1,-1,10,0,0,-1,-1,0.8,-1,5401,0,11800,7100,0,90400,0,0,-1,0,0,0,0,0,-1,-1,-1,-1,-1,-1,22,3000,3001,3002,3003,3004,3005,3006,3007,3008,3009,6001,6000,0,1,1,1,1,1,1,1,1,1.5,0.23076923,0,50,21,100,0,0,0,100,100,100,0,154,154,252,999,-1,-1,0,0,0,0,-1,-1,1,0,0,0,0,999,999,0,0,-1,0,0,12,0,0,6,3,40,110,110,0,0,2,0,0,0,0,0,0,0,0,0,0,17,7,0,0,0,0,0,0,0,0,0,1,0,0,0,0,0,0,0,0,0,0,0,0,0,0,0,0,0,0,0,0,0,0,1,0,1,1,0,1,0,0,0,0,0,0,0,0,0,0,0,0,0,0,0,0,0,0,0,2.4,0.6,0,1,0,0,0,1,0,0,0,100,10,0,1,106,109,139,106,139,106,95000,90030,95010,90300,90060,90161,0,-1,-1,0,0.4,0.65,0.65,0.65,0.9,0.6,0.6,0.8,0.6,0,0,0,-1,-1,256,2003,-1,400,30,252,0,0,-1,5010,11825,5890,-1,11821,-1,-1,-1,-1,-1,-1,-1,-1,-1,-1,-1,0,-1,0,0,0,1,1,1,0,0,-1,-1,0,0,0,0,0,0,-1,-1,-1,0,0,0,180,50,0.1,-1,-1,-1,-1,2.5,0,0,0,1,0,0,0,0,0,0,0,0,1,0,-1,-1,-1,-1,-1,-1,-1,-1,-1,0.1,0.4,-1,0,0,80,0.29,100,3004,-1,5004,-1,-1,0,0.5,0.6,0,-1,0,1,1,1,1,1,1,1,1,1,1,1,1,1,1,1,1,1,1,-1,0,-1,0,-1,-1,-1,-1,[0|0|0|0|0|0|0|0|0|0|0|0],
31501040,Night's Cavalry,0,0,[0|0|0],31500,1003,0,120,2.4,0.6,130,0,1006,0,3000,-1,-1,10,0,0,-1,-1,0.8,-1,5401,0,11800,7090,0,90400,0,0,-1,0,0,0,0,0,-1,-1,-1,-1,-1,-1,22,3000,3001,3002,3003,3004,3005,3006,3007,3008,3009,6001,6000,0,1,1,1,1,1,1,1,1,1.5,0.23076923,0,50,21,100,0,0,0,100,100,100,0,154,154,252,999,-1,-1,0,0,0,0,-1,-1,1,0,0,0,0,999,999,0,0,-1,0,0,12,0,0,6,3,40,110,110,0,0,2,0,0,0,0,0,0,0,0,0,0,17,7,0,0,0,0,0,0,0,0,0,1,0,0,0,0,0,0,0,0,0,0,0,0,0,0,0,0,0,0,0,0,0,0,1,0,1,1,0,1,0,0,0,0,0,0,0,0,0,0,0,0,0,0,0,0,0,0,0,2.4,0.6,0,1,0,0,0,1,0,0,0,100,10,0,1,106,109,139,106,139,106,95000,90030,95010,90300,90060,90161,0,-1,-1,0,0.4,0.65,0.65,0.65,0.9,0.6,0.6,0.8,0.6,0,0,0,-1,-1,256,2003,-1,400,30,252,0,0,-1,5010,11825,5890,-1,11821,-1,-1,-1,-1,-1,-1,-1,-1,-1,-1,-1,0,-1,0,0,0,1,1,1,0,0,-1,-1,0,0,0,0,0,0,-1,-1,-1,0,0,0,180,50,0.1,-1,-1,-1,-1,2.5,0,0,0,1,0,0,0,0,0,0,0,0,1,0,-1,-1,-1,-1,-1,-1,-1,-1,-1,0.1,0.4,-1,0,0,80,0.29,100,3004,-1,5004,-1,-1,0,0.5,0.6,0,-1,0,1,1,1,1,1,1,1,1,1,1,1,1,1,1,1,1,1,1,-1,0,-1,0,-1,-1,-1,-1,[0|0|0|0|0|0|0|0|0|0|0|0],
31501052,Night's Cavalry (Flail),0,0,[0|0|0],31500,1003,0,120,2.4,0.6,130,0,1006,0,3000,-1,-1,10,0,0,-1,-1,0.8,-1,5401,0,11800,7180,0,90400,0,0,-1,0,0,0,0,0,-1,-1,-1,-1,-1,-1,22,3000,3001,3002,3003,3004,3005,3006,3007,3008,3009,6001,6000,0,1,1,1,1,1,1,1,1,1.5,0.23076923,0,50,21,100,0,0,0,100,100,100,0,154,154,252,999,-1,-1,0,0,0,0,-1,-1,1,0,0,0,0,999,999,0,0,-1,0,0,12,0,0,6,3,40,110,110,0,0,2,0,0,0,0,0,0,0,0,0,0,17,7,0,0,0,0,0,0,0,0,0,1,0,0,0,0,0,0,0,0,0,0,0,0,0,0,0,0,0,0,0,0,0,0,1,0,1,1,0,1,0,0,0,0,0,0,0,0,0,0,0,0,0,0,0,0,0,0,0,2.4,0.6,0,1,0,0,0,1,0,0,0,100,10,0,1,106,109,139,106,139,106,95000,90030,95010,90300,90060,90161,0,-1,-1,0,0.4,0.65,0.65,0.65,0.9,0.6,0.6,0.8,0.6,0,0,0,-1,-1,256,2003,-1,400,30,252,0,0,-1,5010,11825,5890,-1,11821,-1,-1,-1,-1,-1,-1,-1,-1,-1,-1,-1,0,-1,0,0,0,1,1,1,0,0,-1,-1,0,0,0,0,0,0,-1,-1,-1,0,0,0,180,50,0.1,-1,-1,-1,-1,2.5,0,0,0,1,0,0,0,0,0,0,0,0,1,0,-1,-1,-1,-1,-1,-1,-1,-1,-1,0.1,0.4,-1,0,0,80,0.29,100,3004,-1,5004,-1,-1,0,0.5,0.6,0,-1,0,1,1,1,1,1,1,1,1,1,1,1,1,1,1,1,1,1,1,-1,0,-1,0,-1,-1,-1,-1,[0|0|0|0|0|0|0|0|0|0|0|0],
31700052,Albinauric Archer,0,0,[0|0|0],31700,-1,0,0.1,1.4,0.5,130,0,487,0,100,317000000,-1,-1,0,0,-1,-1,0.5,-1,5400,0,0,7160,0,0,90000,0,-1,0,0,0,0,0,-1,-1,-1,-1,-1,-1,16,3000,3001,3002,3003,3004,3005,3006,3007,3008,3009,6001,6000,0,1,1,1,1,1,1,1,1,1.5,-0.23076923,0,50,21,100,0,0,0,100,100,100,0,999,112,154,999,-1,-1,0,0,0,0,-1,-1,0,0,0,0,0,112,999,0,0,-1,0,0,11,0,0,6,3,40,110,110,0,0,0,0,0,0,0,0,0,0,0,0,0,17,7,0,0,0,0,0,0,0,0,1,0,0,0,0,0,0,0,0,0,0,0,0,0,0,0,0,0,0,0,0,0,0,0,1,0,1,0,0,1,0,0,0,0,0,0,0,0,0,0,0,0,0,0,0,0,0,0,0,1.4,0.5,0,0,0,0,0,0,0,0,0,100,1,0,1,144,109,139,139,139,144,0,90030,0,0,90060,90100,0,5262,-1,0,0,1,1,0.9,1,0.8,1,1,1.4,0,0,0,-1,-1,128,2002,-1,200,10,252,0,0,-1,5010,5800,-1,-1,-1,11897,-1,-1,-1,-1,-1,-1,-1,-1,-1,-1,0,-1,0,0,0,1,1,1,0,0,-1,-1,0,0,0,0,0,0,-1,-1,3170,0,0,0,180,50,0.1,-1,-1,-1,-1,1.8,0,0,0,1,0,0,0,0,0,0,0,0,1,0,-1,-1,-1,-1,-1,-1,-1,-1,2900,0.1,0.4,-1,1,1,50,0.29,100,3003,-1,5004,6002,-1,0,0.5,0.6,0,-1,0,1,1,1,1,1,1,1,1,1,1,1,1,1,1,1,1,1,1,-1,0,-1,0,-1,-1,-1,-1,[0|0|0|0|0|0|0|0|0|0|0|0],
31701052,Albinauric Archer,0,0,[0|0|0],31700,-1,0,0.1,1.4,0.5,130,0,487,0,100,317000000,-1,-1,0,0,-1,-1,0.5,-1,5400,0,0,7160,0,0,90000,0,-1,0,0,0,0,0,-1,-1,-1,-1,-1,-1,16,3000,3001,3002,3003,3004,3005,3006,3007,3008,3009,6001,6000,0,1,1,1,1,1,1,1,1,1.5,-0.23076923,0,50,21,100,0,0,0,100,100,100,0,999,112,154,999,-1,-1,0,0,0,0,-1,-1,0,0,0,0,0,112,999,0,0,-1,0,0,11,0,0,6,3,40,110,110,0,0,0,0,0,0,0,0,0,0,0,0,0,17,7,0,0,0,0,0,0,0,0,1,0,0,0,0,0,0,0,0,0,0,0,0,0,0,0,0,0,0,0,0,0,0,0,1,0,1,0,0,1,0,0,0,0,0,0,0,0,0,0,0,0,0,0,0,0,0,0,0,1.4,0.5,0,0,0,0,0,0,0,0,0,100,1,0,1,144,109,139,139,139,144,0,90030,0,0,90060,90100,0,5262,-1,0,0,1,1,0.9,1,0.8,1,1,1.4,0,0,0,-1,-1,128,2002,-1,200,10,252,0,0,-1,5010,5800,11870,-1,-1,11897,-1,-1,-1,-1,-1,-1,-1,-1,-1,-1,0,-1,0,0,0,1,1,1,0,0,-1,-1,0,0,0,0,0,0,-1,-1,3170,0,0,0,180,50,0.1,-1,-1,-1,-1,1.8,0,0,0,1,0,0,0,0,0,0,0,0,1,0,-1,-1,-1,-1,-1,-1,-1,-1,2900,0.1,0.4,-1,1,1,50,0.29,100,3003,-1,5004,6002,-1,0,0.5,0.6,0,-1,0,1,1,1,1,1,1,1,1,1,1,1,1,1,1,1,1,1,1,-1,0,-1,0,-1,-1,-1,-1,[0|0|0|0|0|0|0|0|0|0|0|0],
31709020,Latenna the Albinauric,0,0,[0|0|0],31700,-1,122800,0.1,1.4,0.5,130,0,487,0,100,-1,114100,-1,0,0,-1,-1,0.5,-1,5400,0,0,7060,0,0,90000,0,-1,0,0,0,0,0,-1,-1,-1,-1,-1,-1,16,3000,3001,3002,3003,3004,3005,3006,3007,3008,3009,6001,6000,0,1,1,1,1,1,1,1,1,1.5,-0.23076923,0,50,21,100,0,0,0,100,100,100,0,999,112,154,999,-1,-1,0,0,0,0,-1,-1,1,0,0,0,0,112,999,0,0,-1,0,0,11,0,0,26,3,40,110,110,0,0,0,0,0,0,0,0,0,0,0,0,0,17,7,0,0,0,0,0,0,0,0,1,0,0,0,0,0,0,0,0,0,0,0,0,0,0,0,1,0,0,0,0,0,0,0,1,0,1,1,0,1,0,0,0,0,0,0,0,0,0,0,0,0,0,0,0,0,0,0,0,1.4,0.5,0,0,0,0,0,0,0,0,0,100,1,0,1,144,109,139,139,139,144,0,90030,0,0,90060,90100,0,-1,-1,0,0,1,1,0.9,1,0.8,1,1,1.4,0,0,0,-1,-1,128,2002,-1,200,10,252,0,0,-1,5010,5800,-1,18699,440,11898,4300,-1,-1,-1,-1,-1,-1,-1,-1,-1,0,-1,0,0,0,1,1,1,0,0,-1,-1,0,0,0,0,0,0,900,-1,3170,0,0,0,180,50,0.1,-1,-1,-1,-1,1.8,0,0,0,1,0,0,0,0,0,0,0,0,1,0,-1,-1,-1,-1,-1,-1,-1,-1,2900,0.1,0.4,3172,1,1,50,0.29,100,3003,-1,5004,6002,-1,0,0.5,0.6,0,-1,0,1,1,1,1,1,1,1,1,1,1,1,1,1,1,1,1,1,1,-1,0,-1,0,-1,-1,-1,-1,[0|0|0|0|0|0|0|0|0|0|0|0],
31709052,Latenna the Albinauric,0,0,[0|0|0],31700,-1,122800,0.1,1.4,0.5,130,0,487,0,100,-1,-1,-1,0,0,-1,-1,0.5,-1,5400,0,0,7160,0,0,90000,0,-1,0,0,0,0,0,-1,-1,-1,-1,-1,-1,16,3000,3001,3002,3003,3004,3005,3006,3007,3008,3009,6001,6000,0,1,1,1,1,1,1,1,1,1.5,-0.23076923,0,50,21,100,0,0,0,100,100,100,0,999,112,154,999,-1,-1,0,0,0,0,-1,-1,1,0,0,0,0,112,999,0,0,-1,0,0,11,0,0,0,3,40,110,110,0,0,0,0,0,0,0,0,0,0,0,0,0,17,7,0,0,0,0,0,0,0,0,1,0,0,0,0,0,0,0,0,0,0,0,0,0,0,0,1,0,0,0,0,0,0,0,1,0,1,1,0,1,0,0,0,0,0,0,0,0,0,0,0,0,0,0,0,0,0,0,0,1.4,0.5,0,0,0,0,0,0,0,0,0,100,1,0,1,144,109,139,139,139,144,0,90030,0,0,90060,90100,0,-1,-1,0,0,1,1,0.9,1,0.8,1,1,1.4,0,0,0,-1,-1,128,2002,-1,200,10,252,0,0,-1,5010,5800,-1,18699,440,11898,4300,-1,-1,-1,295000,-1,-1,-1,-1,-1,0,-1,0,0,0,1,1,1,0,0,-1,-1,0,0,0,0,0,0,900,-1,3170,0,0,0,180,50,0.1,-1,-1,-1,-1,1.8,0,0,0,1,0,0,0,0,0,0,0,0,1,0,-1,-1,-1,-1,-1,-1,-1,-1,2900,0.1,0.4,3172,1,1,50,0.29,100,3003,-1,5004,6002,-1,0,0.5,0.6,0,-1,0,1,1,1,1,1,1,1,1,1,1,1,1,1,1,1,1,1,1,-1,0,-1,0,-1,-1,-1,-1,[0|0|0|0|0|0|0|0|0|0|0|0],
31810052,Red Wolf of Radagon,0,0,[0|0|0],31810,1003,0,120,3,1,130,0,973,0,1500,318100000,-1,10,5,0,-1,-1,1.1,-1,5360,0,0,7160,0,0,0,0,-1,0,0,0,0,0,-1,-1,-1,-1,-1,-1,280,3000,3001,3002,3003,3004,3005,3006,3007,3008,3009,6001,6000,0,1,1,1,1,1,1,1,1,1.5,0.84615386,0,50,21,100,0,0,0,100,100,100,0,154,154,252,999,-1,-1,0,0,0,0,-1,-1,1,0,0,0,0,154,999,0,0,-1,10,0,12,0,0,6,4,40,110,110,0,0,0,0,0,0,0,0,0,0,2,0,2,17,7,0,0,1,0,0,0,1,0,0,0,0,0,0,0,0,0,0,0,0,0,0,0,0,0,0,0,0,0,0,0,0,0,0,1,1,0,0,1,0,0,0,0,0,0,0,0,0,0,0,0,0,0,0,0,0,0,0,3,1,2,0,0,0,0,0,1,0,0,100,1,4,3,109,109,139,139,139,139,0,90030,0,0,90060,90100,0,5262,-1,0,0.4,1,1.1,1,1,0.6,0.8,0.8,0.8,0,0,0,-1,-1,256,2003,-1,200,30,252,0,0,3181,-1,5851,-1,-1,-1,-1,-1,-1,-1,-1,-1,-1,-1,-1,-1,-1,0,2,1,0,0,1,1,1,0,0,-1,-1,0,0,0,0,0,0,-1,-1,3181,40,5,9,180,200,0.1,-1,-1,-1,-1,10,0,0,0,1,0,0,0,0,0,0,0,0,1,0,-1,-1,-1,-1,-1,-1,-1,-1,2910,0.1,0.4,-1,0,0,120,0.29,100,3004,-1,5004,6003,-1,0,0.5,0.4,0,-1,0,1,1,1,1,1,1,1,1,1,1,1,1,1,1,1,1,1,1,-1,0,-1,0,-1,-1,-1,-1,[0|0|0|0|0|0|0|0|0|0|0|0],
31811024,Red Wolf of Radagon Sword (Archives),0,0,[0|0|0],31810,1003,0,120,3,1,130,0,973,0,1500,-1,-1,10,5,0,-1,-1,1.1,-1,5360,0,0,7060,0,90400,0,0,-1,0,0,0,0,0,-1,-1,-1,-1,-1,-1,280,3000,3001,3002,3003,3004,3005,3006,3007,3008,3009,6001,6000,0,1,1,1,1,1,1,1,1,1.5,0.84615386,0,50,21,100,0,0,0,100,100,100,0,154,154,252,999,-1,-1,0,0,0,0,-1,-1,1,0,0,0,0,154,999,0,0,-1,10,0,12,0,0,6,4,40,110,110,0,0,0,0,0,0,0,0,0,0,2,0,2,17,7,0,0,1,0,0,0,1,0,0,0,0,0,0,0,0,0,0,0,0,0,0,0,0,0,0,0,0,0,0,0,0,0,0,1,1,0,0,1,0,0,0,0,0,0,0,0,0,0,0,0,0,0,0,0,0,0,0,3,1,2,1,0,0,0,0,1,0,0,100,1,4,3,109,109,139,139,139,139,95000,90030,95010,95020,90060,90100,0,-1,-1,0,0.4,1,1.1,1,1,0.6,0.8,0.8,0.8,0,0,0,-1,-1,256,2003,-1,300,30,252,0,0,3181,16902,5851,-1,-1,-1,-1,-1,-1,-1,-1,-1,-1,-1,-1,-1,4301,0,2,1,0,0,1,1,1,0,0,-1,-1,0,0,0,0,0,0,-1,-1,3181,40,5,9,180,200,0.1,-1,-1,-1,-1,10,0,0,0,1,0,0,0,0,0,0,0,0,1,0,-1,-1,-1,-1,-1,-1,-1,-1,2910,0.1,0.4,-1,0,0,120,0.29,100,3004,-1,5004,6003,-1,0,0.5,0.4,0,-1,0,1,1,1,1,1,1,1,1,1,1,1,1,1,1,1,1,1,1,-1,0,-1,0,-1,-1,-1,-1,[0|0|0|0|0|0|0|0|0|0|0|0],
31811032,Red Wolf of the Champion,0,0,[0|0|0],31810,1003,0,120,3,1,130,0,973,0,1500,-1,-1,10,5,0,-1,-1,1.1,-1,5360,0,0,7090,0,90400,0,0,-1,0,0,0,0,0,-1,-1,-1,-1,-1,-1,280,3000,3001,3002,3003,3004,3005,3006,3007,3008,3009,6001,6000,0,1,1,1,1,1,1,1,1,1.5,0.84615386,0,50,21,100,0,0,0,100,100,100,0,154,154,252,999,-1,-1,0,0,0,0,-1,-1,1,0,0,0,0,154,999,0,0,-1,10,0,12,0,0,6,4,40,110,110,0,0,0,0,0,0,0,0,0,0,2,0,2,17,7,0,0,1,0,0,0,1,0,0,0,0,0,0,0,0,0,0,0,0,0,0,0,0,0,0,0,0,0,0,0,0,0,0,1,1,0,0,1,0,0,0,0,0,0,0,0,0,0,0,0,0,0,0,0,0,0,0,3,1,2,1,0,0,0,0,1,0,0,100,1,4,3,109,109,139,139,139,139,95000,90030,95010,95020,90060,90100,0,-1,-1,0,0.4,1,1.1,1,1,0.6,0.8,0.8,0.8,0,0,0,-1,-1,256,2003,-1,300,30,252,0,0,3181,16902,5851,-1,-1,-1,-1,-1,-1,-1,-1,-1,-1,-1,-1,-1,4301,0,2,1,0,0,1,1,1,0,0,-1,-1,0,0,0,0,0,0,-1,-1,3181,40,5,9,180,200,0.1,-1,-1,-1,-1,10,0,0,0,1,0,0,0,0,0,0,0,0,1,0,-1,-1,-1,-1,-1,-1,-1,-1,2910,0.1,0.4,-1,0,0,120,0.29,100,3004,-1,5004,6003,-1,0,0.5,0.4,0,-1,0,1,1,1,1,1,1,1,1,1,1,1,1,1,1,1,1,1,1,-1,0,-1,0,-1,-1,-1,-1,[0|0|0|0|0|0|0|0|0|0|0|0],
32500033,Draconic Tree Sentinel (Capital Outskirts),0,0,[0|0|0],32500,1003,0,60,3.9,1.1,100,0,2036,0,3000,-1,-1,10,3,0,-1,-1,0.9,-1,5400,5324,5364,7110,0,90400,0,0,-1,0,0,0,0,0,-1,-1,-1,-1,-1,-1,230,3000,3001,3002,3003,3004,3005,3006,3007,3008,3009,6001,6000,0,1,1,1,1,1,1,1,1,1.5,0.23076923,0,50,21,100,0,0,0,100,100,100,0,154,154,252,999,-1,-1,0,0,0,0,-1,-1,1,0,0,0,0,154,999,0,0,-1,10,0,13,0,0,7,13,40,110,110,0,0,4,0,0,0,0,0,0,0,2,0,2,17,7,0,0,1,0,0,0,1,0,1,0,0,0,0,0,0,0,0,0,1,0,0,0,0,0,0,0,0,0,0,0,0,0,0,0,1,0,0,1,0,0,0,0,0,0,0,0,0,0,0,0,0,0,0,0,0,0,0,3.9,1.1,1,1,0,0,0,1,0,0,0,100,12,0,2,140,109,139,112,139,112,95000,90030,95010,5851,90060,90100,0,-1,-1,0,0,0.9,0.65,0.9,0.9,0.8,0.6,0.6,0.8,0,0,0,-1,-1,512,2003,-1,400,30,252,0,0,3250,5800,-1,-1,-1,-1,-1,-1,-1,-1,-1,-1,-1,-1,-1,-1,4301,0,-1,1,0,0,1,1,1,0,0,-1,-1,0,0,0,0,0,0,-1,-1,-1,30,0,0,180,100,0.1,-1,-1,-1,-1,1.8,0,0,0,1,0,0,0,0,0,0,0,0,1,0,-1,-1,-1,-1,-1,-1,-1,-1,-1,0.1,0.4,-1,0,0,80,0.29,100,3004,-1,5004,6003,-1,0,0.5,0.6,0,-1,0,1,1,1,1,1,1,1,1,1,1,1,1,1,1,1,1,1,1,-1,0,-1,0,-1,-1,-1,-1,[0|0|0|0|0|0|0|0|0|0|0|0],
32500070,Draconic Tree Sentinel,0,0,[0|0|0],32500,1003,0,60,3.9,1.1,100,0,2036,0,3000,325000000,-1,10,3,0,-1,-1,0.9,-1,5400,5324,5364,7150,0,0,0,0,-1,0,0,0,0,0,-1,-1,-1,-1,-1,-1,230,3000,3001,3002,3003,3004,3005,3006,3007,3008,3009,6001,6000,0,1,1,1,1,1,1,1,1,1.5,0.23076923,0,50,21,100,0,0,0,100,100,100,0,154,154,252,999,-1,-1,0,0,0,0,-1,-1,1,0,0,0,0,154,999,0,0,-1,10,0,13,0,0,7,13,40,110,110,0,0,4,0,0,0,0,0,0,0,2,0,2,17,7,0,0,1,0,0,0,1,0,1,0,0,0,0,0,0,0,0,0,1,0,0,0,0,0,0,0,0,0,0,0,0,0,0,0,1,0,0,1,0,0,0,0,0,0,0,0,0,0,0,0,0,0,0,0,0,0,0,3.9,1.1,1,0,0,0,0,0,0,0,0,100,1,0,2,140,109,139,112,139,112,0,90030,0,5851,90060,90100,0,-1,-1,0,0,0.9,0.65,0.9,0.9,0.8,0.6,0.6,0.8,0,0,0,-1,-1,512,2003,-1,200,30,252,0,0,3250,5800,-1,-1,-1,-1,-1,-1,-1,-1,-1,-1,-1,-1,-1,-1,-1,0,-1,1,0,0,1,1,1,0,0,-1,-1,0,0,0,0,0,0,-1,-1,-1,30,0,0,180,100,0.1,-1,-1,-1,-1,1.8,0,0,0,1,0,0,0,0,0,0,0,0,1,0,-1,-1,-1,-1,-1,-1,-1,-1,-1,0.1,0.4,-1,0,0,80,0.29,100,3004,-1,5004,6003,-1,0,0.5,0.6,0,-1,0,1,1,1,1,1,1,1,1,1,1,1,1,1,1,1,1,1,1,-1,0,-1,0,-1,-1,-1,-1,[0|0|0|0|0|0|0|0|0|0|0|0],
32510010,Tree Sentinel (Limgrave),0,0,[0|0|0],32510,1003,0,60,3.9,1.1,100,0,1745,0,3000,-1,-1,10,3,0,-1,-1,0.9,-1,5400,5324,5364,7030,0,90400,0,0,-1,90,75,75,55,0,-1,-1,-1,-1,-1,-1,230,3000,3001,3002,3003,3004,3005,3006,3007,3008,3009,6001,6000,0,1,1,1,1,1,1,1,1,1.5,0.23076923,0,50,21,100,0,0,0,100,100,100,0,154,154,252,999,-1,-1,0,0,0,0,-1,-1,1,0,0,0,70,154,999,75,75,-1,10,0,13,0,0,7,13,40,110,110,0,0,4,0,75,75,75,75,0,0,2,0,2,17,7,0,0,1,0,0,0,1,0,1,0,0,0,0,0,0,0,0,0,1,0,0,0,0,0,0,0,0,0,0,0,0,0,0,0,1,0,0,1,0,0,0,0,0,0,0,0,0,0,0,0,0,0,0,0,0,0,0,3.9,1.1,1,1,0,0,0,1,0,0,0,100,12,0,2,140,109,139,112,139,112,95000,90030,95010,5851,90060,90100,0,-1,-1,0,0,0.9,0.65,0.9,0.9,0.8,0.6,1,0.6,85,0,0,-1,-1,512,2003,-1,400,30,252,75,0,3251,5800,-1,-1,13784,-1,-1,-1,-1,-1,-1,-1,-1,-1,-1,-1,4301,0,-1,1,0,0,1,1,1,0,0,-1,-1,0,0,0,0,0,0,-1,-1,-1,30,0,0,180,100,0.1,-1,-1,-1,-1,1.8,0,0,0,1,0,0,0,0,0,0,0,0,1,0,-1,-1,-1,-1,-1,-1,-1,-1,-1,0.1,0.4,-1,0,0,80,0.29,100,3004,-1,5004,6003,-1,0,0.5,0.6,0,-1,0,1,1,1,1,1,1,1,1,1,1,1,1,1,1,1,1,1,1,-1,0,-1,0,-1,-1,-1,-1,[0|0|0|0|0|0|0|0|0|0|0|0],
32510034,Tree Sentinel  (Leyndell),0,0,[0|0|0],32510,1003,0,60,3.9,1.1,100,0,1745,0,3000,-1,-1,10,3,0,-1,-1,0.9,-1,5400,5324,5364,7100,0,90400,0,0,-1,90,75,75,55,0,-1,-1,-1,-1,-1,-1,230,3000,3001,3002,3003,3004,3005,3006,3007,3008,3009,6001,6000,0,1,1,1,1,1,1,1,1,1.5,0.23076923,0,50,21,100,0,0,0,100,100,100,0,154,154,252,999,-1,-1,0,0,0,0,-1,-1,1,0,0,0,70,154,999,75,75,-1,10,0,13,0,0,7,13,40,110,110,0,0,4,0,75,75,75,75,0,0,2,0,2,17,7,0,0,1,0,0,0,1,0,1,0,0,0,0,0,0,0,0,0,1,0,0,0,0,0,0,0,0,0,0,0,0,0,0,0,1,0,0,1,0,0,0,0,0,0,0,0,0,0,0,0,0,0,0,0,0,0,0,3.9,1.1,1,1,0,0,0,1,0,0,0,100,1,0,2,140,109,139,112,139,112,95000,90030,95010,5851,90060,90100,0,-1,-1,0,0,0.9,0.65,0.9,0.9,0.8,0.6,1,0.6,85,0,0,-1,-1,512,2003,-1,400,30,252,75,0,3251,5800,-1,-1,-1,-1,-1,-1,-1,-1,-1,-1,-1,-1,-1,-1,-1,0,-1,1,0,0,1,1,1,0,0,-1,-1,0,0,0,0,0,0,-1,-1,-1,30,0,0,180,100,0.1,-1,-1,-1,-1,1.8,0,0,0,1,0,0,0,0,0,0,0,0,1,0,-1,-1,-1,-1,-1,-1,-1,-1,-1,0.1,0.4,-1,0,0,80,0.29,100,3004,-1,5004,6003,-1,0,0.5,0.6,0,-1,0,1,1,1,1,1,1,1,1,1,1,1,1,1,1,1,1,1,1,-1,0,-1,0,-1,-1,-1,-1,[0|0|0|0|0|0|0|0|0|0|0|0],
32510070,Tree Sentinel,0,0,[0|0|0],32510,1003,0,60,3.9,1.1,100,0,1745,0,3000,325100000,-1,10,3,0,-1,-1,0.9,-1,5400,5324,5364,7150,0,0,0,0,-1,90,75,75,55,0,-1,-1,-1,-1,-1,-1,230,3000,3001,3002,3003,3004,3005,3006,3007,3008,3009,6001,6000,0,1,1,1,1,1,1,1,1,1.5,0.23076923,0,50,21,100,0,0,0,100,100,100,0,154,154,252,999,-1,-1,0,0,0,0,-1,-1,1,0,0,0,70,154,999,75,75,-1,10,0,13,0,0,7,13,40,110,110,0,0,4,0,75,75,75,75,0,0,2,0,2,17,7,0,0,1,0,0,0,1,0,1,0,0,0,0,0,0,0,0,0,1,0,0,0,0,0,0,0,0,0,0,0,0,0,0,0,1,0,0,1,0,0,0,0,0,0,0,0,0,0,0,0,0,0,0,0,0,0,0,3.9,1.1,1,0,0,0,0,0,0,0,0,100,1,0,2,140,109,139,112,139,112,0,90030,0,5851,90060,90100,0,-1,-1,0,0,0.9,0.65,0.9,0.9,0.8,0.6,1,0.6,85,0,0,-1,-1,512,2003,-1,200,30,252,75,0,3251,5800,-1,-1,-1,-1,-1,-1,-1,-1,-1,-1,-1,-1,-1,-1,-1,0,-1,1,0,0,1,1,1,0,0,-1,-1,0,0,0,0,0,0,-1,-1,-1,30,0,0,180,100,0.1,-1,-1,-1,-1,1.8,0,0,0,1,0,0,0,0,0,0,0,0,1,0,-1,-1,-1,-1,-1,-1,-1,-1,-1,0.1,0.4,-1,0,0,80,0.29,100,3004,-1,5004,6003,-1,0,0.5,0.6,0,-1,0,1,1,1,1,1,1,1,1,1,1,1,1,1,1,1,1,1,1,-1,0,-1,0,-1,-1,-1,-1,[0|0|0|0|0|0|0|0|0|0|0|0],
32511030,Tree Sentinel - Torch (Altus Plateau),0,0,[0|0|0],32510,1003,0,60,3.9,1.1,100,0,1454,0,3000,-1,-1,10,3,0,-1,-1,0.9,-1,5400,5324,5364,7100,0,90400,0,0,-1,0,0,0,0,0,-1,-1,-1,-1,-1,-1,230,3000,3001,3002,3003,3004,3005,3006,3007,3008,3009,6001,6000,0,1,1,1,1,1,1,1,1,1.5,0.23076923,0,50,21,100,0,0,0,100,100,100,0,154,154,252,999,-1,-1,0,0,0,0,-1,-1,1,0,0,0,0,154,999,0,0,-1,10,0,13,0,1,33,13,40,110,110,0,0,0,0,0,0,0,0,0,0,2,0,2,17,7,0,0,1,0,0,0,1,0,1,0,0,0,0,0,0,0,0,0,0,1,0,0,0,0,0,0,0,0,0,0,0,0,0,0,1,1,0,1,0,0,0,0,0,0,0,0,0,0,0,0,0,0,0,0,0,0,0,3.9,1.1,1,1,0,0,0,1,0,0,0,100,12,0,2,140,109,139,112,139,112,95000,90030,95010,5851,90060,90100,0,-1,-1,0,0,0.9,0.65,0.9,0.9,0.8,0.6,1,0.6,0,0,0,-1,-1,512,2003,-1,400,30,252,0,0,3251,5800,13750,13751,-1,-1,-1,-1,-1,-1,-1,-1,-1,-1,-1,-1,4301,0,-1,1,0,0,1,1,1,0,0,-1,-1,0,0,0,0,0,0,-1,-1,-1,30,0,0,180,100,0.1,-1,-1,-1,-1,1.8,0,0,0,1,0,0,0,0,0,0,0,0,1,0,-1,-1,-1,-1,-1,-1,-1,-1,-1,0.1,0.4,-1,0,0,80,0.29,100,3004,-1,5004,6003,-1,0,0.5,0.6,0,-1,0,1,1,1,1,1,1,1,1,1,1,1,1,1,1,1,1,1,1,-1,0,-1,0,-1,-1,-1,-1,[0|0|0|0|0|0|0|0|0|0|0|0],
32520054,Loretta- Knight of the Haligtree,0,0,[0|0|0],32520,1003,0,60,3.4,1.1,100,0,1860,0,1500,-1,-1,10,3,0,-1,-1,0.9,-1,5400,5324,5364,7180,0,90400,0,0,-1,0,0,0,0,0,-1,-1,-1,-1,-1,-1,180,3000,3001,3002,3003,3004,3005,3006,3007,3008,3009,6001,6000,0,1,1,1,1,1,1,1,1,1.5,0.23076923,0,50,21,100,0,0,0,100,100,100,0,154,154,252,999,-1,-1,0,0,0,0,-1,-1,1,0,0,0,0,154,999,0,0,-1,10,0,13,0,0,7,13,40,110,110,0,0,4,0,0,0,0,0,0,0,2,0,2,17,7,0,0,1,0,0,0,1,0,1,0,0,0,0,0,0,0,0,0,1,0,0,0,0,0,0,0,0,0,0,0,0,0,0,0,1,1,0,1,0,0,0,0,0,0,0,0,0,0,0,0,0,0,0,0,0,0,0,3.4,1.1,1,1,0,0,0,0,0,0,0,100,1,0,2,106,109,139,106,139,106,95000,90030,95010,5851,90060,90100,0,-1,-1,0,0,0.9,0.9,0.9,0.9,0.6,0.6,1,0.8,0,0,0,-1,-1,512,2003,-1,300,30,252,0,0,3252,5800,-1,13823,-1,-1,-1,-1,-1,-1,-1,-1,-1,-1,-1,-1,4301,0,-1,1,0,0,1,1,1,0,0,-1,-1,0,0,0,0,0,0,-1,-1,-1,30,0,0,180,100,0.1,-1,-1,-1,-1,1.8,0,0,0,1,0,0,0,0,0,0,0,0,1,0,-1,-1,-1,-1,-1,-1,-1,-1,-1,0.1,0.4,-1,0,0,80,0.29,100,3004,-1,5004,6003,-1,0,0.5,0.6,0,-1,0,1,1,1,1,1,1,1,1,1,1,1,1,1,1,1,1,1,1,-1,0,-1,0,-1,-1,-1,-1,[0|0|0|0|0|0|0|0|0|0|0|0],
32520921,Royal Knight Loretta,0,0,[0|0|0],32520,-1,0,60,3.4,1.1,100,0,1860,0,1500,-1,-1,10,3,0,-1,-1,0.9,-1,5400,5324,5364,7060,0,90400,90000,90010,-1,0,0,0,0,0,-1,-1,-1,-1,-1,-1,180,3000,3001,3002,3003,3004,3005,3006,3007,3008,3009,6001,6000,0,1,1,1,1,1,1,1,1,1.5,0.23076923,0,50,21,100,0,0,0,100,100,100,0,999,999,999,999,-1,-1,0,0,0,0,-1,-1,1,0,0,0,0,999,999,0,0,-1,10,0,13,0,0,7,13,40,143,143,0,0,4,0,0,0,0,0,0,0,2,0,2,17,7,0,0,1,0,0,0,1,0,1,0,0,0,0,0,0,0,0,0,1,0,0,0,0,0,0,0,0,0,0,0,0,0,0,0,1,0,0,1,0,0,0,0,0,0,0,0,0,0,0,0,0,0,0,0,0,0,0,3.4,1.1,1,1,0,0,0,0,0,0,0,100,1,0,2,142,142,139,139,139,139,90020,90030,90040,90300,90060,90100,0,-1,-1,0,0,0.9,0.9,0.9,0.9,0.6,0.6,1,0.8,0,0,0,-1,-1,0,-1,-1,300,30,999,0,0,3252,5800,13822,-1,13824,-1,-1,-1,-1,-1,-1,-1,-1,-1,-1,-1,4301,0,-1,1,0,0,1,1,1,0,0,-1,-1,0,0,0,0,0,0,-1,-1,-1,30,0,0,180,100,0.1,-1,-1,-1,-1,1.8,0,0,0,1,0,0,0,0,0,0,0,0,1,0,-1,-1,-1,-1,-1,-1,-1,-1,-1,0.1,0.4,-1,0,0,80,0.29,100,-1,-1,-1,-1,-1,0,0.5,0.6,0,-1,0,1,1,1,1,1,1,1,1,1,1,1,1,1,1,1,1,1,1,-1,0,-1,0,-1,-1,-1,-1,[0|0|0|0|0|0|0|0|0|0|0|0],
33000900,Nox Swordstress,0,0,[0|0|0],33000,1003,0,120,2.3,0.4,120,0,339,0,400,330000000,-1,10,0,0,-1,-1,0.6,-1,5400,0,0,0,0,0,0,0,-1,50,30,30,30,0,-1,-1,-1,-1,-1,-1,16,3000,3001,3002,3003,3004,3005,3006,3007,3008,3009,6001,6000,0,1,1,1,1,1,1,1,1,1.5,0,0,200,21,100,0,0,0,100,100,100,0,154,154,154,999,-1,-1,60,0,0,0,-1,-1,0,0,0,0,30,112,999,30,0,-1,10,0,11,0,0,26,3,40,110,110,0,0,2,0,30,30,30,30,0,0,0,0,0,22,7,0,0,0,0,0,0,0,0,1,0,0,0,0,1,0,0,0,0,0,0,0,0,0,0,0,0,0,0,0,0,0,0,0,0,1,0,0,1,0,0,0,0,0,0,0,0,0,0,0,1,0,0,0,0,0,0,0,2.3,0.4,0,0,0,0,0,0,0,0,0,100,0,0,1,144,109,139,108,139,144,0,90030,0,5851,90060,90161,0,5261,-1,35,0.4,1,1.1,1,1,0.8,1,1,1.2,30,0,0,-1,-1,256,2003,-1,100,30,154,30,0,-1,5800,-1,-1,-1,-1,-1,-1,-1,-1,-1,-1,-1,-1,-1,-1,-1,0,-1,0,0,0,1,1,1,0,0,-1,-1,0,0,0,0,0,0,-1,-1,-1,0,0,0,180,50,0.1,-1,-1,-1,-1,2.5,0,0,0,1,0,0,0,0,0,0,0,0,1,-0.15,-1,-1,-1,-1,-1,-1,-1,-1,-1,0.1,0.4,-1,0,0,65,0.29,100,3003,-1,5003,6002,-1,0,0.5,0.6,0,-1,0,1,1,1,1,1,1,1,1,1,1,1,1,1,1,1,1,1,1,-1,0,-1,0,-1,-1,-1,-1,[0|0|0|0|0|0|0|0|0|0|0|0],
33000940,Nox Swordstress (Boss),0,0,[0|0|0],33000,1003,0,120,2.3,0.4,120,0,339,0,400,-1,-1,10,0,0,-1,-1,0.6,-1,5400,0,0,7070,0,90400,0,0,-1,50,30,30,30,0,-1,-1,-1,-1,-1,-1,16,3000,3001,3002,3003,3004,3005,3006,3007,3008,3009,6001,6000,0,1,1,1,1,1,1,1,1,1.5,0,0,200,21,100,0,0,0,100,100,100,0,154,154,154,999,-1,-1,60,0,0,0,-1,-1,0,0,0,0,30,112,999,30,0,-1,10,0,11,0,0,6,3,40,110,110,0,0,2,0,30,30,30,30,0,0,0,0,0,22,7,0,0,0,0,0,0,0,0,1,0,0,0,0,1,0,0,0,0,0,0,0,0,0,0,0,0,0,0,0,0,0,0,0,0,1,1,0,1,0,0,0,0,0,0,0,0,0,0,0,1,0,0,0,0,0,0,0,2.3,0.4,0,1,0,0,0,0,0,0,0,100,1,0,1,144,109,139,108,139,144,95000,90030,95010,5851,90060,90161,0,-1,-1,35,0.4,1,1.1,1,1,0.8,1,1,1.2,30,0,0,-1,-1,256,2003,-1,300,30,154,30,0,-1,5800,-1,-1,-1,-1,-1,-1,-1,-1,-1,-1,-1,4410,-1,-1,4301,0,-1,0,0,0,1,1,1,0,0,-1,-1,0,0,0,0,0,0,-1,-1,-1,0,0,0,180,50,0.1,-1,-1,-1,-1,2.5,0,0,0,1,0,0,0,0,0,0,0,0,1,-0.15,-1,-1,-1,-1,-1,-1,-1,-1,-1,0.1,0.4,-1,0,0,65,0.29,100,3003,-1,5003,6002,-1,0,0.5,0.6,0,-1,0,1,1,1,1,1,1,1,1,1,1,1,1,1,1,1,1,1,1,-1,0,-1,0,-1,-1,-1,-1,[0|0|0|0|0|0|0|0|0|0|0|0],
33001940,Nox Monk (Boss),0,0,[0|0|0],33100,1003,0,120,2.3,0.4,120,0,339,0,400,-1,-1,10,0,0,-1,-1,0.6,-1,5401,0,0,7070,0,90400,0,0,-1,50,30,30,30,0,-1,-1,-1,-1,-1,-1,16,3000,3001,3002,3003,3004,3005,3006,3007,3008,3009,6001,6000,0,1,1,1,1,1,1,1,1,1.5,0,0,200,21,100,0,0,0,100,100,100,0,154,154,154,999,-1,-1,0,0,0,0,-1,-1,0,0,0,0,30,112,999,30,0,-1,10,0,11,0,0,6,3,40,110,110,0,0,2,0,30,30,30,30,0,0,0,0,0,22,7,0,0,0,0,0,0,0,0,0,0,0,0,0,1,0,0,0,0,0,0,1,0,0,0,0,0,0,0,0,0,0,0,1,0,1,1,0,1,0,0,0,0,0,0,0,0,0,0,0,0,0,1,1,0,0,0,0,2.3,0.4,0,1,0,0,0,0,0,0,0,100,1,0,1,144,109,139,108,139,144,95000,90030,95010,5851,90060,90161,0,-1,-1,35,0.4,1,1.1,1,1,0.8,1,1,1.2,30,0,0,-1,-1,256,2003,-1,300,30,154,30,0,-1,5800,-1,-1,-1,-1,-1,-1,-1,-1,-1,-1,-1,4410,-1,-1,4301,0,-1,0,0,0,1,1,1,0,0,-1,-1,0,0,0,0,0,0,-1,-1,-1,0,0,0,180,50,0.1,-1,-1,-1,-1,2.5,0,0,0,1,0,0,0,0,0,0,0,0,1,-0.15,-1,-1,-1,-1,-1,-1,-1,-1,-1,0.1,0.4,-1,0,0,65,0.29,100,3003,-1,5003,6002,-1,0,0.5,0.6,0,-1,0,1,1,1,1,1,1,1,1,1,1,1,1,1,1,1,1,1,1,-1,0,-1,0,-1,-1,-1,-1,[0|0|0|0|0|0|0|0|0|0|0|0],
33201052,Silver Tear,0,0,[0|0|0],33200,1004,0,60,1.3,0.75,130,0,111,0,100,-1,-1,-1,0,0,-1,-1,0.75,-1,5401,0,0,7160,0,0,90000,90010,-1,75,90,90,0,0,-1,-1,-1,-1,-1,-1,16,3000,3001,3002,3003,3004,3005,3006,3007,3008,3009,6001,6000,0,1,1,1,1,1,1,1,1,1.5,0,0,300,21,100,0,0,0,100,100,100,0,252,252,999,999,-1,-1,60,0,0,0,-1,-1,1,0,0,100,30,999,999,0,0,-1,10,0,11,0,0,6,3,40,139,139,0,0,2,0,0,0,0,0,0,0,0,0,0,17,7,0,0,0,0,0,0,1,0,0,0,0,0,0,0,0,0,0,0,0,0,0,0,0,0,0,0,0,0,0,0,0,0,0,0,1,0,0,1,0,0,0,0,0,0,0,0,0,0,0,0,0,0,0,0,0,0,0,1.3,0.75,0,0,0,0,0,0,0,0,0,100,1,0,1,101,101,139,139,139,139,90020,90030,0,90300,90060,90100,0,-1,-1,35,0.4,0.65,0.65,0.65,0.65,0.8,0.6,1,0.8,90,0,0,-1,-1,128,2004,-1,100,10,252,0,0,-1,-1,-1,16301,-1,-1,-1,-1,-1,-1,-1,-1,-1,-1,-1,-1,-1,0,2,0,0,0,1,1,1,0,0,-1,-1,0,0,0,0,0,0,-1,-1,-1,50,50,0,180,50,0.1,-1,-1,-1,3320,2.5,0,0,0,1,0,0,0,0,0,0,0,0,1,0,-1,-1,-1,-1,-1,-1,-1,-1,-1,0.1,0.4,-1,0,0,65,0.29,100,-1,-1,5004,-1,-1,0,0.5,0.6,0,-1,0,1,1,1,1,1,1,1,1,1,1,1,1,1,1,1,1,1,1,-1,0,-1,0,-1,-1,-1,-1,[0|0|0|0|0|0|0|0|0|0|0|0],
33209010,Asimi- Silver Tear,0,0,[0|0|0],33200,1004,121800,60,1.3,0.75,130,0,111,0,100,-1,-1,-1,0,0,-1,-1,0.75,-1,5400,0,0,7010,0,0,90000,90010,-1,75,90,90,0,0,-1,-1,-1,-1,-1,-1,16,3000,3001,3002,3003,3004,3005,3006,3007,3008,3009,6001,6000,0,1,1,1,1,1,1,1,1,1.5,0,0,300,21,100,0,0,0,100,100,100,0,252,252,999,999,-1,-1,60,0,0,0,-1,-1,1,0,0,100,30,999,999,0,0,-1,10,0,11,0,0,6,3,40,139,139,0,0,2,0,0,0,0,0,0,0,0,0,0,17,7,0,0,0,0,0,0,1,0,0,1,1,0,0,0,0,0,0,0,0,0,0,0,0,0,0,0,0,0,0,0,0,0,0,0,1,0,0,1,0,0,0,0,0,0,0,0,0,0,0,0,0,0,0,0,0,0,0,1.3,0.75,0,0,0,0,0,0,0,0,0,100,1,0,1,101,101,139,139,139,139,90020,90030,0,90300,90060,90100,0,-1,-1,35,0.4,0.65,0.65,0.65,0.65,0.8,0.6,1,0.8,90,0,0,-1,-1,128,2004,-1,100,10,252,0,0,-1,-1,18699,16300,-1,-1,5800,440,-1,-1,-1,-1,-1,-1,-1,-1,-1,0,2,0,0,0,1,1,1,0,0,-1,-1,0,0,0,0,0,0,-1,-1,-1,50,50,0,180,50,0.1,-1,-1,-1,3320,2.5,0,0,0,1,0,0,0,0,0,0,0,0,1,0,-1,-1,-1,-1,-1,-1,-1,-1,-1,0.1,0.4,-1,0,0,65,0.29,100,-1,-1,5004,-1,-1,0,0.5,0.6,0,-1,0,1,1,1,1,1,1,1,1,1,1,1,1,1,1,1,1,1,1,-1,0,-1,0,-1,-1,-1,-1,[0|0|0|0|0|0|0|0|0|0|0|0],
33500154,Crystalian (Spirit),0,0,[0|0|0],33500,-1,0,120,2.8,0.4,130,0,352,0,1500,-1,-1,10,0,0,-1,-1,0.8,-1,5400,0,5368,7180,0,0,90000,90010,-1,100,0,0,0,0,-1,-1,-1,-1,-1,-1,20,3000,3001,3002,3003,3004,3005,3006,3007,3008,3009,6001,6000,0,1,1,1,1,1,1,1,1,1.5,0.07692308,0,50,21,100,0,0,0,100,100,100,0,999,999,999,999,-1,-1,0,0,0,0,-1,-1,1,0,0,0,0,999,999,0,0,-1,10,0,11,0,0,6,3,40,122,122,0,0,2,0,0,0,0,0,0,0,0,0,0,17,7,0,0,0,0,0,0,0,0,1,1,0,0,0,0,0,0,0,0,1,0,0,0,0,0,0,0,0,0,0,0,0,0,0,0,1,0,0,1,0,0,0,0,0,0,0,0,0,0,0,0,0,0,0,0,0,0,0,2.8,0.4,0,0,0,0,0,0,0,0,0,100,1,0,1,122,122,139,139,139,139,90020,90030,90040,90300,90060,90100,0,-1,-1,0,0,0.9,0.65,0.9,0.65,0.6,0.6,0.6,0.6,0,0,0,-1,-1,128,-1,-1,100,30,999,0,0,-1,5800,5890,-1,11550,-1,11595,-1,-1,-1,-1,-1,-1,-1,-1,-1,-1,0,2,0,0,0,1,1,1,0,0,-1,-1,0,0,0,0,0,0,-1,-1,-1,0,0,0,180,50,0.1,-1,-1,-1,3350,2.5,0,0,0,1,0,0,0,0,0,0,0,0,1,0,-1,-1,-1,-1,-1,-1,-1,-1,-1,0.1,0.4,-1,0,0,70,0,100,-1,-1,-1,-1,-1,0,0.5,0.6,0,-1,0,1,1,1,1,1,1,1,1,1,1,1,1,1,1,1,1,1,1,-1,0,-1,0,-1,-1,-1,-1,[0|0|0|0|0|0|0|0|0|0|0|0],
33500920,Crystalian (Boss),0,0,[0|0|0],33500,1004,0,120,2.8,0.4,130,0,352,0,1500,-1,-1,10,0,0,-1,-1,0.8,-1,5400,0,5368,7060,0,90400,0,0,-1,100,0,0,0,0,-1,-1,-1,-1,-1,-1,20,3000,3001,3002,3003,3004,3005,3006,3007,3008,3009,6001,6000,0,1,1,1,1,1,1,1,1,1.5,0.07692308,0,50,21,100,0,0,0,100,100,100,0,252,252,999,999,-1,-1,0,0,0,0,-1,-1,1,0,0,0,0,999,999,0,0,-1,10,0,11,0,0,6,3,40,122,122,0,0,2,0,0,0,0,0,0,0,0,0,0,17,7,0,0,0,0,0,0,0,0,1,1,0,0,0,0,0,0,0,0,1,0,0,0,0,0,0,0,0,0,0,0,0,0,0,0,1,0,0,1,0,0,0,0,0,0,0,0,0,0,0,0,0,0,0,0,0,0,0,2.8,0.4,0,1,0,0,0,0,0,0,0,100,1,0,1,122,122,139,139,139,139,90020,90030,95010,90300,90060,90100,0,-1,-1,0,0,0.9,0.65,0.9,0.65,0.6,0.6,0.6,0.6,0,0,0,-1,-1,128,2004,-1,300,30,252,0,0,-1,5800,5890,-1,11550,-1,11595,-1,11596,-1,-1,-1,-1,4410,-1,-1,4301,0,2,0,0,0,1,1,1,0,0,-1,-1,0,0,0,0,0,0,-1,-1,-1,0,0,0,180,50,0.1,-1,-1,-1,3350,2.5,0,0,0,1,0,0,0,0,0,0,0,0,1,0,-1,-1,-1,-1,-1,-1,-1,-1,-1,0.1,0.4,-1,0,0,70,0,100,-1,-1,5004,-1,-1,0,0.5,0.6,0,-1,0,1,1,1,1,1,1,1,1,1,1,1,1,1,1,1,1,1,1,-1,0,-1,0,-1,-1,-1,-1,[0|0|0|0|0|0|0|0|0|0|0|0],
33500930,Crystalian (Ringblade),0,0,[0|0|0],33500,1004,0,120,2.8,0.4,130,0,352,0,1500,-1,-1,10,0,0,-1,-1,0.8,-1,5400,0,5368,7080,0,90400,0,0,-1,100,0,0,0,0,-1,-1,-1,-1,-1,-1,20,3000,3001,3002,3003,3004,3005,3006,3007,3008,3009,6001,6000,0,1,1,1,1,1,1,1,1,1.5,0.07692308,0,50,21,100,0,0,0,100,100,100,0,252,252,999,999,-1,-1,0,0,0,0,-1,-1,1,0,0,0,0,999,999,0,0,-1,10,0,11,0,0,6,3,40,122,122,0,0,2,0,0,0,0,0,0,0,0,0,0,17,7,0,0,0,0,0,0,0,0,1,1,0,0,0,0,0,0,0,0,1,0,0,0,0,0,0,0,0,0,0,0,0,0,0,0,1,1,0,1,0,0,0,0,0,0,0,0,0,0,0,0,0,0,0,0,0,0,0,2.8,0.4,0,1,0,0,0,0,0,0,0,100,1,0,1,122,122,139,139,139,139,90020,90030,95010,90300,90060,90100,0,-1,-1,0,0,0.9,0.65,0.9,0.65,0.6,0.6,0.6,0.6,0,0,0,-1,-1,128,2004,-1,300,30,252,0,0,-1,5800,5890,-1,11550,-1,11595,-1,11596,-1,-1,-1,-1,4410,-1,-1,4301,0,2,0,0,0,1,1,1,0,0,-1,-1,0,0,0,0,0,0,-1,-1,-1,0,0,0,180,50,0.1,-1,-1,-1,3350,2.5,0,0,0,1,0,0,0,0,0,0,0,0,1,0,-1,-1,-1,-1,-1,-1,-1,-1,-1,0.1,0.4,-1,0,0,70,0,100,-1,-1,5004,-1,-1,0,0.5,0.6,0,-1,0,1,1,1,1,1,1,1,1,1,1,1,1,1,1,1,1,1,1,-1,0,-1,0,-1,-1,-1,-1,[0|0|0|0|0|0|0|0|0|0|0|0],
33500940,Putrid Crystalian (Ringblade),0,0,[0|0|0],33500,1005,0,120,2.8,0.4,130,0,698,0,1500,-1,-1,10,0,0,-1,-1,0.8,-1,5400,0,5368,7070,0,90400,0,90010,-1,100,0,0,0,0,-1,-1,-1,-1,-1,-1,20,3000,3001,3002,3003,3004,3005,3006,3007,3008,3009,6001,6000,0,1,1,1,1,1,1,1,1,1.5,0.07692308,0,50,21,100,0,0,0,100,100,100,0,542,999,999,999,-1,-1,0,0,0,0,-1,-1,1,0,0,0,0,999,999,0,0,-1,10,0,11,0,0,6,3,40,122,122,0,0,2,0,0,0,0,0,0,0,0,0,0,17,7,0,0,0,0,0,0,0,0,1,1,0,0,0,0,0,0,0,0,1,0,0,0,0,0,0,0,0,0,0,0,0,0,0,0,1,1,0,1,0,0,0,0,0,0,0,0,0,0,0,0,0,0,0,0,0,0,0,2.8,0.4,0,1,0,0,0,0,0,0,0,100,1,0,1,122,122,139,139,139,139,90020,90030,95010,90300,90060,90100,0,-1,-1,0,0,0.9,0.65,0.9,0.65,0.6,0.6,0.6,0.6,0,0,0,-1,-1,128,-1,-1,300,30,252,0,0,-1,5800,5890,-1,11550,11590,-1,-1,11596,-1,-1,-1,-1,4410,-1,-1,4301,0,2,0,0,0,1,1,1,0,0,-1,-1,0,0,0,0,0,0,-1,-1,-1,0,0,0,180,50,0.1,-1,-1,-1,3350,2.5,0,0,0,1,0,0,0,0,0,0,0,0,1,0,-1,-1,21900,21902,-1,-1,-1,-1,-1,0.1,0.4,-1,0,0,70,0,100,-1,-1,5004,-1,-1,0,0.5,0.6,0,-1,0,1,1,1,1,1,1,1,1,1,1,1,1,1,1,1,1,1,1,-1,0,-1,0,-1,-1,-1,-1,[0|0|0|0|0|0|0|0|0|0|0|0],
33501154,Crystalian,0,0,[0|0|0],33500,-1,0,120,2.8,0.4,130,0,352,0,1500,-1,-1,10,0,0,-1,-1,0.8,-1,5401,0,5368,7180,0,0,90000,90010,-1,100,0,0,0,0,-1,-1,-1,-1,-1,-1,20,3000,3001,3002,3003,3004,3005,3006,3007,3008,3009,6001,6000,0,1,1,1,1,1,1,1,1,1.5,0.07692308,0,50,21,100,0,0,0,100,100,100,0,999,999,999,999,-1,-1,0,0,0,0,-1,-1,1,0,0,0,0,999,999,0,0,-1,10,0,11,0,0,6,3,40,122,122,0,0,2,0,0,0,0,0,0,0,0,0,0,17,7,0,0,0,0,0,0,0,0,0,0,0,1,0,0,0,0,0,0,1,0,0,0,0,0,0,0,0,0,0,0,0,0,0,0,1,0,0,1,0,0,0,0,0,0,0,0,0,0,0,0,0,0,0,0,0,0,0,2.8,0.4,0,0,0,0,0,0,0,0,0,100,1,0,1,122,122,139,139,139,139,90020,90030,90040,90300,90060,90100,0,-1,-1,0,0,0.9,0.65,0.9,0.65,0.6,0.6,0.6,0.6,0,0,0,-1,-1,128,-1,-1,100,30,999,0,0,-1,5800,5890,-1,11550,-1,11595,-1,-1,-1,-1,-1,-1,-1,-1,-1,-1,0,2,0,0,0,1,1,1,0,0,-1,-1,0,0,0,0,0,0,-1,-1,-1,0,0,0,180,50,0.1,-1,-1,-1,3350,2.5,0,0,0,1,0,0,0,0,0,0,0,0,1,0,-1,-1,-1,-1,-1,-1,-1,-1,-1,0.1,0.4,-1,0,0,70,0,100,-1,-1,-1,-1,-1,0,0.5,0.6,0,-1,0,1,1,1,1,1,1,1,1,1,1,1,1,1,1,1,1,1,1,-1,0,-1,0,-1,-1,-1,-1,[0|0|0|0|0|0|0|0|0|0|0|0],
33501920,Crystalian (Spear),0,0,[0|0|0],33500,1004,0,120,2.8,0.4,130,0,352,0,1500,-1,-1,10,0,0,-1,-1,0.8,-1,5401,0,5368,7060,0,90400,0,0,-1,100,0,0,0,0,-1,-1,-1,-1,-1,-1,20,3000,3001,3002,3003,3004,3005,3006,3007,3008,3009,6001,6000,0,1,1,1,1,1,1,1,1,1.5,0.07692308,0,50,21,100,0,0,0,100,100,100,0,252,252,999,999,-1,-1,0,0,0,0,-1,-1,1,0,0,0,0,999,999,0,0,-1,10,0,11,0,0,6,3,40,122,122,0,0,2,0,0,0,0,0,0,0,0,0,0,17,7,0,0,0,0,0,0,0,0,0,0,0,1,0,0,0,0,0,0,1,0,0,0,0,0,0,0,0,0,0,0,0,0,0,0,1,1,0,1,0,0,0,0,0,0,0,0,0,0,0,0,0,0,0,0,0,0,0,2.8,0.4,0,1,0,0,0,0,0,0,0,100,1,0,1,122,122,139,139,139,139,90020,90030,95010,90300,90060,90100,0,-1,-1,0,0,0.9,0.65,0.9,0.65,0.6,0.6,0.6,0.6,0,0,0,-1,-1,128,2004,-1,300,30,252,0,0,-1,5800,5890,-1,11550,-1,11595,-1,11596,-1,-1,-1,-1,4410,-1,-1,4301,0,2,0,0,0,1,1,1,0,0,-1,-1,0,0,0,0,0,0,-1,-1,-1,0,0,0,180,50,0.1,-1,-1,-1,3350,2.5,0,0,0,1,0,0,0,0,0,0,0,0,1,0,-1,-1,-1,-1,-1,-1,-1,-1,-1,0.1,0.4,-1,0,0,70,0,100,-1,-1,5004,-1,-1,0,0.5,0.6,0,-1,0,1,1,1,1,1,1,1,1,1,1,1,1,1,1,1,1,1,1,-1,0,-1,0,-1,-1,-1,-1,[0|0|0|0|0|0|0|0|0|0|0|0],
33501930,Crystalian (Spear),0,0,[0|0|0],33500,1004,0,120,2.8,0.4,130,0,352,0,1500,-1,-1,10,0,0,-1,-1,0.8,-1,5401,0,5368,7080,0,90400,0,0,-1,100,0,0,0,0,-1,-1,-1,-1,-1,-1,20,3000,3001,3002,3003,3004,3005,3006,3007,3008,3009,6001,6000,0,1,1,1,1,1,1,1,1,1.5,0.07692308,0,50,21,100,0,0,0,100,100,100,0,252,252,999,999,-1,-1,0,0,0,0,-1,-1,1,0,0,0,0,999,999,0,0,-1,10,0,11,0,0,6,3,40,122,122,0,0,2,0,0,0,0,0,0,0,0,0,0,17,7,0,0,0,0,0,0,0,0,0,0,0,1,0,0,0,0,0,0,1,0,0,0,0,0,0,0,0,0,0,0,0,0,0,0,1,1,0,1,0,0,0,0,0,0,0,0,0,0,0,0,0,0,0,0,0,0,0,2.8,0.4,0,1,0,0,0,0,0,0,0,100,1,0,1,122,122,139,139,139,139,90020,90030,95010,90300,90060,90100,0,-1,-1,0,0,0.9,0.65,0.9,0.65,0.6,0.6,0.6,0.6,0,0,0,-1,-1,128,2004,-1,300,30,252,0,0,-1,5800,5890,-1,11550,-1,11595,-1,11596,-1,-1,-1,-1,4410,-1,-1,4301,0,2,0,0,0,1,1,1,0,0,-1,-1,0,0,0,0,0,0,-1,-1,-1,0,0,0,180,50,0.1,-1,-1,-1,3350,2.5,0,0,0,1,0,0,0,0,0,0,0,0,1,0,-1,-1,-1,-1,-1,-1,-1,-1,-1,0.1,0.4,-1,0,0,70,0,100,-1,-1,5004,-1,-1,0,0.5,0.6,0,-1,0,1,1,1,1,1,1,1,1,1,1,1,1,1,1,1,1,1,1,-1,0,-1,0,-1,-1,-1,-1,[0|0|0|0|0|0|0|0|0|0|0|0],
33501940,Putrid Crystalian (Spear),0,0,[0|0|0],33500,1005,0,120,2.8,0.4,130,0,698,0,1500,-1,-1,10,0,0,-1,-1,0.8,-1,5401,0,5368,7070,0,90400,0,90010,-1,100,0,0,0,0,-1,-1,-1,-1,-1,-1,20,3000,3001,3002,3003,3004,3005,3006,3007,3008,3009,6001,6000,0,1,1,1,1,1,1,1,1,1.5,0.07692308,0,50,21,100,0,0,0,100,100,100,0,542,999,999,999,-1,-1,0,0,0,0,-1,-1,1,0,0,0,0,999,999,0,0,-1,10,0,11,0,0,6,3,40,122,122,0,0,2,0,0,0,0,0,0,0,0,0,0,17,7,0,0,0,0,0,0,0,0,0,0,0,1,0,0,0,0,0,0,1,0,0,0,0,0,0,0,0,0,0,0,0,0,0,0,1,1,0,1,0,0,0,0,0,0,0,0,0,0,0,0,0,0,0,0,0,0,0,2.8,0.4,0,1,0,0,0,0,0,0,0,100,1,0,1,122,122,139,139,139,139,90020,90030,95010,90300,90060,90100,0,-1,-1,0,0,0.9,0.65,0.9,0.65,0.6,0.6,0.6,0.6,0,0,0,-1,-1,128,-1,-1,300,30,252,0,0,-1,5800,5890,-1,11550,11590,-1,-1,11596,-1,-1,-1,-1,4410,-1,-1,4301,0,2,0,0,0,1,1,1,0,0,-1,-1,0,0,0,0,0,0,-1,-1,-1,0,0,0,180,50,0.1,-1,-1,-1,3350,2.5,0,0,0,1,0,0,0,0,0,0,0,0,1,0,-1,-1,21900,21902,-1,-1,-1,-1,-1,0.1,0.4,-1,0,0,70,0,100,-1,-1,5004,-1,-1,0,0.5,0.6,0,-1,0,1,1,1,1,1,1,1,1,1,1,1,1,1,1,1,1,1,1,-1,0,-1,0,-1,-1,-1,-1,[0|0|0|0|0|0|0|0|0|0|0|0],
33502154,Crystalian,0,0,[0|0|0],33500,-1,0,120,2.8,0.4,130,0,352,0,1500,-1,-1,10,0,0,-1,-1,0.8,-1,5401,0,5368,7180,0,0,90000,90010,-1,100,0,0,0,0,-1,-1,-1,-1,-1,-1,20,3000,3001,3002,3003,3004,3005,3006,3007,3008,3009,6001,6000,0,1,1,1,1,1,1,1,1,1.5,0.07692308,0,50,21,100,0,0,0,100,100,100,0,999,999,999,999,-1,-1,0,0,0,0,-1,-1,1,0,0,0,0,999,999,0,0,-1,10,0,11,0,0,6,3,40,122,122,0,0,2,0,0,0,0,0,0,0,0,0,0,17,7,0,0,0,0,0,0,0,0,0,0,1,0,0,0,0,0,0,0,1,0,0,0,0,0,0,0,0,0,0,0,0,0,0,0,1,0,0,1,0,0,0,0,0,0,0,0,0,0,0,0,0,0,0,0,0,0,0,2.8,0.4,0,0,0,0,0,0,0,0,0,100,1,0,1,122,122,139,139,139,139,90020,90030,90040,90300,90060,90100,0,-1,-1,0,0,0.9,0.65,0.9,0.65,0.6,0.6,0.6,0.6,0,0,0,-1,-1,128,-1,-1,100,30,999,0,0,-1,5800,5890,-1,11550,-1,11595,-1,-1,-1,-1,-1,-1,-1,-1,-1,-1,0,2,0,0,0,1,1,1,0,0,-1,-1,0,0,0,0,0,0,-1,-1,-1,0,0,0,180,50,0.1,-1,-1,-1,3350,2.5,0,0,0,1,0,0,0,0,0,0,0,0,1,0,-1,-1,-1,-1,-1,-1,-1,-1,-1,0.1,0.4,-1,0,0,70,0,100,-1,-1,-1,-1,-1,0,0.5,0.6,0,-1,0,1,1,1,1,1,1,1,1,1,1,1,1,1,1,1,1,1,1,-1,0,-1,0,-1,-1,-1,-1,[0|0|0|0|0|0|0|0|0|0|0|0],
33502920,Crystalian (Staff),0,0,[0|0|0],33500,1004,0,120,2.8,0.4,130,0,352,0,1500,-1,-1,10,0,0,-1,-1,0.8,-1,5401,0,5368,7060,0,90400,0,0,-1,100,0,0,0,0,-1,-1,-1,-1,-1,-1,20,3000,3001,3002,3003,3004,3005,3006,3007,3008,3009,6001,6000,0,1,1,1,1,1,1,1,1,1.5,0.07692308,0,50,21,100,0,0,0,100,100,100,0,252,252,999,999,-1,-1,0,0,0,0,-1,-1,1,0,0,0,0,999,999,0,0,-1,10,0,11,0,0,6,3,40,122,122,0,0,2,0,0,0,0,0,0,0,0,0,0,17,7,0,0,0,0,0,0,0,0,0,0,1,0,0,0,0,0,0,0,1,0,0,0,0,0,0,0,0,0,0,0,0,0,0,0,1,1,0,1,0,0,0,0,0,0,0,0,0,0,0,0,0,0,0,0,0,0,0,2.8,0.4,0,1,0,0,0,0,0,0,0,100,1,0,1,122,122,139,139,139,139,90020,90030,95010,90300,90060,90100,0,-1,-1,0,0,0.9,0.65,0.9,0.65,0.6,0.6,0.6,0.6,0,0,0,-1,-1,128,2004,-1,300,30,252,0,0,-1,5800,5890,-1,11550,-1,11595,-1,11596,-1,-1,-1,-1,4410,-1,-1,4301,0,2,0,0,0,1,1,1,0,0,-1,-1,0,0,0,0,0,0,-1,-1,-1,0,0,0,180,50,0.1,-1,-1,-1,3350,2.5,0,0,0,1,0,0,0,0,0,0,0,0,1,0,-1,-1,-1,-1,-1,-1,-1,-1,-1,0.1,0.4,-1,0,0,70,0,100,-1,-1,5004,-1,-1,0,0.5,0.6,0,-1,0,1,1,1,1,1,1,1,1,1,1,1,1,1,1,1,1,1,1,-1,0,-1,0,-1,-1,-1,-1,[0|0|0|0|0|0|0|0|0|0|0|0],
33502940,Putrid Crystalian (Staff),0,0,[0|0|0],33500,1005,0,120,2.8,0.4,130,0,698,0,1500,-1,-1,10,0,0,-1,-1,0.8,-1,5401,0,5368,7070,0,90400,0,90010,-1,100,0,0,0,0,-1,-1,-1,-1,-1,-1,20,3000,3001,3002,3003,3004,3005,3006,3007,3008,3009,6001,6000,0,1,1,1,1,1,1,1,1,1.5,0.07692308,0,50,21,100,0,0,0,100,100,100,0,542,999,999,999,-1,-1,0,0,0,0,-1,-1,1,0,0,0,0,999,999,0,0,-1,10,0,11,0,0,6,3,40,122,122,0,0,2,0,0,0,0,0,0,0,0,0,0,17,7,0,0,0,0,0,0,0,0,0,0,1,0,0,0,0,0,0,0,1,0,0,0,0,0,0,0,0,0,0,0,0,0,0,0,1,1,0,1,0,0,0,0,0,0,0,0,0,0,0,0,0,0,0,0,0,0,0,2.8,0.4,0,1,0,0,0,0,0,0,0,100,1,0,1,122,122,139,139,139,139,90020,90030,95010,90300,90060,90100,0,-1,-1,0,0,0.9,0.65,0.9,0.65,0.6,0.6,0.6,0.6,0,0,0,-1,-1,128,-1,-1,300,30,252,0,0,-1,5800,5890,-1,11550,11590,-1,-1,11596,-1,-1,-1,-1,4410,-1,-1,4301,0,2,0,0,0,1,1,1,0,0,-1,-1,0,0,0,0,0,0,-1,-1,-1,0,0,0,180,50,0.1,-1,-1,-1,3350,2.5,0,0,0,1,0,0,0,0,0,0,0,0,1,0,-1,-1,21900,21902,-1,-1,-1,-1,-1,0.1,0.4,-1,0,0,70,0,100,-1,-1,5004,-1,-1,0,0.5,0.6,0,-1,0,1,1,1,1,1,1,1,1,1,1,1,1,1,1,1,1,1,1,-1,0,-1,0,-1,-1,-1,-1,[0|0|0|0|0|0|0|0|0|0|0|0],
33610062,Putrid Ancestral Follower,0,0,[0|0|0],33600,1005,0,90,2.6,0.7,130,0,316,0,100,336000000,-1,10,0,0,-1,-1,0.7,-1,5400,0,0,7110,0,0,0,90010,-1,0,0,0,0,0,-1,-1,-1,-1,-1,-1,16,3000,3001,3002,3003,3004,3005,3006,3007,3008,3009,6001,6000,0,1,1,1,1,1,1,1,1,1.5,-0.3846154,0,50,21,100,0,0,0,100,100,100,0,542,999,252,999,-1,-1,0,0,0,0,-1,-1,0,0,0,0,0,252,999,0,0,-1,10,0,11,0,0,6,3,40,110,110,0,0,2,0,0,0,0,0,0,0,0,0,0,32,7,0,0,0,0,0,0,0,0,1,0,0,0,0,1,0,0,0,0,0,0,0,0,0,0,0,0,0,0,0,0,0,0,0,0,1,0,0,1,0,0,0,0,0,0,0,0,0,0,0,0,0,0,0,0,0,0,0,2.6,0.7,0,0,0,0,0,0,0,0,0,100,1,0,2,109,109,139,139,139,139,0,90030,0,0,90060,90161,90200,5261,-1,0,0,1.1,1.1,1,1.1,1,1,1,1,0,0,0,-1,-1,128,-1,-1,100,30,542,0,0,-1,13150,-1,-1,5800,-1,-1,13196,-1,13165,-1,-1,-1,-1,-1,-1,-1,0,2,0,0,0,1,1,1,0,0,-1,-1,0,0,0,0,0,0,-1,-1,3360,0,0,0,180,200,0.1,-1,-1,3360,-1,2.5,0,0,0,1,0,0,0,0,0,0,0,0,1,-0.25,-1,-1,-1,-1,-1,-1,-1,-1,-1,0.1,0.4,-1,0,0,40,0.29,100,3004,-1,5005,6004,-1,0,0.5,0.6,0,-1,0,1,1,1,1,1,1,1,1,1,1,1,1,1,1,1,1,1,1,-1,0,-1,0,-1,-1,-1,-1,[0|0|0|0|0|0|0|0|0|0|0|0],
33610562,Putrid Ancestral Follower,0,0,[0|0|0],33600,1005,0,90,2.6,0.7,130,0,316,0,100,336000000,-1,10,0,0,-1,-1,0.7,-1,5401,0,0,7110,0,0,0,90010,-1,0,0,0,0,0,-1,-1,-1,-1,-1,-1,16,3000,3001,3002,3003,3004,3005,3006,3007,3008,3009,6001,6000,0,1,1,1,1,1,1,1,1,1.5,-0.3846154,0,50,21,100,0,0,0,100,100,100,0,542,999,252,999,-1,-1,0,0,0,0,-1,-1,0,0,0,0,0,252,999,0,0,-1,10,0,11,0,0,6,3,40,110,110,0,0,2,0,0,0,0,0,0,0,0,0,0,32,7,0,0,0,0,0,0,0,0,0,0,0,1,0,1,0,0,0,0,0,0,0,0,0,0,0,0,0,0,0,0,0,0,0,0,1,0,0,1,0,0,0,0,0,0,0,0,0,0,0,0,0,0,0,0,0,0,0,2.6,0.7,0,0,0,0,0,0,0,0,0,100,1,0,2,109,109,139,139,139,139,0,90030,0,0,90060,90161,90200,5261,-1,0,0,1.1,1.1,1,1.1,1,1,1,1,0,0,0,-1,-1,128,-1,-1,100,30,542,0,0,-1,13151,-1,-1,5800,-1,-1,13196,-1,13165,-1,-1,-1,-1,-1,-1,-1,0,2,0,0,0,1,1,1,0,0,-1,-1,0,0,0,0,0,0,-1,-1,3360,0,0,0,180,200,0.1,-1,-1,3360,-1,2.5,0,0,0,1,0,0,0,0,0,0,0,0,1,-0.25,-1,-1,-1,-1,-1,-1,-1,-1,-1,0.1,0.4,-1,0,0,40,0.29,100,3004,-1,5005,6004,-1,0,0.5,0.6,0,-1,0,1,1,1,1,1,1,1,1,1,1,1,1,1,1,1,1,1,1,-1,0,-1,0,-1,-1,-1,-1,[0|0|0|0|0|0|0|0|0|0|0|0],
33611062,Putrid Ancestral Follower,0,0,[0|0|0],33600,1005,0,90,2.6,0.7,130,0,316,0,100,336000100,-1,10,0,0,-1,-1,0.7,-1,5400,0,0,7110,0,0,0,90010,-1,0,0,0,0,0,-1,-1,-1,-1,-1,-1,16,3000,3001,3002,3003,3004,3005,3006,3007,3008,3009,6001,6000,0,1,1,1,1,1,1,1,1,1.5,-0.3846154,0,50,21,100,0,0,0,100,100,100,0,542,542,252,999,-1,-1,0,0,0,0,-1,-1,0,0,0,0,0,252,999,0,0,-1,10,0,11,0,0,6,3,40,110,110,0,0,2,0,0,0,0,0,0,0,0,0,0,32,7,0,0,0,0,0,0,0,0,0,1,0,0,0,0,0,0,0,0,0,0,0,0,0,0,0,0,0,0,0,0,0,0,0,0,1,0,0,1,0,0,0,0,0,0,0,0,0,0,0,0,0,0,0,0,0,0,0,2.6,0.7,0,0,0,0,0,0,0,0,0,100,1,0,2,109,109,139,139,139,139,0,90030,0,0,90060,90161,90200,5261,-1,0,0,1.1,1.1,1,1.1,1,1,1,1,0,0,0,-1,-1,128,2005,-1,100,30,542,0,0,-1,-1,-1,-1,5800,-1,-1,13196,-1,13165,-1,-1,-1,-1,-1,-1,-1,0,2,0,0,0,1,1,1,0,0,-1,-1,0,0,0,0,0,0,-1,-1,3360,0,0,0,180,200,0.1,-1,-1,3360,-1,2.5,0,0,0,1,0,0,0,0,0,0,0,0,1,-0.25,-1,-1,-1,-1,-1,-1,-1,-1,-1,0.1,0.4,-1,0,0,40,0.29,100,3004,-1,5005,6004,-1,0,0.5,0.6,0,-1,0,1,1,1,1,1,1,1,1,1,1,1,1,1,1,1,1,1,1,-1,0,-1,0,-1,-1,-1,-1,[0|0|0|0|0|0|0|0|0|0|0|0],
33612062,Putrid Ancestral Follower,0,0,[0|0|0],33600,1005,0,90,2.6,0.7,130,0,316,0,100,336000200,-1,10,0,0,-1,-1,0.7,-1,5400,0,0,7110,0,0,0,90010,-1,0,0,0,0,0,-1,-1,-1,-1,-1,-1,16,3000,3001,3002,3003,3004,3005,3006,3007,3008,3009,6001,6000,0,1,1,1,1,1,1,1,1,1.5,-0.3846154,0,50,21,100,0,0,0,100,100,100,0,542,542,252,999,-1,-1,0,0,0,0,-1,-1,0,0,0,0,0,252,999,0,0,-1,10,0,11,0,0,6,3,40,110,110,0,0,2,0,0,0,0,0,0,0,0,0,0,32,7,0,0,0,0,0,0,0,0,0,0,1,0,0,0,0,0,0,0,0,0,0,0,0,0,0,0,0,0,0,0,0,0,0,0,1,0,0,1,0,0,0,0,0,0,0,0,0,0,0,0,0,0,0,0,0,0,0,2.6,0.7,0,0,0,0,0,0,0,0,0,100,1,0,2,109,109,139,139,139,139,0,90030,0,0,90060,90161,90200,5261,-1,0,0,1.1,1.1,1,1.1,1,1,1,1,0,0,0,-1,-1,128,2005,-1,100,30,542,0,0,-1,-1,-1,-1,5800,-1,-1,13196,-1,13165,-1,-1,-1,-1,-1,-1,-1,0,2,0,0,0,1,1,1,0,0,-1,-1,0,0,0,0,0,0,-1,-1,3360,0,0,0,180,200,0.1,-1,-1,3360,-1,2.5,0,0,0,1,0,0,0,0,0,0,0,0,1,-0.25,-1,-1,-1,-1,-1,-1,-1,-1,-1,0.1,0.4,-1,0,0,40,0.29,100,3004,-1,5005,6004,-1,0,0.5,0.6,0,-1,0,1,1,1,1,1,1,1,1,1,1,1,1,1,1,1,1,1,1,-1,0,-1,0,-1,-1,-1,-1,[0|0|0|0|0|0|0|0|0|0|0|0],
33619000,Putrid Ancestral Follower,0,0,[0|0|0],0,1001,0,120,1.5,0.4,100,0,2560,0,200,-1,-1,-1,0,0,-1,-1,0.4,-1,0,0,0,7710,0,0,0,0,-1,0,0,0,0,0,-1,-1,-1,-1,-1,-1,16,3000,3001,3002,3003,3004,3005,3006,3007,702,703,701,700,0,1,1,1,1,1,1,1,1,1.3,-1,0,50,21,100,0,0,0,100,100,100,0,100,100,100,999,-1,-1,0,0,0,0,-1,-1,1,0,0,0,0,100,100,0,0,-1,10,0,-1,0,0,6,3,0,110,110,0,0,0,0,0,0,0,0,0,0,0,0,0,15,8,0,0,0,0,0,0,0,0,0,0,0,0,0,0,0,0,0,0,0,0,0,0,0,0,0,0,0,0,0,0,0,0,0,0,1,0,0,1,0,0,0,0,0,0,0,0,0,0,0,0,0,0,0,0,0,0,0,1.5,0.4,0,0,0,0,0,0,0,0,0,100,1,4,1,109,109,139,139,139,139,0,90030,0,0,0,0,0,0,-1,0,0,1,1,1,1,1,1,1,1,0,0,0,-1,-1,256,2001,-1,7710,-1,100,0,0,-1,-1,-1,-1,-1,-1,-1,-1,-1,-1,-1,-1,-1,-1,-1,-1,8600303,0,2,0,0,0,1,1,1,0,0,-1,-1,0,0,0,0,0,0,-1,-1,-1,0,0,0,180,48,0.1,-1,-1,-1,-1,2.5,0,0,1,1,0,0,0,0,0,0,0,0,1,0,-1,-1,-1,-1,-1,-1,-1,-1,-1,0.1,0.4,-1,0,0,-1,0.29,100,3001,-1,5001,6001,7001,0,0.5,0.6,0,-1,7410,1,1,1,1,1,1,1,1,1,1,1,1,1,1,1,1,1,1,-1,0,-1,7710,-1,-1,-1,-1,[0|0|0|0|0|0|0|0|0|0|0|0],
33710062,Putrid Ancestral Shaman,0,0,[0|0|0],33700,1005,0,90,3.2,0.8,260,0,450,0,100,337000000,-1,10,0,0,-1,-1,0.7,-1,5400,0,0,7110,0,0,0,90010,-1,0,0,0,0,0,-1,-1,-1,-1,-1,-1,16,3000,3001,3002,3003,3004,3005,3006,3007,3008,3009,6001,6000,0,1,1,1,1,1,1,1,1,1.5,-0.23076923,0,50,21,100,0,0,0,100,100,100,0,542,999,252,999,-1,-1,0,0,0,0,-1,-1,0,0,0,0,0,252,999,0,0,-1,10,0,11,0,0,6,3,40,110,110,0,0,2,0,0,0,0,0,0,0,2,0,0,37,7,0,0,0,0,0,0,0,0,1,0,0,0,0,0,0,0,0,0,0,0,0,0,0,0,0,0,0,0,0,0,0,0,0,0,1,0,0,1,0,0,0,0,0,0,0,0,0,0,0,0,0,0,0,0,0,0,0,3.2,0.8,0,0,0,0,0,0,0,0,0,100,1,0,2,109,109,139,113,139,113,0,90030,0,0,90060,90161,90200,5261,-1,0,0,1.1,1.1,1,1.1,0.8,1,1,1,0,0,0,-1,-1,128,-1,-1,200,30,542,0,0,-1,13157,-1,-1,5800,-1,5851,13198,-1,13167,-1,-1,-1,-1,-1,-1,-1,0,2,0,0,0,1,1,1,0,0,-1,-1,0,0,0,0,0,0,-1,-1,3370,0,0,0,180,200,0.1,-1,-1,3370,-1,2.5,0,0,0,1,0,0,0,0,0,0,0,0,1,-0.34,-1,-1,-1,-1,-1,-1,-1,-1,-1,0.1,0.4,-1,0,0,50,0.29,100,3004,-1,5005,6004,-1,0,0.5,0.6,0,-1,0,1,1,1,1,1,1,1,1,1,1,1,1,1,1,1,1,1,1,-1,0,-1,0,-1,-1,-1,-1,[0|0|0|0|0|0|0|0|0|0|0|0],
33711000,Ancestral Follower Shaman CASTLE w/ DROPS,0,0,[0|0|0],33700,1004,0,90,3.2,0.8,260,0,1050,0,100,-1,-1,10,0,0,-1,-1,0.7,-1,5400,0,0,7730,920000,0,0,0,-1,0,0,0,0,0,-1,-1,-1,-1,-1,-1,16,3000,3001,3002,3003,3004,3005,3006,3007,3008,3009,6001,6000,0,1,1,1,1,1,1,1,1,1.3,-0.23076923,0,50,21,100,0,0,0,100,100,100,0,252,252,252,999,-1,-1,0,0,0,0,-1,-1,1,0,0,0,0,252,999,0,0,-1,10,0,11,0,0,33,3,40,110,110,0,0,2,0,0,0,0,0,0,0,2,0,0,37,7,0,0,0,0,0,0,0,0,1,0,0,0,0,0,0,0,0,0,0,0,0,0,0,0,0,0,0,0,0,0,0,0,0,0,1,0,0,1,0,0,0,0,0,0,0,0,0,0,0,0,0,0,0,0,0,0,0,3.2,0.8,0,0,0,0,0,0,0,0,0,100,1,0,2,109,109,139,113,139,113,0,90030,0,0,90060,90161,90200,5260,-1,0,0,1.1,1.1,1,1.1,0.8,1,1,1,0,0,0,-1,-1,128,2004,-1,7730,30,542,0,0,-1,13157,-1,-1,5800,-1,5851,13198,-1,13166,-1,-1,-1,-1,700500,-1,8600305,0,2,0,0,0,1,1,1,0,0,-1,-1,0,0,0,0,0,0,-1,-1,-1,0,0,0,180,200,0.1,-1,-1,-1,3370,2.5,0,0,1,1,0,0,0,0,0,0,0,0,1,-0.34,-1,-1,-1,-1,-1,-1,-1,-1,-1,0.1,0.4,-1,0,0,50,0.29,100,3004,-1,5005,6004,-1,0,0.5,0.6,0,6120300,7430,1,1,1,1,1,1,1,1,1,1,1,1,1,1,1,1,1,1,-1,0,-1,7730,113020,6120110,-1,-1,[0|0|0|0|0|0|0|0|0|0|0|0],
33712000,Putrid Ancestral Follower Shaman CASTLE w/DROPS,0,0,[0|0|0],33700,1005,0,90,3.2,0.8,260,0,1050,0,100,-1,-1,10,0,0,-1,-1,0.7,-1,5400,0,0,7730,920000,0,0,0,-1,0,0,0,0,0,-1,-1,-1,-1,-1,-1,16,3000,3001,3002,3003,3004,3005,3006,3007,3008,3009,6001,6000,0,1,1,1,1,1,1,1,1,1.3,-0.23076923,0,50,21,100,0,0,0,100,100,100,0,542,542,252,999,-1,-1,0,0,0,0,-1,-1,1,0,0,0,0,252,999,0,0,-1,10,0,11,0,0,33,3,40,110,110,0,0,2,0,0,0,0,0,0,0,2,0,0,37,7,0,0,0,0,0,0,0,0,1,0,0,0,0,0,0,0,0,0,0,0,0,0,0,0,0,0,0,0,0,0,0,0,0,0,1,0,0,1,0,0,0,0,0,0,0,0,0,0,0,0,0,0,0,0,0,0,0,3.2,0.8,0,0,0,0,0,0,0,0,0,100,1,0,2,109,109,139,113,139,113,0,90030,0,0,90060,90161,90200,5260,-1,0,0,1.1,1.1,1,1.1,0.8,1,1,1,0,0,0,-1,-1,128,2005,-1,7730,30,542,0,0,-1,13157,-1,-1,5800,-1,5851,13198,-1,13167,-1,-1,-1,-1,700500,-1,8600305,0,2,0,0,0,1,1,1,0,0,-1,-1,0,0,0,0,0,0,-1,-1,3370,0,0,0,180,200,0.1,-1,-1,3370,3370,2.5,0,0,1,1,0,0,0,0,0,0,0,0,1,-0.34,-1,-1,-1,-1,-1,-1,-1,-1,-1,0.1,0.4,-1,0,0,50,0.29,100,3004,-1,5005,6004,-1,0,0.5,0.6,0,6120300,7430,1,1,1,1,1,1,1,1,1,1,1,1,1,1,1,1,1,1,-1,0,-1,7730,113020,6120110,-1,-1,[0|0|0|0|0|0|0|0|0|0|0|0],
34000040,Grave Warden Duelist,0,0,[0|0|0],34000,1002,0,40,2.2,0.5,130,0,1280,0,400,340000000,-1,10,0,0,-1,-1,0.6,-1,5400,0,11602,7070,0,0,0,0,-1,0,0,0,0,0,-1,-1,-1,-1,-1,-1,20,3000,3001,3002,3003,3004,3005,3006,3007,3008,3009,6001,6000,0,1,1,1,1,1,1,1,1,1.5,0,0,50,21,100,0,0,0,100,100,100,0,112,112,84,999,-1,-1,0,0,0,0,-1,-1,0,0,0,0,0,112,999,0,0,-1,10,0,12,0,0,6,3,40,110,110,0,0,2,0,0,0,0,0,0,0,0,0,0,27,7,0,0,0,0,0,0,0,0,0,1,0,0,0,0,0,0,0,0,0,0,0,0,0,0,0,0,0,0,0,0,0,0,0,0,1,0,0,1,0,0,0,0,0,0,0,0,0,0,0,0,0,0,0,0,0,0,0,2.2,0.5,0,0,0,0,0,0,0,0,0,100,1,0,2,109,109,139,106,139,139,0,90030,0,5851,90060,90100,90200,5262,-1,35,0.4,1,1.1,1,1,1,1,1,1,0,0,0,-1,-1,256,2002,-1,200,30,112,0,0,-1,5020,5021,5800,11614,-1,-1,-1,-1,-1,-1,-1,-1,-1,-1,-1,-1,0,-1,0,0,0,1,1,1,0,0,-1,-1,0,0,0,0,0,0,-1,-1,-1,0,0,0,180,200,0.1,-1,-1,-1,-1,2.5,0,0,0,1,0,0,0,0,0,0,0,0,1,-0.225,-1,-1,-1,-1,-1,-1,-1,-1,-1,0.1,0.4,-1,0,0,65,0.29,100,3001,-1,5002,6002,-1,0,0.5,0.6,0,-1,0,1,1,1,1,1,1,1,1,1,1,1,1,1,1,1,1,1,1,-1,0,-1,0,-1,-1,-1,-1,[0|0|0|0|0|0|0|0|0|0|0|0],
34000252,Grave Warden Duelist,0,0,[0|0|0],34000,1004,0,40,2.2,0.5,130,0,1280,0,400,340000100,-1,10,0,0,-1,-1,0.6,-1,5400,0,11602,7160,0,0,0,0,-1,0,0,0,0,0,-1,-1,-1,-1,-1,-1,20,3000,3001,3002,3003,3004,3005,3006,3007,3008,3009,6001,6000,0,1,1,1,1,1,1,1,1,1.5,0,0,50,21,100,0,0,0,100,100,100,0,252,542,84,999,-1,-1,0,0,0,0,-1,-1,0,0,0,0,0,112,999,0,0,-1,10,0,12,0,0,6,3,40,110,110,0,0,2,0,0,0,0,0,0,0,0,0,0,27,7,0,0,0,0,0,0,0,0,0,1,0,0,0,0,0,0,0,0,0,0,1,0,0,0,0,0,0,0,0,0,0,0,0,0,1,0,0,1,0,0,0,0,0,0,0,0,0,0,0,0,0,0,0,0,0,0,0,2.2,0.5,0,0,0,0,0,0,0,0,0,100,1,0,2,109,109,139,106,139,139,0,90030,0,5851,90060,90100,90200,5262,-1,35,0.4,1,1.1,1,1,1,1.2,1,1,0,0,0,-1,-1,256,2005,-1,200,30,112,0,0,-1,5020,5021,5800,11610,11615,-1,-1,-1,-1,-1,-1,-1,-1,-1,-1,-1,0,-1,0,0,0,1,1,1,0,0,-1,-1,0,0,0,0,0,0,-1,-1,-1,0,0,0,180,200,0.1,-1,-1,-1,-1,2.5,0,0,0,1,0,0,0,0,0,0,0,0,1,-0.225,-1,-1,23100,23101,23102,23103,-1,-1,-1,0.1,0.4,-1,0,0,65,0.29,100,3001,-1,5002,6002,-1,0,0.5,0.6,0,-1,0,1,1,1,1,1,1,1,1,1,1,1,1,1,1,1,1,1,1,-1,0,-1,0,-1,-1,-1,-1,[0|0|0|0|0|0|0|0|0|0|0|0],
34000254,Grave Warden Duelist,0,0,[0|0|0],34000,1004,0,40,2.2,0.5,130,0,1280,0,400,340000100,-1,10,0,0,-1,-1,0.6,-1,5400,0,11602,7180,0,0,0,0,-1,0,0,0,0,0,-1,-1,-1,-1,-1,-1,20,3000,3001,3002,3003,3004,3005,3006,3007,3008,3009,6001,6000,0,1,1,1,1,1,1,1,1,1.5,0,0,50,21,100,0,0,0,100,100,100,0,252,542,84,999,-1,-1,0,0,0,0,-1,-1,0,0,0,0,0,112,999,0,0,-1,10,0,12,0,0,6,3,40,110,110,0,0,2,0,0,0,0,0,0,0,0,0,0,27,7,0,0,0,0,0,0,0,0,0,1,0,0,0,0,0,0,0,0,0,0,1,0,0,0,0,0,0,0,0,0,0,0,0,0,1,0,0,1,0,0,0,0,0,0,0,0,0,0,0,0,0,0,0,0,0,0,0,2.2,0.5,0,0,0,0,0,0,0,0,0,100,1,0,2,109,109,139,106,139,139,0,90030,0,5851,90060,90100,90200,5262,-1,35,0.4,1,1.1,1,1,1,1.2,1,1,0,0,0,-1,-1,256,2005,-1,200,30,112,0,0,-1,5020,5021,5800,11610,11615,-1,-1,-1,-1,-1,-1,-1,-1,-1,-1,-1,0,-1,0,0,0,1,1,1,0,0,-1,-1,0,0,0,0,0,0,-1,-1,-1,0,0,0,180,200,0.1,-1,-1,-1,-1,2.5,0,0,0,1,0,0,0,0,0,0,0,0,1,-0.225,-1,-1,23100,23101,23102,23103,-1,-1,-1,0.1,0.4,-1,0,0,65,0.29,100,3001,-1,5002,6002,-1,0,0.5,0.6,0,-1,0,1,1,1,1,1,1,1,1,1,1,1,1,1,1,1,1,1,1,-1,0,-1,0,-1,-1,-1,-1,[0|0|0|0|0|0|0|0|0|0|0|0],
34000256,Grave Warden Duelist,0,0,[0|0|0],34000,1004,0,40,2.2,0.5,130,0,1280,0,400,340000100,-1,10,0,0,-1,-1,0.6,-1,5400,0,11602,7190,0,0,0,0,-1,0,0,0,0,0,-1,-1,-1,-1,-1,-1,20,3000,3001,3002,3003,3004,3005,3006,3007,3008,3009,6001,6000,0,1,1,1,1,1,1,1,1,1.5,0,0,50,21,100,0,0,0,100,100,100,0,252,542,84,999,-1,-1,0,0,0,0,-1,-1,0,0,0,0,0,112,999,0,0,-1,10,0,12,0,0,6,3,40,110,110,0,0,2,0,0,0,0,0,0,0,0,0,0,27,7,0,0,0,0,0,0,0,0,0,1,0,0,0,0,0,0,0,0,0,0,1,0,0,0,0,0,0,0,0,0,0,0,0,0,1,0,0,1,0,0,0,0,0,0,0,0,0,0,0,0,0,0,0,0,0,0,0,2.2,0.5,0,0,0,0,0,0,0,0,0,100,1,0,2,109,109,139,106,139,139,0,90030,0,5851,90060,90100,90200,5262,-1,35,0.4,1,1.1,1,1,1,1.2,1,1,0,0,0,-1,-1,256,2005,-1,200,30,112,0,0,-1,5020,5021,5800,11610,11615,-1,-1,-1,-1,-1,-1,-1,-1,-1,-1,-1,0,-1,0,0,0,1,1,1,0,0,-1,-1,0,0,0,0,0,0,-1,-1,-1,0,0,0,180,200,0.1,-1,-1,-1,-1,2.5,0,0,0,1,0,0,0,0,0,0,0,0,1,-0.225,-1,-1,23100,23101,23102,23103,-1,-1,-1,0.1,0.4,-1,0,0,65,0.29,100,3001,-1,5002,6002,-1,0,0.5,0.6,0,-1,0,1,1,1,1,1,1,1,1,1,1,1,1,1,1,1,1,1,1,-1,0,-1,0,-1,-1,-1,-1,[0|0|0|0|0|0|0|0|0|0|0|0],
34000852,Grave Warden Duelist,0,0,[0|0|0],34000,1004,0,40,2.2,0.5,130,0,1280,0,400,340052100,-1,10,0,0,-1,-1,0.6,-1,5400,0,11602,7160,0,0,0,0,-1,0,0,0,0,0,-1,-1,-1,-1,-1,-1,20,3000,3001,3002,3003,3004,3005,3006,3007,3008,3009,6001,6000,0,1,1,1,1,1,1,1,1,1.5,0,0,50,21,100,0,0,0,100,100,100,0,252,542,84,999,-1,-1,0,0,0,0,-1,-1,0,0,0,0,0,112,999,0,0,-1,10,0,12,0,0,6,3,40,110,110,0,0,2,0,0,0,0,0,0,0,0,0,0,27,7,0,0,0,0,0,0,0,0,0,1,0,0,0,0,0,0,0,0,0,0,1,0,0,0,0,0,0,0,0,0,0,0,0,0,1,0,0,1,0,0,0,0,0,0,0,0,0,0,0,0,0,0,0,0,0,0,0,2.2,0.5,0,0,0,0,0,0,0,0,0,100,1,0,2,109,109,139,106,139,139,0,90030,0,5851,90060,90100,90200,5262,-1,35,0.4,1,1.1,1,1,1,1.2,1,1,0,0,0,-1,-1,256,2005,-1,200,30,112,0,0,-1,5020,5021,5800,11610,11615,-1,-1,-1,-1,-1,-1,-1,-1,-1,-1,-1,0,-1,0,0,0,1,1,1,0,0,-1,-1,0,0,0,0,0,0,-1,-1,-1,0,0,0,180,200,0.1,-1,-1,-1,-1,2.5,0,0,0,1,0,0,0,0,0,0,0,0,1,-0.225,-1,-1,23100,23101,23102,23103,-1,-1,-1,0.1,0.4,-1,0,0,65,0.29,100,3001,-1,5002,6002,-1,0,0.5,0.6,0,-1,0,1,1,1,1,1,1,1,1,1,1,1,1,1,1,1,1,1,1,-1,0,-1,0,-1,-1,-1,-1,[0|0|0|0|0|0|0|0|0|0|0|0],
34000940,Frenzied Grave Warden Duelist (Boss),0,0,[0|0|0],34000,1002,0,40,2.2,0.5,130,0,1280,0,400,-1,-1,10,0,0,-1,-1,0.6,-1,5402,0,11602,7070,0,90400,0,0,-1,0,0,0,0,0,-1,-1,-1,-1,-1,-1,20,3000,3001,3002,3003,3004,3005,3006,3007,3008,3009,6001,6000,0,1,1,1,1,1,1,1,1,1.5,0,0,50,21,100,0,0,0,100,100,100,0,112,112,84,999,-1,-1,0,0,0,0,-1,-1,0,0,0,0,0,112,999,0,0,-1,10,0,12,0,0,6,3,40,110,110,0,0,2,0,0,0,0,0,0,0,0,0,0,27,7,0,0,0,0,0,0,0,0,0,1,0,0,0,0,0,0,0,0,1,0,0,0,0,0,0,0,0,0,0,0,0,0,0,0,1,0,0,1,0,0,0,0,0,0,0,0,0,0,0,0,0,0,0,0,0,0,0,2.2,0.5,0,1,0,0,0,0,0,0,0,100,1,0,2,109,109,139,106,139,139,95000,90030,95010,5851,90060,90100,0,-1,-1,35,0.4,1,1.1,1,1,1,1,1,1,0,0,0,-1,-1,256,2002,-1,300,30,112,0,0,-1,0,0,5800,11614,-1,-1,-1,-1,-1,-1,-1,-1,-1,-1,-1,4301,0,-1,0,0,0,1,1,1,0,0,-1,-1,0,0,0,0,0,0,-1,-1,-1,0,0,0,180,200,0.1,-1,-1,-1,-1,2.5,0,0,0,1,0,0,0,0,0,0,0,0,1,-0.225,-1,-1,-1,-1,-1,-1,-1,-1,-1,0.1,0.4,-1,0,0,65,0.29,100,3001,-1,5002,6002,-1,0,0.5,0.6,0,-1,0,1,1,1,1,1,1,1,1,1,1,1,1,1,1,1,1,1,1,-1,0,-1,0,-1,-1,-1,-1,[0|0|0|0|0|0|0|0|0|0|0|0],
34000952,Putrid Grave Warden Duelist (Boss),0,0,[0|0|0],34000,1004,0,40,2.2,0.5,130,0,1280,0,400,-1,-1,10,0,0,-1,-1,0.6,-1,5402,0,11602,7160,0,90400,0,0,-1,0,0,0,0,0,-1,-1,-1,-1,-1,-1,20,3000,3001,3002,3003,3004,3005,3006,3007,3008,3009,6001,6000,0,1,1,1,1,1,1,1,1,1.5,0,0,50,21,100,0,0,0,100,100,100,0,252,542,84,999,-1,-1,0,0,0,0,-1,-1,0,0,0,0,0,112,999,0,0,-1,10,0,12,0,0,6,3,40,110,110,0,0,2,0,0,0,0,0,0,0,0,0,0,27,7,0,0,0,0,0,0,0,0,0,1,0,0,0,0,0,0,0,0,1,0,1,0,0,0,0,0,0,0,0,0,0,0,0,0,1,0,0,1,0,0,0,0,0,0,0,0,0,0,0,0,0,0,0,0,0,0,0,2.2,0.5,0,1,0,0,0,0,0,0,0,100,1,0,2,109,109,139,106,139,139,95000,90030,95010,5851,90060,90100,0,-1,-1,35,0.4,1,1.1,1,1,1,1.2,1,1,0,0,0,-1,-1,256,2005,-1,300,30,112,0,0,-1,0,0,5800,11610,11615,-1,-1,-1,-1,-1,-1,-1,-1,-1,-1,4301,0,-1,0,0,0,1,1,1,0,0,-1,-1,0,0,0,0,0,0,-1,-1,-1,0,0,0,180,200,0.1,-1,-1,-1,-1,2.5,0,0,0,1,0,0,0,0,0,0,0,0,1,-0.225,-1,-1,23100,23101,23102,23103,-1,-1,-1,0.1,0.4,-1,0,0,65,0.29,100,3001,-1,5002,6002,-1,0,0.5,0.6,0,-1,0,1,1,1,1,1,1,1,1,1,1,1,1,1,1,1,1,1,1,-1,0,-1,0,-1,-1,-1,-1,[0|0|0|0|0|0|0|0|0|0|0|0],
34001133,Grave Warden Duelist (Auriza Boss),0,0,[0|0|0],34000,1002,0,40,2.2,0.5,130,0,960,0,400,-1,-1,10,0,0,-1,-1,0.6,-1,5404,0,11602,7090,0,90400,0,0,-1,0,0,0,0,0,-1,-1,-1,-1,-1,-1,20,3000,3001,3002,3003,3004,3005,3006,3007,3008,3009,6001,6000,0,1,1,1,1,1,1,1,1,1.5,0,0,50,21,100,0,0,0,100,100,100,0,112,112,84,999,-1,-1,0,0,0,0,-1,-1,1,0,0,0,0,112,999,0,0,-1,10,0,12,0,0,6,3,40,110,110,0,0,2,0,0,0,0,0,0,0,0,0,0,27,7,0,0,0,0,0,0,0,0,1,0,0,0,0,0,0,0,0,0,1,0,0,0,0,0,0,0,0,0,0,0,0,0,0,0,1,0,0,1,0,0,0,0,0,0,0,0,0,0,0,0,0,0,0,0,0,0,0,2.2,0.5,0,1,0,0,0,0,0,0,0,100,1,0,2,109,109,139,106,139,139,95000,90030,95010,5851,90060,90100,0,-1,-1,35,0.4,1,1.1,1,1,1,1,1,1,0,0,0,-1,-1,256,2002,-1,300,30,112,0,0,-1,4301,0,5800,11614,-1,-1,-1,-1,-1,-1,-1,-1,4410,-1,-1,4301,0,-1,0,0,0,1,1,1,0,0,-1,-1,0,0,0,0,0,0,-1,-1,-1,0,0,0,180,200,0.1,-1,-1,-1,-1,2.5,0,0,0,1,0,0,0,0,0,0,0,0,1,-0.225,-1,-1,-1,-1,-1,-1,-1,-1,-1,0.1,0.4,-1,0,0,65,0.29,100,3001,-1,5002,6002,-1,0,0.5,0.6,0,-1,0,1,1,1,1,1,1,1,1,1,1,1,1,1,1,1,1,1,1,-1,0,-1,0,-1,-1,-1,-1,[0|0|0|0|0|0|0|0|0|0|0|0],
34001252,Grave Warden Duelist,0,0,[0|0|0],34000,1004,0,40,2.2,0.5,130,0,960,0,400,340000300,-1,10,0,0,-1,-1,0.6,-1,5401,0,11602,7160,0,0,0,0,-1,0,0,0,0,0,-1,-1,-1,-1,-1,-1,20,3000,3001,3002,3003,3004,3005,3006,3007,3008,3009,6001,6000,0,1,1,1,1,1,1,1,1,1.5,0,0,50,21,100,0,0,0,100,100,100,0,252,542,84,999,-1,-1,0,0,0,0,-1,-1,0,0,0,0,0,112,999,0,0,-1,10,0,12,0,0,6,3,40,110,110,0,0,2,0,0,0,0,0,0,0,0,0,0,27,7,0,0,0,0,0,0,0,0,1,0,0,0,0,0,0,0,0,0,0,0,1,0,0,0,0,0,0,0,0,0,0,0,0,0,1,0,0,1,0,0,0,0,0,0,0,0,0,0,0,0,0,0,0,0,0,0,0,2.2,0.5,0,0,0,0,0,0,0,0,0,100,1,0,2,109,109,139,106,139,139,0,90030,0,5851,90060,90100,90200,5262,-1,35,0.4,1,1.1,1,1,1,1.2,1,1,0,0,0,-1,-1,256,2005,-1,200,30,112,0,0,-1,5020,5021,5800,11610,11616,-1,-1,-1,-1,-1,-1,-1,-1,-1,-1,-1,0,-1,0,0,0,1,1,1,0,0,-1,-1,0,0,0,0,0,0,-1,-1,-1,0,0,0,180,200,0.1,-1,-1,-1,-1,2.5,0,0,0,1,0,0,0,0,0,0,0,0,1,-0.225,-1,-1,23100,23101,23102,23103,-1,-1,-1,0.1,0.4,-1,0,0,65,0.29,100,3001,-1,5002,6002,-1,0,0.5,0.6,0,-1,0,1,1,1,1,1,1,1,1,1,1,1,1,1,1,1,1,1,1,-1,0,-1,0,-1,-1,-1,-1,[0|0|0|0|0|0|0|0|0|0|0|0],
34001254,Grave Warden Duelist,0,0,[0|0|0],34000,1004,0,40,2.2,0.5,130,0,960,0,400,340000300,-1,10,0,0,-1,-1,0.6,-1,5401,0,11602,7180,0,0,0,0,-1,0,0,0,0,0,-1,-1,-1,-1,-1,-1,20,3000,3001,3002,3003,3004,3005,3006,3007,3008,3009,6001,6000,0,1,1,1,1,1,1,1,1,1.5,0,0,50,21,100,0,0,0,100,100,100,0,252,542,84,999,-1,-1,0,0,0,0,-1,-1,0,0,0,0,0,112,999,0,0,-1,10,0,12,0,0,6,3,40,110,110,0,0,2,0,0,0,0,0,0,0,0,0,0,27,7,0,0,0,0,0,0,0,0,1,0,0,0,0,0,0,0,0,0,0,0,1,0,0,0,0,0,0,0,0,0,0,0,0,0,1,0,0,1,0,0,0,0,0,0,0,0,0,0,0,0,0,0,0,0,0,0,0,2.2,0.5,0,0,0,0,0,0,0,0,0,100,1,0,2,109,109,139,106,139,139,0,90030,0,5851,90060,90100,90200,5262,-1,35,0.4,1,1.1,1,1,1,1.2,1,1,0,0,0,-1,-1,256,2005,-1,200,30,112,0,0,-1,5020,5021,5800,11610,11616,-1,-1,-1,-1,-1,-1,-1,-1,-1,-1,-1,0,-1,0,0,0,1,1,1,0,0,-1,-1,0,0,0,0,0,0,-1,-1,-1,0,0,0,180,200,0.1,-1,-1,-1,-1,2.5,0,0,0,1,0,0,0,0,0,0,0,0,1,-0.225,-1,-1,23100,23101,23102,23103,-1,-1,-1,0.1,0.4,-1,0,0,65,0.29,100,3001,-1,5002,6002,-1,0,0.5,0.6,0,-1,0,1,1,1,1,1,1,1,1,1,1,1,1,1,1,1,1,1,1,-1,0,-1,0,-1,-1,-1,-1,[0|0|0|0|0|0|0|0|0|0|0|0],
34001256,Grave Warden Duelist,0,0,[0|0|0],34000,1004,0,40,2.2,0.5,130,0,960,0,400,340000300,-1,10,0,0,-1,-1,0.6,-1,5401,0,11602,7190,0,0,0,0,-1,0,0,0,0,0,-1,-1,-1,-1,-1,-1,20,3000,3001,3002,3003,3004,3005,3006,3007,3008,3009,6001,6000,0,1,1,1,1,1,1,1,1,1.5,0,0,50,21,100,0,0,0,100,100,100,0,252,542,84,999,-1,-1,0,0,0,0,-1,-1,0,0,0,0,0,112,999,0,0,-1,10,0,12,0,0,6,3,40,110,110,0,0,2,0,0,0,0,0,0,0,0,0,0,27,7,0,0,0,0,0,0,0,0,1,0,0,0,0,0,0,0,0,0,0,0,1,0,0,0,0,0,0,0,0,0,0,0,0,0,1,0,0,1,0,0,0,0,0,0,0,0,0,0,0,0,0,0,0,0,0,0,0,2.2,0.5,0,0,0,0,0,0,0,0,0,100,1,0,2,109,109,139,106,139,139,0,90030,0,5851,90060,90100,90200,5262,-1,35,0.4,1,1.1,1,1,1,1.2,1,1,0,0,0,-1,-1,256,2005,-1,200,30,112,0,0,-1,5020,5021,5800,11610,11616,-1,-1,-1,-1,-1,-1,-1,-1,-1,-1,-1,0,-1,0,0,0,1,1,1,0,0,-1,-1,0,0,0,0,0,0,-1,-1,-1,0,0,0,180,200,0.1,-1,-1,-1,-1,2.5,0,0,0,1,0,0,0,0,0,0,0,0,1,-0.225,-1,-1,23100,23101,23102,23103,-1,-1,-1,0.1,0.4,-1,0,0,65,0.29,100,3001,-1,5002,6002,-1,0,0.5,0.6,0,-1,0,1,1,1,1,1,1,1,1,1,1,1,1,1,1,1,1,1,1,-1,0,-1,0,-1,-1,-1,-1,[0|0|0|0|0|0|0|0|0|0|0|0],
34001852,Grave Warden Duelist,0,0,[0|0|0],34000,1004,0,40,2.2,0.5,130,0,960,0,400,340051300,-1,10,0,0,-1,-1,0.6,-1,5401,0,11602,7160,0,0,0,0,-1,0,0,0,0,0,-1,-1,-1,-1,-1,-1,20,3000,3001,3002,3003,3004,3005,3006,3007,3008,3009,6001,6000,0,1,1,1,1,1,1,1,1,1.5,0,0,50,21,100,0,0,0,100,100,100,0,252,542,84,999,-1,-1,0,0,0,0,-1,-1,0,0,0,0,0,112,999,0,0,-1,10,0,12,0,0,6,3,40,110,110,0,0,2,0,0,0,0,0,0,0,0,0,0,27,7,0,0,0,0,0,0,0,0,1,0,0,0,0,0,0,0,0,0,0,0,1,0,0,0,0,0,0,0,0,0,0,0,0,0,1,0,0,1,0,0,0,0,0,0,0,0,0,0,0,0,0,0,0,0,0,0,0,2.2,0.5,0,0,0,0,0,0,0,0,0,100,1,0,2,109,109,139,106,139,139,0,90030,0,5851,90060,90100,90200,5262,-1,35,0.4,1,1.1,1,1,1,1.2,1,1,0,0,0,-1,-1,256,2005,-1,200,30,112,0,0,-1,5020,5021,5800,11610,11616,-1,-1,-1,-1,-1,-1,-1,-1,-1,-1,-1,0,-1,0,0,0,1,1,1,0,0,-1,-1,0,0,0,0,0,0,-1,-1,-1,0,0,0,180,200,0.1,-1,-1,-1,-1,2.5,0,0,0,1,0,0,0,0,0,0,0,0,1,-0.225,-1,-1,23100,23101,23102,23103,-1,-1,-1,0.1,0.4,-1,0,0,65,0.29,100,3001,-1,5002,6002,-1,0,0.5,0.6,0,-1,0,1,1,1,1,1,1,1,1,1,1,1,1,1,1,1,1,1,1,-1,0,-1,0,-1,-1,-1,-1,[0|0|0|0|0|0|0|0|0|0|0|0],
34500054,Misbegotten,0,0,[0|0|0],34500,1002,0,120,2.2,0.5,130,0,192,0,100,345000000,-1,10,0,0,-1,-1,0.5,-1,5400,0,0,7180,0,0,0,0,-1,100,0,0,0,0,-1,-1,-1,-1,-1,-1,16,3000,3001,3002,3003,3004,3005,3006,3007,3008,3009,6001,6000,0,1,1,1,1,1,1,1,1,1.5,-0.53846157,0,50,21,100,0,0,0,100,100,100,0,112,112,112,999,-1,-1,0,0,0,0,-1,-1,0,0,0,0,30,112,999,0,0,-1,10,0,11,0,0,6,3,40,110,110,0,0,2,0,0,0,0,0,0,0,0,0,0,17,7,0,0,0,0,0,0,0,0,1,0,0,0,0,0,0,0,0,0,0,0,0,0,0,0,0,0,0,0,0,0,0,0,0,0,1,0,0,1,0,0,0,0,0,0,0,0,0,0,0,0,0,0,0,0,0,0,0,2.2,0.5,0,0,0,0,0,0,0,0,0,100,1,0,1,109,109,139,139,139,139,0,90030,0,0,90060,90161,90200,5261,-1,35,0.4,1,1,1,1,1,1.2,1,1,0,0,0,-1,-1,128,2002,-1,100,30,112,0,0,-1,5800,-1,-1,13070,-1,-1,-1,-1,-1,-1,-1,-1,-1,-1,-1,-1,0,2,0,0,0,1,1,1,0,0,-1,-1,0,0,0,0,0,0,-1,-1,-1,0,0,0,180,50,0.1,-1,-1,-1,-1,1.8,0,0,0,1,0,0,0,0,0,0,0,0,1,-0.2,-1,-1,-1,-1,-1,-1,-1,-1,2900,0.1,0.4,-1,0,0,30,0.29,100,3002,-1,5002,6002,-1,0,0.5,0.6,0,-1,0,1,1,1,1,1,1,1,1,1,1,1,1,1,1,1,1,1,1,-1,0,-1,0,-1,-1,-1,-1,[0|0|0|0|0|0|0|0|0|0|0|0],
34500200,Misbegotten,1,0,[0|0|0],34500,1002,0,120,2.2,0.5,130,0,2640,0,100,-1,-1,10,0,0,-1,-1,0.5,-1,5400,0,0,7714,0,90400,0,0,-1,100,0,0,0,0,-1,-1,-1,-1,-1,-1,16,3000,3001,3002,3003,3004,3005,3006,3007,3008,3009,6001,6000,0,1,1,1,1,1,1,1,1,1.3,-0.53846157,0,50,21,100,0,0,0,100,100,100,0,112,112,112,999,-1,-1,0,0,0,0,-1,-1,1,0,0,0,30,112,999,0,0,-1,10,0,11,0,0,6,3,40,110,110,0,0,2,0,0,0,0,0,0,0,0,0,0,17,7,0,0,0,0,0,0,0,0,1,0,0,0,0,0,0,0,0,0,0,0,0,0,0,0,0,0,0,0,0,0,0,0,0,0,1,0,0,1,0,0,0,0,0,0,0,0,0,0,0,0,0,0,0,0,0,0,0,2.2,0.5,0,0,0,0,0,0,0,0,0,100,1,0,1,109,109,139,139,139,139,0,90030,0,0,90060,90100,90200,5260,-1,35,0.4,1,1,1,1,1,1.2,1,1,0,0,0,-1,-1,128,2002,-1,7714,30,112,0,0,-1,5800,-1,-1,13070,-1,-1,-1,-1,-1,-1,99390,-1,4300,-1,-1,-1,0,2,0,0,0,1,1,1,0,0,-1,-1,0,0,0,0,0,0,-1,-1,-1,0,0,0,180,50,0.1,-1,-1,-1,3450,1.8,0,0,1,1,0,0,0,0,0,0,0,0,1,-0.2,-1,-1,-1,-1,-1,-1,-1,-1,2900,0.1,0.4,-1,0,0,30,0.29,100,3002,-1,5002,6002,-1,0,0.5,0.6,0,-1,7414,1,1.25,1,1,1,1,1,1,1,1,1,1,1,1,1,1,1,1,4,0,-1,7714,113010,-1,-1,-1,[0|0|0|0|0|0|0|0|0|0|0|0],
34501052,Winged Misbegotten,0,0,[0|0|0],34500,1002,0,120,2.2,0.8,130,0,192,0,100,345000100,-1,10,2,0,-1,-1,0.5,-1,5400,0,0,7160,0,0,0,0,-1,100,0,0,0,0,-1,-1,-1,-1,-1,-1,16,3000,3001,3002,3003,3004,3005,3006,3007,3008,3009,6001,6000,0,1,1,1,1,1,1,1,1,1.5,-0.53846157,0,50,21,100,0,0,0,100,100,100,0,112,112,112,999,-1,-1,0,0,0,0,-1,-1,0,0,0,0,30,112,999,0,0,-1,10,0,12,0,0,6,3,40,110,110,0,0,2,0,0,0,0,0,0,0,0,0,0,17,7,0,0,0,0,0,0,0,0,0,1,1,0,0,0,0,0,0,0,1,0,0,0,0,0,0,0,0,0,0,0,0,0,0,0,1,0,0,1,0,0,0,0,0,0,0,0,0,0,0,0,0,0,0,0,0,0,0,2.2,0.6,0,0,0,0,0,0,0,0,0,100,1,0,1,109,109,139,139,139,139,0,90030,0,0,90060,90161,90200,5261,-1,35,0.4,1,1,1,1,1,1.2,1,1,0,0,0,-1,-1,128,2002,-1,100,30,112,0,0,-1,5800,-1,-1,13070,-1,-1,-1,-1,-1,-1,-1,-1,-1,-1,471,-1,0,2,0,0,0,1,1,1,0,0,-1,-1,0,0,0,0,0,0,-1,-1,-1,0,0,0,180,50,0.1,-1,-1,-1,-1,1.8,0,0,0,1,0,0,0,0,0,0,0,0,1,-0.2,-1,-1,-1,-1,-1,-1,-1,-1,2900,0.1,0.4,-1,0,0,30,0.29,100,3002,-1,5002,6002,-1,0,0.5,0.6,0,-1,0,1,1,1,1,1,1,1,1,1,1,1,1,1,1,1,1,1,1,-1,0,-1,0,-1,-1,-1,-1,[0|0|0|0|0|0|0|0|0|0|0|0],
34501054,Winged Misbegotten,0,0,[0|0|0],34500,1002,0,120,2.2,0.8,130,0,192,0,100,345000100,-1,10,2,0,-1,-1,0.5,-1,5400,0,0,7180,0,0,0,0,-1,100,0,0,0,0,-1,-1,-1,-1,-1,-1,16,3000,3001,3002,3003,3004,3005,3006,3007,3008,3009,6001,6000,0,1,1,1,1,1,1,1,1,1.5,-0.53846157,0,50,21,100,0,0,0,100,100,100,0,112,112,112,999,-1,-1,0,0,0,0,-1,-1,0,0,0,0,30,112,999,0,0,-1,10,0,12,0,0,6,3,40,110,110,0,0,2,0,0,0,0,0,0,0,0,0,0,17,7,0,0,0,0,0,0,0,0,0,1,1,0,0,0,0,0,0,0,1,0,0,0,0,0,0,0,0,0,0,0,0,0,0,0,1,0,0,1,0,0,0,0,0,0,0,0,0,0,0,0,0,0,0,0,0,0,0,2.2,0.6,0,0,0,0,0,0,0,0,0,100,1,0,1,109,109,139,139,139,139,0,90030,0,0,90060,90161,90200,5261,-1,35,0.4,1,1,1,1,1,1.2,1,1,0,0,0,-1,-1,128,2002,-1,100,30,112,0,0,-1,5800,-1,-1,13070,-1,-1,-1,-1,-1,-1,-1,-1,-1,-1,471,-1,0,2,0,0,0,1,1,1,0,0,-1,-1,0,0,0,0,0,0,-1,-1,-1,0,0,0,180,50,0.1,-1,-1,-1,-1,1.8,0,0,0,1,0,0,0,0,0,0,0,0,1,-0.2,-1,-1,-1,-1,-1,-1,-1,-1,2900,0.1,0.4,-1,0,0,30,0.29,100,3002,-1,5002,6002,-1,0,0.5,0.6,0,-1,0,1,1,1,1,1,1,1,1,1,1,1,1,1,1,1,1,1,1,-1,0,-1,0,-1,-1,-1,-1,[0|0|0|0|0|0|0|0|0|0|0|0],
34501354,Winged Misbegotten,0,0,[0|0|0],34500,1002,0,120,2.2,0.7,130,0,192,0,100,345000100,-1,10,2,0,-1,-1,0.5,-1,5400,0,0,7180,0,0,0,0,-1,100,0,0,0,0,-1,-1,-1,-1,-1,-1,16,3000,3001,3002,3003,3004,3005,3006,3007,3008,3009,6001,6000,0,1,1,1,1,1,1,1,1,1.5,-0.53846157,0,50,21,100,0,0,0,100,100,100,0,112,112,112,999,-1,-1,0,0,0,0,-1,-1,0,0,0,0,30,112,999,0,0,-1,10,0,12,0,0,6,3,40,110,110,0,0,2,0,0,0,0,0,0,0,0,0,0,17,7,0,0,0,0,0,0,0,0,0,1,1,0,0,0,0,0,0,0,1,0,0,0,0,0,0,0,0,0,0,0,0,0,0,0,1,0,0,1,0,0,0,0,0,0,0,0,0,0,0,0,0,0,0,0,0,0,0,2.2,0.6,0,0,0,0,0,0,0,0,0,100,1,0,1,109,109,139,139,139,139,0,90030,0,0,90060,90161,90200,5261,-1,35,0.4,1,1,1,1,1,1.2,1,1,0,0,0,-1,-1,128,2002,-1,100,30,112,0,0,-1,5800,-1,-1,13070,-1,-1,-1,-1,-1,-1,-1,-1,-1,-1,471,-1,0,2,0,0,0,1,1,1,0,0,-1,-1,0,0,0,0,0,0,-1,-1,-1,0,0,0,180,50,0.1,-1,-1,-1,-1,1.8,0,0,0,1,0,0,0,0,0,0,0,0,1,-0.2,-1,-1,-1,-1,-1,-1,-1,-1,2900,0.1,0.4,-1,0,0,30,0.29,100,3002,-1,5002,6002,-1,0,0.5,0.6,0,-1,0,1,1,1,1,1,1,1,1,1,1,1,1,1,1,1,1,1,1,-1,0,-1,0,-1,-1,-1,-1,[0|0|0|0|0|0|0|0|0|0|0|0],
34502012,Misbegotten,0,0,[0|0|0],34500,1002,0,120,2.2,0.8,130,2.2,192,0,100,345000100,-1,10,2,0,-1,-1,0.5,-1,5401,0,0,7020,0,0,0,0,-1,100,0,0,0,0,-1,-1,-1,-1,-1,-1,16,3000,3001,3002,3003,3004,3005,3006,3007,3008,3009,6001,6000,0,1,1,1,1,1,1,1,1,1.5,-0.53846157,0,50,21,100,0,0,0,100,100,100,0,112,112,112,999,-1,-1,0,0,0,0,-1,-1,0,0,0,0,30,112,999,0,0,-1,10,0,12,0,0,60,3,40,110,110,0,0,2,0,0,0,0,0,0,0,0,0,0,17,7,0,0,0,0,0,0,0,0,0,1,1,0,0,0,0,0,0,0,1,0,0,0,0,0,0,0,0,0,0,0,0,0,0,0,1,0,0,1,0,0,0,0,0,0,0,0,0,0,0,0,0,0,0,0,0,0,0,2.2,0.6,0,0,0,0,0,0,0,0,0,100,1,0,1,109,109,139,139,139,139,0,90030,0,5851,90060,90161,90200,5261,-1,35,0.4,1,1,1,1,1,1.2,1,1,0,0,0,-1,-1,128,2002,-1,100,30,112,0,0,-1,5800,-1,-1,13070,-1,-1,-1,-1,-1,-1,-1,-1,-1,-1,471,-1,0,2,0,0,0,1,1,1,0,0,-1,-1,0,0,0,0,0,0,-1,-1,-1,0,0,0,180,50,0.1,-1,-1,-1,-1,1.8,0,0,0,1,0,0,0,0,0,0,0,0,1,-0.2,-1,-1,-1,-1,-1,-1,-1,-1,2900,0.1,0.4,-1,0,0,30,0.29,100,3002,-1,5002,6002,-1,0,0.5,0.6,0,-1,0,1,1,1,1,1,1,1,1,1,1,1,1,1,1,1,1,1,1,-1,0,-1,0,-1,-1,-1,-1,[0|0|0|0|0|0|0|0|0|0|0|0],
34502054,Misbegotten,0,0,[0|0|0],34500,1002,0,120,2.2,0.8,130,2.2,192,0,100,345000100,-1,10,2,0,-1,-1,0.5,-1,5401,0,0,7180,0,0,0,0,-1,100,0,0,0,0,-1,-1,-1,-1,-1,-1,16,3000,3001,3002,3003,3004,3005,3006,3007,3008,3009,6001,6000,0,1,1,1,1,1,1,1,1,1.5,-0.53846157,0,50,21,100,0,0,0,100,100,100,0,112,112,112,999,-1,-1,0,0,0,0,-1,-1,0,0,0,0,30,112,999,0,0,-1,10,0,12,0,0,6,3,40,110,110,0,0,2,0,0,0,0,0,0,0,0,0,0,17,7,0,0,0,0,0,0,0,0,0,1,1,0,0,0,0,0,0,0,1,0,0,0,0,0,0,0,0,0,0,0,0,0,0,0,1,0,0,1,0,0,0,0,0,0,0,0,0,0,0,0,0,0,0,0,0,0,0,2.2,0.6,0,0,0,0,0,0,0,0,0,100,1,0,1,109,109,139,139,139,139,0,90030,0,5851,90060,90161,90200,5261,-1,35,0.4,1,1,1,1,1,1.2,1,1,0,0,0,-1,-1,128,2002,-1,100,30,112,0,0,-1,5800,-1,-1,13070,-1,-1,-1,-1,-1,-1,-1,-1,-1,-1,471,-1,0,2,0,0,0,1,1,1,0,0,-1,-1,0,0,0,0,0,0,-1,-1,-1,0,0,0,180,50,0.1,-1,-1,-1,-1,1.8,0,0,0,1,0,0,0,0,0,0,0,0,1,-0.2,-1,-1,-1,-1,-1,-1,-1,-1,2900,0.1,0.4,-1,0,0,30,0.29,100,3002,-1,5002,6002,-1,0,0.5,0.6,0,-1,0,1,1,1,1,1,1,1,1,1,1,1,1,1,1,1,1,1,1,-1,0,-1,0,-1,-1,-1,-1,[0|0|0|0|0|0|0|0|0|0|0|0],
34502354,Misbegotten,0,0,[0|0|0],34500,1002,0,120,2.2,0.7,130,2.2,192,0,100,345000100,-1,10,2,0,-1,-1,0.5,-1,5401,0,0,7180,0,0,0,0,-1,100,0,0,0,0,-1,-1,-1,-1,-1,-1,16,3000,3001,3002,3003,3004,3005,3006,3007,3008,3009,6001,6000,0,1,1,1,1,1,1,1,1,1.5,-0.53846157,0,50,21,100,0,0,0,100,100,100,0,112,112,112,999,-1,-1,0,0,0,0,-1,-1,0,0,0,0,30,112,999,0,0,-1,10,0,12,0,0,6,3,40,110,110,0,0,2,0,0,0,0,0,0,0,0,0,0,17,7,0,0,0,0,0,0,0,0,0,1,1,0,0,0,0,0,0,0,1,0,0,0,0,0,0,0,0,0,0,0,0,0,0,0,1,0,0,1,0,0,0,0,0,0,0,0,0,0,0,0,0,0,0,0,0,0,0,2.2,0.6,0,0,0,0,0,0,0,0,0,100,1,0,1,109,109,139,139,139,139,0,90030,0,5851,90060,90161,90200,5261,-1,35,0.4,1,1,1,1,1,1.2,1,1,0,0,0,-1,-1,128,2002,-1,100,30,112,0,0,-1,5800,-1,-1,13070,-1,-1,-1,-1,-1,-1,-1,-1,-1,-1,471,-1,0,2,0,0,0,1,1,1,0,0,-1,-1,0,0,0,0,0,0,-1,-1,-1,0,0,0,180,50,0.1,-1,-1,-1,-1,1.8,0,0,0,1,0,0,0,0,0,0,0,0,1,-0.2,-1,-1,-1,-1,-1,-1,-1,-1,2900,0.1,0.4,-1,0,0,30,0.29,100,3002,-1,5002,6002,-1,0,0.5,0.6,0,-1,0,1,1,1,1,1,1,1,1,1,1,1,1,1,1,1,1,1,1,-1,0,-1,0,-1,-1,-1,-1,[0|0|0|0|0|0|0|0|0|0|0|0],
34510052,Scaly Misbegotten,0,0,[0|0|0],34510,1002,0,120,2.4,0.75,130,0,531,0,100,345100000,-1,10,0,0,-1,-1,0.5,-1,5402,0,13085,7160,0,0,0,0,-1,100,0,0,0,0,-1,-1,-1,-1,-1,-1,20,3000,3001,3002,3003,3004,3005,3006,3007,3008,3009,6001,6000,0,1,1,1,1,1,1,1,1,1.5,0,0,50,21,100,0,0,0,100,100,100,0,112,112,112,999,-1,-1,0,0,0,0,-1,-1,0,0,0,0,30,112,999,0,0,-1,10,0,11,0,0,6,3,40,110,110,0,0,2,0,0,0,0,0,0,0,0,0,0,27,7,0,0,0,0,0,0,0,0,1,0,0,0,0,0,0,0,0,0,1,0,0,0,0,0,0,0,0,0,0,0,0,0,0,0,1,0,0,1,0,0,0,0,0,0,0,0,0,0,0,0,0,0,0,0,0,0,0,2.4,0.75,0,0,0,0,0,0,0,0,0,100,1,0,1,109,109,139,139,139,139,0,90030,0,0,90060,90161,90200,5261,-1,35,0.4,1,0.9,1,1.1,1,1.2,1,1,0,0,0,-1,-1,128,2002,-1,100,30,112,0,0,-1,-1,-1,-1,-1,-1,-1,-1,-1,-1,-1,-1,-1,-1,-1,-1,-1,0,2,0,0,0,1,1,1,0,0,-1,-1,0,0,0,0,0,0,-1,-1,3450,0,0,0,180,50,0.1,-1,-1,3450,-1,2.5,0,0,0,1,0,0,0,0,0,0,0,0,1.3,-0.38,-1,-1,-1,-1,-1,-1,-1,-1,2900,0.1,0.4,-1,0,0,65,0.29,100,3002,-1,5002,6002,-1,0,0.5,0.6,0,-1,0,1,1,1,1,1,1,1,1,1,1,1,1,1,1,1,1,1,1,-1,0,-1,0,-1,-1,-1,-1,[0|0|0|0|0|0|0|0|0|0|0|0],
34510054,Scaly Misbegotten,0,0,[0|0|0],34510,1002,0,120,2.4,0.75,130,0,531,0,100,345100000,-1,10,0,0,-1,-1,0.5,-1,5402,0,13085,7180,0,0,0,0,-1,100,0,0,0,0,-1,-1,-1,-1,-1,-1,20,3000,3001,3002,3003,3004,3005,3006,3007,3008,3009,6001,6000,0,1,1,1,1,1,1,1,1,1.5,0,0,50,21,100,0,0,0,100,100,100,0,112,112,112,999,-1,-1,0,0,0,0,-1,-1,0,0,0,0,30,112,999,0,0,-1,10,0,11,0,0,6,3,40,110,110,0,0,2,0,0,0,0,0,0,0,0,0,0,27,7,0,0,0,0,0,0,0,0,1,0,0,0,0,0,0,0,0,0,1,0,0,0,0,0,0,0,0,0,0,0,0,0,0,0,1,0,0,1,0,0,0,0,0,0,0,0,0,0,0,0,0,0,0,0,0,0,0,2.4,0.75,0,0,0,0,0,0,0,0,0,100,1,0,1,109,109,139,139,139,139,0,90030,0,0,90060,90161,90200,5261,-1,35,0.4,1,0.9,1,1.1,1,1.2,1,1,0,0,0,-1,-1,128,2002,-1,100,30,112,0,0,-1,-1,-1,-1,-1,-1,-1,-1,-1,-1,-1,-1,-1,-1,-1,-1,-1,0,2,0,0,0,1,1,1,0,0,-1,-1,0,0,0,0,0,0,-1,-1,3450,0,0,0,180,50,0.1,-1,-1,3450,-1,2.5,0,0,0,1,0,0,0,0,0,0,0,0,1.3,-0.38,-1,-1,-1,-1,-1,-1,-1,-1,2900,0.1,0.4,-1,0,0,65,0.29,100,3002,-1,5002,6002,-1,0,0.5,0.6,0,-1,0,1,1,1,1,1,1,1,1,1,1,1,1,1,1,1,1,1,1,-1,0,-1,0,-1,-1,-1,-1,[0|0|0|0|0|0|0|0|0|0|0|0],
34510179,Smithing Master Hewg,0,0,[0|0|0],34510,1002,121300,120,2.4,0.75,130,0,531,0,100,345100000,-1,10,0,0,-1,-1,0.5,-1,5402,0,13085,0,0,0,0,0,-1,100,0,0,0,0,-1,-1,-1,-1,-1,-1,20,3000,3001,3002,3003,3004,3005,3006,3007,3008,3009,6001,6000,0,1,1,1,1,1,1,1,1,1.5,0,0,50,21,100,0,0,0,100,100,100,0,112,112,112,999,-1,-1,0,0,0,0,-1,-1,0,0,0,0,30,112,999,0,0,-1,10,0,11,0,0,0,3,40,110,110,0,0,2,0,0,0,0,0,0,0,0,0,0,27,7,0,0,0,0,0,0,0,0,0,1,0,0,0,0,0,0,0,0,0,1,0,0,0,0,1,0,0,0,0,0,0,0,0,0,1,1,0,1,0,0,0,0,0,0,0,0,0,0,0,0,0,0,0,0,0,0,0,2.4,0.75,0,0,0,0,0,0,0,0,0,100,1,0,1,109,109,139,139,139,139,0,90030,0,0,90060,90161,0,-1,-1,35,0.4,1,0.9,1,1.1,1,1.2,1,1,0,0,0,-1,-1,128,2002,-1,100,30,112,0,0,-1,-1,-1,18699,440,-1,-1,-1,-1,-1,-1,-1,-1,-1,-1,-1,-1,0,2,0,0,0,1,1,1,0,0,-1,-1,0,0,0,0,0,0,900,-1,3450,0,0,0,180,50,0.1,-1,-1,3450,3450,2.5,0,0,0,1,0,0,0,0,0,0,0,0,1.3,-0.38,-1,-1,23600,23601,-1,-1,-1,-1,2900,0.1,0.4,3452,0,0,65,0.29,100,3002,-1,5002,6002,-1,0,0.5,0.6,0,-1,0,1,1,1,1,1,1,1,1,1,1,1,1,1,1,1,1,1,1,-1,0,-1,0,-1,-1,-1,-1,[0|0|0|0|0|0|0|0|0|0|0|0],
34510354,Scaly Misbegotten,0,0,[0|0|0],34510,1002,0,120,2.4,0.65,130,0,531,0,100,345100000,-1,10,0,0,-1,-1,0.5,-1,5402,0,13085,7180,0,0,0,0,-1,100,0,0,0,0,-1,-1,-1,-1,-1,-1,20,3000,3001,3002,3003,3004,3005,3006,3007,3008,3009,6001,6000,0,1,1,1,1,1,1,1,1,1.5,0,0,50,21,100,0,0,0,100,100,100,0,112,112,112,999,-1,-1,0,0,0,0,-1,-1,0,0,0,0,30,112,999,0,0,-1,10,0,11,0,0,6,3,40,110,110,0,0,2,0,0,0,0,0,0,0,0,0,0,27,7,0,0,0,0,0,0,0,0,1,0,0,0,0,0,0,0,0,0,1,0,0,0,0,0,0,0,0,0,0,0,0,0,0,0,1,0,0,1,0,0,0,0,0,0,0,0,0,0,0,0,0,0,0,0,0,0,0,2.4,0.65,0,0,0,0,0,0,0,0,0,100,1,0,1,109,109,139,139,139,139,0,90030,0,0,90060,90161,90200,5261,-1,35,0.4,1,0.9,1,1.1,1,1.2,1,1,0,0,0,-1,-1,128,2002,-1,100,30,112,0,0,-1,-1,-1,-1,-1,-1,-1,-1,-1,-1,-1,-1,-1,-1,-1,-1,-1,0,2,0,0,0,1,1,1,0,0,-1,-1,0,0,0,0,0,0,-1,-1,3450,0,0,0,180,50,0.1,-1,-1,3450,-1,2.5,0,0,0,1,0,0,0,0,0,0,0,0,1.3,-0.38,-1,-1,-1,-1,-1,-1,-1,-1,2900,0.1,0.4,-1,0,0,65,0.29,100,3002,-1,5002,6002,-1,0,0.5,0.6,0,-1,0,1,1,1,1,1,1,1,1,1,1,1,1,1,1,1,1,1,1,-1,0,-1,0,-1,-1,-1,-1,[0|0|0|0|0|0|0|0|0|0|0|0],
34510912,Scaly Misbegotten (Morne Tunnel Boss),0,0,[0|0|0],34510,1002,0,120,2.4,0.75,130,0,531,0,100,-1,-1,10,0,0,-1,-1,0.5,-1,5402,0,13085,7020,0,90400,0,0,-1,100,0,0,0,0,-1,-1,-1,-1,-1,-1,20,3000,3001,3002,3003,3004,3005,3006,3007,3008,3009,6001,6000,0,1,1,1,1,1,1,1,1,1.5,0,0,50,21,100,0,0,0,100,100,100,0,112,112,112,999,-1,-1,0,0,0,0,-1,-1,0,0,0,0,30,112,999,0,0,-1,10,0,11,0,0,6,3,40,110,110,0,0,2,0,0,0,0,0,0,0,0,0,0,27,7,0,0,0,0,0,0,0,0,1,0,0,0,0,0,0,0,0,0,1,0,0,0,0,0,0,0,0,0,0,0,0,0,0,0,1,0,0,1,0,0,0,0,0,0,0,0,0,0,0,0,0,0,0,0,0,0,0,2.4,0.75,0,1,0,0,0,0,0,0,0,100,1,0,1,109,109,139,139,139,139,95000,90030,95010,95020,90060,90161,0,-1,-1,35,0.4,1,0.9,1,1.1,1,1.2,1,1,0,0,0,-1,-1,128,2002,-1,300,30,112,0,0,-1,-1,-1,-1,102304,4301,-1,-1,-1,-1,-1,-1,-1,4410,-1,-1,4301,0,2,0,0,0,1,1,1,0,0,-1,-1,0,0,0,0,0,0,-1,-1,3450,0,0,0,180,50,0.1,-1,-1,3450,-1,2.5,0,0,0,1,0,0,0,0,0,0,0,0,1.3,-0.38,-1,-1,-1,-1,-1,-1,-1,-1,2900,0.1,0.4,-1,0,0,65,0.29,100,3002,-1,5002,6002,-1,0,0.5,0.6,0,-1,0,1,1,1,1,1,1,1,1,1,1,1,1,1,1,1,1,1,1,-1,0,-1,0,-1,-1,-1,-1,[0|0|0|0|0|0|0|0|0|0|0|0],
34519020,Scaly Misbegotten,0,0,[0|0|0],34510,1002,0,120,2.4,0.75,130,0,531,0,100,345100000,-1,10,0,0,-1,-1,0.5,-1,5402,0,13085,7060,0,0,0,0,-1,100,0,0,0,0,-1,-1,-1,-1,-1,-1,20,3000,3001,3002,3003,3004,3005,3006,3007,3008,3009,6001,6000,0,1,1,1,1,1,1,1,1,1.5,0,0,50,21,100,0,0,0,100,100,100,0,112,112,112,999,-1,-1,0,0,0,0,-1,-1,0,0,0,0,30,112,999,0,0,-1,10,0,11,0,0,26,3,40,110,110,0,0,2,0,0,0,0,0,0,0,0,0,0,27,7,0,0,0,0,0,0,0,0,1,0,0,0,0,0,0,0,0,0,1,0,0,0,0,0,0,0,0,0,0,0,0,0,0,0,1,0,0,1,0,0,0,0,0,0,0,0,0,0,0,0,0,0,0,0,0,0,0,2.4,0.75,0,0,0,0,0,0,0,0,0,100,1,0,1,109,109,139,139,139,139,0,90030,0,0,90060,90161,0,-1,-1,35,0.4,1,0.9,1,1.1,1,1.2,1,1,0,0,0,-1,-1,128,2002,-1,100,30,112,0,0,-1,-1,-1,-1,440,-1,-1,-1,-1,-1,-1,-1,-1,-1,-1,-1,-1,0,2,0,0,0,1,1,1,0,0,-1,-1,0,0,0,0,0,0,-1,-1,3450,0,0,0,180,50,0.1,-1,-1,3450,-1,2.5,0,0,0,1,0,0,0,0,0,0,0,0,1.3,-0.38,-1,-1,-1,-1,-1,-1,-1,-1,2900,0.1,0.4,-1,0,0,65,0.29,100,3002,-1,5002,6002,-1,0,0.5,0.6,0,-1,0,1,1,1,1,1,1,1,1,1,1,1,1,1,1,1,1,1,1,-1,0,-1,0,-1,-1,-1,-1,[0|0|0|0|0|0|0|0|0|0|0|0],
34600012,Leonine Misbegotten,0,0,[0|0|0],34600,1003,0,120,2.4,0.8,130,0,664,0,400,346000000,-1,10,0,0,-1,-1,0.6,-1,0,0,0,7020,0,0,0,0,-1,100,0,0,0,0,-1,-1,-1,-1,-1,-1,40,3000,3001,3002,3003,3004,3005,3006,3007,3008,3009,6001,6000,0,1,1,1,1,1,1,1,1,1.5,0.23076923,0,50,21,100,0,0,0,100,100,100,0,154,154,154,999,-1,-1,0,0,0,0,-1,-1,0,0,0,0,30,154,999,0,0,-1,10,0,12,0,0,60,3,40,110,110,0,0,2,0,0,0,0,0,0,0,0,0,0,17,7,0,0,0,0,0,0,0,0,1,0,0,0,0,0,0,0,0,0,0,0,0,0,0,0,0,0,0,0,0,0,0,0,0,0,1,0,0,1,0,0,0,0,0,0,0,0,0,0,0,0,0,0,0,0,0,0,0,2.4,0.8,0,0,0,0,0,0,0,0,0,100,1,0,2,109,109,139,139,139,139,0,90030,0,5851,90060,90100,0,5261,-1,35,0.4,0.9,1,0.9,0.9,0.8,1,0.8,0.8,0,0,0,-1,-1,256,2003,-1,100,20,154,0,0,-1,5800,13074,13078,-1,-1,-1,-1,-1,-1,-1,-1,-1,-1,-1,-1,-1,0,2,0,0,0,1,1,1,0,0,-1,-1,0,0,0,0,0,0,-1,-1,3460,0,0,0,180,100,0.1,-1,-1,-1,-1,2.5,0,0,0,1,0,0,0,0,0,0,0,0,1,0,-1,-1,-1,-1,-1,-1,-1,-1,-1,0.1,0.4,-1,0,0,80,0.29,100,3003,-1,5003,6003,-1,0,0.5,0.6,0,-1,0,1,1,1,1,1,1,1,1,1,1,1,1,1,1,1,1,1,1,-1,0,-1,0,-1,-1,-1,-1,[0|0|0|0|0|0|0|0|0|0|0|0],
34600054,Leonine Misbegotten,0,0,[0|0|0],34600,1003,0,120,2.4,0.8,130,0,664,0,400,346000000,-1,10,0,0,-1,-1,0.6,-1,0,0,0,7180,0,0,0,0,-1,100,0,0,0,0,-1,-1,-1,-1,-1,-1,40,3000,3001,3002,3003,3004,3005,3006,3007,3008,3009,6001,6000,0,1,1,1,1,1,1,1,1,1.5,0.23076923,0,50,21,100,0,0,0,100,100,100,0,154,154,154,999,-1,-1,0,0,0,0,-1,-1,0,0,0,0,30,154,999,0,0,-1,10,0,12,0,0,6,3,40,110,110,0,0,2,0,0,0,0,0,0,0,0,0,0,17,7,0,0,0,0,0,0,0,0,1,0,0,0,0,0,0,0,0,0,0,0,0,0,0,0,0,0,0,0,0,0,0,0,0,0,1,0,0,1,0,0,0,0,0,0,0,0,0,0,0,0,0,0,0,0,0,0,0,2.4,0.8,0,0,0,0,0,0,0,0,0,100,1,0,2,109,109,139,139,139,139,0,90030,0,5851,90060,90100,0,5261,-1,35,0.4,0.9,1,0.9,0.9,0.8,1,0.8,0.8,0,0,0,-1,-1,256,2003,-1,100,20,154,0,0,-1,5800,13074,13078,-1,-1,-1,-1,-1,-1,-1,-1,-1,-1,-1,-1,-1,0,2,0,0,0,1,1,1,0,0,-1,-1,0,0,0,0,0,0,-1,-1,3460,0,0,0,180,100,0.1,-1,-1,-1,-1,2.5,0,0,0,1,0,0,0,0,0,0,0,0,1,0,-1,-1,-1,-1,-1,-1,-1,-1,-1,0.1,0.4,-1,0,0,80,0.29,100,3003,-1,5003,6003,-1,0,0.5,0.6,0,-1,0,1,1,1,1,1,1,1,1,1,1,1,1,1,1,1,1,1,1,-1,0,-1,0,-1,-1,-1,-1,[0|0|0|0|0|0|0|0|0|0|0|0],
34600354,Leonine Misbegotten,0,0,[0|0|0],34600,1003,0,120,2.4,0.7,130,0,664,0,400,346000000,-1,10,0,0,-1,-1,0.6,-1,0,0,0,7180,0,0,0,0,-1,100,0,0,0,0,-1,-1,-1,-1,-1,-1,40,3000,3001,3002,3003,3004,3005,3006,3007,3008,3009,6001,6000,0,1,1,1,1,1,1,1,1,1.5,0.23076923,0,50,21,100,0,0,0,100,100,100,0,154,154,154,999,-1,-1,0,0,0,0,-1,-1,0,0,0,0,30,154,999,0,0,-1,10,0,12,0,0,6,3,40,110,110,0,0,2,0,0,0,0,0,0,0,0,0,0,17,7,0,0,0,0,0,0,0,0,1,0,0,0,0,0,0,0,0,0,0,0,0,0,0,0,0,0,0,0,0,0,0,0,0,0,1,0,0,1,0,0,0,0,0,0,0,0,0,0,0,0,0,0,0,0,0,0,0,2.4,0.7,0,0,0,0,0,0,0,0,0,100,1,0,2,109,109,139,139,139,139,0,90030,0,5851,90060,90100,0,5261,-1,35,0.4,0.9,1,0.9,0.9,0.8,1,0.8,0.8,0,0,0,-1,-1,256,2003,-1,100,20,154,0,0,-1,5800,13074,13078,-1,-1,-1,-1,-1,-1,-1,-1,-1,-1,-1,-1,-1,0,2,0,0,0,1,1,1,0,0,-1,-1,0,0,0,0,0,0,-1,-1,3460,0,0,0,180,100,0.1,-1,-1,-1,-1,2.5,0,0,0,1,0,0,0,0,0,0,0,0,1,0,-1,-1,-1,-1,-1,-1,-1,-1,-1,0.1,0.4,-1,0,0,80,0.29,100,3003,-1,5003,6003,-1,0,0.5,0.6,0,-1,0,1,1,1,1,1,1,1,1,1,1,1,1,1,1,1,1,1,1,-1,0,-1,0,-1,-1,-1,-1,[0|0|0|0|0|0|0|0|0|0|0|0],
34600913,Leonine Misbegotten (Castle Morne Boss),0,0,[0|0|0],34600,1003,0,120,2.4,0.8,130,0,664,0,400,-1,-1,10,5,0,-1,-1,0.6,-1,0,0,0,7030,0,90400,0,0,-1,100,0,0,0,0,-1,-1,-1,-1,-1,-1,40,3000,3001,3002,3003,3004,3005,3006,3007,3008,3009,6001,6000,0,1,1,1,1,1,1,1,1,1.5,0.23076923,0,50,21,100,0,0,0,100,100,100,0,154,154,154,999,-1,-1,0,0,0,0,-1,-1,1,0,0,0,30,154,999,0,0,-1,10,0,12,0,0,33,3,40,110,110,0,0,2,0,0,0,0,0,0,0,0,0,0,17,7,0,0,0,0,0,0,0,0,1,0,0,0,0,0,0,0,0,0,0,0,0,0,0,0,0,0,0,0,0,0,0,0,0,0,1,0,0,1,0,0,0,0,0,0,0,0,0,0,0,0,0,0,0,0,0,0,0,2.4,0.8,0,1,0,0,0,0,0,0,0,100,1,0,2,109,109,139,139,139,139,95000,90030,95010,5851,90060,90100,0,-1,-1,35,0.4,0.9,1,0.9,0.9,0.8,1,0.8,0.8,0,0,0,-1,-1,256,2003,-1,300,20,154,0,0,-1,5800,13074,13078,13084,4301,-1,-1,-1,-1,-1,-1,-1,4410,-1,-1,4301,0,2,0,0,0,1,1,1,0,0,-1,-1,0,0,0,0,0,0,-1,-1,3460,0,0,0,180,100,0.1,-1,-1,-1,-1,2.5,0,0,0,1,0,0,0,0,0,0,0,0,1,0,-1,-1,-1,-1,-1,-1,-1,-1,-1,0.1,0.4,-1,0,0,80,0.29,100,3003,-1,5003,6003,-1,0,0.5,0.6,0,-1,0,1,1,1,1,1,1,1,1,1,1,1,1,1,1,1,1,1,1,-1,0,-1,0,-1,-1,-1,-1,[0|0|0|0|0|0|0|0|0|0|0|0],
34600930,Misbegotten Warrior,0,0,[0|0|0],34600,1003,0,120,2.4,0.8,130,0,664,0,400,-1,-1,10,0,0,-1,-1,0.6,-1,0,0,0,7080,0,90400,0,0,-1,100,0,0,0,0,-1,-1,-1,-1,-1,-1,40,3000,3001,3002,3003,3004,3005,3006,3007,3008,3009,6001,6000,0,1,1,1,1,1,1,1,1,1.5,0.23076923,0,50,21,100,0,0,0,100,100,100,0,154,154,154,999,-1,-1,0,0,0,0,-1,-1,0,0,0,0,30,154,999,0,0,-1,10,0,12,0,0,6,3,40,110,110,0,0,2,0,0,0,0,0,0,0,0,0,0,17,7,0,0,0,0,0,0,0,0,1,0,0,0,0,0,0,0,0,0,0,0,0,0,0,0,0,0,0,0,0,0,0,0,0,0,1,1,0,1,0,0,0,0,0,0,0,0,0,0,0,0,0,0,0,0,0,0,0,2.4,0.8,0,1,0,0,0,0,0,0,0,100,1,0,2,109,109,139,139,139,139,95000,90030,95010,5851,90060,90100,0,-1,-1,35,0.4,0.9,1,0.9,0.9,0.8,1,0.8,0.8,0,0,0,-1,-1,256,2003,-1,300,20,154,0,0,-1,5800,13074,13078,-1,-1,-1,-1,-1,-1,-1,-1,-1,4410,-1,-1,4301,0,2,0,0,0,1,1,1,0,0,-1,-1,0,0,0,0,0,0,-1,-1,3460,0,0,0,180,100,0.1,-1,-1,-1,-1,2.5,0,0,0,1,0,0,0,0,0,0,0,0,1,0,-1,-1,-1,-1,-1,-1,-1,-1,-1,0.1,0.4,-1,0,0,80,0.29,100,3003,-1,5003,6003,-1,0,0.5,0.6,0,-1,0,1,1,1,1,1,1,1,1,1,1,1,1,1,1,1,1,1,1,-1,0,-1,0,-1,-1,-1,-1,[0|0|0|0|0|0|0|0|0|0|0|0],
34600941,Misbegotten Warrior,0,0,[0|0|0],34600,1003,0,120,2.4,0.8,130,0,664,0,400,-1,-1,10,0,0,-1,-1,0.6,-1,0,0,0,7080,0,90400,0,0,-1,100,0,0,0,0,-1,-1,-1,-1,-1,-1,40,3000,3001,3002,3003,3004,3005,3006,3007,3008,3009,6001,6000,0,1,1,1,1,1,1,1,1,1.5,0.23076923,0,50,21,100,0,0,0,100,100,100,0,154,154,154,999,-1,-1,0,0,0,0,-1,-1,0,0,0,0,30,154,999,0,0,-1,10,0,12,0,0,6,3,40,110,110,0,0,2,0,0,0,0,0,0,0,0,0,0,17,7,0,0,0,0,0,0,0,0,1,0,0,0,0,0,0,0,0,0,0,0,0,0,0,0,0,0,0,0,0,0,0,0,0,0,1,1,0,1,0,0,0,0,0,0,0,0,0,0,0,0,0,0,0,0,0,0,0,2.4,0.8,0,1,0,0,0,0,0,0,0,100,1,0,2,109,109,139,139,139,139,95000,90030,95010,5851,90060,90100,0,-1,-1,35,0.4,0.9,1,0.9,0.9,0.8,1,0.8,0.8,0,0,0,-1,-1,256,2003,-1,300,20,154,0,0,-1,5800,13074,13078,13086,-1,-1,-1,-1,-1,-1,-1,-1,4410,-1,-1,4301,0,2,0,0,0,1,1,1,0,0,-1,-1,0,0,0,0,0,0,-1,-1,3460,0,0,0,180,100,0.1,-1,-1,-1,-1,2.5,0,0,0,1,0,0,0,0,0,0,0,0,1,0,-1,-1,-1,-1,-1,-1,-1,-1,-1,0.1,0.4,-1,0,0,80,0.29,100,3003,-1,5003,6003,-1,0,0.5,0.6,0,-1,0,1,1,1,1,1,1,1,1,1,1,1,1,1,1,1,1,1,1,-1,0,-1,0,-1,-1,-1,-1,[0|0|0|0|0|0|0|0|0|0|0|0],
34601952,Misbegotten Crusader,0,0,[0|0|0],34600,1003,0,120,2.4,0.8,130,0,664,0,400,-1,-1,10,0,0,-1,-1,0.6,-1,0,0,0,7160,0,90400,0,0,-1,100,0,0,0,0,-1,-1,-1,-1,-1,-1,40,3000,3001,3002,3003,3004,3005,3006,3007,3008,3009,6001,6000,0,1,1,1,1,1,1,1,1,1.5,0.23076923,0,50,21,100,0,0,0,100,100,100,0,154,154,154,999,-1,-1,0,0,0,0,-1,-1,0,0,0,0,30,154,999,0,0,-1,10,0,12,0,0,6,3,40,110,110,0,0,2,0,0,0,0,0,0,0,0,0,0,17,7,0,0,0,0,0,0,0,0,0,1,0,0,0,0,0,0,0,0,0,0,0,0,0,0,0,0,0,0,0,0,0,0,0,0,1,0,0,1,0,0,0,0,0,0,0,0,0,0,0,0,0,0,0,0,0,0,0,2.4,0.8,0,1,0,0,0,0,0,0,0,100,1,0,2,109,109,139,139,139,139,95000,90030,95010,5851,90060,90100,0,-1,-1,35,0.4,0.9,1,0.9,0.9,0.8,1,0.8,0.6,0,0,0,-1,-1,256,2003,-1,300,20,154,0,0,-1,5800,13074,13079,-1,-1,-1,-1,-1,-1,-1,-1,-1,4410,-1,-1,4301,0,2,0,0,0,1,1,1,0,0,-1,-1,0,0,0,0,0,0,-1,-1,3460,0,0,0,180,100,0.1,-1,-1,-1,-1,2.5,0,0,0,1,0,0,0,0,0,0,0,0,1,0,-1,-1,-1,-1,-1,-1,-1,-1,-1,0.1,0.4,-1,0,0,80,0.29,100,3003,-1,5003,6003,-1,0,0.5,0.6,0,-1,0,1,1,1,1,1,1,1,1,1,1,1,1,1,1,1,1,1,1,-1,0,-1,0,-1,-1,-1,-1,[0|0|0|0|0|0|0|0|0|0|0|0],
34700268,Bloodbane Albinauric,0,0,[0|0|0],34700,-1,0,130,1.9,0.5,100,0,247,0,100,347000100,-1,10,0,0,-1,-1,0.5,-1,5400,0,0,7170,0,0,90000,0,-1,70,65,45,65,0,-1,-1,-1,-1,-1,-1,16,3000,3001,3002,3003,3004,3005,3006,3007,702,703,701,-1,0,1,1,1,1,1,1,1,1,1.5,-0.53846157,0,90,21,100,0,0,0,100,100,100,0,999,154,63,999,-1,-1,30,0,0,0,-1,-1,0,0,0,0,35,154,999,0,0,-1,10,0,11,0,0,6,3,40,110,110,0,0,2,0,60,60,60,60,0,0,0,0,0,22,7,0,0,0,0,0,0,0,0,1,1,0,0,0,0,0,0,0,0,1,0,0,1,0,1,1,0,0,0,0,0,0,0,0,0,1,0,0,1,0,0,0,0,0,0,0,0,0,0,0,0,0,0,0,0,0,0,0,1.9,0.5,0,0,0,0,0,0,0,0,0,100,1,999,1,144,109,139,139,139,144,0,90030,0,0,90060,90161,90200,5261,-1,0,0.4,1.1,1.1,0.9,1.1,1,0.6,1.2,1.4,60,0,0,-1,-1,128,2003,-1,100,30,84,60,0,-1,-1,-1,-1,15608,15600,15602,15604,-1,-1,-1,-1,-1,-1,-1,-1,-1,0,2,0,0,0,1,1,1,0,0,-1,-1,0,0,0,0,0,0,-1,-1,-1,0,0,0,180,50,0.1,-1,-1,-1,-1,1.8,0,0,0,1,0,0,0,0,0,0,0,0,1,-0.245,-1,-1,21700,-1,-1,-1,-1,-1,2900,0.1,0.4,-1,1,1,30,0.29,100,3000,-1,5001,6003,-1,0,0.5,0.6,0,-1,0,1,1,1,1,1,1,1,1,1,1,1,1,1,1,1,1,1,1,-1,0,-1,0,-1,-1,-1,-1,[0|0|0|0|0|0|0|0|0|0|0|0],
34700352,Snowfield Albinauric,0,0,[0|0|0],34700,-1,0,130,1.9,0.5,100,0,247,0,100,347000000,-1,10,0,0,-1,-1,0.5,-1,5400,0,0,7160,0,0,90000,0,-1,70,65,45,65,0,-1,-1,-1,-1,-1,-1,16,3000,3001,3002,3003,3004,3005,3006,3007,702,703,701,-1,0,1,1,1,1,1,1,1,1,1.5,-0.53846157,0,90,21,100,0,0,0,100,100,100,0,999,154,84,999,-1,-1,30,0,0,0,-1,-1,0,0,0,0,35,84,999,0,0,-1,10,0,11,0,0,6,3,40,110,110,0,0,2,0,60,60,60,60,0,0,0,0,0,22,7,0,0,0,0,0,0,0,0,1,1,0,0,0,0,0,0,0,0,1,0,0,0,0,0,1,0,0,0,0,0,0,0,0,0,1,0,0,1,0,0,1,0,0,0,0,0,0,0,0,0,0,0,0,0,0,0,0,1.9,0.5,0,0,0,0,0,0,0,0,0,100,1,999,1,144,109,139,139,139,144,0,90030,0,0,90060,90161,90200,5261,-1,0,0.4,1.1,1.1,0.9,1.1,1,0.8,1.2,1.4,60,0,0,-1,-1,128,2003,-1,100,30,252,60,0,-1,-1,-1,15609,-1,15600,15602,15604,-1,-1,-1,-1,-1,-1,-1,-1,-1,0,2,0,0,0,1,1,1,0,0,-1,-1,0,0,0,0,0,0,-1,-1,-1,0,0,0,180,50,0.1,-1,-1,-1,-1,1.8,0,0,0,1,0,0,0,0,0,0,0,0,1,-0.245,-1,-1,21701,21702,21703,-1,-1,-1,2900,0.1,0.4,-1,1,1,30,0.29,100,3001,-1,5004,6001,-1,0,0.5,0.6,0,-1,0,1,1,1,1,1,1,1,1,1,1,1,1,1,1,1,1,1,1,-1,0,-1,0,-1,-1,-1,-1,[0|0|0|0|0|0|0|0|0|0|0|0],
34700452,Albinauric,0,0,[0|0|0],34700,-1,0,130,1.9,0.5,100,0,247,0,100,347000050,-1,10,0,0,-1,-1,0.5,-1,5400,0,0,7160,0,0,90000,0,-1,70,65,45,65,0,-1,-1,-1,-1,-1,-1,16,3000,3001,3002,3003,3004,3005,3006,3007,702,703,701,-1,0,1,1,1,1,1,1,1,1,1.5,-0.53846157,0,90,21,100,0,0,0,100,100,100,0,999,154,84,999,-1,-1,30,0,0,0,-1,-1,0,0,0,0,35,84,999,0,0,-1,10,0,11,0,0,6,3,40,110,110,0,0,2,0,60,60,60,60,0,0,0,0,0,22,7,0,0,0,0,0,0,0,0,1,1,0,0,0,0,0,0,0,0,0,0,0,0,0,0,1,0,0,0,0,0,0,0,0,0,1,0,0,1,0,0,1,0,0,0,0,0,0,0,0,0,0,0,0,0,0,0,0,1.9,0.5,0,0,0,0,0,0,0,0,0,100,1,999,1,144,109,139,139,139,144,0,90030,0,0,90060,90161,90200,5261,-1,0,0.4,1.1,1.1,0.9,1.1,1,0.8,1.2,1.4,60,0,0,-1,-1,128,2003,-1,100,30,252,60,0,-1,-1,-1,15609,-1,15600,15602,15604,15611,-1,-1,-1,-1,-1,-1,-1,-1,0,2,0,0,0,1,1,1,0,0,-1,-1,0,0,0,0,0,0,-1,-1,-1,0,0,0,180,50,0.1,-1,-1,-1,-1,1.8,0,0,0,1,0,0,0,0,0,0,0,0,1,-0.245,-1,-1,21701,21702,21703,-1,-1,-1,2900,0.1,0.4,-1,1,1,30,0.29,100,3001,-1,5004,6001,-1,0,0.5,0.6,0,-1,0,1,1,1,1,1,1,1,1,1,1,1,1,1,1,1,1,1,1,-1,0,-1,0,-1,-1,-1,-1,[0|0|0|0|0|0|0|0|0|0|0|0],
34701468,Bloodbane Albinauric,0,0,[0|0|0],34700,-1,0,130,1.9,0.5,100,0,247,0,100,347000300,-1,10,0,0,-1,-1,0.5,-1,5400,0,0,7170,0,0,90000,0,-1,70,65,45,65,0,-1,-1,-1,-1,-1,-1,16,3000,3001,3002,3003,3004,3005,3006,3007,702,703,701,-1,0,1,1,1,1,1,1,1,1,1.5,-0.53846157,0,90,21,100,0,0,0,100,100,100,0,999,154,63,999,-1,-1,30,0,0,0,-1,-1,0,0,0,0,35,154,999,0,0,-1,10,0,11,0,0,6,3,40,110,110,0,0,2,0,60,60,60,60,0,0,0,0,0,22,7,0,0,0,0,0,0,0,0,1,0,1,0,0,0,0,0,0,0,1,0,0,1,0,1,1,0,0,0,0,0,0,0,0,0,1,0,0,1,0,0,0,0,0,0,0,0,0,0,0,0,0,0,0,0,0,0,0,1.9,0.5,0,0,0,0,0,0,0,0,0,100,1,999,1,144,109,139,139,139,144,0,90030,0,0,90060,90161,90200,5261,-1,0,0.4,1.1,1.1,0.9,1.1,1,0.6,1.2,1.4,60,0,0,-1,-1,128,2003,-1,100,30,84,60,0,-1,-1,-1,-1,15608,15600,15602,15604,-1,-1,-1,-1,-1,-1,-1,-1,-1,0,2,0,0,0,1,1,1,0,0,-1,-1,0,0,0,0,0,0,-1,-1,-1,0,0,0,180,50,0.1,-1,-1,-1,-1,1.8,0,0,0,1,0,0,0,0,0,0,0,0,1,-0.245,-1,-1,21700,-1,-1,-1,-1,-1,2900,0.1,0.4,-1,1,1,30,0.29,100,3000,-1,5001,6003,-1,0,0.5,0.6,0,-1,0,1,1,1,1,1,1,1,1,1,1,1,1,1,1,1,1,1,1,-1,0,-1,0,-1,-1,-1,-1,[0|0|0|0|0|0|0|0|0|0|0|0],
34701552,Albinauric,0,0,[0|0|0],34700,-1,0,130,1.9,0.5,100,0,247,0,100,347000200,-1,10,0,0,-1,-1,0.5,-1,5400,0,0,7160,0,0,90000,0,-1,70,65,45,65,0,-1,-1,-1,-1,-1,-1,16,3000,3001,3002,3003,3004,3005,3006,3007,702,703,701,-1,0,1,1,1,1,1,1,1,1,1.5,-0.53846157,0,90,21,100,0,0,0,100,100,100,0,999,154,84,999,-1,-1,30,0,0,0,-1,-1,0,0,0,0,35,84,999,0,0,-1,10,0,11,0,0,6,3,40,110,110,0,0,2,0,60,60,60,60,0,0,0,0,0,22,7,0,0,0,0,0,0,0,0,1,0,1,0,0,0,0,0,0,0,1,0,0,0,0,0,1,0,0,0,0,0,0,0,0,0,1,0,0,1,0,0,1,0,0,0,0,0,0,0,0,0,0,0,0,0,0,0,0,1.9,0.5,0,0,0,0,0,0,0,0,0,100,1,999,1,144,109,139,139,139,144,0,90030,0,0,90060,90161,90200,5261,-1,0,0.4,1.1,1.1,0.9,1.1,1,0.8,1.2,1.4,60,0,0,-1,-1,128,2003,-1,100,30,252,60,0,-1,-1,-1,15609,-1,15600,15602,15604,-1,-1,-1,-1,-1,-1,-1,-1,-1,0,2,0,0,0,1,1,1,0,0,-1,-1,0,0,0,0,0,0,-1,-1,-1,0,0,0,180,50,0.1,-1,-1,-1,-1,1.8,0,0,0,1,0,0,0,0,0,0,0,0,1,-0.245,-1,-1,21701,21702,21703,-1,-1,-1,2900,0.1,0.4,-1,1,1,30,0.29,100,3001,-1,5004,6001,-1,0,0.5,0.6,0,-1,0,1,1,1,1,1,1,1,1,1,1,1,1,1,1,1,1,1,1,-1,0,-1,0,-1,-1,-1,-1,[0|0|0|0|0|0|0|0|0|0|0|0],
34701652,Albinauric,0,0,[0|0|0],34700,-1,0,130,1.9,0.5,100,0,247,0,100,347000250,-1,10,0,0,-1,-1,0.5,-1,5400,0,0,7160,0,0,90000,0,-1,70,65,45,65,0,-1,-1,-1,-1,-1,-1,16,3000,3001,3002,3003,3004,3005,3006,3007,702,703,701,-1,0,1,1,1,1,1,1,1,1,1.5,-0.53846157,0,90,21,100,0,0,0,100,100,100,0,999,154,84,999,-1,-1,30,0,0,0,-1,-1,0,0,0,0,35,84,999,0,0,-1,10,0,11,0,0,6,3,40,110,110,0,0,2,0,60,60,60,60,0,0,0,0,0,22,7,0,0,0,0,0,0,0,0,1,0,1,0,0,0,0,0,0,0,0,0,0,0,0,0,1,0,0,0,0,0,0,0,0,0,1,0,0,1,0,0,1,0,0,0,0,0,0,0,0,0,0,0,0,0,0,0,0,1.9,0.5,0,0,0,0,0,0,0,0,0,100,1,999,1,144,109,139,139,139,144,0,90030,0,0,90060,90161,90200,5261,-1,0,0.4,1.1,1.1,0.9,1.1,1,0.8,1.2,1.4,60,0,0,-1,-1,128,2003,-1,100,30,252,60,0,-1,-1,-1,15609,-1,15600,15602,15604,15611,-1,-1,-1,-1,-1,-1,-1,-1,0,2,0,0,0,1,1,1,0,0,-1,-1,0,0,0,0,0,0,-1,-1,-1,0,0,0,180,50,0.1,-1,-1,-1,-1,1.8,0,0,0,1,0,0,0,0,0,0,0,0,1,-0.245,-1,-1,21701,21702,21703,-1,-1,-1,2900,0.1,0.4,-1,1,1,30,0.29,100,3001,-1,5004,6001,-1,0,0.5,0.6,0,-1,0,1,1,1,1,1,1,1,1,1,1,1,1,1,1,1,1,1,1,-1,0,-1,0,-1,-1,-1,-1,[0|0|0|0|0|0|0|0|0|0|0|0],
34702468,Bloodbane Albinauric,0,0,[0|0|0],34700,-1,0,130,1.9,0.5,100,0,247,0,100,347000400,-1,10,0,0,-1,-1,0.5,-1,5400,0,0,7170,0,0,90000,0,-1,70,65,45,65,0,-1,-1,-1,-1,-1,-1,16,3000,3001,3002,3003,3004,3005,3006,3007,702,703,701,-1,0,1,1,1,1,1,1,1,1,1.5,-0.53846157,0,90,21,100,0,0,0,100,100,100,0,999,154,63,999,-1,-1,30,0,0,0,-1,-1,0,0,0,0,35,154,999,0,0,-1,10,0,11,0,0,6,3,40,110,110,0,0,2,0,60,60,60,60,0,0,0,0,0,22,7,0,0,0,0,0,0,0,0,1,0,0,1,0,0,0,0,0,0,1,0,0,1,0,1,1,0,0,0,0,0,0,0,0,0,1,0,0,1,0,0,0,0,0,0,0,0,0,0,0,0,0,0,0,0,0,0,0,1.9,0.5,0,0,0,0,0,0,0,0,0,100,1,999,1,144,109,139,139,139,144,0,90030,0,0,90060,90161,90200,5261,-1,0,0.4,1.1,1.1,0.9,1.1,1,0.6,1.2,1.4,60,0,0,-1,-1,128,2003,-1,100,30,84,60,0,-1,-1,-1,-1,15608,15601,15602,15604,-1,-1,-1,-1,-1,-1,-1,-1,-1,0,2,0,0,0,1,1,1,0,0,-1,-1,0,0,0,0,0,0,-1,-1,-1,0,0,0,180,50,0.1,-1,-1,-1,-1,1.8,0,0,0,1,0,0,0,0,0,0,0,0,1,-0.245,-1,-1,21700,-1,-1,-1,-1,-1,2900,0.1,0.4,-1,1,1,30,0.29,100,3000,-1,5001,6003,-1,0,0.5,0.6,0,-1,0,1,1,1,1,1,1,1,1,1,1,1,1,1,1,1,1,1,1,-1,0,-1,0,-1,-1,-1,-1,[0|0|0|0|0|0|0|0|0|0|0|0],
34702552,Albinauric,0,0,[0|0|0],34700,-1,0,130,1.9,0.5,100,0,247,0,100,347000500,-1,10,0,0,-1,-1,0.5,-1,5400,0,0,7160,0,0,90000,0,-1,70,65,45,65,0,-1,-1,-1,-1,-1,-1,16,3000,3001,3002,3003,3004,3005,3006,3007,702,703,701,-1,0,1,1,1,1,1,1,1,1,1.5,-0.53846157,0,90,21,100,0,0,0,100,100,100,0,999,154,84,999,-1,-1,30,0,0,0,-1,-1,0,0,0,0,35,84,999,0,0,-1,10,0,11,0,0,6,3,40,110,110,0,0,2,0,60,60,60,60,0,0,0,0,0,22,7,0,0,0,0,0,0,0,0,0,0,0,1,0,0,0,0,0,0,0,0,1,0,0,0,1,0,0,0,0,0,0,0,0,0,1,0,0,1,0,0,1,0,0,0,0,0,0,0,0,0,0,0,0,0,0,0,0,1.9,0.5,0,0,0,0,0,0,0,0,0,100,1,999,1,113,109,139,139,139,113,0,90030,0,0,90060,90161,90200,5261,-1,0,0.4,1.1,1.1,0.9,1.1,1,0.8,1.2,1.4,60,0,0,-1,-1,128,2003,-1,100,30,252,60,0,-1,-1,-1,15609,-1,15601,15602,15604,15611,-1,-1,-1,-1,-1,-1,-1,-1,0,2,0,0,0,1,1,1,0,0,-1,-1,0,0,0,0,0,0,-1,-1,-1,0,0,0,180,50,0.1,-1,-1,-1,-1,1.8,0,0,0,1,0,0,0,0,0,0,0,0,1,-0.245,-1,-1,21701,21702,21703,-1,-1,-1,2900,0.1,0.4,-1,1,1,30,0.29,100,3001,-1,5004,6001,-1,0,0.5,0.6,0,-1,0,1,1,1,1,1,1,1,1,1,1,1,1,1,1,1,1,1,1,-1,0,-1,0,-1,-1,-1,-1,[0|0|0|0|0|0|0|0|0|0|0|0],
34703068,Bloodbane Albinauric,0,0,[0|0|0],34700,-1,0,130,1.9,0.5,100,0,169,0,100,347000600,-1,10,0,0,-1,-1,0.5,-1,5400,0,0,7170,0,0,90000,0,-1,0,0,0,0,0,-1,-1,-1,-1,-1,-1,16,3000,3001,3002,3003,3004,3005,3006,3007,702,703,701,-1,0,1,1,1,1,1,1,1,1,1.5,-0.53846157,0,90,21,100,0,0,0,100,100,100,0,999,154,84,999,-1,-1,0,0,0,0,-1,-1,0,0,0,0,0,84,999,0,0,-1,10,0,11,0,0,6,3,40,110,110,0,0,2,0,0,0,0,0,0,0,0,0,0,22,7,0,0,0,0,0,0,0,0,0,0,0,0,1,0,0,0,0,0,0,0,1,0,0,1,1,0,0,0,0,0,0,0,0,0,1,0,0,1,0,0,0,0,0,0,0,0,0,0,0,0,0,0,0,0,0,0,0,1.9,0.5,0,0,0,0,0,0,0,0,0,100,1,999,1,109,109,139,139,139,113,0,90030,0,0,90060,90161,90200,5261,-1,0,0.4,1.1,1.1,0.9,1.1,1,0.8,1.2,1.4,0,0,0,-1,-1,128,2003,-1,100,30,84,0,0,-1,-1,-1,-1,-1,15601,15603,15604,-1,-1,-1,-1,-1,-1,-1,-1,-1,0,2,0,0,0,1,1,1,0,0,-1,-1,0,0,0,0,0,0,-1,-1,-1,0,0,0,180,50,0.1,-1,-1,-1,-1,1.8,0,0,0,1,0,0,0,0,0,0,0,0,1,-0.245,-1,-1,-1,-1,-1,-1,-1,-1,2900,0.1,0.4,-1,1,1,30,0.29,100,3001,-1,5001,6001,-1,0,0.5,0.6,0,-1,0,1,1,1,1,1,1,1,1,1,1,1,1,1,1,1,1,1,1,-1,0,-1,0,-1,-1,-1,-1,[0|0|0|0|0|0|0|0|0|0|0|0],
34703252,Albinauric,0,0,[0|0|0],34700,-1,0,130,1.9,0.5,100,0,169,0,100,347000600,-1,10,0,0,-1,-1,0.5,-1,5400,0,0,7160,0,0,90000,0,-1,0,0,0,0,0,-1,-1,-1,-1,-1,-1,16,3000,3001,3002,3003,3004,3005,3006,3007,702,703,701,-1,0,1,1,1,1,1,1,1,1,1.5,-0.53846157,0,90,21,100,0,0,0,100,100,100,0,999,154,84,999,-1,-1,0,0,0,0,-1,-1,0,0,0,0,0,84,999,0,0,-1,10,0,11,0,0,6,3,40,110,110,0,0,2,0,0,0,0,0,0,0,0,0,0,22,7,0,0,0,0,0,0,0,0,0,0,0,0,1,0,0,0,0,0,0,0,1,0,0,0,1,0,0,0,0,0,0,0,0,0,1,0,0,1,0,0,1,0,0,0,0,0,0,0,0,0,0,0,0,0,0,0,0,1.9,0.5,0,0,0,0,0,0,0,0,0,100,1,999,1,113,109,139,139,139,113,0,90030,0,0,90060,90161,90200,5261,-1,0,0.4,1.1,1.1,0.9,1.1,1,0.8,1.2,1.4,0,0,0,-1,-1,128,2003,-1,100,30,252,0,0,-1,-1,-1,15609,-1,15601,15603,15604,15611,-1,-1,-1,-1,-1,-1,-1,-1,0,2,0,0,0,1,1,1,0,0,-1,-1,0,0,0,0,0,0,-1,-1,-1,0,0,0,180,50,0.1,-1,-1,-1,-1,1.8,0,0,0,1,0,0,0,0,0,0,0,0,1,-0.245,-1,-1,21701,21702,21703,-1,-1,-1,2900,0.1,0.4,-1,1,1,30,0.29,100,3001,-1,5004,6001,-1,0,0.5,0.6,0,-1,0,1,1,1,1,1,1,1,1,1,1,1,1,1,1,1,1,1,1,-1,0,-1,0,-1,-1,-1,-1,[0|0|0|0|0|0|0|0|0|0|0|0],
34704268,Bloodbane Albinauric,0,0,[0|0|0],34700,-1,0,130,1.9,0.5,100,0,247,0,100,347000800,-1,10,0,0,-1,-1,0.5,-1,5401,0,0,7170,0,0,90000,0,-1,0,0,0,0,0,-1,-1,-1,-1,-1,-1,16,3000,3001,3002,3003,3004,3005,3006,3007,702,703,701,-1,0,1,1,1,1,1,1,1,1,1.5,-0.53846157,0,90,21,100,0,0,0,100,100,100,0,999,154,63,999,-1,-1,0,0,0,0,-1,-1,0,0,0,0,0,154,999,0,0,-1,10,0,11,0,0,6,3,40,110,110,0,0,2,0,0,0,0,0,0,0,0,0,0,22,7,0,0,0,0,0,0,0,0,1,0,0,0,0,1,0,0,0,0,0,0,0,1,0,1,1,0,0,0,0,0,0,0,0,0,1,0,0,1,0,0,0,0,0,0,0,0,0,0,0,0,0,0,0,0,0,0,0,1.9,0.5,0,0,0,0,0,0,0,0,0,100,1,999,1,144,109,139,139,139,144,0,90030,0,0,90060,90161,90200,5261,-1,0,0.4,1.1,1.1,0.9,1.1,1,0.6,1.2,1.4,0,0,0,-1,-1,128,2003,-1,100,30,84,0,0,-1,-1,-1,-1,15608,15600,15602,15604,15612,-1,-1,-1,-1,-1,-1,-1,-1,0,2,0,0,0,1,1,1,0,0,-1,-1,0,0,0,0,0,0,-1,-1,-1,0,0,0,180,50,0.1,-1,-1,-1,-1,1.8,0,0,0,1,0,0,0,0,0,0,0,0,1,-0.245,-1,-1,21700,-1,-1,-1,-1,-1,2900,0.1,0.4,-1,1,1,30,0.29,100,3000,-1,5001,6003,-1,0,0.5,0.6,0,-1,0,1,1,1,1,1,1,1,1,1,1,1,1,1,1,1,1,1,1,-1,0,-1,0,-1,-1,-1,-1,[0|0|0|0|0|0|0|0|0|0|0|0],
34704352,Albinauric,0,0,[0|0|0],34700,-1,0,130,1.9,0.5,100,0,247,0,100,347000800,-1,10,0,0,-1,-1,0.5,-1,5401,0,0,7160,0,0,90000,0,-1,0,0,0,0,0,-1,-1,-1,-1,-1,-1,16,3000,3001,3002,3003,3004,3005,3006,3007,702,703,701,-1,0,1,1,1,1,1,1,1,1,1.5,-0.53846157,0,90,21,100,0,0,0,100,100,100,0,999,154,84,999,-1,-1,0,0,0,0,-1,-1,0,0,0,0,0,84,999,0,0,-1,10,0,11,0,0,6,3,40,110,110,0,0,2,0,0,0,0,0,0,0,0,0,0,22,7,0,0,0,0,0,0,0,0,1,0,0,0,0,1,0,0,0,0,0,0,0,0,0,0,1,0,0,0,0,0,0,0,0,0,1,0,0,1,0,0,1,0,0,0,0,0,0,0,0,0,0,0,0,0,0,0,0,1.9,0.5,0,0,0,0,0,0,0,0,0,100,1,999,1,144,109,139,139,139,144,0,90030,0,0,90060,90161,90200,5261,-1,0,0.4,1.1,1.1,0.9,1.1,1,0.8,1.2,1.4,0,0,0,-1,-1,128,2003,-1,100,30,252,0,0,-1,-1,-1,15609,-1,15600,15602,15604,15612,-1,-1,-1,-1,-1,-1,-1,-1,0,2,0,0,0,1,1,1,0,0,-1,-1,0,0,0,0,0,0,-1,-1,-1,0,0,0,180,50,0.1,-1,-1,-1,-1,1.8,0,0,0,1,0,0,0,0,0,0,0,0,1,-0.245,-1,-1,21701,21702,21703,-1,-1,-1,2900,0.1,0.4,-1,1,1,30,0.29,100,3001,-1,5004,6001,-1,0,0.5,0.6,0,-1,0,1,1,1,1,1,1,1,1,1,1,1,1,1,1,1,1,1,1,-1,0,-1,0,-1,-1,-1,-1,[0|0|0|0|0|0|0|0|0|0|0|0],
34705000,Albinauric Shamshir CASTLE w/DROPS,0,0,[0|0|0],34700,-1,0,130,1.9,0.5,100,0,1050,0,100,-1,-1,10,0,0,-1,-1,0.5,-1,5400,0,0,7710,920000,0,90000,0,-1,70,65,45,65,0,-1,-1,-1,-1,-1,-1,16,3000,3001,3002,3003,3004,3005,3006,3007,702,703,701,-1,0,1,1,1,1,1,1,1,1,1.3,-0.53846157,0,90,21,100,0,0,0,100,100,100,0,999,154,84,999,-1,-1,30,0,0,0,-1,-1,1,0,0,0,35,84,999,0,0,-1,10,0,11,0,0,33,3,40,110,110,0,0,2,0,60,60,60,60,0,0,0,0,0,22,7,0,0,0,0,0,0,0,0,1,1,0,0,0,0,0,0,0,0,1,0,0,0,0,1,1,0,0,0,0,0,0,0,0,0,1,0,0,1,0,0,0,0,0,0,0,0,0,0,0,0,0,0,0,0,0,0,0,1.9,0.5,0,0,0,0,0,0,0,0,0,100,1,999,1,144,109,139,139,139,144,0,90030,0,0,90060,90161,90200,5260,-1,0,0.4,1.1,1.1,0.9,1.1,1,0.8,1.2,1.4,60,0,0,-1,-1,128,2003,-1,7710,30,84,60,0,-1,-1,-1,-1,-1,15600,15602,15604,-1,-1,-1,-1,-1,-1,-1,-1,8600303,0,2,0,0,0,1,1,1,0,0,-1,-1,0,0,0,0,0,0,-1,-1,-1,0,0,0,180,50,0.1,-1,-1,-1,3470,1.8,0,0,1,1,0,0,0,0,0,0,0,0,1,-0.245,-1,-1,-1,-1,-1,-1,-1,-1,2900,0.1,0.4,-1,1,1,30,0.29,100,3001,-1,5001,6001,-1,0,0.5,0.6,0,6120300,7410,1,1,1.25,1.4,1,1,1.1,1,1.1,1.1,1,1,1,1,1,1,1,1,4,0,-1,7710,113010,6120110,-1,-1,[0|0|0|0|0|0|0|0|0|0|0|0],
34706000,Albinauric Ripple Axe CASTLE w/DROPS,0,0,[0|0|0],34700,-1,0,130,1.9,0.5,100,0,1050,0,100,-1,-1,10,0,0,-1,-1,0.5,-1,5400,0,0,7710,920000,0,90000,0,-1,70,65,45,65,0,-1,-1,-1,-1,-1,-1,16,3000,3001,3002,3003,3004,3005,3006,3007,702,703,701,-1,0,1,1,1,1,1,1,1,1,1.3,-0.53846157,0,90,21,100,0,0,0,100,100,100,0,999,154,84,999,-1,-1,30,0,0,0,-1,-1,1,0,0,0,35,84,999,0,0,-1,10,0,11,0,0,33,3,40,110,110,0,0,2,0,60,60,60,60,0,0,0,0,0,22,7,0,0,0,0,0,0,0,0,1,0,1,0,0,0,0,0,0,0,1,0,0,0,0,1,1,0,0,0,0,0,0,0,0,0,1,0,0,1,0,0,0,0,0,0,0,0,0,0,0,0,0,0,0,0,0,0,0,1.9,0.5,0,0,0,0,0,0,0,0,0,100,1,999,1,144,109,139,139,139,144,0,90030,0,0,90060,90161,90200,5260,-1,0,0.4,1.1,1.1,0.9,1.1,1,0.8,1.2,1.4,60,0,0,-1,-1,128,2003,-1,7710,30,84,60,0,-1,-1,-1,-1,-1,15600,15602,15604,-1,-1,-1,-1,-1,-1,-1,-1,8600303,0,2,0,0,0,1,1,1,0,0,-1,-1,0,0,0,0,0,0,-1,-1,-1,0,0,0,180,50,0.1,-1,-1,-1,3470,1.8,0,0,1,1,0,0,0,0,0,0,0,0,1,-0.245,-1,-1,-1,-1,-1,-1,-1,-1,2900,0.1,0.4,-1,1,1,30,0.29,100,3001,-1,5001,6001,-1,0,0.5,0.6,0,6120300,7410,1,1,1.25,1.4,1,1,1.1,1,1.1,1.1,1,1,1,1,1,1,1,1,4,0,-1,7710,113010,6120110,-1,-1,[0|0|0|0|0|0|0|0|0|0|0|0],
34707000,Albinauric Club CASTLE w/DROPS,0,0,[0|0|0],34700,-1,0,130,1.9,0.5,100,0,1050,0,100,-1,-1,10,0,0,-1,-1,0.5,-1,5400,0,0,7710,920000,0,90000,0,-1,70,65,45,65,0,-1,-1,-1,-1,-1,-1,16,3000,3001,3002,3003,3004,3005,3006,3007,702,703,701,-1,0,1,1,1,1,1,1,1,1,1.3,-0.53846157,0,90,21,100,0,0,0,100,100,100,0,999,154,84,999,-1,-1,30,0,0,0,-1,-1,1,0,0,0,35,84,999,0,0,-1,10,0,11,0,0,33,3,40,110,110,0,0,2,0,60,60,60,60,0,0,0,0,0,22,7,0,0,0,0,0,0,0,0,1,0,0,1,0,0,0,0,0,0,1,0,0,0,0,1,1,0,0,0,0,0,0,0,0,0,1,0,0,1,0,0,0,0,0,0,0,0,0,0,0,0,0,0,0,0,0,0,0,1.9,0.5,0,0,0,0,0,0,0,0,0,100,1,999,1,144,109,139,139,139,144,0,90030,0,0,90060,90161,90200,5260,-1,0,0.4,1.1,1.1,0.9,1.1,1,0.8,1.2,1.4,60,0,0,-1,-1,128,2003,-1,7710,30,84,60,0,-1,-1,-1,-1,-1,15601,15602,15604,-1,-1,-1,-1,-1,-1,-1,-1,8600303,0,2,0,0,0,1,1,1,0,0,-1,-1,0,0,0,0,0,0,-1,-1,-1,0,0,0,180,50,0.1,-1,-1,-1,3470,1.8,0,0,1,1,0,0,0,0,0,0,0,0,1,-0.245,-1,-1,-1,-1,-1,-1,-1,-1,2900,0.1,0.4,-1,1,1,30,0.29,100,3001,-1,5001,6001,-1,0,0.5,0.6,0,6120300,7410,1,1,1.25,1.4,1,1,1.1,1,1.1,1.1,1,1,1,1,1,1,1,1,4,0,-1,7710,113010,6120110,-1,-1,[0|0|0|0|0|0|0|0|0|0|0|0],
34708000,Albinauric Halberd CASTLE w/DROPS,0,0,[0|0|0],34700,-1,0,130,1.9,0.5,100,0,1050,0,100,-1,-1,10,0,0,-1,-1,0.5,-1,5401,0,0,7710,920000,0,90000,0,-1,0,0,0,0,0,-1,-1,-1,-1,-1,-1,16,3000,3001,3002,3003,3004,3005,3006,3007,702,703,701,-1,0,1,1,1,1,1,1,1,1,1.3,-0.53846157,0,90,21,100,0,0,0,100,100,100,0,999,154,84,999,-1,-1,0,0,0,0,-1,-1,1,0,0,0,0,84,999,0,0,-1,10,0,11,0,0,33,3,40,110,110,0,0,2,0,0,0,0,0,0,0,0,0,0,22,7,0,0,0,0,0,0,0,0,1,0,0,0,0,1,0,0,0,0,0,0,0,0,0,1,1,0,0,0,0,0,0,0,0,0,1,0,0,1,0,0,0,0,0,0,0,0,0,0,0,0,0,0,0,0,0,0,0,1.9,0.5,0,0,0,0,0,0,0,0,0,100,1,999,1,144,109,139,139,139,144,0,90030,0,0,90060,90161,90200,5260,-1,0,0.4,1.1,1.1,0.9,1.1,1,0.8,1.2,1.4,0,0,0,-1,-1,128,2003,-1,7710,30,84,0,0,-1,-1,-1,-1,-1,15600,15602,15604,15612,-1,-1,-1,-1,-1,-1,-1,8600303,0,2,0,0,0,1,1,1,0,0,-1,-1,0,0,0,0,0,0,-1,-1,-1,0,0,0,180,50,0.1,-1,-1,-1,3470,1.8,0,0,1,1,0,0,0,0,0,0,0,0,1,-0.245,-1,-1,-1,-1,-1,-1,-1,-1,2900,0.1,0.4,-1,1,1,30,0.29,100,3001,-1,5001,6001,-1,0,0.5,0.6,0,6120300,7410,1,1,1.25,1.4,1,1,1.1,1,1.1,1.1,1,1,1,1,1,1,1,1,4,0,-1,7710,113010,6120110,-1,-1,[0|0|0|0|0|0|0|0|0|0|0|0],
35000014,Large Skeleton (Spear),0,0,[0|0|0],35000,-1,0,130,1.9,0.3,100,0,148,0,100,350000000,-1,10,0,0,-1,-1,0.5,-1,5400,12501,0,7030,0,0,90000,0,-1,0,0,0,0,0,-1,-1,-1,-1,-1,-1,16,3000,3001,3002,3003,3004,3005,3006,3007,702,703,701,-1,0,0,1,1,1,1,1,1,1,1.5,-0.53846157,0,50,21,100,0,0,0,100,100,100,0,999,112,999,999,-1,-1,0,0,0,0,-1,-1,1,0,0,0,0,999,999,0,0,-1,10,0,11,0,0,6,3,40,124,117,0,0,4,0,0,0,0,0,0,0,0,0,0,27,7,0,0,0,0,0,0,0,0,1,0,0,0,0,0,0,0,0,0,1,0,0,0,0,1,1,0,0,0,1,0,0,0,0,0,1,0,0,1,0,0,0,0,0,0,0,0,0,0,0,0,0,0,0,0,0,0,0,1.9,0.3,0,0,0,0,0,0,0,0,0,100,1,999,1,124,117,139,113,139,113,90020,90030,90040,90300,90060,90161,0,5261,-1,0,0,1,0.9,1.4,0.65,1,0.8,0.6,1.4,0,0,0,-1,-1,128,2002,-1,100,30,999,0,0,-1,5832,5800,5723,-1,-1,-1,-1,-1,-1,-1,-1,-1,-1,15323,15322,-1,0,2,0,0,0,1,1,1,0,0,-1,-1,0,0,0,0,0,0,-1,-1,-1,0,0,0,180,150,0.1,-1,-1,-1,-1,1.8,0,0,0,1,0,0,0,0,0,0,0,0,1,0,-1,-1,-1,-1,-1,-1,-1,-1,-1,0.1,0.4,-1,0,0,30,0.29,100,-1,-1,-1,-1,-1,0,0.5,0.6,0,-1,0,1,1,1,1,1,1,1,1,1,1,1,1,1,1,1,1,1,1,-1,0,-1,0,-1,-1,-1,-1,[0|0|0|0|0|0|0|0|0|0|0|0],
35000172,Large Skeleton (Spear),0,0,[0|0|0],35000,-1,0,130,1.9,0.3,100,0,148,0,100,350000000,-1,10,0,0,-1,-1,0.5,-1,5400,12501,0,7140,0,0,90000,0,-1,0,0,0,0,0,-1,-1,-1,-1,-1,-1,16,3000,3001,3002,3003,3004,3005,3006,3007,702,703,701,-1,0,0,1,1,1,1,1,1,1,1.5,-0.53846157,0,50,21,100,0,0,0,100,100,100,0,999,112,999,999,-1,-1,0,0,0,0,-1,-1,1,0,0,0,0,999,999,0,0,-1,10,0,11,0,0,6,3,40,124,117,0,0,4,0,0,0,0,0,0,0,0,0,0,27,7,0,0,0,0,0,0,0,0,1,0,0,0,0,0,0,0,0,0,0,0,0,0,0,0,1,0,0,0,1,0,0,0,0,0,1,0,0,1,0,0,1,0,0,0,0,0,0,0,0,0,0,0,0,0,0,0,0,1.9,0.3,0,0,0,0,0,0,0,0,0,100,1,999,1,124,117,139,113,139,113,90020,90030,90040,90300,90060,90161,0,5261,-1,0,0,1,0.9,1.4,0.65,1,0.8,0.6,1.4,0,0,0,-1,-1,128,2002,-1,100,30,999,0,0,-1,5832,5800,5723,-1,-1,-1,-1,-1,-1,-1,-1,-1,-1,15323,15322,-1,0,2,0,0,0,1,1,1,0,0,-1,-1,0,0,0,0,0,0,-1,-1,-1,0,0,0,180,150,0.1,-1,-1,-1,-1,1.8,0,0,0,1,0,0,0,0,0,0,0,0,1,0,-1,-1,-1,-1,-1,-1,-1,-1,-1,0.1,0.4,-1,0,0,30,0.29,100,-1,-1,-1,-1,-1,0,0.5,0.6,0,-1,0,1,1,1,1,1,1,1,1,1,1,1,1,1,1,1,1,1,1,-1,0,-1,0,-1,-1,-1,-1,[0|0|0|0|0|0|0|0|0|0|0|0],
35000330,Large Skeleton (Spear),0,0,[0|0|0],35000,-1,0,130,1.9,0.3,100,0,148,0,100,350000000,-1,10,0,0,-1,-1,0.5,-1,5400,12501,0,7080,0,0,90000,0,-1,0,0,0,0,0,-1,-1,-1,-1,-1,-1,16,3000,3001,3002,3003,3004,3005,3006,3007,702,703,701,-1,0,0,1,1,1,1,1,1,1,1.5,-0.53846157,0,50,21,100,0,0,0,100,100,100,0,999,112,999,999,-1,-1,0,0,0,0,-1,-1,1,0,0,0,0,999,999,0,0,-1,10,0,11,0,0,6,3,40,124,117,0,0,4,0,0,0,0,0,0,0,0,0,0,27,7,0,0,0,0,0,0,0,0,1,0,0,0,0,0,0,0,0,0,1,0,0,0,0,1,1,0,0,0,1,0,0,0,0,0,1,0,0,1,0,0,0,0,0,0,0,0,0,0,0,0,0,0,0,0,0,0,0,1.9,0.3,0,0,0,0,0,0,0,0,0,100,1,999,1,124,117,139,113,139,113,90020,90030,90040,90300,90060,90161,0,5261,-1,0,0,1,0.9,1.4,0.65,1,0.8,0.6,1.4,0,0,0,-1,-1,128,2002,-1,100,30,999,0,0,-1,5832,5800,5723,5230,-1,-1,-1,-1,-1,-1,-1,-1,-1,15323,15322,-1,0,2,0,0,0,1,1,1,0,0,-1,-1,0,0,0,0,0,0,-1,-1,-1,0,0,0,180,150,0.1,-1,-1,-1,-1,1.8,0,0,0,1,0,0,0,0,0,0,0,0,1,0,-1,-1,-1,-1,-1,-1,-1,-1,-1,0.1,0.4,-1,0,0,30,0.29,100,-1,-1,-1,-1,-1,0,0.5,0.6,0,-1,0,1,1,1,1,1,1,1,1,1,1,1,1,1,1,1,1,1,1,-1,0,-1,0,-1,-1,-1,-1,[0|0|0|0|0|0|0|0|0|0|0|0],
35001012,Large Skeleton (Crossbow),0,0,[0|0|0],35000,-1,0,130,1.9,0.3,100,0,148,0,100,350000100,-1,10,0,0,-1,-1,0.5,-1,5400,12501,0,7020,0,0,90000,0,-1,0,0,0,0,0,-1,-1,-1,-1,-1,-1,16,3000,3001,3002,3003,3004,3005,3006,3007,702,703,701,-1,0,0,1,1,1,1,1,1,1,1.5,-0.53846157,0,50,21,100,0,0,0,100,100,100,0,999,112,999,999,-1,-1,0,0,0,0,-1,-1,1,0,0,0,0,999,999,0,0,-1,10,0,11,0,0,6,3,40,124,117,0,0,4,0,0,0,0,0,0,0,0,0,0,27,7,0,0,0,0,0,0,0,0,0,1,0,0,0,0,0,0,0,0,1,1,0,0,0,1,1,0,0,0,1,0,0,0,0,0,1,0,0,1,0,0,0,0,0,0,0,0,0,0,0,0,0,0,0,0,0,0,0,1.9,0.3,0,0,0,0,0,0,0,0,0,100,1,999,1,124,117,139,113,139,113,90020,90030,90040,90300,90060,90161,0,5261,-1,0,0,1,0.9,1.4,0.65,1,0.8,0.6,1.4,0,0,0,-1,-1,128,2002,-1,100,30,999,0,0,-1,5832,5800,5723,-1,-1,-1,-1,-1,-1,-1,-1,-1,-1,15324,15322,-1,0,2,0,0,0,1,1,1,0,0,-1,-1,0,0,0,0,0,0,-1,-1,-1,0,0,0,180,150,0.1,-1,-1,-1,-1,1.8,0,0,0,1,0,0,0,0,0,0,0,0,1,0,-1,-1,-1,-1,-1,-1,-1,-1,-1,0.1,0.4,-1,0,0,30,0.29,100,-1,-1,-1,-1,-1,0,0.5,0.6,0,-1,0,1,1,1,1,1,1,1,1,1,1,1,1,1,1,1,1,1,1,-1,0,-1,0,-1,-1,-1,-1,[0|0|0|0|0|0|0|0|0|0|0|0],
35001014,Large Skeleton (Crossbow),0,0,[0|0|0],35000,-1,0,130,1.9,0.3,100,0,148,0,100,350000100,-1,10,0,0,-1,-1,0.5,-1,5400,12501,0,7030,0,0,90000,0,-1,0,0,0,0,0,-1,-1,-1,-1,-1,-1,16,3000,3001,3002,3003,3004,3005,3006,3007,702,703,701,-1,0,0,1,1,1,1,1,1,1,1.5,-0.53846157,0,50,21,100,0,0,0,100,100,100,0,999,112,999,999,-1,-1,0,0,0,0,-1,-1,1,0,0,0,0,999,999,0,0,-1,10,0,11,0,0,6,3,40,124,117,0,0,4,0,0,0,0,0,0,0,0,0,0,27,7,0,0,0,0,0,0,0,0,0,1,0,0,0,0,0,0,0,0,1,1,0,0,0,1,1,0,0,0,1,0,0,0,0,0,1,0,0,1,0,0,0,0,0,0,0,0,0,0,0,0,0,0,0,0,0,0,0,1.9,0.3,0,0,0,0,0,0,0,0,0,100,1,999,1,124,117,139,113,139,113,90020,90030,90040,90300,90060,90161,0,5261,-1,0,0,1,0.9,1.4,0.65,1,0.8,0.6,1.4,0,0,0,-1,-1,128,2002,-1,100,30,999,0,0,-1,5832,5800,5723,-1,-1,-1,-1,-1,-1,-1,-1,-1,-1,15324,15322,-1,0,2,0,0,0,1,1,1,0,0,-1,-1,0,0,0,0,0,0,-1,-1,-1,0,0,0,180,150,0.1,-1,-1,-1,-1,1.8,0,0,0,1,0,0,0,0,0,0,0,0,1,0,-1,-1,-1,-1,-1,-1,-1,-1,-1,0.1,0.4,-1,0,0,30,0.29,100,-1,-1,-1,-1,-1,0,0.5,0.6,0,-1,0,1,1,1,1,1,1,1,1,1,1,1,1,1,1,1,1,1,1,-1,0,-1,0,-1,-1,-1,-1,[0|0|0|0|0|0|0|0|0|0|0|0],
35001172,Large Skeleton (Crossbow),0,0,[0|0|0],35000,-1,0,130,1.9,0.3,100,0,148,0,100,350000100,-1,10,0,0,-1,-1,0.5,-1,5400,12501,0,7140,0,0,90000,0,-1,0,0,0,0,0,-1,-1,-1,-1,-1,-1,16,3000,3001,3002,3003,3004,3005,3006,3007,702,703,701,-1,0,0,1,1,1,1,1,1,1,1.5,-0.53846157,0,50,21,100,0,0,0,100,100,100,0,999,112,999,999,-1,-1,0,0,0,0,-1,-1,1,0,0,0,0,999,999,0,0,-1,10,0,11,0,0,6,3,40,124,117,0,0,4,0,0,0,0,0,0,0,0,0,0,27,7,0,0,0,0,0,0,0,0,0,1,0,0,0,0,0,0,0,0,0,0,0,0,0,0,1,0,0,0,1,0,0,0,0,0,1,0,0,1,0,0,1,0,0,0,0,0,0,0,0,0,0,0,0,0,0,0,0,1.9,0.3,0,0,0,0,0,0,0,0,0,100,1,999,1,124,117,139,113,139,113,90020,90030,90040,90300,90060,90161,0,5261,-1,0,0,1,0.9,1.4,0.65,1,0.8,0.6,1.4,0,0,0,-1,-1,128,2002,-1,100,30,999,0,0,-1,5832,5800,5723,-1,-1,-1,-1,-1,-1,-1,-1,-1,-1,15324,15322,-1,0,2,0,0,0,1,1,1,0,0,-1,-1,0,0,0,0,0,0,-1,-1,-1,0,0,0,180,150,0.1,-1,-1,-1,-1,1.8,0,0,0,1,0,0,0,0,0,0,0,0,1,0,-1,-1,-1,-1,-1,-1,-1,-1,-1,0.1,0.4,-1,0,0,30,0.29,100,-1,-1,-1,-1,-1,0,0.5,0.6,0,-1,0,1,1,1,1,1,1,1,1,1,1,1,1,1,1,1,1,1,1,-1,0,-1,0,-1,-1,-1,-1,[0|0|0|0|0|0|0|0|0|0|0|0],
35002012,Large Skeleton (Scythe),0,0,[0|0|0],35000,-1,0,130,1.9,0.3,100,0,148,0,100,350000200,-1,10,0,0,-1,-1,0.5,-1,5400,12501,0,7020,0,0,90000,0,-1,0,0,0,0,0,-1,-1,-1,-1,-1,-1,16,3000,3001,3002,3003,3004,3005,3006,3007,702,703,701,-1,0,0,1,1,1,1,1,1,1,1.5,-0.53846157,0,50,21,100,0,0,0,100,100,100,0,999,112,999,999,-1,-1,0,0,0,0,-1,-1,1,0,0,0,0,999,999,0,0,-1,10,0,11,0,0,6,3,40,124,117,0,0,4,0,0,0,0,0,0,0,0,0,0,27,7,0,0,0,0,0,0,0,0,0,0,1,0,0,0,0,0,0,0,0,0,1,0,0,1,1,0,0,0,1,0,0,0,0,0,1,0,0,1,0,0,0,0,0,0,0,0,0,0,0,0,0,0,0,0,0,0,0,1.9,0.3,0,0,0,0,0,0,0,0,0,100,1,999,1,124,117,139,113,139,113,90020,90030,90040,90300,90060,90161,0,5261,-1,0,0,1,0.9,1.4,0.65,1,0.8,0.6,1.4,0,0,0,-1,-1,128,2002,-1,100,30,999,0,0,-1,5832,5800,5723,-1,-1,-1,-1,-1,-1,-1,-1,-1,-1,15325,15322,-1,0,2,0,0,0,1,1,1,0,0,-1,-1,0,0,0,0,0,0,-1,-1,-1,0,0,0,180,150,0.1,-1,-1,-1,-1,1.8,0,0,0,1,0,0,0,0,0,0,0,0,1,0,-1,-1,-1,-1,-1,-1,-1,-1,-1,0.1,0.4,-1,0,0,30,0.29,100,-1,-1,-1,-1,-1,0,0.5,0.6,0,-1,0,1,1,1,1,1,1,1,1,1,1,1,1,1,1,1,1,1,1,-1,0,-1,0,-1,-1,-1,-1,[0|0|0|0|0|0|0|0|0|0|0|0],
35002172,Large Skeleton (Scythe),0,0,[0|0|0],35000,-1,0,130,1.9,0.3,100,0,148,0,100,350000200,-1,10,0,0,-1,-1,0.5,-1,5400,12501,0,7140,0,0,90000,0,-1,0,0,0,0,0,-1,-1,-1,-1,-1,-1,16,3000,3001,3002,3003,3004,3005,3006,3007,702,703,701,-1,0,0,1,1,1,1,1,1,1,1.5,-0.53846157,0,50,21,100,0,0,0,100,100,100,0,999,112,999,999,-1,-1,0,0,0,0,-1,-1,1,0,0,0,0,999,999,0,0,-1,10,0,11,0,0,6,3,40,124,117,0,0,4,0,0,0,0,0,0,0,0,0,0,27,7,0,0,0,0,0,0,0,0,0,0,1,0,0,0,0,0,0,0,0,0,0,0,0,0,1,0,0,0,1,0,0,0,0,0,1,0,0,1,0,0,1,0,0,0,0,0,0,0,0,0,0,0,0,0,0,0,0,1.9,0.3,0,0,0,0,0,0,0,0,0,100,1,999,1,124,117,139,113,139,113,90020,90030,90040,90300,90060,90161,0,5261,-1,0,0,1,0.9,1.4,0.65,1,0.8,0.6,1.4,0,0,0,-1,-1,128,2002,-1,100,30,999,0,0,-1,5832,5800,5723,-1,-1,-1,-1,-1,-1,-1,-1,-1,-1,15325,15322,-1,0,2,0,0,0,1,1,1,0,0,-1,-1,0,0,0,0,0,0,-1,-1,-1,0,0,0,180,150,0.1,-1,-1,-1,-1,1.8,0,0,0,1,0,0,0,0,0,0,0,0,1,0,-1,-1,-1,-1,-1,-1,-1,-1,-1,0.1,0.4,-1,0,0,30,0.29,100,-1,-1,-1,-1,-1,0,0.5,0.6,0,-1,0,1,1,1,1,1,1,1,1,1,1,1,1,1,1,1,1,1,1,-1,0,-1,0,-1,-1,-1,-1,[0|0|0|0|0|0|0|0|0|0|0|0],
35003012,Large Skeleton (Sword and Shield),0,0,[0|0|0],35000,-1,0,130,1.9,0.3,100,0,148,0,100,350000300,-1,10,0,0,-1,-1,0.5,-1,5401,12501,0,7020,0,0,90000,0,-1,70,40,40,40,0,-1,-1,-1,-1,-1,-1,16,3000,3001,3002,3003,3004,3005,3006,3007,702,703,701,-1,0,0,1,1,1,1,1,1,1,1.5,-0.46153846,0,50,21,100,0,0,0,100,100,100,0,999,112,999,999,-1,-1,0,0,0,0,-1,-1,1,0,0,0,30,999,999,30,30,-1,10,0,11,0,0,6,3,40,124,117,0,0,4,0,30,30,30,30,0,0,0,0,0,27,7,0,0,0,0,0,0,0,0,0,0,0,1,1,0,0,0,0,0,0,0,0,1,0,1,1,0,0,0,1,0,0,0,0,0,1,0,0,1,0,0,0,0,0,0,1,0,0,0,0,0,0,0,0,0,0,0,0,1.9,0.3,0,0,0,0,0,0,0,0,0,100,1,999,1,124,117,139,108,139,108,90020,90030,90040,90300,90060,90161,0,5261,-1,0,0,1,0.9,1.4,0.65,1,0.8,0.6,1.4,40,0,0,-1,-1,128,2002,-1,100,30,999,30,0,-1,5832,5800,5723,-1,-1,-1,-1,-1,-1,-1,-1,-1,-1,15326,15322,-1,0,2,0,0,0,1,1,1,0,0,-1,-1,0,0,0,0,0,0,-1,-1,-1,0,0,0,180,150,0.1,-1,-1,-1,-1,1.8,0,0,0,1,0,0,0,0,0,0,0,0,1,0,-1,-1,-1,-1,-1,-1,-1,-1,-1,0.1,0.4,-1,0,0,35,0.29,100,-1,-1,-1,-1,-1,0,0.5,0.6,0,-1,0,1,1,1,1,1,1,1,1,1,1,1,1,1,1,1,1,1,1,-1,0,-1,0,-1,-1,-1,-1,[0|0|0|0|0|0|0|0|0|0|0|0],
35003014,Large Skeleton (Sword and Shield),0,0,[0|0|0],35000,-1,0,130,1.9,0.3,100,0,148,0,100,350000300,-1,10,0,0,-1,-1,0.5,-1,5401,12501,0,7030,0,0,90000,0,-1,70,40,40,40,0,-1,-1,-1,-1,-1,-1,16,3000,3001,3002,3003,3004,3005,3006,3007,702,703,701,-1,0,0,1,1,1,1,1,1,1,1.5,-0.46153846,0,50,21,100,0,0,0,100,100,100,0,999,112,999,999,-1,-1,0,0,0,0,-1,-1,1,0,0,0,30,999,999,30,30,-1,10,0,11,0,0,6,3,40,124,117,0,0,4,0,30,30,30,30,0,0,0,0,0,27,7,0,0,0,0,0,0,0,0,0,0,0,1,1,0,0,0,0,0,0,0,0,1,0,1,1,0,0,0,1,0,0,0,0,0,1,0,0,1,0,0,0,0,0,0,1,0,0,0,0,0,0,0,0,0,0,0,0,1.9,0.3,0,0,0,0,0,0,0,0,0,100,1,999,1,124,117,139,108,139,108,90020,90030,90040,90300,90060,90161,0,5261,-1,0,0,1,0.9,1.4,0.65,1,0.8,0.6,1.4,40,0,0,-1,-1,128,2002,-1,100,30,999,30,0,-1,5832,5800,5723,-1,-1,-1,-1,-1,-1,-1,-1,-1,-1,15326,15322,-1,0,2,0,0,0,1,1,1,0,0,-1,-1,0,0,0,0,0,0,-1,-1,-1,0,0,0,180,150,0.1,-1,-1,-1,-1,1.8,0,0,0,1,0,0,0,0,0,0,0,0,1,0,-1,-1,-1,-1,-1,-1,-1,-1,-1,0.1,0.4,-1,0,0,35,0.29,100,-1,-1,-1,-1,-1,0,0.5,0.6,0,-1,0,1,1,1,1,1,1,1,1,1,1,1,1,1,1,1,1,1,1,-1,0,-1,0,-1,-1,-1,-1,[0|0|0|0|0|0|0|0|0|0|0|0],
35003172,Large Skeleton (Sword and Shield),0,0,[0|0|0],35000,-1,0,130,1.9,0.3,100,0,148,0,100,350000300,-1,10,0,0,-1,-1,0.5,-1,5401,12501,0,7140,0,0,90000,0,-1,70,40,40,40,0,-1,-1,-1,-1,-1,-1,16,3000,3001,3002,3003,3004,3005,3006,3007,702,703,701,-1,0,0,1,1,1,1,1,1,1,1.5,-0.46153846,0,50,21,100,0,0,0,100,100,100,0,999,112,999,999,-1,-1,0,0,0,0,-1,-1,1,0,0,0,30,999,999,30,30,-1,10,0,11,0,0,6,3,40,124,117,0,0,4,0,30,30,30,30,0,0,0,0,0,27,7,0,0,0,0,0,0,0,0,0,0,0,1,1,0,0,0,0,0,0,0,0,0,0,0,1,0,0,0,1,0,0,0,0,0,1,0,0,1,0,0,1,0,0,0,0,0,0,0,0,0,0,0,0,0,0,0,0,1.9,0.3,0,0,0,0,0,0,0,0,0,100,1,999,1,124,117,139,108,139,108,90020,90030,90040,90300,90060,90161,0,5261,-1,0,0,1,0.9,1.4,0.65,1,0.8,0.6,1.4,40,0,0,-1,-1,128,2002,-1,100,30,999,30,0,-1,5832,5800,5723,-1,-1,-1,-1,-1,-1,-1,-1,-1,-1,15326,15322,-1,0,2,0,0,0,1,1,1,0,0,-1,-1,0,0,0,0,0,0,-1,-1,-1,0,0,0,180,150,0.1,-1,-1,-1,-1,1.8,0,0,0,1,0,0,0,0,0,0,0,0,1,0,-1,-1,-1,-1,-1,-1,-1,-1,-1,0.1,0.4,-1,0,0,35,0.29,100,-1,-1,-1,-1,-1,0,0.5,0.6,0,-1,0,1,1,1,1,1,1,1,1,1,1,1,1,1,1,1,1,1,1,-1,0,-1,0,-1,-1,-1,-1,[0|0|0|0|0|0|0|0|0|0|0|0],
35004172,Large Skeleton (Curved Swords),0,0,[0|0|0],35000,-1,0,130,1.9,0.3,100,0,148,0,100,350000400,-1,10,0,0,-1,-1,0.5,-1,5401,12501,0,7140,0,0,90000,0,-1,0,0,0,0,0,-1,-1,-1,-1,-1,-1,16,3000,3001,3002,3003,3004,3005,3006,3007,702,703,701,-1,0,0,1,1,1,1,1,1,1,1.5,-0.46153846,0,50,21,100,0,0,0,100,100,100,0,999,112,999,999,-1,-1,0,0,0,0,-1,-1,1,0,0,0,0,999,999,0,0,-1,10,0,11,0,0,6,3,40,124,117,0,0,4,0,0,0,0,0,0,0,0,0,0,27,7,0,0,0,0,0,0,0,0,0,0,0,0,0,1,0,0,0,0,0,0,0,0,0,0,1,0,0,0,1,0,0,0,0,0,1,0,0,1,0,0,1,0,0,0,0,0,0,0,0,0,0,0,0,0,0,0,0,1.9,0.3,0,0,0,0,0,0,0,0,0,100,1,999,1,124,117,139,108,139,108,90020,90030,90040,90300,90060,90161,0,5261,-1,0,0,1,0.9,1.4,0.65,1,0.8,0.6,1.4,0,0,0,-1,-1,128,2002,-1,100,30,999,0,0,-1,5832,5800,5723,-1,-1,-1,-1,-1,-1,-1,-1,-1,-1,15327,15322,-1,0,2,0,0,0,1,1,1,0,0,-1,-1,0,0,0,0,0,0,-1,-1,-1,0,0,0,180,150,0.1,-1,-1,-1,-1,1.8,0,0,0,1,0,0,0,0,0,0,0,0,1,0,-1,-1,-1,-1,-1,-1,-1,-1,-1,0.1,0.4,-1,0,0,35,0.29,100,-1,-1,-1,-1,-1,0,0.5,0.6,0,-1,0,1,1,1,1,1,1,1,1,1,1,1,1,1,1,1,1,1,1,-1,0,-1,0,-1,-1,-1,-1,[0|0|0|0|0|0|0|0|0|0|0|0],
35005032,Large Skeleton (Spear),0,0,[0|0|0],35000,-1,0,130,1.9,0.3,100,0,148,0,100,-1,-1,10,0,0,-1,-1,0.5,-1,5400,12501,0,7090,0,0,90000,0,-1,0,0,0,0,0,-1,-1,-1,-1,-1,-1,16,3000,3001,3002,3003,3004,3005,3006,3007,702,703,701,-1,0,0,1,1,1,1,1,1,1,1.5,-0.53846157,0,50,21,100,0,0,0,100,100,100,0,999,112,999,999,-1,-1,0,0,0,0,-1,-1,1,0,0,0,0,999,999,0,0,-1,10,0,11,0,0,6,3,40,124,117,0,0,4,0,0,0,0,0,0,0,0,0,0,27,7,0,0,0,0,0,0,0,0,1,0,0,0,0,0,0,0,0,0,1,0,0,0,0,1,1,0,0,0,1,0,0,0,0,0,1,0,0,1,0,0,0,0,0,0,0,0,0,0,0,0,0,0,0,0,0,0,0,1.9,0.3,0,0,0,0,0,0,0,0,0,100,1,999,1,124,117,139,113,139,113,90020,90030,90040,90300,90060,90161,0,-1,-1,0,0,1,0.9,1.4,0.65,1,0.8,0.6,1.4,0,0,0,-1,-1,128,2002,-1,100,30,999,0,0,-1,5832,5800,5723,-1,-1,-1,-1,-1,-1,-1,-1,-1,15329,15323,15322,-1,0,2,0,0,0,1,1,1,0,0,-1,-1,0,0,0,0,0,0,-1,-1,-1,0,0,0,180,150,0.1,-1,-1,-1,-1,1.8,0,0,0,1,0,0,0,0,0,0,0,0,1,0,-1,-1,-1,-1,-1,-1,-1,-1,-1,0.1,0.4,-1,0,0,30,0.29,100,-1,-1,-1,-1,-1,0,0.5,0.6,0,-1,0,1,1,1,1,1,1,1,1,1,1,1,1,1,1,1,1,1,1,-1,0,-1,0,-1,-1,-1,-1,[0|0|0|0|0|0|0|0|0|0|0|0],
35006032,Large Skeleton (Crossbow),0,0,[0|0|0],35000,-1,0,130,1.9,0.3,100,0,148,0,100,-1,-1,10,0,0,-1,-1,0.5,-1,5400,12501,0,7090,0,0,90000,0,-1,0,0,0,0,0,-1,-1,-1,-1,-1,-1,16,3000,3001,3002,3003,3004,3005,3006,3007,702,703,701,-1,0,0,1,1,1,1,1,1,1,1.5,-0.53846157,0,50,21,100,0,0,0,100,100,100,0,999,112,999,999,-1,-1,0,0,0,0,-1,-1,1,0,0,0,0,999,999,0,0,-1,10,0,11,0,0,6,3,40,124,117,0,0,4,0,0,0,0,0,0,0,0,0,0,27,7,0,0,0,0,0,0,0,0,0,1,0,0,0,0,0,0,0,0,1,1,0,0,0,1,1,0,0,0,1,0,0,0,0,0,1,0,0,1,0,0,0,0,0,0,0,0,0,0,0,0,0,0,0,0,0,0,0,1.9,0.3,0,0,0,0,0,0,0,0,0,100,1,999,1,124,117,139,113,139,113,90020,90030,90040,90300,90060,90161,0,-1,-1,0,0,1,0.9,1.4,0.65,1,0.8,0.6,1.4,0,0,0,-1,-1,128,2002,-1,100,30,999,0,0,-1,5832,5800,5723,-1,-1,-1,-1,-1,-1,-1,-1,-1,15329,15324,15322,-1,0,2,0,0,0,1,1,1,0,0,-1,-1,0,0,0,0,0,0,-1,-1,-1,0,0,0,180,150,0.1,-1,-1,-1,-1,1.8,0,0,0,1,0,0,0,0,0,0,0,0,1,0,-1,-1,-1,-1,-1,-1,-1,-1,-1,0.1,0.4,-1,0,0,30,0.29,100,-1,-1,-1,-1,-1,0,0.5,0.6,0,-1,0,1,1,1,1,1,1,1,1,1,1,1,1,1,1,1,1,1,1,-1,0,-1,0,-1,-1,-1,-1,[0|0|0|0|0|0|0|0|0|0|0|0],
35007032,Large Skeleton (Scythe),0,0,[0|0|0],35000,-1,0,130,1.9,0.3,100,0,148,0,100,-1,-1,10,0,0,-1,-1,0.5,-1,5400,12501,0,7090,0,0,90000,0,-1,0,0,0,0,0,-1,-1,-1,-1,-1,-1,16,3000,3001,3002,3003,3004,3005,3006,3007,702,703,701,-1,0,0,1,1,1,1,1,1,1,1.5,-0.53846157,0,50,21,100,0,0,0,100,100,100,0,999,112,999,999,-1,-1,0,0,0,0,-1,-1,1,0,0,0,0,999,999,0,0,-1,10,0,11,0,0,6,3,40,124,117,0,0,4,0,0,0,0,0,0,0,0,0,0,27,7,0,0,0,0,0,0,0,0,0,0,1,0,0,0,0,0,0,0,0,0,1,0,0,1,1,0,0,0,1,0,0,0,0,0,1,0,0,1,0,0,0,0,0,0,0,0,0,0,0,0,0,0,0,0,0,0,0,1.9,0.3,0,0,0,0,0,0,0,0,0,100,1,999,1,124,117,139,113,139,113,90020,90030,90040,90300,90060,90161,0,-1,-1,0,0,1,0.9,1.4,0.65,1,0.8,0.6,1.4,0,0,0,-1,-1,128,2002,-1,100,30,999,0,0,-1,5832,5800,5723,-1,-1,-1,-1,-1,-1,-1,-1,-1,15329,15325,15322,-1,0,2,0,0,0,1,1,1,0,0,-1,-1,0,0,0,0,0,0,-1,-1,-1,0,0,0,180,150,0.1,-1,-1,-1,-1,1.8,0,0,0,1,0,0,0,0,0,0,0,0,1,0,-1,-1,-1,-1,-1,-1,-1,-1,-1,0.1,0.4,-1,0,0,30,0.29,100,-1,-1,-1,-1,-1,0,0.5,0.6,0,-1,0,1,1,1,1,1,1,1,1,1,1,1,1,1,1,1,1,1,1,-1,0,-1,0,-1,-1,-1,-1,[0|0|0|0|0|0|0|0|0|0|0|0],
35008032,Large Skeleton (Sword and Shield),0,0,[0|0|0],35000,-1,0,130,1.9,0.3,100,0,148,0,100,-1,-1,10,0,0,-1,-1,0.5,-1,5401,12501,0,7090,0,0,90000,0,-1,70,40,40,40,0,-1,-1,-1,-1,-1,-1,16,3000,3001,3002,3003,3004,3005,3006,3007,702,703,701,-1,0,0,1,1,1,1,1,1,1,1.5,-0.46153846,0,50,21,100,0,0,0,100,100,100,0,999,112,999,999,-1,-1,0,0,0,0,-1,-1,1,0,0,0,30,999,999,30,30,-1,10,0,11,0,0,6,3,40,124,117,0,0,4,0,30,30,30,30,0,0,0,0,0,27,7,0,0,0,0,0,0,0,0,0,0,0,1,1,0,0,0,0,0,0,0,0,1,0,1,1,0,0,0,1,0,0,0,0,0,1,0,0,1,0,0,0,0,0,0,1,0,0,0,0,0,0,0,0,0,0,0,0,1.9,0.3,0,0,0,0,0,0,0,0,0,100,1,999,1,124,117,139,108,139,108,90020,90030,90040,90300,90060,90161,0,-1,-1,0,0,1,0.9,1.4,0.65,1,0.8,0.6,1.4,40,0,0,-1,-1,128,2002,-1,100,30,999,30,0,-1,5832,5800,5723,-1,-1,-1,-1,-1,-1,-1,-1,-1,15329,15326,15322,-1,0,2,0,0,0,1,1,1,0,0,-1,-1,0,0,0,0,0,0,-1,-1,-1,0,0,0,180,150,0.1,-1,-1,-1,-1,1.8,0,0,0,1,0,0,0,0,0,0,0,0,1,0,-1,-1,-1,-1,-1,-1,-1,-1,-1,0.1,0.4,-1,0,0,35,0.29,100,-1,-1,-1,-1,-1,0,0.5,0.6,0,-1,0,1,1,1,1,1,1,1,1,1,1,1,1,1,1,1,1,1,1,-1,0,-1,0,-1,-1,-1,-1,[0|0|0|0|0|0|0|0|0|0|0|0],
35009032,Large Skeleton (Curved Swords),0,0,[0|0|0],35000,-1,0,130,1.9,0.3,100,0,148,0,100,-1,-1,10,0,0,-1,-1,0.5,-1,5401,12501,0,7090,0,0,90000,0,-1,0,0,0,0,0,-1,-1,-1,-1,-1,-1,16,3000,3001,3002,3003,3004,3005,3006,3007,702,703,701,-1,0,0,1,1,1,1,1,1,1,1.5,-0.46153846,0,50,21,100,0,0,0,100,100,100,0,999,112,999,999,-1,-1,0,0,0,0,-1,-1,1,0,0,0,0,999,999,0,0,-1,10,0,11,0,0,6,3,40,124,117,0,0,4,0,0,0,0,0,0,0,0,0,0,27,7,0,0,0,0,0,0,0,0,0,0,0,0,0,1,0,0,0,0,0,0,0,0,1,1,1,0,0,0,1,0,0,0,0,0,1,0,0,1,0,0,0,0,0,0,0,0,0,0,0,0,0,0,0,0,0,0,0,1.9,0.3,0,0,0,0,0,0,0,0,0,100,1,999,1,124,117,139,108,139,108,90020,90030,90040,90300,90060,90161,0,-1,-1,0,0,1,0.9,1.4,0.65,1,0.8,0.6,1.4,0,0,0,-1,-1,128,2002,-1,100,30,999,0,0,-1,5832,5800,5723,-1,-1,-1,-1,-1,-1,-1,-1,-1,15329,15327,15322,-1,0,2,0,0,0,1,1,1,0,0,-1,-1,0,0,0,0,0,0,-1,-1,-1,0,0,0,180,150,0.1,-1,-1,-1,-1,1.8,0,0,0,1,0,0,0,0,0,0,0,0,1,0,-1,-1,-1,-1,-1,-1,-1,-1,-1,0.1,0.4,-1,0,0,35,0.29,100,-1,-1,-1,-1,-1,0,0.5,0.6,0,-1,0,1,1,1,1,1,1,1,1,1,1,1,1,1,1,1,1,1,1,-1,0,-1,0,-1,-1,-1,-1,[0|0|0|0|0|0|0|0|0|0|0|0],
35500068,Sanguine Noble,0,0,[0|0|0],35500,1002,0,120,2.2,0.7,130,0,582,0,400,355000000,-1,10,0,0,-1,-1,0.45,-1,5400,0,0,7170,0,0,0,0,-1,50,25,25,25,0,-1,-1,-1,-1,-1,-1,30,3000,3001,3002,3003,3004,3005,3006,3007,3008,3009,6001,6000,0,1,1,1,1,1,1,1,1,1.5,0,0,50,21,100,0,0,0,100,100,100,0,112,112,84,999,-1,-1,0,0,0,0,-1,-1,1,0,0,0,0,154,999,20,20,-1,10,0,12,0,0,6,3,40,110,110,0,0,2,0,20,20,20,20,0,0,0,0,0,22,7,0,0,0,0,0,0,0,0,1,1,0,0,0,0,0,0,0,0,0,0,0,0,0,0,0,0,0,0,0,0,0,0,0,0,1,0,0,1,0,0,0,0,0,0,0,0,0,0,0,0,0,0,0,0,0,0,0,2.2,0.7,0,0,0,0,0,0,0,0,0,100,1,0,1,109,109,139,113,139,113,0,90030,0,5851,90060,90161,90200,5262,-1,35,0.4,1,1.1,1,1,0.8,0.6,0.8,0.8,25,0,0,-1,-1,256,2002,-1,200,30,112,20,0,-1,5800,-1,11720,-1,-1,-1,-1,-1,-1,-1,-1,-1,-1,-1,-1,-1,0,-1,0,0,0,1,1,1,0,0,-1,-1,0,0,0,0,0,0,-1,-1,-1,0,0,0,180,50,0.1,-1,-1,-1,3550,2.5,0,0,0,1,0,0,0,0,0,0,0,0,1,-0.12,-1,-1,-1,-1,-1,-1,-1,-1,-1,0.1,0.4,-1,0,0,65,0.29,100,3001,-1,5002,6003,-1,0,0.5,0.6,0,-1,0,1,1,1,1,1,1,1,1,1,1,1,1,1,1,1,1,1,1,-1,0,-1,0,-1,-1,-1,-1,[0|0|0|0|0|0|0|0|0|0|0|0],
35500930,Sanguine Noble (Boss),0,0,[0|0|0],35500,1002,0,120,2.2,0.7,130,0,582,0,400,-1,-1,10,0,0,-1,-1,0.45,-1,5400,0,0,7080,0,90400,0,0,-1,50,25,25,25,0,-1,-1,-1,-1,-1,-1,30,3000,3001,3002,3003,3004,3005,3006,3007,3008,3009,6001,6000,0,1,1,1,1,1,1,1,1,1.5,0,0,50,21,100,0,0,0,100,100,100,0,112,112,84,999,-1,-1,0,0,0,0,-1,-1,1,0,0,0,0,154,999,20,20,-1,10,0,12,0,0,6,3,40,110,110,0,0,2,0,20,20,20,20,0,0,0,0,0,22,7,0,0,0,0,0,0,0,0,1,1,0,0,0,0,0,0,0,0,0,0,0,0,0,0,0,0,0,0,0,0,0,0,0,0,1,0,0,1,0,0,0,0,0,0,0,0,0,0,0,0,0,0,0,0,0,0,0,2.2,0.7,0,1,0,0,0,0,0,0,0,100,1,0,1,109,109,139,113,139,113,95000,90030,95010,5851,90060,90161,0,-1,-1,35,0.4,1,1.1,1,1,0.8,0.6,0.8,0.8,25,0,0,-1,-1,256,2002,-1,300,30,112,20,0,-1,5800,-1,11720,-1,-1,-1,-1,-1,-1,-1,-1,-1,4410,-1,-1,4301,0,-1,0,0,0,1,1,1,0,0,-1,-1,0,0,0,0,0,0,-1,-1,-1,0,0,0,180,50,0.1,-1,-1,-1,3550,2.5,0,0,0,1,0,0,0,0,0,0,0,0,1,-0.12,-1,-1,-1,-1,-1,-1,-1,-1,-1,0.1,0.4,-1,0,0,65,0.29,100,3001,-1,5002,6003,-1,0,0.5,0.6,0,-1,0,1,1,1,1,1,1,1,1,1,1,1,1,1,1,1,1,1,1,-1,0,-1,0,-1,-1,-1,-1,[0|0|0|0|0|0|0|0|0|0|0|0],
35600030,Godskin Apostle,0,0,[0|0|0],35600,1003,0,150,2.9,0.7,100,0,2033,0,3000,-1,-1,10,3,0,-1,-1,1,-1,5400,5300,5360,7100,0,90400,0,0,-1,0,0,0,0,0,-1,-1,-1,-1,-1,-1,40,3000,3001,3002,3003,3004,3005,3006,3007,3008,3009,6001,6000,0,1,1,1,1,1,1,1,1,1.5,0.23076923,0,50,21,100,0,0,0,100,100,100,0,154,154,112,999,-1,-1,0,0,0,0,-1,-1,1,0,0,100,0,112,999,0,0,-1,10,0,13,0,0,6,3,40,110,110,0,0,0,0,0,0,0,0,0,0,0,0,0,17,7,0,0,0,0,0,0,0,0,0,0,0,0,0,0,0,0,0,0,0,0,0,0,0,0,0,0,0,0,0,0,0,0,0,0,1,0,0,1,0,0,0,0,0,0,0,0,0,0,0,0,0,0,0,0,0,0,0,2.9,0.7,0,1,0,0,0,1,0,0,0,100,27,0,2,109,109,139,139,139,139,95000,90030,95010,95020,90060,90100,0,-1,-1,0,0.4,1,1.1,0.9,1,0.8,0.6,0.8,0.6,0,0,0,-1,-1,512,2003,-1,400,30,154,0,0,3560,5800,15450,15460,6030,102304,102309,-1,-1,-1,-1,-1,-1,-1,-1,-1,4301,0,-1,0,0,0,1,1,1,0,0,-1,-1,0,0,0,0,0,0,-1,-1,-1,0,0,0,180,100,0.1,-1,-1,-1,-1,2.5,0,0,0,1,0,0,0,0,0,0,0,0,1,0,-1,-1,-1,-1,-1,-1,-1,-1,-1,0.1,0.4,-1,0,0,80,0.29,100,3002,-1,5003,6002,-1,0,0.5,0.6,0,-1,0,1,1,1,1,1,1,1,1,1,1,1,1,1,1,1,1,1,1,-1,0,-1,0,-1,-1,-1,-1,[0|0|0|0|0|0|0|0|0|0|0|0],
35600042,Godskin Apostle,0,0,[0|0|0],35600,1003,0,150,2.9,0.7,100,0,2033,0,3000,-1,-1,10,3,0,-1,-1,1,-1,5400,5300,5360,7150,0,90400,0,0,-1,0,0,0,0,0,-1,-1,-1,-1,-1,-1,40,3000,3001,3002,3003,3004,3005,3006,3007,3008,3009,6001,6000,0,1,1,1,1,1,1,1,1,1.5,0.23076923,0,50,21,100,0,0,0,100,100,100,0,154,154,112,999,-1,-1,0,0,0,0,-1,-1,1,0,0,100,0,112,999,0,0,-1,10,0,13,0,0,6,3,40,110,110,0,0,0,0,0,0,0,0,0,0,0,0,0,17,7,0,0,0,0,0,0,0,0,0,0,0,0,0,0,0,0,0,0,0,0,0,0,0,0,0,0,0,0,0,0,0,0,0,0,1,0,0,1,0,0,0,0,0,0,0,0,0,0,0,0,0,0,0,0,0,0,0,2.9,0.7,0,1,0,0,0,0,0,0,0,100,1,0,2,109,109,139,139,139,139,95000,90030,95010,95020,90060,90100,0,-1,-1,0,0.4,1,1.1,0.9,1,0.8,0.6,0.8,0.6,0,0,0,-1,-1,512,2003,-1,300,30,154,0,0,3560,5800,15450,15460,6030,102304,102309,-1,-1,-1,-1,-1,-1,-1,-1,-1,4301,0,-1,0,0,0,1,1,1,0,0,-1,-1,0,0,0,0,0,0,-1,-1,-1,0,0,0,180,100,0.1,-1,-1,-1,-1,2.5,0,0,0,1,0,0,0,0,0,0,0,0,1,0,-1,-1,-1,-1,-1,-1,-1,-1,-1,0.1,0.4,-1,0,0,80,0.29,100,3002,-1,5003,6002,-1,0,0.5,0.6,0,-1,0,1,1,1,1,1,1,1,1,1,1,1,1,1,1,1,1,1,1,-1,0,-1,0,-1,-1,-1,-1,[0|0|0|0|0|0|0|0|0|0|0|0],
35600172,Godskin Apostle {Godskin Duo),0,0,[0|0|0],35600,1003,0,150,2.9,0.7,100,0,1016,0,3000,-1,-1,10,3,0,-1,-1,1,-1,5401,5300,5360,7140,0,90400,0,0,-1,0,0,0,0,0,-1,-1,-1,-1,-1,-1,40,3000,3001,3002,3003,3004,3005,3006,3007,3008,3009,6001,6000,0,1,1,1,1,1,1,1,1,1.5,0.23076923,0,50,21,100,0,0,0,100,100,100,0,154,154,112,999,-1,-1,0,0,0,0,-1,-1,1,0,0,100,0,112,999,0,0,-1,10,0,13,0,0,6,3,40,110,110,0,0,0,0,0,0,0,0,0,0,0,0,0,17,7,0,0,0,0,0,0,0,0,0,0,0,0,0,0,0,0,0,0,0,0,0,0,0,0,0,0,0,0,0,0,0,0,0,0,1,1,0,1,0,0,0,0,0,0,0,0,0,0,0,0,0,0,0,0,0,0,0,2.9,0.7,0,1,0,0,0,0,0,0,0,100,1,0,2,109,109,139,139,139,139,95000,90030,95010,95020,90060,90100,0,-1,-1,0,0.4,1,1.1,0.9,1,0.8,0.6,0.8,0.6,0,0,0,-1,-1,512,2003,-1,300,30,154,0,0,3560,5800,15450,15460,6030,102304,102309,-1,-1,-1,-1,-1,-1,-1,-1,-1,4301,0,-1,0,0,0,1,1,1,0,0,-1,-1,0,0,0,0,0,0,-1,-1,-1,0,0,0,180,100,0.1,-1,-1,-1,-1,2.5,0,0,0,1,0,0,0,0,0,0,0,0,1,0,-1,-1,-1,-1,-1,-1,-1,-1,-1,0.1,0.4,-1,0,0,80,0.29,100,3002,-1,5003,6002,-1,0,0.5,0.6,0,-1,0,1,1,1,1,1,1,1,1,1,1,1,1,1,1,1,1,1,1,-1,0,-1,0,-1,-1,-1,-1,[0|0|0|0|0|0|0|0|0|0|0|0],
35600950,Godskin Apostle,0,0,[0|0|0],35600,-1,0,150,2.9,0.7,100,0,2033,0,3000,-1,-1,10,3,0,-1,-1,1,-1,5400,5300,5360,7120,0,90400,90000,90010,-1,0,0,0,0,0,-1,-1,-1,-1,-1,-1,40,3000,3001,3002,3003,3004,3005,3006,3007,3008,3009,6001,6000,0,1,1,1,1,1,1,1,1,1.5,0.23076923,0,50,21,100,0,0,0,100,100,100,0,999,999,999,999,-1,-1,0,0,0,0,-1,-1,1,0,0,100,0,112,999,0,0,-1,10,0,13,0,0,6,3,40,143,143,0,0,0,0,0,0,0,0,0,0,0,0,0,17,7,0,0,0,0,0,0,0,0,0,0,0,0,0,0,0,0,0,0,0,0,0,0,0,0,0,0,0,0,0,0,0,0,0,0,1,1,0,1,0,0,0,0,0,0,0,0,0,0,0,0,0,0,0,0,0,0,0,2.9,0.7,0,1,0,0,0,0,0,0,0,100,1,0,2,142,142,139,139,139,139,90020,90030,90040,95020,90060,90100,0,-1,-1,0,0.4,1,1.1,0.9,1,0.8,0.6,0.8,0.6,0,0,0,-1,-1,512,-1,-1,300,30,999,0,0,3560,5800,15450,15460,6030,102304,102309,-1,-1,-1,-1,-1,-1,-1,-1,-1,4302,0,-1,0,0,0,1,1,1,0,0,-1,-1,0,0,0,0,0,0,-1,-1,-1,0,0,0,180,100,0.1,-1,-1,-1,-1,2.5,0,0,0,1,0,0,0,0,0,0,0,0,1,0,-1,-1,-1,-1,-1,-1,-1,-1,-1,0.1,0.4,-1,0,0,80,0.29,100,-1,-1,-1,6002,-1,0,0.5,0.6,0,-1,0,1,1,1,1,1,1,1,1,1,1,1,1,1,1,1,1,1,1,-1,0,-1,0,-1,-1,-1,-1,[0|0|0|0|0|0|0|0|0|0|0|0],
35600972,Godskin Apostle (Godskin Duo HP),0,0,[0|0|0],35600,1003,0,150,2.9,0.7,100,0,4015,0,3000,-1,-1,10,3,0,-1,-1,1,-1,5400,5300,5360,7140,0,90400,0,0,-1,0,0,0,0,0,-1,-1,-1,-1,-1,-1,40,3000,3001,3002,3003,3004,3005,3006,3007,3008,3009,6001,6000,0,1,1,1,1,1,1,1,1,1.5,0.23076923,0,50,21,100,0,0,0,100,100,100,0,154,154,112,999,-1,-1,0,0,0,0,-1,-1,1,0,0,100,0,112,999,0,0,-1,10,0,13,0,0,6,3,40,110,110,0,0,0,0,0,0,0,0,0,0,0,0,0,17,7,0,0,0,0,0,0,0,0,0,0,0,0,0,0,0,0,0,0,0,0,0,0,0,0,0,0,0,0,0,0,0,0,0,0,1,0,0,1,0,0,0,0,0,0,0,0,0,0,0,0,0,0,0,0,0,0,0,2.9,0.7,0,1,0,0,0,0,0,0,0,100,1,0,2,109,109,139,139,139,139,95000,90030,95010,95020,90060,90100,0,-1,-1,0,0.4,1,1.1,0.9,1,0.8,0.6,0.8,0.6,0,0,0,-1,-1,512,2003,-1,300,30,154,0,0,3560,5800,15450,15460,6030,102304,102309,-1,-1,-1,-1,-1,-1,-1,-1,-1,4301,0,-1,0,0,0,1,1,1,0,0,-1,-1,0,0,0,0,0,0,-1,-1,-1,0,0,0,180,100,0.1,-1,-1,-1,-1,2.5,0,0,0,1,0,0,0,0,0,0,0,0,1,0,-1,-1,-1,-1,-1,-1,-1,-1,-1,0.1,0.4,-1,0,0,80,0.29,100,3002,-1,5003,6002,-1,0,0.5,0.6,0,-1,0,1,1,1,1,1,1,1,1,1,1,1,1,1,1,1,1,1,1,-1,0,-1,0,-1,-1,-1,-1,[0|0|0|0|0|0|0|0|0|0|0|0],
35700038,Godskin Noble (Volcano Manor),0,0,[0|0|0],35700,1003,0,100,1.6,0.7,100,0,2439,0,3000,-1,-1,10,3,0,-1,-1,1.8,-1,5400,5300,5360,7110,0,90400,0,0,-1,0,0,0,0,0,-1,-1,-1,-1,-1,-1,65,3000,3001,3002,3003,3004,3005,3006,3007,3008,3009,6001,6000,0,1,1,1,1,1,1,1,1,1.5,0.23076923,0,50,21,100,0,0,0,100,100,100,0,154,154,112,999,-1,-1,0,0,0,0,-1,-1,1,0,0,100,0,112,999,0,0,-1,10,0,13,0,0,6,3,40,110,110,0,0,0,0,0,0,0,0,0,0,2,0,0,17,7,0,0,0,0,0,0,0,0,0,0,0,0,0,0,0,0,0,0,0,0,0,0,0,0,0,0,0,0,0,0,0,0,0,0,1,1,0,1,0,0,0,0,0,0,0,0,0,0,0,0,0,0,0,0,0,0,0,1.6,0.7,0,1,0,1,0,0,0,0,0,100,1,0,2,109,109,139,139,139,139,95000,90030,95010,95020,90060,90100,0,-1,-1,0,0.4,1,1.1,0.65,1,0.8,0.6,0.8,0.6,0,0,0,-1,-1,512,2003,-1,300,30,154,0,0,3570,5800,15500,102304,102309,-1,-1,-1,-1,-1,-1,-1,-1,-1,-1,-1,4301,0,-1,0,0,0,1,1,1,0,0,-1,-1,0,0,0,0,0,0,-1,-1,3560,0,0,0,180,100,0.1,-1,-1,-1,-1,2.5,0,0,0,1,0,0,0,0,0,0,0,0,1,0,-1,-1,-1,-1,-1,-1,-1,-1,-1,0.1,0.4,-1,0,0,80,0.29,100,3002,-1,5003,6002,-1,0,0.5,0.6,0,-1,0,1,1,1,1,1,1,1,1,1,1,1,1,1,1,1,1,1,1,-1,0,-1,0,-1,-1,-1,-1,[0|0|0|0|0|0|0|0|0|0|0|0],
35700172,Godskin Noble (Godskin Duo),0,0,[0|0|0],35700,1003,0,100,3,1.8,100,0,1219,0,3000,-1,-1,10,3,0,-1,-1,1.8,-1,5401,5300,5360,7140,0,90400,0,0,-1,0,0,0,0,0,-1,-1,-1,-1,-1,-1,65,3000,3001,3002,3003,3004,3005,3006,3007,3008,3009,6001,6000,0,1,1,1,1,1,1,1,1,1.5,0.23076923,0,50,21,100,0,0,0,100,100,100,0,154,154,112,999,-1,-1,0,0,0,0,-1,-1,1,0,0,100,0,112,999,0,0,-1,10,0,13,0,0,6,3,40,110,110,0,0,0,0,0,0,0,0,0,0,2,0,0,17,7,0,0,0,0,0,0,0,0,0,0,0,0,0,0,0,0,0,0,0,0,0,0,0,0,0,0,0,0,0,0,0,0,0,0,1,1,0,1,0,0,0,0,0,0,0,0,0,0,0,0,0,0,0,0,0,0,0,3,1.3,0,1,0,1,0,0,0,0,0,100,1,0,2,109,109,139,139,139,139,95000,90030,95010,95020,90060,90100,0,-1,-1,0,0.4,1,1.1,0.65,1,0.8,0.6,0.8,0.6,0,0,0,-1,-1,512,2003,-1,300,30,154,0,0,3570,5800,15500,102304,102309,-1,-1,-1,-1,-1,-1,-1,-1,-1,-1,-1,4301,0,-1,0,0,0,1,1,1,0,0,-1,-1,0,0,0,0,0,0,-1,-1,3560,0,0,0,180,100,0.1,-1,-1,-1,-1,2.5,0,0,0,1,0,0,0,0,0,0,0,0,1,0,-1,-1,-1,-1,-1,-1,-1,-1,-1,0.1,0.4,-1,0,0,80,0.29,100,3002,-1,5003,6002,-1,0,0.5,0.6,0,-1,0,1,1,1,1,1,1,1,1,1,1,1,1,1,1,1,1,1,1,-1,0,-1,0,-1,-1,-1,-1,[0|0|0|0|0|0|0|0|0|0|0|0],
35700950,Godskin Noble,0,0,[0|0|0],35700,-1,0,100,3,1.8,100,0,2439,0,3000,-1,-1,10,3,0,-1,-1,1.8,-1,5400,5300,5360,7120,0,90400,90000,90010,-1,0,0,0,0,0,-1,-1,-1,-1,-1,-1,65,3000,3001,3002,3003,3004,3005,3006,3007,3008,3009,6001,6000,0,1,1,1,1,1,1,1,1,1.5,0.23076923,0,50,21,100,0,0,0,100,100,100,0,999,999,999,999,-1,-1,0,0,0,0,-1,-1,1,0,0,100,0,112,999,0,0,-1,10,0,13,0,0,6,3,40,143,143,0,0,0,0,0,0,0,0,0,0,2,0,0,17,7,0,0,0,0,0,0,0,0,0,0,0,0,0,0,0,0,0,0,0,0,0,0,0,0,0,0,0,0,0,0,0,0,0,0,1,1,0,1,0,0,0,0,0,0,0,0,0,0,0,0,0,0,0,0,0,0,0,3,1.3,0,1,0,1,0,0,0,0,0,100,1,0,2,142,142,139,139,139,139,90020,90030,90040,95020,90060,90100,0,-1,-1,0,0.4,1,1.1,0.65,1,0.8,0.6,0.8,0.6,0,0,0,-1,-1,512,-1,-1,300,30,999,0,0,3570,5800,15500,102304,102309,-1,-1,-1,-1,-1,-1,-1,-1,-1,-1,-1,4302,0,-1,0,0,0,1,1,1,0,0,-1,-1,0,0,0,0,0,0,-1,-1,3560,0,0,0,180,100,0.1,-1,-1,-1,-1,2.5,0,0,0,1,0,0,0,0,0,0,0,0,1,0,-1,-1,-1,-1,-1,-1,-1,-1,-1,0.1,0.4,-1,0,0,80,0.29,100,-1,-1,-1,6002,-1,0,0.5,0.6,0,-1,0,1,1,1,1,1,1,1,1,1,1,1,1,1,1,1,1,1,1,-1,0,-1,0,-1,-1,-1,-1,[0|0|0|0|0|0|0|0|0|0|0|0],
36000052,Alabaster Lord,0,0,[0|0|0],36000,1003,0,120,3,0.6,130,0,755,0,400,360000020,-1,10,0,0,-1,-1,0.9,-1,5400,0,0,7160,0,0,0,0,-1,100,0,0,0,0,-1,-1,-1,-1,-1,-1,100,3000,3001,3002,3003,3004,3005,3006,3007,3008,3009,6001,6000,0,1,1,1,1,1,1,1,1,1.5,0,0,50,21,100,0,0,0,100,100,100,0,154,154,154,999,-1,-1,0,0,0,0,-1,-1,0,0,0,0,0,112,999,0,0,-1,10,0,12,0,0,6,3,40,110,146,0,0,2,0,0,0,0,0,0,0,0,0,0,32,7,0,0,0,1,0,0,0,0,0,1,0,0,0,0,0,0,0,0,0,1,0,0,0,0,0,0,0,0,0,0,0,0,0,0,1,0,0,1,0,0,0,0,0,0,0,0,0,0,0,0,0,0,0,0,0,0,0,3,0.6,0,0,0,0,0,0,0,0,0,100,1,0,2,109,145,139,139,139,139,0,90030,90040,5851,90060,90100,90200,5262,-1,35,0.4,0.9,0.9,0.9,0.9,0.8,0.8,0.8,0.8,0,0,0,-1,-1,256,2003,-1,200,30,999,0,0,3600,5800,13105,-1,13110,13106,-1,-1,-1,-1,-1,-1,-1,-1,-1,-1,-1,0,2,0,0,0,1,1,1,0,0,-1,-1,0,0,0,0,0,0,-1,-1,-1,0,0,0,180,80,0.1,-1,-1,-1,-1,2.5,0,0,0,1,0,0,0,0,0,0,0,0,1,-0.38,-1,-1,-1,-1,-1,-1,-1,-1,-1,0.1,0.4,-1,0,0,65,0.29,100,3003,-1,-1,6002,-1,0,0.5,0.6,0,-1,0,1,1,1,1,1,1,1,1,1,1,1,1,1,1,1,1,1,1,-1,0,-1,0,-1,-1,-1,-1,[0|0|0|0|0|0|0|0|0|0|0|0],
36001052,Onyx Lord,0,0,[0|0|0],36000,1003,0,120,3,0.6,130,0,755,0,400,360052100,-1,10,0,0,-1,-1,0.9,-1,5401,0,0,7160,0,0,0,0,-1,100,0,0,0,0,-1,-1,-1,-1,-1,-1,100,3000,3001,3002,3003,3004,3005,3006,3007,3008,3009,6001,6000,0,1,1,1,1,1,1,1,1,1.5,0,0,50,21,100,0,0,0,100,100,100,0,154,154,154,999,-1,-1,0,0,0,0,-1,-1,0,0,0,0,0,112,999,0,0,-1,10,0,12,0,0,6,3,40,110,146,0,0,2,0,0,0,0,0,0,0,0,0,0,32,7,0,0,0,1,0,0,0,0,1,0,0,0,0,0,0,0,0,0,1,0,0,0,0,0,0,0,0,0,0,0,0,0,0,0,1,0,0,1,0,0,0,0,0,0,0,0,0,0,0,0,0,0,0,0,0,0,0,3,0.6,0,0,0,0,0,0,0,0,0,100,1,0,2,109,145,139,139,139,139,0,90030,90040,5851,90060,90100,90200,5262,-1,35,0.4,0.9,0.9,0.9,0.9,0.8,0.8,0.8,0.8,0,0,0,-1,-1,256,2003,-1,200,30,999,0,0,3600,5800,13105,-1,13110,13106,-1,-1,-1,-1,-1,-1,-1,-1,-1,-1,-1,0,2,0,0,0,1,1,1,0,0,-1,-1,0,0,0,0,0,0,-1,-1,-1,0,0,0,180,80,0.1,-1,-1,-1,-1,2.5,0,0,0,1,0,0,0,0,0,0,0,0,1,-0.38,-1,-1,-1,-1,-1,-1,-1,-1,-1,0.1,0.4,-1,0,0,65,0.29,100,3003,-1,-1,6002,-1,0,0.5,0.6,0,-1,0,1,1,1,1,1,1,1,1,1,1,1,1,1,1,1,1,1,1,-1,0,-1,0,-1,-1,-1,-1,[0|0|0|0|0|0|0|0|0|0|0|0],
36001920,Onyx Lord (Boss),0,0,[0|0|0],36000,1003,0,120,3,0.6,130,0,755,0,400,-1,-1,10,0,0,-1,-1,0.9,-1,5401,0,0,7080,0,90400,0,0,-1,100,0,0,0,0,-1,-1,-1,-1,-1,-1,100,3000,3001,3002,3003,3004,3005,3006,3007,3008,3009,6001,6000,0,1,1,1,1,1,1,1,1,1.5,0,0,50,21,100,0,0,0,100,100,100,0,154,154,154,999,-1,-1,0,0,0,0,-1,-1,1,0,0,0,0,112,999,0,0,-1,10,0,12,0,0,6,3,40,110,146,0,0,2,0,0,0,0,0,0,0,0,0,0,32,7,0,0,0,1,0,0,0,0,1,0,0,0,0,0,0,0,0,0,1,0,0,0,0,0,0,0,0,0,0,0,0,0,0,0,1,0,0,1,0,0,0,0,0,0,0,0,0,0,0,0,0,0,0,0,0,0,0,3,0.6,0,1,0,0,0,0,0,0,0,100,1,0,2,109,145,139,139,139,139,95000,90030,90040,5851,90060,90100,0,-1,-1,35,0.4,0.9,0.9,0.9,0.9,0.8,0.8,0.8,0.8,0,0,0,-1,-1,256,2003,-1,300,30,999,0,0,3600,5800,13105,-1,13110,13106,-1,-1,-1,-1,-1,-1,-1,4410,-1,-1,4301,0,2,0,0,0,1,1,1,0,0,-1,-1,0,0,0,0,0,0,-1,-1,-1,0,0,0,180,80,0.1,-1,-1,-1,-1,2.5,0,0,0,1,0,0,0,0,0,0,0,0,1,-0.38,-1,-1,-1,-1,-1,-1,-1,-1,-1,0.1,0.4,-1,0,0,65,0.29,100,3003,-1,-1,6002,-1,0,0.5,0.6,0,-1,0,1,1,1,1,1,1,1,1,1,1,1,1,1,1,1,1,1,1,-1,0,-1,0,-1,-1,-1,-1,[0|0|0|0|0|0|0|0|0|0|0|0],
36001933,Onyx Lord (Boss),0,0,[0|0|0],36000,1003,0,120,3,0.6,130,0,755,0,400,-1,-1,10,0,0,-1,-1,0.9,-1,5401,0,0,7090,0,90400,0,0,-1,100,0,0,0,0,-1,-1,-1,-1,-1,-1,100,3000,3001,3002,3003,3004,3005,3006,3007,3008,3009,6001,6000,0,1,1,1,1,1,1,1,1,1.5,0,0,50,21,100,0,0,0,100,100,100,0,154,154,154,999,-1,-1,0,0,0,0,-1,-1,0,0,0,0,0,112,999,0,0,-1,10,0,12,0,0,6,3,40,110,146,0,0,2,0,0,0,0,0,0,0,0,0,0,32,7,0,0,0,1,0,0,0,0,1,0,0,0,0,0,0,0,0,0,1,0,0,0,0,0,0,0,0,0,0,0,0,0,0,0,1,0,0,1,0,0,0,0,0,0,0,0,0,0,0,0,0,0,0,0,0,0,0,3,0.6,0,1,0,0,0,0,0,0,0,100,1,0,2,109,145,139,139,139,139,95000,90030,90040,5851,90060,90100,0,-1,-1,35,0.4,0.9,0.9,0.9,0.9,0.8,0.8,0.8,0.8,0,0,0,-1,-1,256,2003,-1,300,30,999,0,0,3600,5800,13105,-1,13110,13106,-1,-1,-1,-1,-1,-1,-1,4410,-1,-1,4301,0,2,0,0,0,1,1,1,0,0,-1,-1,0,0,0,0,0,0,-1,-1,-1,0,0,0,180,80,0.1,-1,-1,-1,-1,2.5,0,0,0,1,0,0,0,0,0,0,0,0,1,-0.38,-1,-1,-1,-1,-1,-1,-1,-1,-1,0.1,0.4,-1,0,0,65,0.29,100,3003,-1,-1,6002,-1,0,0.5,0.6,0,-1,0,1,1,1,1,1,1,1,1,1,1,1,1,1,1,1,1,1,1,-1,0,-1,0,-1,-1,-1,-1,[0|0|0|0|0|0|0|0|0|0|0|0],
36501033,Full-Bloom Guardian,0,0,[0|0|0],36500,1003,0,120,2.4,0.4,50,0,147,0,100,365000100,-1,10,0,0,-1,-1,0.4,-1,0,0,0,7090,0,0,0,0,-1,0,0,0,0,0,-1,-1,-1,-1,-1,-1,16,3000,3001,3002,3003,3004,3005,3006,3007,3008,3009,6001,6000,0,1,1,1,1,1,1,1,1,1.5,-0.15384616,0,50,21,100,0,0,0,100,100,100,0,154,154,112,999,-1,-1,0,0,0,0,-1,-1,0,0,0,0,0,84,999,0,0,-1,10,0,11,0,0,6,3,40,110,110,0,0,2,0,0,0,0,0,0,0,0,0,0,22,7,0,0,0,0,0,0,0,0,1,0,0,0,0,0,0,0,0,0,1,1,1,0,0,0,0,0,0,0,0,0,0,0,0,0,1,0,0,1,0,0,0,0,0,0,0,0,0,0,0,0,0,0,0,0,0,0,0,2.4,0.4,0,0,0,0,0,0,0,0,0,100,1,0,1,108,109,139,113,139,113,0,90030,0,0,90060,90161,90200,5261,-1,35,0.4,1,1.1,0.9,1,1,1.2,0.6,0.6,0,0,0,-1,-1,128,2003,-1,100,30,84,0,0,-1,13300,-1,-1,13335,-1,-1,5800,-1,-1,-1,-1,-1,-1,-1,-1,-1,0,2,0,0,0,1,1,1,0,0,-1,-1,0,0,0,0,0,0,-1,-1,-1,0,0,0,180,50,0.1,-1,-1,-1,-1,2.5,0,0,0,1,0,0,0,0,0,0,0,0,1,0,-1,-1,-1,-1,-1,-1,-1,-1,-1,0.1,0.4,-1,0,0,55,0.29,100,3002,-1,5001,6001,-1,0,0.5,0.6,0,-1,0,1,1,1,1,1,1,1,1,1,1,1,1,1,1,1,1,1,1,-1,0,-1,0,-1,-1,-1,-1,[0|0|0|0|0|0|0|0|0|0|0|0],
36502042,Rotten Guardian,0,0,[0|0|0],36500,1004,0,120,2.4,0.4,50,0,147,0,100,365000200,-1,10,0,0,-1,-1,0.4,-1,0,0,0,7150,0,0,0,0,-1,0,0,0,0,0,-1,-1,-1,-1,-1,-1,16,3000,3001,3002,3003,3004,3005,3006,3007,3008,3009,6001,6000,0,1,1,1,1,1,1,1,1,1.5,-0.15384616,0,50,21,100,0,0,0,100,100,100,0,252,154,112,999,-1,-1,0,0,0,0,-1,-1,0,0,0,0,0,84,999,0,0,-1,10,0,11,0,0,6,3,40,110,110,0,0,2,0,0,0,0,0,0,0,0,0,0,22,7,0,0,0,0,0,0,0,0,1,0,0,0,0,0,0,0,0,0,0,0,0,0,0,0,0,0,0,0,0,0,0,0,0,0,1,0,0,1,0,0,0,0,1,0,0,0,0,0,0,0,0,0,0,0,0,0,0,2.4,0.4,0,0,0,0,0,0,0,0,0,100,1,0,1,108,109,139,113,139,113,0,90030,0,0,90060,90161,90200,5261,-1,35,0.4,1,1.1,0.9,1,1,1.2,0.6,0.6,0,0,0,-1,-1,128,2003,-1,100,30,84,0,0,-1,13302,-1,-1,13336,-1,-1,5800,-1,-1,-1,-1,-1,-1,-1,-1,-1,0,2,0,0,0,1,1,1,0,0,-1,-1,0,0,0,0,0,0,-1,-1,-1,0,0,0,180,50,0.1,-1,-1,-1,-1,2.5,0,0,0,1,0,0,0,0,0,0,0,0,1,0,-1,-1,-1,-1,-1,-1,-1,-1,-1,0.1,0.4,-1,0,0,55,0.29,100,3002,-1,5001,6001,-1,0,0.5,0.6,0,-1,0,1,1,1,1,1,1,1,1,1,1,1,1,1,1,1,1,1,1,-1,0,-1,0,-1,-1,-1,-1,[0|0|0|0|0|0|0|0|0|0|0|0],
36502052,Rotten Guardian,0,0,[0|0|0],36500,1004,0,120,2.4,0.4,50,0,147,0,100,365000200,-1,10,0,0,-1,-1,0.4,-1,0,0,0,7160,0,0,0,0,-1,0,0,0,0,0,-1,-1,-1,-1,-1,-1,16,3000,3001,3002,3003,3004,3005,3006,3007,3008,3009,6001,6000,0,1,1,1,1,1,1,1,1,1.5,-0.15384616,0,50,21,100,0,0,0,100,100,100,0,252,154,112,999,-1,-1,0,0,0,0,-1,-1,0,0,0,0,0,84,999,0,0,-1,10,0,11,0,0,6,3,40,110,110,0,0,2,0,0,0,0,0,0,0,0,0,0,22,7,0,0,0,0,0,0,0,0,1,0,0,0,0,0,0,0,0,0,0,0,0,0,0,0,0,0,0,0,0,0,0,0,0,0,1,0,0,1,0,0,0,0,1,0,0,0,0,0,0,0,0,0,0,0,0,0,0,2.4,0.4,0,0,0,0,0,0,0,0,0,100,1,0,1,108,109,139,113,139,113,0,90030,0,0,90060,90161,90200,5261,-1,35,0.4,1,1.1,0.9,1,1,1.2,0.6,0.6,0,0,0,-1,-1,128,2003,-1,100,30,84,0,0,-1,13302,-1,-1,13336,-1,-1,5800,-1,-1,-1,-1,-1,-1,-1,-1,-1,0,2,0,0,0,1,1,1,0,0,-1,-1,0,0,0,0,0,0,-1,-1,-1,0,0,0,180,50,0.1,-1,-1,-1,-1,2.5,0,0,0,1,0,0,0,0,0,0,0,0,1,0,-1,-1,-1,-1,-1,-1,-1,-1,-1,0.1,0.4,-1,0,0,55,0.29,100,3002,-1,5001,6001,-1,0,0.5,0.6,0,-1,0,1,1,1,1,1,1,1,1,1,1,1,1,1,1,1,1,1,1,-1,0,-1,0,-1,-1,-1,-1,[0|0|0|0|0|0|0|0|0|0|0|0],
36600652,Frenzied Commoner,0,0,[0|0|0],36600,1000,0,120,1.77,0.44,130,0,105,0,100,366000200,-1,10,0,0,-1,-1,0.4,-1,5400,0,0,7160,0,0,0,0,-1,100,0,0,0,0,-1,-1,-1,-1,-1,-1,20,3000,3001,3002,3003,3004,3005,3006,3007,3008,3009,6001,6000,0,1,1,1,1,1,1,1,1,1.5,-0.53846157,0,50,21,100,0,0,0,100,100,100,0,63,63,84,999,-1,-1,0,0,0,0,-1,-1,0,0,0,0,0,999,999,0,0,-1,10,0,11,0,0,6,3,40,110,110,0,1,2,0,0,0,0,0,0,0,0,0,0,22,7,0,0,0,0,0,0,0,0,1,0,0,0,0,0,0,0,0,0,0,1,0,1,0,0,0,0,0,0,0,0,0,0,0,0,1,0,0,1,0,0,0,0,0,0,0,0,0,0,0,0,0,0,0,0,0,0,0,1.77,0.44,0,0,0,0,0,0,0,0,0,100,1,0,1,109,109,139,139,139,139,0,90030,0,90300,90060,90161,90200,5261,-1,35,0.4,1.1,1.1,1.1,1.1,1.2,1.2,1.2,1,0,0,0,-1,-1,128,2000,-1,100,30,84,0,0,-1,5800,6000,-1,-1,-1,-1,-1,-1,14720,14724,-1,-1,-1,-1,-1,-1,0,2,0,0,0,1,1,1,0,0,-1,-1,0,0,0,0,0,0,-1,-1,-1,0,0,0,180,50,0.1,-1,-1,-1,-1,2.5,0,0,0,1,0,0,0,0,0,0,0,0,1,0,-1,-1,22300,-1,-1,-1,-1,-1,-1,0.1,0.4,-1,0,0,30,0.29,100,3001,-1,5001,-1,-1,0,0.5,0.6,0,-1,0,1,1,1,1,1,1,1,1,1,1,1,1,1,1,1,1,1,1,-1,0,-1,0,-1,-1,-1,-1,[0|0|0|0|0|0|0|0|0|0|0|0],
36601070,Commoner,0,0,[0|0|0],36600,1000,0,120,1.77,0.44,130,0,105,0,100,366000500,-1,10,0,0,-1,-1,0.4,-1,5401,0,0,7150,0,0,0,0,-1,100,0,0,0,0,-1,-1,-1,-1,-1,-1,20,3000,3001,3002,3003,3004,3005,3006,3007,3008,3009,6001,6000,0,1,1,1,1,1,1,1,1,1.5,-0.53846157,0,50,21,100,0,0,0,100,100,100,0,63,63,84,999,-1,-1,0,0,0,0,-1,-1,0,0,0,0,0,84,999,0,0,-1,10,0,11,0,0,6,3,40,110,110,0,0,2,0,0,0,0,0,0,0,0,0,0,22,7,0,0,0,0,0,0,0,0,0,1,0,0,0,0,0,0,0,0,1,0,0,1,1,0,0,0,0,0,0,0,0,0,0,0,1,0,0,1,0,0,0,0,0,0,1,0,1,0,0,0,0,0,0,0,0,0,0,1.77,0.44,0,0,0,0,0,0,0,0,0,100,1,0,1,109,109,139,139,139,139,0,90030,0,0,90060,90161,90200,5261,-1,35,0.4,1.1,1.1,1.1,1.1,1.2,1.2,1.2,1,0,0,0,-1,-1,128,2000,-1,100,30,84,0,0,-1,5800,6000,-1,-1,-1,-1,-1,-1,14720,-1,-1,-1,-1,-1,-1,-1,0,2,0,0,0,1,1,1,0,0,-1,-1,0,0,0,0,0,0,-1,-1,-1,0,0,0,180,50,0.1,-1,-1,-1,-1,2.5,0,0,0,1,0,0,0,0,0,0,0,0,1,0,-1,-1,-1,-1,-1,-1,-1,-1,-1,0.1,0.4,-1,0,0,30,0.29,100,3001,-1,5001,6001,-1,0,0.5,0.6,0,-1,0,1,1,1,1,1,1,1,1,1,1,1,1,1,1,1,1,1,1,-1,0,-1,0,-1,-1,-1,-1,[0|0|0|0|0|0|0|0|0|0|0|0],
36601252,Frenzied Commoner,0,0,[0|0|0],36600,1000,0,120,1.77,0.44,130,0,105,0,100,366000600,-1,10,0,0,-1,-1,0.4,-1,5401,0,0,7160,0,0,0,0,-1,100,0,0,0,0,-1,-1,-1,-1,-1,-1,20,3000,3001,3002,3003,3004,3005,3006,3007,3008,3009,6001,6000,0,1,1,1,1,1,1,1,1,1.5,-0.53846157,0,50,21,100,0,0,0,100,100,100,0,63,63,84,999,-1,-1,0,0,0,0,-1,-1,0,0,0,0,0,999,999,0,0,-1,10,0,11,0,0,6,3,40,110,110,0,1,2,0,0,0,0,0,0,0,0,0,0,22,7,0,0,0,0,0,0,0,0,0,1,0,0,0,0,0,0,0,0,0,1,0,1,0,0,0,0,0,0,0,0,0,0,0,0,1,0,0,1,0,0,0,0,0,0,0,0,0,0,0,0,0,0,0,0,0,0,0,1.77,0.44,0,0,0,0,0,0,0,0,0,100,1,0,1,109,109,139,139,139,139,0,90030,0,90300,90060,90161,90200,5261,-1,35,0.4,1.1,1.1,1.1,1.1,1.2,1.2,1.2,1,0,0,0,-1,-1,128,2000,-1,100,30,84,0,0,-1,5800,6000,-1,-1,-1,-1,-1,-1,14720,14724,-1,-1,-1,-1,-1,-1,0,2,0,0,0,1,1,1,0,0,-1,-1,0,0,0,0,0,0,-1,-1,-1,0,0,0,180,50,0.1,-1,-1,-1,-1,2.5,0,0,0,1,0,0,0,0,0,0,0,0,1,0,-1,-1,22300,-1,-1,-1,-1,-1,-1,0.1,0.4,-1,0,0,30,0.29,100,3001,-1,5001,-1,-1,0,0.5,0.6,0,-1,0,1,1,1,1,1,1,1,1,1,1,1,1,1,1,1,1,1,1,-1,0,-1,0,-1,-1,-1,-1,[0|0|0|0|0|0|0|0|0|0|0|0],
36601333,Death-serving Commoner,0,0,[0|0|0],36600,1000,0,120,1.77,0.44,130,0,105,0,100,366000700,-1,10,0,0,-1,-1,0.4,-1,5401,0,0,7090,0,0,0,0,-1,100,0,0,0,0,-1,-1,-1,-1,-1,-1,20,3000,3001,3002,3003,3004,3005,3006,3007,3008,3009,6001,6000,0,1,1,1,1,1,1,1,1,1.5,-0.53846157,0,50,21,100,0,0,0,100,100,100,0,63,63,84,999,-1,-1,0,0,0,0,-1,-1,0,0,0,0,0,84,999,0,0,-1,10,0,11,0,0,6,3,40,110,110,0,0,2,0,0,0,0,0,0,0,0,0,0,22,7,0,0,0,0,0,0,0,0,0,1,0,0,0,0,0,0,0,0,0,0,1,1,0,1,0,0,0,0,0,0,0,0,0,0,1,0,0,1,0,0,0,0,0,0,0,0,1,0,0,0,0,0,0,0,0,0,0,1.77,0.44,0,0,0,0,0,0,0,0,0,100,1,0,1,109,109,139,139,139,139,0,90030,0,0,90060,90161,90200,5261,-1,35,0.4,1.1,1.1,1.1,1.1,1.2,1.2,1.2,1,0,0,0,-1,-1,128,2000,-1,100,30,84,0,0,-1,5800,6000,-1,-1,-1,-1,-1,-1,14720,-1,-1,14708,-1,-1,-1,-1,0,2,0,0,0,1,1,1,0,0,-1,-1,0,0,0,0,0,0,-1,-1,-1,0,0,0,180,50,0.1,-1,-1,-1,-1,2.5,0,0,0,1,0,0,0,0,0,0,0,0,1,0,-1,-1,22301,-1,-1,-1,-1,-1,-1,0.1,0.4,-1,0,0,30,0.29,100,3001,-1,5001,6001,-1,0,0.5,0.6,0,-1,0,1,1,1,1,1,1,1,1,1,1,1,1,1,1,1,1,1,1,-1,0,-1,0,-1,-1,-1,-1,[0|0|0|0|0|0|0|0|0|0|0|0],
36602070,Commoner,0,0,[0|0|0],36600,1000,0,120,1.77,0.44,130,0,105,0,100,366000900,-1,10,0,0,-1,-1,0.4,-1,5401,0,0,7150,0,0,0,0,-1,100,0,0,0,0,-1,-1,-1,-1,-1,-1,20,3000,3001,3002,3003,3004,3005,3006,3007,3008,3009,6001,6000,0,1,1,1,1,1,1,1,1,1.5,-0.53846157,0,50,21,100,0,0,0,100,100,100,0,63,63,84,999,-1,-1,0,0,0,0,-1,-1,0,0,0,0,0,84,999,0,0,-1,10,0,11,0,0,6,3,40,110,110,0,0,2,0,0,0,0,0,0,0,0,0,0,22,7,0,0,0,0,0,0,0,0,0,0,1,0,0,0,0,0,0,0,1,0,0,1,1,0,0,0,0,0,0,0,0,0,0,0,1,0,0,1,0,0,0,0,0,0,0,1,1,0,0,0,0,0,0,0,0,0,0,1.77,0.44,0,0,0,0,0,0,0,0,0,100,1,0,1,109,109,139,139,139,139,0,90030,0,0,90060,90161,90200,5261,-1,35,0.4,1.1,1.1,1.1,1.1,1.2,1.2,1.2,1,0,0,0,-1,-1,128,2000,-1,100,30,84,0,0,-1,5800,6000,14700,-1,-1,-1,-1,-1,14720,-1,14725,-1,-1,-1,-1,-1,0,2,0,0,0,1,1,1,0,0,-1,-1,0,0,0,0,0,0,-1,-1,-1,0,0,0,180,50,0.1,-1,-1,-1,-1,2.5,0,0,0,1,0,0,0,0,0,0,0,0,1,0,-1,-1,-1,-1,-1,-1,-1,-1,-1,0.1,0.4,-1,0,0,30,0.29,100,3001,-1,5001,6001,-1,0,0.5,0.6,0,-1,0,1,1,1,1,1,1,1,1,1,1,1,1,1,1,1,1,1,1,-1,0,-1,0,-1,-1,-1,-1,[0|0|0|0|0|0|0|0|0|0|0|0],
36602152,Frenzied Commoner,0,0,[0|0|0],36600,1000,0,120,1.77,0.44,130,0,105,0,100,366000910,-1,10,0,0,-1,-1,0.4,-1,5401,0,0,7160,0,0,0,0,-1,100,0,0,0,0,-1,-1,-1,-1,-1,-1,20,3000,3001,3002,3003,3004,3005,3006,3007,3008,3009,6001,6000,0,1,1,1,1,1,1,1,1,1.5,-0.53846157,0,50,21,100,0,0,0,100,100,100,0,63,63,84,999,-1,-1,0,0,0,0,-1,-1,0,0,0,0,0,999,999,0,0,-1,10,0,11,0,0,6,3,40,110,110,0,1,2,0,0,0,0,0,0,0,0,0,0,22,7,0,0,0,0,0,0,0,0,0,0,1,0,0,0,0,0,0,0,0,1,0,1,0,0,0,0,0,0,0,0,0,0,0,0,1,0,0,1,0,0,0,0,0,0,0,0,0,0,0,0,0,0,0,0,0,0,0,1.77,0.44,0,0,0,0,0,0,0,0,0,100,1,0,1,109,109,139,139,139,139,0,90030,0,90300,90060,90161,90200,5261,-1,35,0.4,1.1,1.1,1.1,1.1,1.2,1.2,1.2,1,0,0,0,-1,-1,128,2000,-1,100,30,84,0,0,-1,5800,6000,14700,-1,-1,-1,-1,-1,14720,14724,14725,-1,-1,-1,-1,-1,0,2,0,0,0,1,1,1,0,0,-1,-1,0,0,0,0,0,0,-1,-1,-1,0,0,0,180,50,0.1,-1,-1,-1,-1,2.5,0,0,0,1,0,0,0,0,0,0,0,0,1,0,-1,-1,22300,-1,-1,-1,-1,-1,-1,0.1,0.4,-1,0,0,30,0.29,100,3001,-1,5001,-1,-1,0,0.5,0.6,0,-1,0,1,1,1,1,1,1,1,1,1,1,1,1,1,1,1,1,1,1,-1,0,-1,0,-1,-1,-1,-1,[0|0|0|0|0|0|0|0|0|0|0|0],
36602233,Death-serving Commoner,0,0,[0|0|0],36600,1000,0,120,1.77,0.44,130,0,105,0,100,366000920,-1,10,0,0,-1,-1,0.4,-1,5401,0,0,7090,0,0,0,0,-1,100,0,0,0,0,-1,-1,-1,-1,-1,-1,20,3000,3001,3002,3003,3004,3005,3006,3007,3008,3009,6001,6000,0,1,1,1,1,1,1,1,1,1.5,-0.53846157,0,50,21,100,0,0,0,100,100,100,0,63,63,84,999,-1,-1,0,0,0,0,-1,-1,0,0,0,0,0,84,999,0,0,-1,10,0,11,0,0,6,3,40,110,110,0,0,2,0,0,0,0,0,0,0,0,0,0,22,7,0,0,0,0,0,0,0,0,0,0,1,0,0,0,0,0,0,0,0,0,1,1,0,1,0,0,0,0,0,0,0,0,0,0,1,0,0,1,0,0,0,0,0,0,0,1,1,0,0,0,0,0,0,0,0,0,0,1.77,0.44,0,0,0,0,0,0,0,0,0,100,1,0,1,109,109,139,139,139,139,0,90030,0,0,90060,90161,90200,5261,-1,35,0.4,1.1,1.1,1.1,1.1,1.2,1.2,1.2,1,0,0,0,-1,-1,128,2000,-1,100,30,84,0,0,-1,5800,6000,14700,-1,-1,-1,-1,-1,14720,-1,14725,14708,-1,-1,-1,-1,0,2,0,0,0,1,1,1,0,0,-1,-1,0,0,0,0,0,0,-1,-1,-1,0,0,0,180,50,0.1,-1,-1,-1,-1,2.5,0,0,0,1,0,0,0,0,0,0,0,0,1,0,-1,-1,22301,-1,-1,-1,-1,-1,-1,0.1,0.4,-1,0,0,30,0.29,100,3001,-1,5001,6001,-1,0,0.5,0.6,0,-1,0,1,1,1,1,1,1,1,1,1,1,1,1,1,1,1,1,1,1,-1,0,-1,0,-1,-1,-1,-1,[0|0|0|0|0|0|0|0|0|0|0|0],
36603010,Commoner,0,0,[0|0|0],36600,1000,0,120,1.77,0.44,130,0,105,0,100,366000940,-1,10,0,0,-1,-1,0.4,-1,5401,0,0,7010,0,0,0,0,-1,100,0,0,0,0,-1,-1,-1,-1,-1,-1,20,3000,3001,3002,3003,3004,3005,3006,3007,3008,3009,6001,6000,0,1,1,1,1,1,1,1,1,1.5,-0.53846157,0,50,21,100,0,0,0,100,100,100,0,63,63,84,999,-1,-1,0,0,0,0,-1,-1,0,0,0,0,0,84,999,0,0,-1,10,0,11,0,0,6,3,40,110,110,0,0,2,0,0,0,0,0,0,0,0,0,0,22,7,0,0,0,0,0,0,0,0,0,0,1,0,0,0,0,0,0,0,0,0,0,1,0,0,0,0,0,0,0,0,0,0,0,0,1,0,0,1,0,0,1,0,0,0,0,0,1,0,0,0,0,0,0,0,0,0,0,1.77,0.44,0,0,0,0,0,0,0,0,0,100,1,0,1,109,109,139,139,139,139,0,90030,0,0,90060,90161,90200,5261,-1,35,0.4,1.1,1.1,1.1,1.1,1.2,1.2,1.2,1,0,0,0,-1,-1,128,2000,-1,100,30,84,0,0,-1,5800,6000,-1,-1,-1,-1,14707,14715,14720,-1,-1,-1,-1,-1,-1,-1,0,2,0,0,0,1,1,1,0,0,-1,-1,0,0,0,0,0,0,-1,-1,-1,0,0,0,180,50,0.1,-1,-1,-1,-1,2.5,0,0,0,1,0,0,0,0,0,0,0,0,1,0,-1,-1,22301,22302,-1,-1,-1,-1,-1,0.1,0.4,-1,0,0,30,0.29,100,3001,-1,5001,6001,-1,0,0.5,0.6,0,-1,0,1,1,1,1,1,1,1,1,1,1,1,1,1,1,1,1,1,1,-1,0,-1,0,-1,-1,-1,-1,[0|0|0|0|0|0|0|0|0|0|0|0],
36603110,Commoner,0,0,[0|0|0],36600,1000,0,120,1.77,0.44,130,0,105,0,100,366000940,-1,10,0,0,-1,-1,0.4,-1,5401,0,0,7010,0,0,0,0,-1,100,0,0,0,0,-1,-1,-1,-1,-1,-1,20,3000,3001,3002,3003,3004,3005,3006,3007,3008,3009,6001,6000,0,1,1,1,1,1,1,1,1,1.5,-0.53846157,0,50,21,100,0,0,0,100,100,100,0,63,63,84,999,-1,-1,0,0,0,0,-1,-1,0,0,0,0,0,84,999,0,0,-1,10,0,11,0,0,6,3,40,110,110,0,0,2,0,0,0,0,0,0,0,0,0,0,22,7,0,0,0,0,0,0,0,0,0,0,1,0,0,0,0,0,0,0,0,0,0,1,0,0,0,0,0,0,0,0,0,0,0,0,1,0,0,1,0,0,1,0,0,0,0,0,1,0,0,0,0,0,0,0,0,0,0,1.77,0.44,0,0,0,0,0,0,0,0,0,100,1,0,1,109,109,139,139,139,139,0,90030,0,0,90060,90161,90200,5261,-1,35,0.4,1.1,1.1,1.1,1.1,1.2,1.2,1.2,1,0,0,0,-1,-1,128,2000,-1,100,30,84,0,0,-1,5800,6000,-1,-1,14702,-1,14707,14715,14720,-1,-1,-1,-1,-1,-1,-1,0,2,0,0,0,1,1,1,0,0,-1,-1,0,0,0,0,0,0,-1,-1,-1,0,0,0,180,50,0.1,-1,-1,-1,-1,2.5,0,0,0,1,0,0,0,0,0,0,0,0,1,0,-1,-1,22301,22302,-1,-1,-1,-1,-1,0.1,0.4,-1,0,0,30,0.29,100,3001,-1,5001,6001,-1,0,0.5,0.6,0,-1,0,1,1,1,1,1,1,1,1,1,1,1,1,1,1,1,1,1,1,-1,0,-1,0,-1,-1,-1,-1,[0|0|0|0|0|0|0|0|0|0|0|0],
36608033,Commoner (Margit),0,0,[0|0|0],36600,1000,0,120,1.77,0.44,130,0,105,0,100,-1,-1,10,0,0,-1,-1,0.4,-1,5400,0,0,7090,0,0,0,0,-1,100,0,0,0,0,-1,-1,-1,-1,-1,-1,20,3000,3001,3002,3003,3004,3005,3006,3007,3008,3009,6001,6000,0,1,1,1,1,1,1,1,1,1.5,-0.53846157,0,50,21,100,0,0,0,100,100,100,0,63,63,84,999,-1,-1,0,0,0,0,-1,-1,0,0,0,0,0,84,999,0,0,-1,10,0,11,0,0,6,3,40,110,110,0,0,2,0,0,0,0,0,0,0,0,0,0,22,7,0,0,0,0,0,0,0,0,0,0,0,0,0,0,0,0,0,0,1,0,0,1,1,0,0,0,0,0,0,0,0,0,0,0,1,1,0,1,0,0,0,0,0,0,1,0,1,0,0,0,0,0,0,0,0,0,0,1.77,0.44,0,0,0,0,0,1,0,0,0,100,1,0,1,109,109,139,139,139,139,0,90030,0,0,90060,90100,0,5261,-1,35,0.4,1.1,1.1,1.1,1.1,1.2,1.2,1.2,1,0,0,0,-1,-1,128,2000,-1,100,30,84,0,0,-1,5800,6000,-1,-1,-1,-1,-1,-1,14720,-1,-1,-1,-1,-1,-1,-1,0,2,0,0,0,1,1,1,0,0,-1,-1,0,0,0,0,0,0,-1,-1,-1,0,0,0,180,50,0.1,-1,-1,-1,-1,2.5,0,0,0,1,0,0,0,0,0,0,0,0,1,0,-1,-1,-1,-1,-1,-1,-1,-1,-1,0.1,0.4,-1,0,0,30,0.29,100,3001,-1,5001,6001,-1,0,0.5,0.6,0,-1,0,1,1,1,1,1,1,1,1,1,1,1,1,1,1,1,1,1,1,-1,0,-1,0,-1,-1,-1,-1,[0|0|0|0|0|0|0|0|0|0|0|0],
36609006,Commoner (Stranded Soul),0,0,[0|0|0],36600,-1,0,120,1.77,0.44,130,0,105,0,100,-1,-1,10,0,0,-1,-1,0.4,-1,5400,0,0,7000,0,0,90000,90010,-1,100,0,0,0,0,-1,-1,-1,-1,-1,-1,20,3000,3001,3002,3003,3004,3005,3006,3007,3008,3009,6001,6000,0,1,1,1,1,1,1,1,1,1.5,-0.53846157,0,50,21,100,0,0,0,100,100,100,0,999,999,999,999,-1,-1,0,0,0,0,-1,-1,0,0,0,0,0,999,999,0,0,-1,10,0,11,0,0,0,3,0,110,110,0,0,2,0,0,0,0,0,0,0,0,0,0,22,7,0,0,0,0,0,0,0,0,0,0,0,0,0,0,0,0,0,0,1,0,0,1,1,0,0,0,0,0,0,0,0,0,0,0,1,1,0,1,0,0,0,0,0,0,0,0,1,0,0,0,0,0,0,0,0,0,0,1.77,0.44,0,0,0,0,0,0,0,0,0,100,0,0,1,109,109,139,139,139,139,90020,90030,90040,90300,90060,90100,0,-1,-1,35,0.4,1.1,1.1,1.1,1.1,1.2,1.2,1.2,1,0,0,0,-1,-1,128,-1,-1,100,30,999,0,0,-1,5800,6000,-1,-1,-1,-1,-1,-1,14720,-1,-1,18699,440,-1,18696,-1,0,2,0,0,0,1,1,1,0,0,-1,-1,0,0,0,0,0,0,900,-1,-1,0,0,0,180,50,0.1,-1,-1,-1,-1,2.5,0,0,0,1,0,0,0,0,0,0,0,0,1,0,-1,-1,-1,-1,-1,-1,-1,-1,-1,0.1,0.4,-1,0,0,30,0.29,100,-1,-1,-1,-1,-1,0,0.5,0.6,0,-1,0,1,1,1,1,1,1,1,1,1,1,1,1,1,1,1,1,1,1,-1,0,-1,0,-1,-1,-1,-1,[0|0|0|0|0|0|0|0|0|0|0|0],
36609012,Commoner (Stranded Soul),0,0,[0|0|0],36600,-1,0,120,1.77,0.44,130,0,105,0,100,-1,-1,10,0,0,-1,-1,0.4,-1,5400,0,0,7020,0,0,90000,90010,-1,100,0,0,0,0,-1,-1,-1,-1,-1,-1,20,3000,3001,3002,3003,3004,3005,3006,3007,3008,3009,6001,6000,0,1,1,1,1,1,1,1,1,1.5,-0.53846157,0,50,21,100,0,0,0,100,100,100,0,999,999,999,999,-1,-1,0,0,0,0,-1,-1,0,0,0,0,0,999,999,0,0,-1,10,0,11,0,0,0,3,0,110,110,0,0,2,0,0,0,0,0,0,0,0,0,0,22,7,0,0,0,0,0,0,0,0,0,0,0,0,0,0,0,0,0,0,1,0,0,1,1,0,0,0,0,0,0,0,0,0,0,0,1,1,0,1,0,0,0,0,0,0,0,0,1,0,0,0,0,0,0,0,0,0,0,1.77,0.44,0,0,0,0,0,0,0,0,0,100,0,0,1,109,109,139,139,139,139,90020,90030,90040,90300,90060,90100,0,-1,-1,35,0.4,1.1,1.1,1.1,1.1,1.2,1.2,1.2,1,0,0,0,-1,-1,128,-1,-1,100,30,999,0,0,-1,5800,6000,-1,-1,-1,-1,-1,-1,14720,-1,-1,18699,440,-1,18696,-1,0,2,0,0,0,1,1,1,0,0,-1,-1,0,0,0,0,0,0,900,-1,-1,0,0,0,180,50,0.1,-1,-1,-1,-1,2.5,0,0,0,1,0,0,0,0,0,0,0,0,1,0,-1,-1,-1,-1,-1,-1,-1,-1,-1,0.1,0.4,-1,0,0,30,0.29,100,-1,-1,-1,-1,-1,0,0.5,0.6,0,-1,0,1,1,1,1,1,1,1,1,1,1,1,1,1,1,1,1,1,1,-1,0,-1,0,-1,-1,-1,-1,[0|0|0|0|0|0|0|0|0|0|0|0],
36609020,Commoner (Stranded Soul),0,0,[0|0|0],36600,-1,0,120,1.77,0.44,130,0,105,0,100,-1,-1,10,0,0,-1,-1,0.4,-1,5400,0,0,7060,0,0,90000,90010,-1,100,0,0,0,0,-1,-1,-1,-1,-1,-1,20,3000,3001,3002,3003,3004,3005,3006,3007,3008,3009,6001,6000,0,1,1,1,1,1,1,1,1,1.5,-0.53846157,0,50,21,100,0,0,0,100,100,100,0,999,999,999,999,-1,-1,0,0,0,0,-1,-1,0,0,0,0,0,999,999,0,0,-1,10,0,11,0,0,0,3,0,110,110,0,0,2,0,0,0,0,0,0,0,0,0,0,22,7,0,0,0,0,0,0,0,0,0,0,0,0,0,0,0,0,0,0,1,0,0,1,1,0,0,0,0,0,0,0,0,0,0,0,1,1,0,1,0,0,0,0,0,0,1,0,1,0,0,0,0,0,0,0,0,0,0,1.77,0.44,0,0,0,0,0,0,0,0,0,100,0,0,1,109,109,139,139,139,139,90020,90030,90040,90300,90060,90100,0,-1,-1,35,0.4,1.1,1.1,1.1,1.1,1.2,1.2,1.2,1,0,0,0,-1,-1,128,-1,-1,100,30,999,0,0,-1,5800,6000,-1,-1,-1,-1,-1,-1,14720,-1,-1,18699,440,-1,18696,-1,0,2,0,0,0,1,1,1,0,0,-1,-1,0,0,0,0,0,0,900,-1,-1,0,0,0,180,50,0.1,-1,-1,-1,-1,2.5,0,0,0,1,0,0,0,0,0,0,0,0,1,0,-1,-1,-1,-1,-1,-1,-1,-1,-1,0.1,0.4,-1,0,0,30,0.29,100,-1,-1,-1,-1,-1,0,0.5,0.6,0,-1,0,1,1,1,1,1,1,1,1,1,1,1,1,1,1,1,1,1,1,-1,0,-1,0,-1,-1,-1,-1,[0|0|0|0|0|0|0|0|0|0|0|0],
36609022,Commoner (Stranded Soul),0,0,[0|0|0],36600,-1,0,120,1.77,0.44,130,0,105,0,100,-1,-1,10,0,0,-1,-1,0.4,-1,5400,0,0,7130,0,0,90000,90010,-1,100,0,0,0,0,-1,-1,-1,-1,-1,-1,20,3000,3001,3002,3003,3004,3005,3006,3007,3008,3009,6001,6000,0,1,1,1,1,1,1,1,1,1.5,-0.53846157,0,50,21,100,0,0,0,100,100,100,0,999,999,999,999,-1,-1,0,0,0,0,-1,-1,0,0,0,0,0,999,999,0,0,-1,10,0,11,0,0,0,3,0,110,110,0,0,2,0,0,0,0,0,0,0,0,0,0,22,7,0,0,0,0,0,0,0,0,0,0,0,0,0,0,0,0,0,0,1,0,0,1,1,0,0,0,0,0,0,0,0,0,0,0,1,1,0,1,0,0,0,0,0,0,1,0,1,0,0,0,0,0,0,0,0,0,0,1.77,0.44,0,0,0,0,0,0,0,0,0,100,0,0,1,109,109,139,139,139,139,90020,90030,90040,90300,90060,90100,0,-1,-1,35,0.4,1.1,1.1,1.1,1.1,1.2,1.2,1.2,1,0,0,0,-1,-1,128,-1,-1,100,30,999,0,0,-1,5800,6000,-1,-1,-1,-1,-1,-1,14720,-1,-1,18699,440,-1,18696,-1,0,2,0,0,0,1,1,1,0,0,-1,-1,0,0,0,0,0,0,900,-1,-1,0,0,0,180,50,0.1,-1,-1,-1,-1,2.5,0,0,0,1,0,0,0,0,0,0,0,0,1,0,-1,-1,-1,-1,-1,-1,-1,-1,-1,0.1,0.4,-1,0,0,30,0.29,100,-1,-1,-1,-1,-1,0,0.5,0.6,0,-1,0,1,1,1,1,1,1,1,1,1,1,1,1,1,1,1,1,1,1,-1,0,-1,0,-1,-1,-1,-1,[0|0|0|0|0|0|0|0|0|0|0|0],
36609040,Commoner (Stranded Soul),0,0,[0|0|0],36600,-1,0,120,1.77,0.44,130,0,105,0,100,-1,-1,10,0,0,-1,-1,0.4,-1,5400,0,0,7070,0,0,90000,90010,-1,100,0,0,0,0,-1,-1,-1,-1,-1,-1,20,3000,3001,3002,3003,3004,3005,3006,3007,3008,3009,6001,6000,0,1,1,1,1,1,1,1,1,1.5,-0.53846157,0,50,21,100,0,0,0,100,100,100,0,999,999,999,999,-1,-1,0,0,0,0,-1,-1,0,0,0,0,0,999,999,0,0,-1,10,0,11,0,0,0,3,0,110,110,0,0,2,0,0,0,0,0,0,0,0,0,0,22,7,0,0,0,0,0,0,0,0,0,0,0,0,0,0,0,0,0,0,1,0,0,1,1,0,0,0,0,0,0,0,0,0,0,0,1,1,0,1,0,0,0,0,0,0,1,0,1,0,0,0,0,0,0,0,0,0,0,1.77,0.44,0,0,0,0,0,0,0,0,0,100,0,0,1,109,109,139,139,139,139,90020,90030,90040,90300,90060,90100,0,-1,-1,35,0.4,1.1,1.1,1.1,1.1,1.2,1.2,1.2,1,0,0,0,-1,-1,128,-1,-1,100,30,999,0,0,-1,5800,6000,-1,-1,-1,-1,-1,-1,14720,-1,-1,18699,440,-1,18696,-1,0,2,0,0,0,1,1,1,0,0,-1,-1,0,0,0,0,0,0,900,-1,-1,0,0,0,180,50,0.1,-1,-1,-1,-1,2.5,0,0,0,1,0,0,0,0,0,0,0,0,1,0,-1,-1,-1,-1,-1,-1,-1,-1,-1,0.1,0.4,-1,0,0,30,0.29,100,-1,-1,-1,-1,-1,0,0.5,0.6,0,-1,0,1,1,1,1,1,1,1,1,1,1,1,1,1,1,1,1,1,1,-1,0,-1,0,-1,-1,-1,-1,[0|0|0|0|0|0|0|0|0|0|0|0],
36609052,Commoner (Stranded Soul),0,0,[0|0|0],36600,-1,0,120,1.77,0.44,130,0,105,0,100,-1,-1,10,0,0,-1,-1,0.4,-1,5400,0,0,7160,0,0,90000,90010,-1,100,0,0,0,0,-1,-1,-1,-1,-1,-1,20,3000,3001,3002,3003,3004,3005,3006,3007,3008,3009,6001,6000,0,1,1,1,1,1,1,1,1,1.5,-0.53846157,0,50,21,100,0,0,0,100,100,100,0,999,999,999,999,-1,-1,0,0,0,0,-1,-1,0,0,0,0,0,999,999,0,0,-1,10,0,11,0,0,0,3,0,110,110,0,0,2,0,0,0,0,0,0,0,0,0,0,22,7,0,0,0,0,0,0,0,0,0,0,0,0,0,0,0,0,0,0,1,0,0,1,1,0,0,0,0,0,0,0,0,0,0,0,1,1,0,1,0,0,0,0,0,0,1,0,1,0,0,0,0,0,0,0,0,0,0,1.77,0.44,0,0,0,0,0,0,0,0,0,100,0,0,1,109,109,139,139,139,139,90020,90030,90040,90300,90060,90100,0,-1,-1,35,0.4,1.1,1.1,1.1,1.1,1.2,1.2,1.2,1,0,0,0,-1,-1,128,-1,-1,100,30,999,0,0,-1,5800,6000,-1,-1,-1,-1,-1,-1,14720,-1,-1,18699,440,-1,18696,-1,0,2,0,0,0,1,1,1,0,0,-1,-1,0,0,0,0,0,0,900,-1,-1,0,0,0,180,50,0.1,-1,-1,-1,-1,2.5,0,0,0,1,0,0,0,0,0,0,0,0,1,0,-1,-1,-1,-1,-1,-1,-1,-1,-1,0.1,0.4,-1,0,0,30,0.29,100,-1,-1,-1,-1,-1,0,0.5,0.6,0,-1,0,1,1,1,1,1,1,1,1,1,1,1,1,1,1,1,1,1,1,-1,0,-1,0,-1,-1,-1,-1,[0|0|0|0|0|0|0|0|0|0|0|0],
36609114,Commoner (Stranded Soul),0,0,[0|0|0],36600,-1,0,120,1.77,0.44,130,0,105,0,100,-1,-1,10,0,0,-1,-1,0.4,-1,5400,0,0,7030,0,0,90000,90010,-1,100,0,0,0,0,-1,-1,-1,-1,-1,-1,20,3000,3001,3002,3003,3004,3005,3006,3007,3008,3009,6001,6000,0,1,1,1,1,1,1,1,1,1.5,-0.53846157,0,50,21,100,0,0,0,100,100,100,0,999,999,999,999,-1,-1,0,0,0,0,-1,-1,0,0,0,0,0,999,999,0,0,-1,10,0,11,0,0,0,3,0,110,110,0,0,2,0,0,0,0,0,0,0,0,0,0,22,7,0,0,0,0,0,0,0,0,0,0,0,0,0,0,0,0,0,0,1,0,0,1,1,0,0,0,0,0,0,0,0,0,0,0,1,1,0,1,0,0,0,0,0,0,0,0,1,0,0,0,0,0,0,0,0,0,0,1.77,0.44,0,0,0,0,0,0,0,0,0,100,0,0,1,109,109,139,139,139,139,90020,90030,90040,90300,90060,90100,0,-1,-1,35,0.4,1.1,1.1,1.1,1.1,1.2,1.2,1.2,1,0,0,0,-1,-1,128,-1,-1,100,30,999,0,0,-1,5800,6000,-1,-1,-1,-1,-1,-1,14720,-1,-1,18699,440,-1,18696,-1,0,2,0,0,0,1,1,1,0,0,-1,-1,0,0,0,0,0,0,900,-1,-1,0,0,0,180,50,0.1,-1,-1,-1,-1,2.5,0,0,0,1,0,0,0,0,0,0,0,0,1,0,-1,-1,-1,-1,-1,-1,-1,-1,-1,0.1,0.4,-1,0,0,30,0.29,100,-1,-1,-1,-1,-1,0,0.5,0.6,0,-1,0,1,1,1,1,1,1,1,1,1,1,1,1,1,1,1,1,1,1,-1,0,-1,0,-1,-1,-1,-1,[0|0|0|0|0|0|0|0|0|0|0|0],
36609120,Commoner (Stranded Soul),0,0,[0|0|0],36600,-1,0,120,1.77,0.44,130,0,105,0,100,-1,-1,10,0,0,-1,-1,0.4,-1,5400,0,0,7060,0,0,90000,90010,-1,100,0,0,0,0,-1,-1,-1,-1,-1,-1,20,3000,3001,3002,3003,3004,3005,3006,3007,3008,3009,6001,6000,0,1,1,1,1,1,1,1,1,1.5,-0.53846157,0,50,21,100,0,0,0,100,100,100,0,999,999,999,999,-1,-1,0,0,0,0,-1,-1,0,0,0,0,0,999,999,0,0,-1,10,0,11,0,0,0,3,0,110,110,0,0,2,0,0,0,0,0,0,0,0,0,0,22,7,0,0,0,0,0,0,0,0,0,0,0,0,0,0,0,0,0,0,1,0,0,1,1,0,0,0,0,0,0,0,0,0,0,0,1,1,0,1,0,0,0,0,0,0,0,0,1,0,0,0,0,0,0,0,0,0,0,1.77,0.44,0,0,0,0,0,0,0,0,0,100,0,0,1,109,109,139,139,139,139,90020,90030,90040,90300,90060,90100,0,-1,-1,35,0.4,1.1,1.1,1.1,1.1,1.2,1.2,1.2,1,0,0,0,-1,-1,128,-1,-1,100,30,999,0,0,-1,5800,6000,-1,-1,-1,-1,-1,-1,14720,-1,-1,18699,440,-1,18696,-1,0,2,0,0,0,1,1,1,0,0,-1,-1,0,0,0,0,0,0,900,-1,-1,0,0,0,180,50,0.1,-1,-1,-1,-1,2.5,0,0,0,1,0,0,0,0,0,0,0,0,1,0,-1,-1,-1,-1,-1,-1,-1,-1,-1,0.1,0.4,-1,0,0,30,0.29,100,-1,-1,-1,-1,-1,0,0.5,0.6,0,-1,0,1,1,1,1,1,1,1,1,1,1,1,1,1,1,1,1,1,1,-1,0,-1,0,-1,-1,-1,-1,[0|0|0|0|0|0|0|0|0|0|0|0],
36609130,Commoner (Stranded Soul),0,0,[0|0|0],36600,-1,0,120,1.77,0.44,130,0,105,0,100,-1,-1,10,0,0,-1,-1,0.4,-1,5400,0,0,7080,0,0,90000,90010,-1,100,0,0,0,0,-1,-1,-1,-1,-1,-1,20,3000,3001,3002,3003,3004,3005,3006,3007,3008,3009,6001,6000,0,1,1,1,1,1,1,1,1,1.5,-0.53846157,0,50,21,100,0,0,0,100,100,100,0,999,999,999,999,-1,-1,0,0,0,0,-1,-1,0,0,0,0,0,999,999,0,0,-1,10,0,11,0,0,0,3,0,110,110,0,0,2,0,0,0,0,0,0,0,0,0,0,22,7,0,0,0,0,0,0,0,0,0,0,0,0,0,0,0,0,0,0,1,0,0,1,1,0,0,0,0,0,0,0,0,0,0,0,1,1,0,1,0,0,0,0,0,0,0,0,1,0,0,0,0,0,0,0,0,0,0,1.77,0.44,0,0,0,0,0,0,0,0,0,100,0,0,1,109,109,139,139,139,139,90020,90030,90040,90300,90060,90100,0,-1,-1,35,0.4,1.1,1.1,1.1,1.1,1.2,1.2,1.2,1,0,0,0,-1,-1,128,-1,-1,100,30,999,0,0,-1,5800,6000,-1,-1,-1,-1,-1,-1,14720,-1,-1,18699,440,-1,18696,-1,0,2,0,0,0,1,1,1,0,0,-1,-1,0,0,0,0,0,0,900,-1,-1,0,0,0,180,50,0.1,-1,-1,-1,-1,2.5,0,0,0,1,0,0,0,0,0,0,0,0,1,0,-1,-1,-1,-1,-1,-1,-1,-1,-1,0.1,0.4,-1,0,0,30,0.29,100,-1,-1,-1,-1,-1,0,0.5,0.6,0,-1,0,1,1,1,1,1,1,1,1,1,1,1,1,1,1,1,1,1,1,-1,0,-1,0,-1,-1,-1,-1,[0|0|0|0|0|0|0|0|0|0|0|0],
36609140,Commoner (Stranded Soul),0,0,[0|0|0],36600,-1,0,120,1.77,0.44,130,0,105,0,100,-1,-1,10,0,0,-1,-1,0.4,-1,5400,0,0,7070,0,0,90000,90010,-1,100,0,0,0,0,-1,-1,-1,-1,-1,-1,20,3000,3001,3002,3003,3004,3005,3006,3007,3008,3009,6001,6000,0,1,1,1,1,1,1,1,1,1.5,-0.53846157,0,50,21,100,0,0,0,100,100,100,0,999,999,999,999,-1,-1,0,0,0,0,-1,-1,0,0,0,0,0,999,999,0,0,-1,10,0,11,0,0,0,3,0,110,110,0,0,2,0,0,0,0,0,0,0,0,0,0,22,7,0,0,0,0,0,0,0,0,0,0,0,0,0,0,0,0,0,0,1,0,0,1,1,0,0,0,0,0,0,0,0,0,0,0,1,1,0,1,0,0,0,0,0,0,0,0,1,0,0,0,0,0,0,0,0,0,0,1.77,0.44,0,0,0,0,0,0,0,0,0,100,0,0,1,109,109,139,139,139,139,90020,90030,90040,90300,90060,90100,0,-1,-1,35,0.4,1.1,1.1,1.1,1.1,1.2,1.2,1.2,1,0,0,0,-1,-1,128,-1,-1,100,30,999,0,0,-1,5800,6000,-1,-1,-1,-1,-1,-1,14720,-1,-1,18699,440,-1,18696,-1,0,2,0,0,0,1,1,1,0,0,-1,-1,0,0,0,0,0,0,900,-1,-1,0,0,0,180,50,0.1,-1,-1,-1,-1,2.5,0,0,0,1,0,0,0,0,0,0,0,0,1,0,-1,-1,-1,-1,-1,-1,-1,-1,-1,0.1,0.4,-1,0,0,30,0.29,100,-1,-1,-1,-1,-1,0,0.5,0.6,0,-1,0,1,1,1,1,1,1,1,1,1,1,1,1,1,1,1,1,1,1,-1,0,-1,0,-1,-1,-1,-1,[0|0|0|0|0|0|0|0|0|0|0|0],
36609142,Commoner (Stranded Soul),0,0,[0|0|0],36600,-1,0,120,1.77,0.44,130,0,105,0,100,-1,-1,10,0,0,-1,-1,0.4,-1,5400,0,0,7150,0,0,90000,90010,-1,100,0,0,0,0,-1,-1,-1,-1,-1,-1,20,3000,3001,3002,3003,3004,3005,3006,3007,3008,3009,6001,6000,0,1,1,1,1,1,1,1,1,1.5,-0.53846157,0,50,21,100,0,0,0,100,100,100,0,999,999,999,999,-1,-1,0,0,0,0,-1,-1,0,0,0,0,0,999,999,0,0,-1,10,0,11,0,0,0,3,0,110,110,0,0,2,0,0,0,0,0,0,0,0,0,0,22,7,0,0,0,0,0,0,0,0,0,0,0,0,0,0,0,0,0,0,1,0,0,1,1,0,0,0,0,0,0,0,0,0,0,0,1,1,0,1,0,0,0,0,0,0,0,0,1,0,0,0,0,0,0,0,0,0,0,1.77,0.44,0,0,0,0,0,0,0,0,0,100,0,0,1,109,109,139,139,139,139,90020,90030,90040,90300,90060,90100,0,-1,-1,35,0.4,1.1,1.1,1.1,1.1,1.2,1.2,1.2,1,0,0,0,-1,-1,128,-1,-1,100,30,999,0,0,-1,5800,6000,-1,-1,-1,-1,-1,-1,14720,-1,-1,18699,440,-1,18696,-1,0,2,0,0,0,1,1,1,0,0,-1,-1,0,0,0,0,0,0,900,-1,-1,0,0,0,180,50,0.1,-1,-1,-1,-1,2.5,0,0,0,1,0,0,0,0,0,0,0,0,1,0,-1,-1,-1,-1,-1,-1,-1,-1,-1,0.1,0.4,-1,0,0,30,0.29,100,-1,-1,-1,-1,-1,0,0.5,0.6,0,-1,0,1,1,1,1,1,1,1,1,1,1,1,1,1,1,1,1,1,1,-1,0,-1,0,-1,-1,-1,-1,[0|0|0|0|0|0|0|0|0|0|0|0],
36609152,Commoner (Stranded Soul),0,0,[0|0|0],36600,-1,0,120,1.77,0.44,130,0,105,0,100,-1,-1,10,0,0,-1,-1,0.4,-1,5400,0,0,7160,0,0,90000,90010,-1,100,0,0,0,0,-1,-1,-1,-1,-1,-1,20,3000,3001,3002,3003,3004,3005,3006,3007,3008,3009,6001,6000,0,1,1,1,1,1,1,1,1,1.5,-0.53846157,0,50,21,100,0,0,0,100,100,100,0,999,999,999,999,-1,-1,0,0,0,0,-1,-1,0,0,0,0,0,999,999,0,0,-1,10,0,11,0,0,0,3,0,110,110,0,0,2,0,0,0,0,0,0,0,0,0,0,22,7,0,0,0,0,0,0,0,0,0,0,0,0,0,0,0,0,0,0,1,0,0,1,1,0,0,0,0,0,0,0,0,0,0,0,1,1,0,1,0,0,0,0,0,0,0,0,1,0,0,0,0,0,0,0,0,0,0,1.77,0.44,0,0,0,0,0,0,0,0,0,100,0,0,1,109,109,139,139,139,139,90020,90030,90040,90300,90060,90100,0,-1,-1,35,0.4,1.1,1.1,1.1,1.1,1.2,1.2,1.2,1,0,0,0,-1,-1,128,-1,-1,100,30,999,0,0,-1,5800,6000,-1,-1,-1,-1,-1,-1,14720,-1,-1,18699,440,-1,18696,-1,0,2,0,0,0,1,1,1,0,0,-1,-1,0,0,0,0,0,0,900,-1,-1,0,0,0,180,50,0.1,-1,-1,-1,-1,2.5,0,0,0,1,0,0,0,0,0,0,0,0,1,0,-1,-1,-1,-1,-1,-1,-1,-1,-1,0.1,0.4,-1,0,0,30,0.29,100,-1,-1,-1,-1,-1,0,0.5,0.6,0,-1,0,1,1,1,1,1,1,1,1,1,1,1,1,1,1,1,1,1,1,-1,0,-1,0,-1,-1,-1,-1,[0|0|0|0|0|0|0|0|0|0|0|0],
36609162,Commoner (Stranded Soul),0,0,[0|0|0],36600,-1,0,120,1.77,0.44,130,0,105,0,100,-1,-1,10,0,0,-1,-1,0.4,-1,5400,0,0,7110,0,0,90000,90010,-1,100,0,0,0,0,-1,-1,-1,-1,-1,-1,20,3000,3001,3002,3003,3004,3005,3006,3007,3008,3009,6001,6000,0,1,1,1,1,1,1,1,1,1.5,-0.53846157,0,50,21,100,0,0,0,100,100,100,0,999,999,999,999,-1,-1,0,0,0,0,-1,-1,0,0,0,0,0,999,999,0,0,-1,10,0,11,0,0,0,3,0,110,110,0,0,2,0,0,0,0,0,0,0,0,0,0,22,7,0,0,0,0,0,0,0,0,0,0,0,0,0,0,0,0,0,0,1,0,0,1,1,0,0,0,0,0,0,0,0,0,0,0,1,1,0,1,0,0,0,0,0,0,0,0,1,0,0,0,0,0,0,0,0,0,0,1.77,0.44,0,0,0,0,0,0,0,0,0,100,0,0,1,109,109,139,139,139,139,90020,90030,90040,90300,90060,90100,0,-1,-1,35,0.4,1.1,1.1,1.1,1.1,1.2,1.2,1.2,1,0,0,0,-1,-1,128,-1,-1,100,30,999,0,0,-1,5800,6000,-1,-1,-1,-1,-1,-1,14720,-1,-1,18699,440,-1,18696,-1,0,2,0,0,0,1,1,1,0,0,-1,-1,0,0,0,0,0,0,900,-1,-1,0,0,0,180,50,0.1,-1,-1,-1,-1,2.5,0,0,0,1,0,0,0,0,0,0,0,0,1,0,-1,-1,-1,-1,-1,-1,-1,-1,-1,0.1,0.4,-1,0,0,30,0.29,100,-1,-1,-1,-1,-1,0,0.5,0.6,0,-1,0,1,1,1,1,1,1,1,1,1,1,1,1,1,1,1,1,1,1,-1,0,-1,0,-1,-1,-1,-1,[0|0|0|0|0|0|0|0|0|0|0|0],
36609165,Commoner (Stranded Soul),0,0,[0|0|0],36600,-1,0,120,1.77,0.44,130,0,105,0,100,-1,-1,10,0,0,-1,-1,0.4,-1,5400,0,0,7090,0,0,90000,90010,-1,100,0,0,0,0,-1,-1,-1,-1,-1,-1,20,3000,3001,3002,3003,3004,3005,3006,3007,3008,3009,6001,6000,0,1,1,1,1,1,1,1,1,1.5,-0.53846157,0,50,21,100,0,0,0,100,100,100,0,999,999,999,999,-1,-1,0,0,0,0,-1,-1,0,0,0,0,0,999,999,0,0,-1,10,0,11,0,0,0,3,0,110,110,0,0,2,0,0,0,0,0,0,0,0,0,0,22,7,0,0,0,0,0,0,0,0,0,0,0,0,0,0,0,0,0,0,1,0,0,1,1,0,0,0,0,0,0,0,0,0,0,0,1,1,0,1,0,0,0,0,0,0,0,0,1,0,0,0,0,0,0,0,0,0,0,1.77,0.44,0,0,0,0,0,0,0,0,0,100,0,0,1,109,109,139,139,139,139,90020,90030,90040,90300,90060,90100,0,-1,-1,35,0.4,1.1,1.1,1.1,1.1,1.2,1.2,1.2,1,0,0,0,-1,-1,128,-1,-1,100,30,999,0,0,-1,5800,6000,-1,-1,-1,-1,-1,-1,14720,-1,-1,18699,440,-1,18696,-1,0,2,0,0,0,1,1,1,0,0,-1,-1,0,0,0,0,0,0,900,-1,-1,0,0,0,180,50,0.1,-1,-1,-1,-1,2.5,0,0,0,1,0,0,0,0,0,0,0,0,1,0,-1,-1,-1,-1,-1,-1,-1,-1,-1,0.1,0.4,-1,0,0,30,0.29,100,-1,-1,-1,-1,-1,0,0.5,0.6,0,-1,0,1,1,1,1,1,1,1,1,1,1,1,1,1,1,1,1,1,1,-1,0,-1,0,-1,-1,-1,-1,[0|0|0|0|0|0|0|0|0|0|0|0],
36609170,Commoner (Stranded Soul),0,0,[0|0|0],36600,-1,0,120,1.77,0.44,130,0,105,0,100,-1,-1,10,0,0,-1,-1,0.4,-1,5400,0,0,7150,0,0,90000,90010,-1,100,0,0,0,0,-1,-1,-1,-1,-1,-1,20,3000,3001,3002,3003,3004,3005,3006,3007,3008,3009,6001,6000,0,1,1,1,1,1,1,1,1,1.5,-0.53846157,0,50,21,100,0,0,0,100,100,100,0,999,999,999,999,-1,-1,0,0,0,0,-1,-1,0,0,0,0,0,999,999,0,0,-1,10,0,11,0,0,0,3,0,110,110,0,0,2,0,0,0,0,0,0,0,0,0,0,22,7,0,0,0,0,0,0,0,0,0,0,0,0,0,0,0,0,0,0,1,0,0,1,1,0,0,0,0,0,0,0,0,0,0,0,1,1,0,1,0,0,0,0,0,0,1,0,1,0,0,0,0,0,0,0,0,0,0,1.77,0.44,0,0,0,0,0,0,0,0,0,100,0,0,1,109,109,139,139,139,139,90020,90030,90040,90300,90060,90100,0,-1,-1,35,0.4,1.1,1.1,1.1,1.1,1.2,1.2,1.2,1,0,0,0,-1,-1,128,-1,-1,100,30,999,0,0,-1,5800,6000,-1,-1,-1,-1,-1,-1,14720,-1,-1,18699,440,-1,18696,-1,0,2,0,0,0,1,1,1,0,0,-1,-1,0,0,0,0,0,0,900,-1,-1,0,0,0,180,50,0.1,-1,-1,-1,-1,2.5,0,0,0,1,0,0,0,0,0,0,0,0,1,0,-1,-1,-1,-1,-1,-1,-1,-1,-1,0.1,0.4,-1,0,0,30,0.29,100,-1,-1,-1,-1,-1,0,0.5,0.6,0,-1,0,1,1,1,1,1,1,1,1,1,1,1,1,1,1,1,1,1,1,-1,0,-1,0,-1,-1,-1,-1,[0|0|0|0|0|0|0|0|0|0|0|0],
36609510,Commoner (Stranded Soul),0,0,[0|0|0],36600,-1,0,120,1.77,0.44,130,0,105,0,100,-1,-1,10,0,0,-1,-1,0.4,-1,5400,0,0,7010,0,0,90000,90010,-1,100,0,0,0,0,-1,-1,-1,-1,-1,-1,20,3000,3001,3002,3003,3004,3005,3006,3007,3008,3009,6001,6000,0,1,1,1,1,1,1,1,1,1.5,-0.53846157,0,50,21,100,0,0,0,100,100,100,0,999,999,999,999,-1,-1,0,0,0,0,-1,-1,0,0,0,0,0,999,999,0,0,-1,10,0,11,0,0,0,3,40,110,110,0,0,2,0,0,0,0,0,0,0,0,0,0,22,7,0,0,0,0,0,0,0,0,0,0,0,0,0,0,0,0,0,0,1,0,0,1,1,0,0,0,0,0,0,0,0,0,0,0,1,0,0,1,0,0,0,0,0,0,1,0,1,0,0,0,0,0,0,0,0,0,0,1.77,0.44,0,0,0,0,0,0,0,0,0,100,1,0,1,109,109,139,139,139,139,90020,90030,90040,90300,90060,90161,90200,-1,-1,35,0.4,1.1,1.1,1.1,1.1,1.2,1.2,1.2,1,0,0,0,-1,-1,128,-1,-1,100,30,999,0,0,-1,5800,6000,-1,-1,14702,-1,-1,-1,14720,-1,-1,-1,440,-1,-1,18699,0,2,0,0,0,1,1,1,0,0,-1,-1,0,0,0,0,0,0,-1,-1,-1,0,0,0,180,50,0.1,-1,-1,-1,-1,2.5,0,0,0,1,0,0,0,0,0,0,0,0,1,0,-1,-1,-1,-1,-1,-1,-1,-1,-1,0.1,0.4,-1,0,0,30,0.29,100,-1,-1,-1,-1,-1,0,0.5,0.6,0,-1,0,1,1,1,1,1,1,1,1,1,1,1,1,1,1,1,1,1,1,-1,0,-1,0,-1,-1,-1,-1,[0|0|0|0|0|0|0|0|0|0|0|0],
36609520,Commoner (Stranded Soul),0,0,[0|0|0],36600,-1,0,120,1.77,0.44,130,0,105,0,100,-1,-1,10,0,0,-1,-1,0.4,-1,5400,0,0,7060,0,0,90000,90010,-1,100,0,0,0,0,-1,-1,-1,-1,-1,-1,20,3000,3001,3002,3003,3004,3005,3006,3007,3008,3009,6001,6000,0,1,1,1,1,1,1,1,1,1.5,-0.53846157,0,50,21,100,0,0,0,100,100,100,0,999,999,999,999,-1,-1,0,0,0,0,-1,-1,0,0,0,0,0,999,999,0,0,-1,10,0,11,0,0,0,3,40,110,110,0,0,2,0,0,0,0,0,0,0,0,0,0,22,7,0,0,0,0,0,0,0,0,0,0,0,0,0,0,0,0,0,0,1,0,0,1,1,0,0,0,0,0,0,0,0,0,0,0,1,0,0,1,0,0,0,0,0,0,1,0,1,0,0,0,0,0,0,0,0,0,0,1.77,0.44,0,0,0,0,0,0,0,0,0,100,1,0,1,109,109,139,139,139,139,90020,90030,90040,90300,90060,90161,90200,-1,-1,35,0.4,1.1,1.1,1.1,1.1,1.2,1.2,1.2,1,0,0,0,-1,-1,128,-1,-1,100,30,999,0,0,-1,5800,6000,-1,-1,14702,-1,-1,-1,14720,-1,-1,-1,440,-1,-1,18699,0,2,0,0,0,1,1,1,0,0,-1,-1,0,0,0,0,0,0,-1,-1,-1,0,0,0,180,50,0.1,-1,-1,-1,-1,2.5,0,0,0,1,0,0,0,0,0,0,0,0,1,0,-1,-1,-1,-1,-1,-1,-1,-1,-1,0.1,0.4,-1,0,0,30,0.29,100,-1,-1,-1,-1,-1,0,0.5,0.6,0,-1,0,1,1,1,1,1,1,1,1,1,1,1,1,1,1,1,1,1,1,-1,0,-1,0,-1,-1,-1,-1,[0|0|0|0|0|0|0|0|0|0|0|0],
36610033,Putrid Corpse,0,0,[0|0|0],36610,1000,0,30,1.8,0.3,130,0,376,0,100,366100000,-1,10,0,0,-1,-1,0.4,-1,5402,0,0,7090,0,0,0,0,-1,100,0,0,0,0,-1,-1,-1,-1,-1,-1,16,3000,3001,3002,3003,3004,3005,3006,3007,3008,3009,6001,6000,0,1,1,1,1,1,1,1,1,1.5,-0.23076923,0,50,21,100,0,0,0,100,100,100,0,63,63,63,999,-1,-1,0,0,0,0,-1,-1,0,0,0,0,0,63,999,0,0,-1,10,0,11,0,0,6,11,40,148,148,0,0,2,0,0,0,0,0,0,0,0,0,0,22,7,0,0,0,0,0,0,0,0,1,0,0,0,0,0,0,0,0,0,0,1,0,0,0,0,0,0,0,0,0,0,0,0,0,0,1,0,0,1,0,0,0,0,0,0,0,0,0,0,0,0,0,0,0,0,0,0,0,1.8,0.3,0,0,0,0,0,0,0,0,0,100,1,0,1,147,147,139,139,139,139,0,90030,0,0,90060,90161,90200,5261,-1,35,0.4,1.4,1.4,1.4,1.4,1.4,1.4,1.4,1.4,0,0,0,-1,-1,128,2000,-1,100,30,63,0,0,-1,5800,6000,17000,-1,-1,5841,-1,-1,17008,-1,-1,-1,-1,-1,-1,-1,0,2,0,0,0,1,1,1,0,0,-1,-1,0,0,0,0,0,0,-1,-1,3661,0,0,0,180,50,0.1,-1,-1,3660,-1,1.8,0,0,0,1,0,0,0,0,0,0,0,0,1,0,-1,-1,-1,-1,-1,-1,-1,-1,-1,0.1,0.4,-1,0,0,50,0.29,100,3000,-1,5000,6000,-1,0,0.5,0.6,0,-1,0,1,1,1,1,1,1,1,1,1,1,1,1,1,1,1,1,1,1,-1,0,-1,0,-1,-1,-1,-1,[0|0|0|0|0|0|0|0|0|0|0|0],
36610039,Putrid Corpse,0,0,[0|0|0],36610,1000,0,30,1.8,0.3,130,0,376,0,100,-1,-1,10,0,0,-1,-1,0.4,-1,5402,0,0,0,0,0,0,0,-1,100,0,0,0,0,-1,-1,-1,-1,-1,-1,16,3000,3001,3002,3003,3004,3005,3006,3007,3008,3009,6001,6000,0,1,1,1,1,1,1,1,1,1.5,-0.23076923,0,50,21,100,0,0,0,100,100,100,0,63,63,63,999,-1,-1,0,0,0,0,-1,-1,0,0,0,0,0,63,999,0,0,-1,10,0,11,0,0,6,11,40,148,148,0,0,2,0,0,0,0,0,0,0,0,0,0,22,7,0,0,0,0,0,0,0,0,1,0,0,0,0,0,0,0,0,0,0,1,0,0,0,0,0,0,0,0,0,0,0,0,0,0,1,0,0,1,0,0,0,0,0,0,0,0,0,0,0,0,0,0,0,0,0,0,0,1.8,0.3,0,0,0,0,0,0,0,0,0,100,1,0,1,147,147,139,139,139,139,0,90030,0,0,90060,90161,90200,5261,-1,35,0.4,1.4,1.4,1.4,1.4,1.4,1.4,1.4,1.4,0,0,0,-1,-1,128,2000,-1,100,30,63,0,0,-1,5800,6000,17000,-1,-1,5841,-1,-1,17008,-1,-1,-1,-1,-1,-1,-1,0,2,0,0,0,1,1,1,0,0,-1,-1,0,0,0,0,0,0,-1,-1,3661,0,0,0,180,50,0.1,-1,-1,3660,-1,1.8,0,0,0,1,0,0,0,0,0,0,0,0,1,0,-1,-1,-1,-1,-1,-1,-1,-1,-1,0.1,0.4,-1,0,0,50,0.29,100,3000,-1,5000,6000,-1,0,0.5,0.6,0,-1,0,1,1,1,1,1,1,1,1,1,1,1,1,1,1,1,1,1,1,-1,0,-1,0,-1,-1,-1,-1,[0|0|0|0|0|0|0|0|0|0|0|0],
36610040,Putrid Corpse,0,0,[0|0|0],36610,1000,0,30,1.8,0.3,130,0,376,0,100,366100000,-1,10,0,0,-1,-1,0.4,-1,5402,0,0,7070,0,0,0,0,-1,100,0,0,0,0,-1,-1,-1,-1,-1,-1,16,3000,3001,3002,3003,3004,3005,3006,3007,3008,3009,6001,6000,0,1,1,1,1,1,1,1,1,1.5,-0.23076923,0,50,21,100,0,0,0,100,100,100,0,63,63,63,999,-1,-1,0,0,0,0,-1,-1,0,0,0,0,0,63,999,0,0,-1,10,0,11,0,0,6,11,40,148,148,0,0,2,0,0,0,0,0,0,0,0,0,0,22,7,0,0,0,0,0,0,0,0,1,0,0,0,0,0,0,0,0,0,0,1,0,0,0,0,0,0,0,0,0,0,0,0,0,0,1,0,0,1,0,0,0,0,0,0,0,0,0,0,0,0,0,0,0,0,0,0,0,1.8,0.3,0,0,0,0,0,0,0,0,0,100,1,0,1,147,147,139,139,139,139,0,90030,0,0,90060,90161,90200,5261,-1,35,0.4,1.4,1.4,1.4,1.4,1.4,1.4,1.4,1.4,0,0,0,-1,-1,128,2000,-1,100,30,63,0,0,-1,5800,6000,17000,-1,-1,5841,-1,-1,17008,-1,-1,-1,-1,-1,-1,-1,0,2,0,0,0,1,1,1,0,0,-1,-1,0,0,0,0,0,0,-1,-1,3661,0,0,0,180,50,0.1,-1,-1,3660,-1,1.8,0,0,0,1,0,0,0,0,0,0,0,0,1,0,-1,-1,-1,-1,-1,-1,-1,-1,-1,0.1,0.4,-1,0,0,50,0.29,100,3000,-1,5000,6000,-1,0,0.5,0.6,0,-1,0,1,1,1,1,1,1,1,1,1,1,1,1,1,1,1,1,1,1,-1,0,-1,0,-1,-1,-1,-1,[0|0|0|0|0|0|0|0|0|0|0|0],
36610054,Putrid Corpse,0,0,[0|0|0],36610,1000,0,30,1.8,0.3,130,0,376,0,100,366100000,-1,10,0,0,-1,-1,0.4,-1,5402,0,0,7180,0,0,0,0,-1,100,0,0,0,0,-1,-1,-1,-1,-1,-1,16,3000,3001,3002,3003,3004,3005,3006,3007,3008,3009,6001,6000,0,1,1,1,1,1,1,1,1,1.5,-0.23076923,0,50,21,100,0,0,0,100,100,100,0,63,63,63,999,-1,-1,0,0,0,0,-1,-1,0,0,0,0,0,63,999,0,0,-1,10,0,11,0,0,6,11,40,148,148,0,0,2,0,0,0,0,0,0,0,0,0,0,22,7,0,0,0,0,0,0,0,0,1,0,0,0,0,0,0,0,0,0,0,1,0,0,0,0,0,0,0,0,0,0,0,0,0,0,1,0,0,1,0,0,0,0,0,0,0,0,0,0,0,0,0,0,0,0,0,0,0,1.8,0.3,0,0,0,0,0,0,0,0,0,100,1,0,1,147,147,139,139,139,139,0,90030,0,0,90060,90161,90200,5261,-1,35,0.4,1.4,1.4,1.4,1.4,1.4,1.4,1.4,1.4,0,0,0,-1,-1,128,2000,-1,100,30,63,0,0,-1,5800,6000,17000,-1,-1,5841,-1,-1,17008,-1,-1,-1,-1,-1,-1,-1,0,2,0,0,0,1,1,1,0,0,-1,-1,0,0,0,0,0,0,-1,-1,3661,0,0,0,180,50,0.1,-1,-1,3660,-1,1.8,0,0,0,1,0,0,0,0,0,0,0,0,1,0,-1,-1,-1,-1,-1,-1,-1,-1,-1,0.1,0.4,-1,0,0,50,0.29,100,3000,-1,5000,6000,-1,0,0.5,0.6,0,-1,0,1,1,1,1,1,1,1,1,1,1,1,1,1,1,1,1,1,1,-1,0,-1,0,-1,-1,-1,-1,[0|0|0|0|0|0|0|0|0|0|0|0],
36610140,Putrid Corpse,0,0,[0|0|0],36610,1000,0,30,1.8,0.3,130,0,376,0,100,366100000,-1,10,0,0,-1,-1,0.4,-1,5402,0,0,7070,0,0,0,0,-1,100,0,0,0,0,-1,-1,-1,-1,-1,-1,16,3000,3001,3002,3003,3004,3005,3006,3007,3008,3009,6001,6000,0,1,1,1,1,1,1,1,1,1.5,-0.23076923,0,50,21,100,0,0,0,100,100,100,0,63,63,63,999,-1,-1,0,0,0,0,-1,-1,0,0,0,0,0,63,999,0,0,-1,10,0,11,0,0,6,11,40,148,148,0,0,2,0,0,0,0,0,0,0,0,0,0,22,7,0,0,0,0,0,0,0,0,1,0,0,0,0,0,0,0,0,0,0,1,0,0,0,0,0,0,0,0,0,0,0,0,0,0,1,0,0,1,0,0,0,0,0,0,0,0,0,0,0,0,0,0,0,0,0,0,0,1.8,0.3,0,0,0,0,0,0,0,0,0,100,1,0,1,147,147,139,139,139,139,0,90030,0,0,90060,90161,90200,5261,-1,35,0.4,1.4,1.4,1.4,1.4,1.4,1.4,1.4,1.4,0,0,0,-1,-1,128,2000,-1,100,30,63,0,0,-1,5800,6000,17000,-1,-1,5841,-1,-1,17008,-1,-1,-1,-1,-1,-1,-1,0,2,0,0,0,1,1,1,0,0,-1,-1,0,0,0,0,0,0,-1,-1,3661,0,0,0,180,50,0.1,-1,-1,3660,-1,1.8,0,0,0,1,0,0,0,0,0,0,0,0,1,0,-1,-1,-1,-1,-1,-1,-1,-1,-1,0.1,0.4,-1,0,0,50,0.29,100,3000,-1,5000,6000,-1,0,0.5,0.6,0,-1,0,1,1,1,1,1,1,1,1,1,1,1,1,1,1,1,1,1,1,-1,0,-1,0,-1,-1,-1,-1,[0|0|0|0|0|0|0|0|0|0|0|0],
36611030,Putrid Corpse (Maggots),0,0,[0|0|0],36610,-1,0,30,1.8,0.3,130,0,376,0,100,366100100,-1,10,0,0,-1,-1,0.4,-1,5402,0,0,7080,0,0,90000,0,-1,100,0,0,0,0,-1,-1,-1,-1,-1,-1,16,3000,3001,3002,3003,3004,3005,3006,3007,3008,3009,6001,6000,0,1,1,1,1,1,1,1,1,1.5,-0.23076923,0,50,21,100,0,0,0,100,100,100,0,999,112,63,999,-1,-1,0,0,0,0,-1,-1,0,0,0,0,0,63,999,0,0,-1,10,0,11,0,0,6,11,40,148,148,0,0,2,0,0,0,0,0,0,0,0,0,0,22,7,0,0,0,0,0,0,0,0,1,0,0,0,0,0,0,0,0,0,1,0,0,0,0,0,0,0,0,0,0,0,0,0,0,0,1,0,0,1,0,0,0,0,0,0,0,0,0,0,0,0,0,0,0,0,0,0,0,1.8,0.3,0,0,0,0,0,0,0,0,0,100,1,0,1,147,147,139,139,139,139,0,90030,0,0,90060,90161,90200,5261,-1,35,0.4,1.4,1.4,1.4,1.4,1.4,1.4,1.4,1.4,0,0,0,-1,-1,128,2002,-1,100,30,63,0,0,-1,5800,6000,17001,-1,17010,5841,-1,-1,17008,-1,-1,-1,-1,-1,-1,-1,0,2,0,0,0,1,1,1,0,0,-1,-1,0,0,0,0,0,0,-1,-1,3661,0,0,0,180,50,0.1,-1,-1,3660,-1,1.8,0,0,0,1,0,0,0,0,0,0,0,0,1,0,-1,-1,-1,-1,-1,-1,-1,-1,-1,0.1,0.4,-1,0,0,50,0.29,100,3000,-1,5000,6000,-1,0,0.5,0.6,0,-1,0,1,1,1,1,1,1,1,1,1,1,1,1,1,1,1,1,1,1,-1,0,-1,0,-1,-1,-1,-1,[0|0|0|0|0|0|0|0|0|0|0|0],
36612032,Putrid Corpse (Burning),0,0,[0|0|0],36610,1000,0,30,1.8,0.3,130,0,376,0,100,366100200,-1,10,0,0,-1,-1,0.4,-1,5402,0,0,7090,0,0,0,0,-1,100,0,0,0,0,-1,-1,-1,-1,-1,-1,16,3000,3001,3002,3003,3004,3005,3006,3007,3008,3009,6001,6000,0,1,1,1,1,1,1,1,1,1.5,-0.23076923,0,50,21,100,0,0,0,100,100,100,0,63,63,63,999,-1,-1,0,0,0,0,-1,-1,0,0,0,0,0,63,999,0,0,-1,10,0,11,0,0,6,11,40,148,148,0,0,2,0,0,0,0,0,0,0,0,0,0,22,7,0,0,0,0,0,0,0,0,1,0,0,0,0,0,0,0,0,0,0,1,0,0,0,0,0,0,0,0,0,0,0,0,0,0,1,0,0,1,0,0,0,0,0,0,0,0,0,0,0,0,0,0,0,0,0,0,0,1.8,0.3,0,0,0,0,0,0,0,0,0,100,1,0,1,147,147,139,139,139,139,0,90030,0,0,90060,90161,90200,5261,-1,35,0.4,1.4,1.4,1.4,1.4,1.4,0.2,1.4,1.4,0,0,0,-1,-1,128,2000,-1,100,30,84,0,0,-1,5800,6000,17002,-1,17011,5841,-1,-1,17008,-1,-1,-1,-1,-1,-1,-1,0,2,0,0,0,1,1,1,0,0,-1,-1,0,0,0,0,0,0,-1,-1,3661,0,0,0,180,50,0.1,-1,-1,3660,-1,1.8,0,0,0,1,0,0,0,0,0,0,0,0,1,0,-1,-1,-1,-1,-1,-1,-1,-1,-1,0.1,0.4,-1,0,0,50,0.29,100,3000,-1,5001,6000,-1,0,0.5,0.6,0,-1,0,1,1,1,1,1,1,1,1,1,1,1,1,1,1,1,1,1,1,-1,0,-1,0,-1,-1,-1,-1,[0|0|0|0|0|0|0|0|0|0|0|0],
36612132,Putrid Corpse (Burning),0,0,[0|0|0],36610,1000,0,30,1.8,0.3,130,0,376,0,100,366100200,-1,10,0,0,-1,-1,0.4,-1,5402,0,0,7090,0,0,0,0,-1,100,0,0,0,0,-1,-1,-1,-1,-1,-1,16,3000,3001,3002,3003,3004,3005,3006,3007,3008,3009,6001,6000,0,1,1,1,1,1,1,1,1,1.5,-0.23076923,0,50,21,100,0,0,0,100,100,100,0,63,63,63,999,-1,-1,0,0,0,0,-1,-1,0,0,0,0,0,63,999,0,0,-1,10,0,11,0,0,6,11,40,148,148,0,0,2,0,0,0,0,0,0,0,0,0,0,22,7,0,0,0,0,0,0,0,0,1,0,0,0,0,0,0,0,0,0,0,1,0,0,0,0,0,0,0,0,0,0,0,0,0,0,1,0,0,1,0,0,0,0,0,0,0,0,0,0,0,0,0,0,0,0,0,0,0,1.8,0.3,0,0,0,0,0,1,0,0,0,100,1,0,1,147,147,139,139,139,139,0,90030,0,0,90060,90161,90200,5261,-1,35,0.4,1.4,1.4,1.4,1.4,1.4,0.2,1.4,1.4,0,0,0,-1,-1,128,2000,-1,100,30,84,0,0,-1,5800,6000,17002,-1,17011,5841,-1,-1,17008,-1,-1,-1,-1,-1,-1,-1,0,2,0,0,0,1,1,1,0,0,-1,-1,0,0,0,0,0,0,-1,-1,3661,0,0,0,180,50,0.1,-1,-1,3660,-1,1.8,0,0,0,1,0,0,0,0,0,0,0,0,1,0,-1,-1,-1,-1,-1,-1,-1,-1,-1,0.1,0.4,-1,0,0,50,0.29,100,3000,-1,5001,6000,-1,0,0.5,0.6,0,-1,0,1,1,1,1,1,1,1,1,1,1,1,1,1,1,1,1,1,1,-1,0,-1,0,-1,-1,-1,-1,[0|0|0|0|0|0|0|0|0|0|0|0],
36613054,Putrid Corpse (Mushroom),0,0,[0|0|0],36610,1001,0,30,1.8,0.3,130,0,376,0,100,366100300,-1,10,0,0,-1,-1,0.4,-1,5402,0,0,7180,0,0,0,0,-1,100,0,0,0,0,-1,-1,-1,-1,-1,-1,16,3000,3001,3002,3003,3004,3005,3006,3007,3008,3009,6001,6000,0,1,1,1,1,1,1,1,1,1.5,-0.23076923,0,50,21,100,0,0,0,100,100,100,0,84,112,63,999,-1,-1,0,0,0,0,-1,-1,0,0,0,0,0,63,999,0,0,-1,10,0,11,0,0,6,11,40,148,148,0,0,2,0,0,0,0,0,0,0,0,0,0,22,7,0,0,0,0,0,0,0,0,1,0,0,0,0,0,0,0,0,0,0,1,0,0,0,1,0,0,0,0,0,0,0,0,0,0,1,0,0,1,0,0,0,0,0,0,0,0,0,0,0,0,0,0,0,0,0,0,0,1.8,0.3,0,0,0,0,0,0,0,0,0,100,1,0,1,147,147,139,128,139,128,0,90030,0,0,90060,90161,90200,5261,-1,35,0.4,1.4,1.4,1.4,1.4,1.4,2,1.4,1.4,0,0,0,-1,-1,128,2002,-1,100,30,63,0,0,-1,5800,6000,17003,-1,-1,5841,17043,-1,17008,-1,-1,-1,-1,-1,-1,-1,0,2,0,0,0,1,1,1,0,0,-1,-1,0,0,0,0,0,0,-1,-1,3661,0,0,0,180,50,0.1,-1,-1,3660,-1,1.8,0,0,0,1,0,0,0,0,0,0,0,0,1,0,-1,-1,-1,-1,-1,-1,-1,-1,-1,0.1,0.4,-1,0,0,50,0.29,100,3000,-1,5000,6000,-1,0,0.5,0.6,0,-1,0,1,1,1,1,1,1,1,1,1,1,1,1,1,1,1,1,1,1,-1,0,-1,0,-1,-1,-1,-1,[0|0|0|0|0|0|0|0|0|0|0|0],
36613154,Putrid Corpse (Mushroom),0,0,[0|0|0],36610,1001,0,30,1.8,0.3,130,0,376,0,100,366100300,-1,10,0,0,-1,-1,0.4,-1,5402,0,0,7180,0,0,0,0,-1,100,0,0,0,0,-1,-1,-1,-1,-1,-1,16,3000,3001,3002,3003,3004,3005,3006,3007,3008,3009,6001,6000,0,1,1,1,1,1,1,1,1,1.5,-0.23076923,0,50,21,100,0,0,0,100,100,100,0,84,112,63,999,-1,-1,0,0,0,0,-1,-1,0,0,0,0,0,63,999,0,0,-1,10,0,11,0,0,6,11,40,148,148,0,0,2,0,0,0,0,0,0,0,0,0,0,22,7,0,0,0,0,0,0,0,0,1,0,0,0,0,0,0,0,0,0,0,1,0,0,0,0,0,0,0,0,0,0,0,0,0,0,1,0,0,1,0,0,1,0,0,0,0,0,0,0,0,0,0,0,0,0,0,0,0,1.8,0.3,0,0,0,0,0,0,0,0,0,100,1,0,1,147,147,139,128,139,128,0,90030,0,0,90060,90161,90200,5261,-1,35,0.4,1.4,1.4,1.4,1.4,1.4,2,1.4,1.4,0,0,0,-1,-1,128,2002,-1,100,30,63,0,0,-1,5800,6000,17003,-1,-1,5841,17043,-1,17008,-1,-1,-1,-1,-1,-1,-1,0,2,0,0,0,1,1,1,0,0,-1,-1,0,0,0,0,0,0,-1,-1,3661,0,0,0,180,50,0.1,-1,-1,3660,-1,1.8,0,0,0,1,0,0,0,0,0,0,0,0,1,0,-1,-1,-1,-1,-1,-1,-1,-1,-1,0.1,0.4,-1,0,0,50,0.29,100,3000,-1,5000,6000,-1,0,0.5,0.6,0,-1,0,1,1,1,1,1,1,1,1,1,1,1,1,1,1,1,1,1,1,-1,0,-1,0,-1,-1,-1,-1,[0|0|0|0|0|0|0|0|0|0|0|0],
36613254,Putrid Corpse (Mushroom),0,0,[0|0|0],36610,1001,0,30,1.8,0.3,130,0,376,0,100,366100300,-1,10,0,0,-1,-1,0.4,-1,5402,0,0,7180,0,0,0,0,-1,100,0,0,0,0,-1,-1,-1,-1,-1,-1,16,3000,3001,3002,3003,3004,3005,3006,3007,3008,3009,6001,6000,0,1,1,1,1,1,1,1,1,1.5,-0.23076923,0,50,21,100,0,0,0,100,100,100,0,84,112,63,999,-1,-1,0,0,0,0,-1,-1,0,0,0,0,0,63,999,0,0,-1,10,0,11,0,0,6,11,40,148,148,0,0,2,0,0,0,0,0,0,0,0,0,0,22,7,0,0,0,0,0,0,0,0,1,0,0,0,0,0,0,0,0,0,0,1,0,0,0,0,0,0,0,0,0,0,0,0,0,0,1,0,0,1,0,0,0,1,0,0,0,0,0,0,0,0,0,0,0,0,0,0,0,1.8,0.3,0,0,0,0,0,0,0,0,0,100,1,0,1,147,147,139,128,139,128,0,90030,0,0,90060,90161,90200,5261,-1,35,0.4,1.4,1.4,1.4,1.4,1.4,2,1.4,1.4,0,0,0,-1,-1,128,2002,-1,100,30,63,0,0,-1,5800,6000,17003,-1,-1,5841,17043,-1,17008,-1,-1,-1,-1,-1,-1,-1,0,2,0,0,0,1,1,1,0,0,-1,-1,0,0,0,0,0,0,-1,-1,3661,0,0,0,180,50,0.1,-1,-1,3660,-1,1.8,0,0,0,1,0,0,0,0,0,0,0,0,1,0,-1,-1,-1,-1,-1,-1,-1,-1,-1,0.1,0.4,-1,0,0,50,0.29,100,3000,-1,5000,6000,-1,0,0.5,0.6,0,-1,0,1,1,1,1,1,1,1,1,1,1,1,1,1,1,1,1,1,1,-1,0,-1,0,-1,-1,-1,-1,[0|0|0|0|0|0|0|0|0|0|0|0],
36619040,Putrid Corpse Ghost,0,0,[0|0|0],36610,1000,0,30,1.8,0.3,130,0,376,0,100,366100000,-1,10,0,0,-1,-1,0.4,-1,5402,0,0,7070,0,0,0,0,-1,100,0,0,0,0,-1,-1,-1,-1,-1,-1,16,3000,3001,3002,3003,3004,3005,3006,3007,3008,3009,6001,6000,0,1,1,1,1,1,1,1,1,1.5,-0.23076923,0,50,21,100,0,0,0,100,100,100,0,63,63,63,999,-1,-1,0,0,0,0,-1,-1,0,0,0,0,0,63,999,0,0,-1,10,0,11,0,0,0,11,0,148,148,0,0,2,0,0,0,0,0,0,0,0,0,0,22,7,0,0,0,0,0,0,0,0,1,0,0,0,0,0,0,0,0,0,0,1,0,0,0,0,0,0,0,0,0,0,0,0,0,0,1,1,0,1,0,0,0,0,0,0,0,0,0,0,0,0,0,0,0,0,0,0,0,1.8,0.3,0,0,0,0,0,0,0,0,0,100,0,0,1,147,147,139,139,139,139,0,90030,0,0,90060,90161,90200,-1,-1,35,0.4,1.4,1.4,1.4,1.4,1.4,1.4,1.4,1.4,0,0,0,-1,-1,128,2000,-1,100,30,63,0,0,-1,5800,6000,17000,-1,-1,5841,-1,-1,17008,18696,-1,18699,440,-1,-1,-1,0,2,0,0,0,1,1,1,0,0,-1,-1,0,0,0,0,0,0,900,-1,3661,0,0,0,180,50,0.1,-1,-1,3660,-1,1.8,0,0,0,1,0,0,0,0,0,0,0,0,1,0,-1,-1,-1,-1,-1,-1,-1,-1,-1,0.1,0.4,-1,0,0,50,0.29,100,3000,-1,5000,6000,-1,0,0.5,0.6,0,-1,0,1,1,1,1,1,1,1,1,1,1,1,1,1,1,1,1,1,1,-1,0,-1,0,-1,-1,-1,-1,[0|0|0|0|0|0|0|0|0|0|0|0],
36620012,Putrid Corpse (Large),0,0,[0|0|0],36620,1000,0,30,1.8,0.3,130,0,626,0,100,366200000,-1,10,0,0,-1,-1,0.55,-1,5403,0,0,7020,0,0,0,0,-1,100,0,0,0,0,-1,-1,-1,-1,-1,-1,16,3000,3001,3002,3003,3004,3005,3006,3007,3008,3009,6001,6000,0,1,1,1,1,1,1,1,1,1.5,-0.15384616,0,50,21,100,0,0,0,100,100,100,0,63,63,63,999,-1,-1,0,0,0,0,-1,3661,0,0,0,0,0,63,999,0,0,-1,10,0,11,0,0,6,11,40,148,148,0,0,2,0,0,0,0,0,0,0,0,0,0,27,7,0,0,0,0,0,0,0,0,1,0,0,0,0,0,0,0,0,0,0,1,0,0,0,0,0,0,0,0,0,0,0,0,0,0,1,0,0,1,0,0,0,0,0,0,0,0,0,0,0,0,0,0,0,0,0,0,0,1.8,0.3,0,0,0,0,0,0,0,0,0,100,1,0,1,147,147,139,139,139,139,0,90030,0,0,90060,90161,90200,5261,-1,35,0.4,1.4,1.4,1.4,1.4,1.4,1.4,1.4,1.4,0,0,0,-1,-1,128,2000,-1,100,30,63,0,0,-1,5800,6000,17000,17009,-1,5841,-1,-1,17008,-1,-1,-1,-1,-1,-1,-1,0,2,0,0,0,1,1,1,0,0,-1,-1,0,0,0,0,0,0,-1,-1,3661,0,0,0,180,50,0.1,-1,-1,3660,-1,1.8,0,0,0,1,0,0,0,0,0,0,0,0,1.3,-0.2,-1,-1,-1,-1,-1,-1,-1,-1,-1,0.1,0.4,-1,0,0,55,0.29,100,3000,-1,5000,6000,-1,0,0.5,0.6,0,-1,0,1,1,1,1,1,1,1,1,1,1,1,1,1,1,1,1,1,1,-1,0,-1,0,-1,-1,-1,-1,[0|0|0|0|0|0|0|0|0|0|0|0],
36620034,Putrid Corpse (Large) (Leyndell),0,0,[0|0|0],36620,1000,0,30,1.8,0.3,130,0,626,0,100,366200000,-1,10,0,0,-1,-1,0.55,-1,5403,0,0,7100,0,0,0,0,-1,100,0,0,0,0,-1,-1,-1,-1,-1,-1,16,3000,3001,3002,3003,3004,3005,3006,3007,3008,3009,6001,6000,0,1,1,1,1,1,1,1,1,1.5,-0.15384616,0,50,21,100,0,0,0,100,100,100,0,63,63,63,999,-1,-1,0,0,0,0,-1,3661,0,0,0,0,0,63,999,0,0,-1,10,0,11,0,0,6,11,40,148,148,0,0,2,0,0,0,0,0,0,0,0,0,0,27,7,0,0,0,0,0,0,0,0,1,0,0,0,0,0,0,0,0,0,0,1,0,0,0,0,0,0,0,0,0,0,0,0,0,0,1,0,0,1,0,0,0,0,0,0,0,0,0,0,0,0,0,0,0,0,0,0,0,1.8,0.3,0,0,0,0,0,0,0,0,0,100,1,0,1,147,147,139,139,139,139,0,90030,0,0,90060,90161,90200,5261,-1,35,0.4,1.4,1.4,1.4,1.4,1.4,1.4,1.4,1.4,0,0,0,-1,-1,128,2000,-1,100,30,63,0,0,-1,5800,6000,17000,17009,-1,5841,-1,-1,17008,-1,-1,-1,-1,-1,-1,-1,0,2,0,0,0,1,1,1,0,0,-1,-1,0,0,0,0,0,0,-1,-1,3661,0,0,0,180,50,0.1,-1,-1,3660,-1,1.8,0,0,0,1,0,0,0,0,0,0,0,0,1.3,-0.2,-1,-1,-1,-1,-1,-1,-1,-1,-1,0.1,0.4,-1,0,0,55,0.29,100,3000,-1,5000,6000,-1,0,0.5,0.6,0,-1,0,1,1,1,1,1,1,1,1,1,1,1,1,1,1,1,1,1,1,-1,0,-1,0,-1,-1,-1,-1,[0|0|0|0|0|0|0|0|0|0|0|0],
36620054,Putrid Corpse (Large),0,0,[0|0|0],36620,1000,0,30,1.8,0.3,130,0,626,0,100,366200000,-1,10,0,0,-1,-1,0.55,-1,5403,0,0,7180,0,0,0,0,-1,100,0,0,0,0,-1,-1,-1,-1,-1,-1,16,3000,3001,3002,3003,3004,3005,3006,3007,3008,3009,6001,6000,0,1,1,1,1,1,1,1,1,1.5,-0.15384616,0,50,21,100,0,0,0,100,100,100,0,63,63,63,999,-1,-1,0,0,0,0,-1,3661,0,0,0,0,0,63,999,0,0,-1,10,0,11,0,0,6,11,40,148,148,0,0,2,0,0,0,0,0,0,0,0,0,0,27,7,0,0,0,0,0,0,0,0,1,0,0,0,0,0,0,0,0,0,0,1,0,0,0,0,0,0,0,0,0,0,0,0,0,0,1,0,0,1,0,0,0,0,0,0,0,0,0,0,0,0,0,0,0,0,0,0,0,1.8,0.3,0,0,0,0,0,0,0,0,0,100,1,0,1,147,147,139,139,139,139,0,90030,0,0,90060,90161,90200,5261,-1,35,0.4,1.4,1.4,1.4,1.4,1.4,1.4,1.4,1.4,0,0,0,-1,-1,128,2000,-1,100,30,63,0,0,-1,5800,6000,17000,17009,-1,5841,-1,-1,17008,-1,-1,-1,-1,-1,-1,-1,0,2,0,0,0,1,1,1,0,0,-1,-1,0,0,0,0,0,0,-1,-1,3661,0,0,0,180,50,0.1,-1,-1,3660,-1,1.8,0,0,0,1,0,0,0,0,0,0,0,0,1.3,-0.2,-1,-1,-1,-1,-1,-1,-1,-1,-1,0.1,0.4,-1,0,0,55,0.29,100,3000,-1,5000,6000,-1,0,0.5,0.6,0,-1,0,1,1,1,1,1,1,1,1,1,1,1,1,1,1,1,1,1,1,-1,0,-1,0,-1,-1,-1,-1,[0|0|0|0|0|0|0|0|0|0|0|0],
36620140,Putrid Corpse (Large),0,0,[0|0|0],36620,1000,0,30,1.8,0.3,130,0,626,0,100,366200000,-1,10,0,0,-1,-1,0.55,-1,5403,0,0,7070,0,0,0,0,-1,100,0,0,0,0,-1,-1,-1,-1,-1,-1,16,3000,3001,3002,3003,3004,3005,3006,3007,3008,3009,6001,6000,0,1,1,1,1,1,1,1,1,1.5,-0.15384616,0,50,21,100,0,0,0,100,100,100,0,63,63,63,999,-1,-1,0,0,0,0,-1,3661,0,0,0,0,0,63,999,0,0,-1,10,0,11,0,0,6,11,40,148,148,0,0,2,0,0,0,0,0,0,0,0,0,0,27,7,0,0,0,0,0,0,0,0,1,0,0,0,0,0,0,0,0,0,0,1,0,0,0,0,0,0,0,0,0,0,0,0,0,0,1,0,0,1,0,0,0,0,0,0,0,0,0,0,0,0,0,0,0,0,0,0,0,1.8,0.3,0,0,0,0,0,0,0,0,0,100,1,0,1,147,147,139,139,139,139,0,90030,0,0,90060,90161,90200,5261,-1,35,0.4,1.4,1.4,1.4,1.4,1.4,1.4,1.4,1.4,0,0,0,-1,-1,128,2000,-1,100,30,63,0,0,-1,5800,6000,17000,17009,-1,5841,-1,-1,17008,-1,-1,-1,-1,-1,-1,-1,0,2,0,0,0,1,1,1,0,0,-1,-1,0,0,0,0,0,0,-1,-1,3661,0,0,0,180,50,0.1,-1,-1,3660,-1,1.8,0,0,0,1,0,0,0,0,0,0,0,0,1.3,-0.2,-1,-1,-1,-1,-1,-1,-1,-1,-1,0.1,0.4,-1,0,0,55,0.29,100,3000,-1,5000,6000,-1,0,0.5,0.6,0,-1,0,1,1,1,1,1,1,1,1,1,1,1,1,1,1,1,1,1,1,-1,0,-1,0,-1,-1,-1,-1,[0|0|0|0|0|0|0|0|0|0|0|0],
36621140,Putrid Corpse (Large) (Maggots),0,0,[0|0|0],36620,1004,0,30,1.8,0.3,130,0,626,0,100,366200100,-1,10,0,0,-1,-1,0.55,-1,5403,0,0,7070,0,0,0,0,-1,100,0,0,0,0,-1,-1,-1,-1,-1,-1,16,3000,3001,3002,3003,3004,3005,3006,3007,3008,3009,6001,6000,0,1,1,1,1,1,1,1,1,1.5,-0.15384616,0,50,21,100,0,0,0,100,100,100,0,252,112,63,999,-1,-1,0,0,0,0,-1,3661,0,0,0,0,0,63,999,0,0,-1,10,0,11,0,0,6,11,40,148,148,0,0,2,0,0,0,0,0,0,0,0,0,0,27,7,0,0,0,0,0,0,0,0,1,0,0,0,0,0,0,0,0,0,1,0,0,0,0,0,0,0,0,0,0,0,0,0,0,0,1,0,0,1,0,0,0,0,0,0,0,0,0,0,0,0,0,0,0,0,0,0,0,1.8,0.3,0,0,0,0,0,0,0,0,0,100,1,0,1,147,147,139,139,139,139,0,90030,0,0,90060,90161,90200,5261,-1,35,0.4,1.4,1.4,1.4,1.4,1.4,1.4,1.4,1.4,0,0,0,-1,-1,128,2002,-1,100,30,63,0,0,-1,5800,6000,17001,17009,17015,5841,-1,-1,17008,-1,-1,-1,-1,-1,-1,-1,0,2,0,0,0,1,1,1,0,0,-1,-1,0,0,0,0,0,0,-1,-1,3661,0,0,0,180,50,0.1,-1,-1,3660,-1,1.8,0,0,0,1,0,0,0,0,0,0,0,0,1.3,-0.2,-1,-1,-1,-1,-1,-1,-1,-1,-1,0.1,0.4,-1,0,0,55,0.29,100,3000,-1,5000,6000,-1,0,0.5,0.6,0,-1,0,1,1,1,1,1,1,1,1,1,1,1,1,1,1,1,1,1,1,-1,0,-1,0,-1,-1,-1,-1,[0|0|0|0|0|0|0|0|0|0|0|0],
36623054,Putrid Corpse (Large) (Mushroom),0,0,[0|0|0],36620,1001,0,30,1.8,0.3,130,0,626,0,100,366200300,-1,10,0,0,-1,-1,0.55,-1,5403,0,0,7180,0,0,0,0,-1,100,0,0,0,0,-1,-1,-1,-1,-1,-1,16,3000,3001,3002,3003,3004,3005,3006,3007,3008,3009,6001,6000,0,1,1,1,1,1,1,1,1,1.5,-0.15384616,0,50,21,100,0,0,0,100,100,100,0,84,112,63,999,-1,-1,0,0,0,0,-1,3661,0,0,0,0,0,63,999,0,0,-1,10,0,11,0,0,6,11,40,148,148,0,0,2,0,0,0,0,0,0,0,0,0,0,27,7,0,0,0,0,0,0,0,0,1,0,0,0,0,0,0,0,0,0,0,1,0,0,0,1,0,0,0,0,0,0,0,0,0,0,1,0,0,1,0,0,0,0,0,0,0,0,0,0,0,0,0,0,0,0,0,0,0,1.8,0.3,0,0,0,0,0,0,0,0,0,100,1,0,1,147,147,139,128,139,128,0,90030,0,0,90060,90161,90200,5261,-1,35,0.4,1.4,1.4,1.4,1.4,1.4,2,1.4,1.4,0,0,0,-1,-1,128,2002,-1,100,30,63,0,0,-1,5800,6000,17003,17009,-1,5841,17043,-1,17008,-1,-1,-1,-1,-1,-1,-1,0,2,0,0,0,1,1,1,0,0,-1,-1,0,0,0,0,0,0,-1,-1,3661,0,0,0,180,50,0.1,-1,-1,3660,-1,1.8,0,0,0,1,0,0,0,0,0,0,0,0,1.3,-0.2,-1,-1,-1,-1,-1,-1,-1,-1,-1,0.1,0.4,-1,0,0,55,0.29,100,3000,-1,5000,6000,-1,0,0.5,0.6,0,-1,0,1,1,1,1,1,1,1,1,1,1,1,1,1,1,1,1,1,1,-1,0,-1,0,-1,-1,-1,-1,[0|0|0|0|0|0|0|0|0|0|0|0],
36623154,Putrid Corpse (Large) (Mushroom),0,0,[0|0|0],36620,1001,0,30,1.8,0.3,130,0,626,0,100,366200300,-1,10,0,0,-1,-1,0.55,-1,5403,0,0,7180,0,0,0,0,-1,100,0,0,0,0,-1,-1,-1,-1,-1,-1,16,3000,3001,3002,3003,3004,3005,3006,3007,3008,3009,6001,6000,0,1,1,1,1,1,1,1,1,1.5,-0.15384616,0,50,21,100,0,0,0,100,100,100,0,84,112,63,999,-1,-1,0,0,0,0,-1,3661,0,0,0,0,0,63,999,0,0,-1,10,0,11,0,0,6,11,40,148,148,0,0,2,0,0,0,0,0,0,0,0,0,0,27,7,0,0,0,0,0,0,0,0,1,0,0,0,0,0,0,0,0,0,0,1,0,0,0,0,0,0,0,0,0,0,0,0,0,0,1,0,0,1,0,0,1,0,0,0,0,0,0,0,0,0,0,0,0,0,0,0,0,1.8,0.3,0,0,0,0,0,0,0,0,0,100,1,0,1,147,147,139,128,139,128,0,90030,0,0,90060,90161,90200,5261,-1,35,0.4,1.4,1.4,1.4,1.4,1.4,2,1.4,1.4,0,0,0,-1,-1,128,2002,-1,100,30,63,0,0,-1,5800,6000,17003,17009,-1,5841,17043,-1,17008,-1,-1,-1,-1,-1,-1,-1,0,2,0,0,0,1,1,1,0,0,-1,-1,0,0,0,0,0,0,-1,-1,3661,0,0,0,180,50,0.1,-1,-1,3660,-1,1.8,0,0,0,1,0,0,0,0,0,0,0,0,1.3,-0.2,-1,-1,-1,-1,-1,-1,-1,-1,-1,0.1,0.4,-1,0,0,55,0.29,100,3000,-1,5000,6000,-1,0,0.5,0.6,0,-1,0,1,1,1,1,1,1,1,1,1,1,1,1,1,1,1,1,1,1,-1,0,-1,0,-1,-1,-1,-1,[0|0|0|0|0|0|0|0|0|0|0|0],
36623254,Putrid Corpse (Large) (Mushroom),0,0,[0|0|0],36620,1001,0,30,1.8,0.3,130,0,626,0,100,366200300,-1,10,0,0,-1,-1,0.55,-1,5403,0,0,7180,0,0,0,0,-1,100,0,0,0,0,-1,-1,-1,-1,-1,-1,16,3000,3001,3002,3003,3004,3005,3006,3007,3008,3009,6001,6000,0,1,1,1,1,1,1,1,1,1.5,-0.15384616,0,50,21,100,0,0,0,100,100,100,0,84,112,63,999,-1,-1,0,0,0,0,-1,3661,0,0,0,0,0,63,999,0,0,-1,10,0,11,0,0,6,11,40,148,148,0,0,2,0,0,0,0,0,0,0,0,0,0,27,7,0,0,0,0,0,0,0,0,1,0,0,0,0,0,0,0,0,0,0,1,0,0,0,0,0,0,0,0,0,0,0,0,0,0,1,0,0,1,0,0,0,1,0,0,0,0,0,0,0,0,0,0,0,0,0,0,0,1.8,0.3,0,0,0,0,0,0,0,0,0,100,1,0,1,147,147,139,128,139,128,0,90030,0,0,90060,90161,90200,5261,-1,35,0.4,1.4,1.4,1.4,1.4,1.4,2,1.4,1.4,0,0,0,-1,-1,128,2002,-1,100,30,63,0,0,-1,5800,6000,17003,17009,-1,5841,17043,-1,17008,-1,-1,-1,-1,-1,-1,-1,0,2,0,0,0,1,1,1,0,0,-1,-1,0,0,0,0,0,0,-1,-1,3661,0,0,0,180,50,0.1,-1,-1,3660,-1,1.8,0,0,0,1,0,0,0,0,0,0,0,0,1.3,-0.2,-1,-1,-1,-1,-1,-1,-1,-1,-1,0.1,0.4,-1,0,0,55,0.29,100,3000,-1,5000,6000,-1,0,0.5,0.6,0,-1,0,1,1,1,1,1,1,1,1,1,1,1,1,1,1,1,1,1,1,-1,0,-1,0,-1,-1,-1,-1,[0|0|0|0|0|0|0|0|0|0|0|0],
36625068,Putrid Corpse (Large) (Blood),0,0,[0|0|0],36620,1000,0,30,1.8,0.3,130,0,82,0,100,366200500,-1,10,0,0,-1,-1,0.55,-1,5403,0,0,7170,0,0,0,0,-1,100,0,0,0,0,-1,-1,-1,-1,-1,-1,16,3000,3001,3002,3003,3004,3005,3006,3007,3008,3009,6001,6000,0,1,1,1,1,1,1,1,1,1.5,-0.15384616,0,50,21,100,0,0,0,100,100,100,0,63,63,20,999,-1,-1,0,0,0,0,-1,3661,0,0,0,0,0,112,999,0,0,-1,10,0,11,0,0,6,11,40,148,148,0,0,2,0,0,0,0,0,0,0,0,0,0,27,7,0,0,0,0,0,0,0,0,1,0,0,0,0,0,0,0,0,0,0,1,0,0,0,0,0,0,0,0,0,0,0,0,0,0,1,0,0,1,0,0,0,0,0,0,1,0,0,0,0,0,0,0,0,0,0,0,0,1.8,0.3,0,0,0,0,0,0,0,0,0,100,1,0,1,147,147,139,139,139,139,0,90030,0,0,90060,90161,90200,5261,-1,35,0.4,1.4,1.4,1.4,1.4,1.4,1,1.4,1.4,0,0,0,-1,-1,128,2000,-1,100,30,63,0,0,-1,5800,6000,17005,17009,-1,5841,-1,-1,17008,13460,13461,13465,13470,-1,-1,-1,0,2,0,0,0,1,1,1,0,0,-1,-1,0,0,0,0,0,0,-1,-1,3661,0,0,0,180,50,0.1,-1,-1,3660,-1,1.8,0,0,0,1,0,0,0,0,0,0,0,0,1.3,-0.2,-1,-1,-1,-1,-1,-1,-1,-1,-1,0.1,0.4,-1,0,0,55,0.29,100,3010,-1,5000,6002,-1,0,0.5,0.6,0,-1,0,1,1,1,1,1,1,1,1,1,1,1,1,1,1,1,1,1,1,-1,0,-1,0,-1,-1,-1,-1,[0|0|0|0|0|0|0|0|0|0|0|0],
36629010,Putrid Corpse (Large),1,0,[0|0|0],0,1001,0,120,1.5,0.4,100,0,2560,0,100,-1,-1,-1,0,0,-1,-1,0.4,-1,0,0,0,7700,0,0,0,0,-1,0,0,0,0,0,-1,-1,-1,-1,-1,-1,16,3000,3001,3002,3003,3004,3005,3006,3007,702,703,701,700,0,1,1,1,1,1,1,1,1,1.3,-1,0,50,21,100,0,0,0,100,100,100,0,100,100,100,999,-1,-1,0,0,0,0,-1,-1,1,0,0,0,0,100,100,0,0,-1,10,0,-1,0,0,6,3,0,110,110,0,0,0,0,0,0,0,0,0,0,0,0,0,15,8,0,0,0,0,0,0,0,0,0,0,0,0,0,0,0,0,0,0,0,0,0,0,0,0,0,0,0,0,0,0,0,0,0,0,1,0,0,1,0,0,0,0,0,0,0,0,0,0,0,0,0,0,0,0,0,0,0,1.5,0.4,0,0,0,0,0,0,0,0,0,100,1,4,1,109,109,139,139,139,139,0,90030,0,0,0,0,0,0,-1,0,0,1,1,1,1,1,1,1,1,0,0,0,-1,-1,256,2001,-1,7700,-1,100,0,0,-1,-1,-1,-1,-1,-1,-1,-1,-1,-1,-1,-1,-1,-1,-1,-1,8600303,0,2,0,0,0,1,1,1,0,0,-1,-1,0,0,0,0,0,0,-1,-1,-1,0,0,0,180,48,0.1,-1,-1,-1,-1,1.8,0,0,1,0,0,0,0,0,0,0,0,0,1,0,-1,-1,-1,-1,-1,-1,-1,-1,-1,0.1,0.4,-1,0,0,-1,0.29,100,3001,-1,5001,6001,7001,0,0.5,0.6,0,-1,7400,1,1,1,1,1,1,1,1,1,1,1,1,1,1,1,1,1,1,-1,0,-1,7700,-1,-1,-1,-1,[0|0|0|0|0|0|0|0|0|0|0|0],
36640012,Cemetery Shade (Weeping Peninsula),0,0,[0|0|0],36640,-1,0,30,1.8,0.3,130,0,305,0,100,-1,-1,10,0,0,-1,-1,0.55,-1,5404,5302,0,7020,17253,90400,90000,90010,-1,100,0,0,0,0,-1,-1,-1,-1,-1,-1,25,3000,3001,3002,3003,3004,3005,3006,3007,3008,3009,6001,6000,0,1,1,1,1,1,1,1,1,1.5,0.07692308,0,50,21,100,0,0,0,100,100,100,0,999,999,999,999,-1,-1,0,0,0,0,-1,-1,1,0,0,0,0,999,999,0,0,-1,10,0,11,0,0,6,13,40,141,141,0,0,2,0,0,0,0,0,0,0,0,0,0,22,7,0,0,0,0,0,0,0,0,0,0,0,0,0,0,0,0,0,0,0,0,0,0,0,0,0,0,0,0,0,0,0,0,0,0,1,0,0,1,0,0,0,0,0,0,0,0,0,0,0,0,0,0,0,0,0,0,0,1.8,0.3,0,1,0,0,0,0,0,0,0,100,1,0,1,107,134,139,107,139,107,90020,90030,90040,90300,90060,90100,0,-1,-1,35,0.4,0.9,0.9,0.9,0.65,1,1,1,1.2,0,0,0,-1,-1,128,-1,-1,300,30,999,0,0,3664,5800,17254,-1,17275,-1,-1,-1,-1,-1,-1,-1,-1,4410,-1,-1,4301,0,2,0,0,0,1,1,1,0,0,-1,-1,0,0,0,0,0,0,-1,-1,3664,0,0,0,180,50,0.1,-1,-1,3660,-1,2.5,0,0,0,1,0,0,0,0,0,0,0,0,1,0,-1,-1,-1,-1,-1,-1,-1,-1,-1,0.1,0.4,-1,0,0,70,0.29,100,-1,-1,-1,-1,-1,0,0.5,0.6,0,-1,0,1,1,1,1,1,1,1,1,1,1,1,1,1,1,1,1,1,1,-1,0,-1,0,-1,-1,-1,-1,[0|0|0|0|0|0|0|0|0|0|0|0],
36640035,Cemetery Shade,0,0,[0|0|0],36640,-1,0,30,1.8,0.3,130,0,305,0,100,366400000,-1,10,0,0,-1,-1,0.55,-1,5404,5302,0,7130,17253,0,90000,90010,-1,100,0,0,0,0,-1,-1,-1,-1,-1,-1,25,3000,3001,3002,3003,3004,3005,3006,3007,3008,3009,6001,6000,0,1,1,1,1,1,1,1,1,1.5,0.07692308,0,50,21,100,0,0,0,100,100,100,0,999,999,999,999,-1,-1,0,0,0,0,-1,-1,1,0,0,0,0,999,999,0,0,-1,10,0,11,0,0,6,13,40,141,141,0,0,2,0,0,0,0,0,0,0,0,0,0,22,7,0,0,0,0,0,0,0,0,0,0,0,0,0,0,0,0,0,0,0,0,0,0,0,0,0,0,0,0,0,0,0,0,0,0,1,0,0,1,0,0,0,0,0,0,0,0,0,0,0,0,0,0,0,0,0,0,0,1.8,0.3,0,0,0,0,0,0,0,0,0,100,1,0,1,107,134,139,107,139,107,90020,90030,90040,90300,90060,90100,0,5262,-1,35,0.4,0.9,0.9,0.9,0.65,1,1,1,1.2,0,0,0,-1,-1,128,-1,-1,200,30,999,0,0,3664,5800,17254,-1,17275,-1,-1,-1,-1,-1,-1,-1,-1,-1,-1,-1,-1,0,2,0,0,0,1,1,1,0,0,-1,-1,0,0,0,0,0,0,-1,-1,3664,0,0,0,180,50,0.1,-1,-1,3660,-1,2.5,0,0,0,1,0,0,0,0,0,0,0,0,1,0,-1,-1,-1,-1,-1,-1,-1,-1,-1,0.1,0.4,-1,0,0,70,0.29,100,-1,-1,-1,-1,-1,0,0.5,0.6,0,-1,0,1,1,1,1,1,1,1,1,1,1,1,1,1,1,1,1,1,1,-1,0,-1,0,-1,-1,-1,-1,[0|0|0|0|0|0|0|0|0|0|0|0],
36640040,Cemetery Shade (Boss),0,0,[0|0|0],36640,-1,0,30,1.8,0.3,130,0,305,0,100,-1,-1,10,0,0,-1,-1,0.55,-1,5404,5302,0,7070,17253,90400,90000,90010,-1,100,0,0,0,0,-1,-1,-1,-1,-1,-1,25,3000,3001,3002,3003,3004,3005,3006,3007,3008,3009,6001,6000,0,1,1,1,1,1,1,1,1,1.5,0.07692308,0,50,21,100,0,0,0,100,100,100,0,999,999,999,999,-1,-1,0,0,0,0,-1,-1,1,0,0,0,0,999,999,0,0,-1,10,0,11,0,0,24,13,40,141,141,0,0,2,0,0,0,0,0,0,0,0,0,0,22,7,0,0,0,0,0,0,0,0,0,0,0,0,0,0,0,0,0,0,0,0,0,0,0,0,0,0,0,0,0,0,0,0,0,0,1,0,0,1,0,0,0,0,0,0,0,0,0,0,0,0,0,0,0,0,0,0,0,1.8,0.3,0,1,0,0,0,0,0,0,0,100,1,0,1,107,134,139,107,139,107,90020,90030,90040,90300,90060,90100,0,-1,-1,35,0.4,0.9,0.9,0.9,0.65,1,1,1,1.2,0,0,0,-1,-1,128,-1,-1,300,30,999,0,0,3664,5800,17254,-1,17275,-1,-1,-1,-1,-1,-1,-1,-1,4410,-1,-1,4301,0,2,0,0,0,1,1,1,0,0,-1,-1,0,0,0,0,0,0,-1,-1,3664,0,0,0,180,50,0.1,-1,-1,3660,-1,2.5,0,0,0,1,0,0,0,0,0,0,0,0,1,0,-1,-1,-1,-1,-1,-1,-1,-1,-1,0.1,0.4,-1,0,0,70,0.29,100,-1,-1,-1,-1,-1,0,0.5,0.6,0,-1,0,1,1,1,1,1,1,1,1,1,1,1,1,1,1,1,1,1,1,-1,0,-1,0,-1,-1,-1,-1,[0|0|0|0|0|0|0|0|0|0|0|0],
36640920,Cemetery Shade (Boss),0,0,[0|0|0],36640,-1,0,30,1.8,0.3,130,0,305,0,100,-1,-1,10,0,0,-1,-1,0.55,-1,5404,5302,0,7060,17253,90400,90000,90010,-1,100,0,0,0,0,-1,-1,-1,-1,-1,-1,25,3000,3001,3002,3003,3004,3005,3006,3007,3008,3009,6001,6000,0,1,1,1,1,1,1,1,1,1.5,0.07692308,0,50,21,100,0,0,0,100,100,100,0,999,999,999,999,-1,-1,0,0,0,0,-1,-1,1,0,0,0,0,999,999,0,0,-1,10,0,11,0,0,6,13,40,141,141,0,0,2,0,0,0,0,0,0,0,0,0,0,22,7,0,0,0,0,0,0,0,0,0,0,0,0,0,0,0,0,0,0,0,0,0,0,0,0,0,0,0,0,0,0,0,0,0,0,1,0,0,1,0,0,0,0,0,0,0,0,0,0,0,0,0,0,0,0,0,0,0,1.8,0.3,0,1,0,0,0,0,0,0,0,100,1,0,1,107,134,139,107,139,107,90020,90030,90040,90300,90060,90100,0,-1,-1,35,0.4,0.9,0.9,0.9,0.65,1,1,1,1.2,0,0,0,-1,-1,128,-1,-1,300,30,999,0,0,3664,5800,17254,-1,17275,-1,-1,-1,-1,-1,-1,-1,-1,-1,-1,-1,4301,0,2,0,0,0,1,1,1,0,0,-1,-1,0,0,0,0,0,0,-1,-1,3664,0,0,0,180,50,0.1,-1,-1,3660,-1,2.5,0,0,0,1,0,0,0,0,0,0,0,0,1,0,-1,-1,-1,-1,-1,-1,-1,-1,-1,0.1,0.4,-1,0,0,70,0.29,100,-1,-1,-1,-1,-1,0,0.5,0.6,0,-1,0,1,1,1,1,1,1,1,1,1,1,1,1,1,1,1,1,1,1,-1,0,-1,0,-1,-1,-1,-1,[0|0|0|0|0|0|0|0|0|0|0|0],
36700042,Elder Albinauric,0,0,[0|0|0],36700,-1,0,30,0.9,0.65,100,0,162,0,400,367000000,-1,-1,0,0,-1,-1,0.65,-1,5400,0,0,7150,0,0,90000,0,-1,0,0,0,0,0,-1,-1,-1,-1,-1,-1,16,3000,3001,3002,3003,3004,3005,3006,3007,3008,3009,6001,6000,0,1,1,1,1,1,1,1,1,1.5,-0.53846157,0,50,21,100,0,0,0,100,100,100,0,999,84,84,999,-1,-1,0,0,0,0,-1,-1,1,0,0,0,0,112,999,0,0,-1,10,0,11,0,0,6,1,40,110,110,0,0,2,0,0,0,0,0,0,0,0,0,0,17,7,0,0,0,0,0,0,1,0,0,0,0,0,0,0,0,0,0,0,1,0,0,0,0,1,0,0,0,0,0,0,0,1,0,0,1,0,0,1,0,0,0,0,0,0,0,0,0,0,0,0,0,0,0,0,0,0,0,0.9,0.65,0,0,0,0,0,0,0,0,0,100,1,0,1,109,109,139,139,139,139,0,90030,0,0,90060,90161,90200,5261,-1,0,0.4,1.1,1.1,1.1,1.1,1.2,1.2,1.2,1.4,0,0,0,-1,-1,128,2001,-1,100,10,84,0,0,3670,5800,17100,-1,17105,-1,17109,-1,-1,-1,17123,-1,-1,-1,-1,152,-1,0,2,1,0,0,1,1,1,0,0,-1,-1,0,0,0,0,0,0,-1,-1,-1,50,10,0,180,50,0.1,-1,-1,-1,-1,1.8,0,0,0,1,0,0,0,0,0,0,0,0,1,0,-1,-1,-1,-1,-1,-1,-1,-1,2900,0.1,0.4,-1,1,1,30,0.29,100,3001,-1,5001,6002,-1,0,0.5,0.6,0,-1,0,1,1,1,1,1,1,1,1,1,1,1,1,1,1,1,1,1,1,-1,0,-1,0,-1,-1,-1,-1,[0|0|0|0|0|0|0|0|0|0|0|0],
36700134,Elder Albinauric (Leyndell),0,0,[0|0|0],36700,-1,0,30,0.9,0.65,100,0,162,0,400,367000000,-1,-1,0,0,-1,-1,0.65,-1,5400,0,0,7100,0,0,90000,0,-1,0,0,0,0,0,-1,-1,-1,-1,-1,-1,16,3000,3001,3002,3003,3004,3005,3006,3007,3008,3009,6001,6000,0,1,1,1,1,1,1,1,1,1.5,-0.53846157,0,50,21,100,0,0,0,100,100,100,0,999,84,84,999,-1,-1,0,0,0,0,-1,-1,1,0,0,0,0,112,999,0,0,-1,10,0,11,0,0,6,1,40,110,110,0,0,2,0,0,0,0,0,0,0,0,0,0,17,7,0,0,0,0,0,0,1,0,0,0,0,0,0,0,0,0,0,0,1,0,0,0,0,1,0,0,0,0,0,0,0,1,0,0,1,0,0,1,0,0,0,0,0,0,0,0,0,0,0,0,0,0,0,0,0,0,0,0.9,0.65,0,0,0,0,0,0,0,0,0,100,1,0,1,109,109,139,139,139,139,0,90030,0,0,90060,90161,90200,5261,-1,0,0.4,1.1,1.1,1.1,1.1,1.2,1.2,1.2,1.4,0,0,0,-1,-1,128,2001,-1,100,10,84,0,0,3670,5800,17100,-1,17105,-1,17109,-1,-1,-1,17123,-1,-1,-1,-1,152,-1,0,2,1,0,0,1,1,1,0,0,-1,-1,0,0,0,0,0,0,-1,-1,-1,50,10,0,180,50,0.1,-1,-1,-1,-1,1.8,0,0,0,1,0,0,0,0,0,0,0,0,1,0,-1,-1,21000,21001,-1,-1,-1,-1,2900,0.1,0.4,-1,1,1,30,0.29,100,3001,-1,5001,6002,-1,0,0.5,0.6,0,-1,0,1,1,1,1,1,1,1,1,1,1,1,1,1,1,1,1,1,1,-1,0,-1,0,-1,-1,-1,-1,[0|0|0|0|0|0|0|0|0|0|0|0],
36701042,Elder Albinauric Sorcerer,0,0,[0|0|0],36700,-1,0,30,0.9,0.65,100,0,162,0,400,367000100,-1,-1,0,0,-1,-1,0.65,-1,5400,0,0,7150,0,0,90000,0,-1,0,0,0,0,0,-1,-1,-1,-1,-1,-1,16,3000,3001,3002,3003,3004,3005,3006,3007,3008,3009,6001,6000,0,1,1,1,1,1,1,1,1,1.5,-0.53846157,0,50,21,100,0,0,0,100,100,100,0,999,84,84,999,-1,-1,0,0,0,0,-1,-1,1,0,0,0,0,112,999,0,0,-1,10,0,11,0,0,6,1,40,110,110,0,0,2,0,0,0,0,0,0,0,0,0,0,17,7,0,0,0,0,0,0,1,0,1,0,0,0,0,0,0,0,0,0,1,1,0,0,0,1,0,0,0,0,0,0,0,1,0,0,1,0,0,1,0,0,0,0,0,0,0,0,0,0,0,0,0,0,0,0,0,0,0,0.9,0.65,0,0,0,0,0,0,0,0,0,100,1,0,1,109,109,139,139,139,139,0,90030,0,0,90060,90161,90200,5261,-1,0,0.4,1.1,1.1,1.1,1.1,0.8,1.2,1.2,1.4,0,0,0,-1,-1,128,2001,-1,100,10,84,0,0,3670,5800,17100,17104,17105,-1,17109,-1,-1,-1,17123,-1,-1,-1,-1,152,-1,0,2,1,0,0,1,1,1,0,0,-1,-1,0,0,0,0,0,0,-1,-1,-1,50,10,0,180,50,0.1,-1,-1,-1,-1,1.8,0,0,0,1,0,0,0,0,0,0,0,0,1,0,-1,-1,-1,-1,-1,-1,-1,-1,2900,0.1,0.4,-1,1,1,30,0.29,100,3001,-1,5001,6002,-1,0,0.5,0.6,0,-1,0,1,1,1,1,1,1,1,1,1,1,1,1,1,1,1,1,1,1,-1,0,-1,0,-1,-1,-1,-1,[0|0|0|0|0|0|0|0|0|0|0|0],
36702151,Imprisoned Elder Albinauric,0,0,[0|0|0],36700,-1,0,0,0.9,0.65,100,0,115,0,400,367000200,-1,-1,0,0,-1,-1,0.65,-1,5401,5300,5360,7130,0,0,90000,0,-1,0,0,0,0,0,-1,-1,-1,-1,-1,-1,16,3000,3001,3002,3003,3004,3005,3006,3007,3008,3009,6001,6000,0,0,1,1,1,1,1,1,1,1.5,-0.53846157,0,50,21,100,0,0,0,100,100,100,0,999,84,84,999,-1,-1,0,0,0,0,-1,-1,1,0,0,0,0,112,999,0,0,-1,10,0,11,0,0,6,0,40,110,110,1,0,2,0,0,0,0,0,0,0,0,0,0,17,7,0,0,0,0,0,0,1,0,0,0,0,0,0,0,0,0,0,0,0,0,1,0,0,1,0,0,0,0,0,0,0,1,0,0,1,0,0,1,0,0,0,0,0,0,1,0,0,0,0,0,0,0,0,0,0,0,0,0.9,0.65,0,0,0,0,0,0,1,0,0,100,1,0,1,109,109,139,139,139,139,0,90030,0,0,90060,90100,0,5261,-1,0,0.4,1.1,1.1,1.1,1.1,1.2,1.2,1.2,1.4,0,0,0,-1,-1,128,2001,-1,100,10,84,0,0,3670,5800,17100,5890,17105,-1,-1,17110,17111,-1,17123,-1,-1,-1,-1,152,-1,0,2,1,0,0,1,1,1,0,0,-1,-1,0,0,0,0,0,0,-1,-1,-1,50,10,0,180,50,0.1,-1,-1,-1,-1,1.8,0,0,0,1,0,0,0,0,0,0,0,0,1,0,-1,-1,-1,-1,-1,-1,-1,-1,2900,0.1,0.4,-1,1,1,30,0.29,100,3001,-1,5001,6002,-1,0,0.5,0.6,0,-1,0,1,1,1,1,1,1,1,1,1,1,1,1,1,1,1,1,1,1,-1,0,-1,0,-1,-1,-1,-1,[0|0|0|0|0|0|0|0|0|0|0|0],
36709120,Pidia- Carian Servant,0,0,[0|0|0],36700,-1,121700,30,0.9,0.65,100,0,162,0,400,-1,-1,-1,0,0,-1,-1,0.65,-1,5400,0,0,7060,0,0,90000,0,-1,0,0,0,0,0,-1,-1,-1,-1,-1,-1,16,3000,3001,3002,3003,3004,3005,3006,3007,3008,3009,6001,6000,0,1,1,1,1,1,1,1,1,1.5,-0.53846157,0,50,21,100,0,0,0,100,100,100,0,999,84,84,999,-1,-1,0,0,0,0,-1,-1,1,0,0,0,0,112,999,0,0,-1,10,0,11,0,0,26,1,40,110,110,0,0,2,0,0,0,0,0,0,0,0,0,0,17,7,0,0,0,0,0,0,1,0,1,0,0,0,0,0,0,0,0,0,1,1,0,0,0,1,1,0,0,0,0,0,0,1,0,0,1,1,0,1,0,0,0,0,0,0,0,0,0,0,0,0,0,0,0,0,0,0,0,0.9,0.65,0,0,0,0,0,0,0,0,0,100,1,0,1,109,109,139,139,139,139,0,90030,0,0,90060,90100,0,-1,-1,0,0.4,1.1,1.1,1.1,1.1,1.2,1.2,1.2,1.4,0,0,0,-1,-1,128,2001,-1,100,10,84,0,0,3670,5800,17100,17104,17105,18699,17109,440,-1,-1,-1,-1,17125,-1,-1,152,-1,0,2,1,0,0,1,1,1,0,0,-1,-1,0,0,0,0,0,0,-1,-1,-1,50,10,0,180,50,0.1,-1,-1,-1,-1,1.8,0,0,0,1,0,0,0,0,0,0,0,0,1,0,-1,-1,-1,-1,-1,-1,-1,-1,2900,0.1,0.4,-1,1,1,30,0.29,100,3001,-1,5001,6002,-1,0,0.5,0.6,0,-1,0,1,1,1,1,1,1,1,1,1,1,1,1,1,1,1,1,1,1,-1,0,-1,0,-1,-1,-1,-1,[0|0|0|0|0|0|0|0|0|0|0|0],
36709920,Pidia- Carian Servant,0,0,[0|0|0],36700,-1,121700,30,0.9,0.65,100,0,162,0,400,-1,-1,-1,0,0,-1,-1,0.65,-1,5400,0,0,7060,0,0,90000,0,-1,0,0,0,0,0,-1,-1,-1,-1,-1,-1,16,3000,3001,3002,3003,3004,3005,3006,3007,3008,3009,6001,6000,0,1,1,1,1,1,1,1,1,1.5,-0.53846157,0,50,21,100,0,0,0,100,100,100,0,999,84,84,999,-1,-1,0,0,0,0,-1,-1,1,0,0,0,0,112,999,0,0,-1,10,0,11,0,0,0,1,40,110,110,0,0,2,0,0,0,0,0,0,0,0,0,0,17,7,0,0,0,0,0,0,1,0,1,0,0,0,0,0,0,0,0,0,1,1,0,0,0,1,1,0,0,0,0,0,0,1,0,0,1,1,0,1,0,0,0,0,0,0,0,0,0,0,0,0,0,0,0,0,0,0,0,0.9,0.65,0,0,0,0,0,0,0,0,0,100,1,0,1,109,109,139,139,139,139,0,90030,0,0,90060,90100,0,-1,-1,0,0.4,1.1,1.1,1.1,1.1,1.2,1.2,1.2,1.4,0,0,0,-1,-1,128,2001,-1,100,10,84,0,0,3670,5800,17100,17104,17105,18699,17109,440,-1,-1,-1,-1,17125,-1,-1,152,-1,0,2,1,0,0,1,1,1,0,0,-1,-1,0,0,0,0,0,0,-1,-1,-1,50,10,0,180,50,0.1,-1,-1,-1,-1,1.8,0,0,0,1,0,0,0,0,0,0,0,0,1,0,-1,-1,-1,-1,-1,-1,-1,-1,2900,0.1,0.4,-1,1,1,30,0.29,100,3001,-1,5001,6002,-1,0,0.5,0.6,0,-1,0,1,1,1,1,1,1,1,1,1,1,1,1,1,1,1,1,1,1,-1,0,-1,0,-1,-1,-1,-1,[0|0|0|0|0|0|0|0|0|0|0|0],
37000033,Depraved Perfumer,0,0,[0|0|0],37000,1004,0,140,1.9,0.4,130,0,429,0,400,370000000,-1,10,0,0,-1,-1,0.5,-1,5400,0,0,7090,0,0,0,0,-1,80,40,40,40,0,-1,-1,-1,-1,-1,-1,16,3000,3001,3002,3003,3004,3005,3006,3007,3008,3009,6001,6000,0,1,1,1,1,1,1,1,1,1.5,0,0,50,21,100,0,0,0,100,100,100,0,252,252,84,999,-1,-1,0,0,0,0,-1,-1,0,0,0,0,30,112,999,0,0,-1,10,0,12,0,0,6,3,40,110,110,0,0,2,0,0,0,0,0,0,0,0,0,0,22,7,0,0,0,0,0,0,0,0,1,1,0,0,0,0,0,0,0,0,0,0,0,0,0,0,0,0,0,0,0,0,0,1,0,0,1,0,0,1,0,0,0,0,0,0,0,0,0,0,0,0,0,0,0,0,0,0,0,1.9,0.4,0,0,0,0,0,0,0,0,0,100,1,0,0,109,109,139,113,139,113,0,90030,0,5851,90060,90161,90200,5262,-1,0,0.4,1,1,0.9,1,0.8,0.8,0.8,0.8,40,0,0,-1,-1,128,2004,-1,100,30,112,0,0,-1,-1,5020,14410,14430,-1,5800,14448,14441,-1,-1,-1,-1,-1,-1,-1,-1,0,-1,0,0,0,1,1,1,0,0,-1,-1,0,0,0,0,0,0,-1,-1,3700,0,0,0,180,50,0.1,-1,-1,-1,-1,1.8,0,0,0,1,0,0,0,0,0,0,0,0,1,0,-1,-1,-1,-1,-1,-1,-1,-1,-1,0.1,0.4,-1,0,0,65,0.29,100,3001,-1,5002,6002,-1,0,0.5,0.6,0,-1,0,1,1,1,1,1,1,1,1,1,1,1,1,1,1,1,1,1,1,-1,0,-1,0,-1,-1,-1,-1,[0|0|0|0|0|0|0|0|0|0|0|0],
37001030,Depraved Perfumer,0,0,[0|0|0],37000,1004,0,140,1.9,0.4,130,0,429,0,400,370000100,-1,10,0,0,-1,-1,0.5,-1,5400,0,0,7080,0,0,0,0,-1,80,40,40,40,0,-1,-1,-1,-1,-1,-1,16,3000,3001,3002,3003,3004,3005,3006,3007,3008,3009,6001,6000,0,1,1,1,1,1,1,1,1,1.5,0,0,50,21,100,0,0,0,100,100,100,0,252,252,84,999,-1,-1,0,0,0,0,-1,-1,0,0,0,0,30,112,999,0,0,-1,10,0,12,0,0,6,3,40,110,110,0,0,2,0,0,0,0,0,0,0,0,0,0,22,7,0,0,0,0,0,0,0,0,1,0,1,0,0,0,0,0,0,0,0,0,0,0,0,0,0,0,0,0,0,0,0,1,0,0,1,0,0,1,0,0,0,0,0,0,0,0,0,0,0,0,0,0,0,0,0,0,0,1.9,0.4,0,0,0,0,0,0,0,0,0,100,1,0,1,109,109,139,113,139,113,0,90030,0,5851,90060,90161,90200,5262,-1,0,0.4,1,1,0.9,1,0.8,0.8,0.8,0.8,40,0,0,-1,-1,128,2004,-1,100,30,112,0,0,-1,-1,5021,14410,14430,-1,5800,14448,14441,-1,-1,-1,-1,-1,-1,-1,-1,0,-1,0,0,0,1,1,1,0,0,-1,-1,0,0,0,0,0,0,-1,-1,3700,0,0,0,180,50,0.1,-1,-1,-1,-1,1.8,0,0,0,1,0,0,0,0,0,0,0,0,1,0,-1,-1,-1,-1,-1,-1,-1,-1,-1,0.1,0.4,-1,0,0,65,0.29,100,3001,-1,5002,6002,-1,0,0.5,0.6,0,-1,0,1,1,1,1,1,1,1,1,1,1,1,1,1,1,1,1,1,1,-1,0,-1,0,-1,-1,-1,-1,[0|0|0|0|0|0|0|0|0|0|0|0],
37010033,Perfumer,0,0,[0|0|0],37000,1004,0,140,1.9,0.4,130,0,184,0,400,370100100,-1,10,0,0,-1,-1,0.5,-1,5400,0,0,7090,0,0,0,0,-1,80,40,40,40,0,-1,-1,-1,-1,-1,-1,16,3000,3001,3002,3003,3004,3005,3006,3007,3008,3009,6001,6000,0,1,1,1,1,1,1,1,1,1.5,0,0,90,21,100,0,0,0,100,100,100,0,252,252,84,999,-1,-1,0,0,0,0,-1,-1,0,0,0,0,30,84,999,0,0,-1,10,0,12,0,0,6,3,40,110,110,0,0,2,0,0,0,0,0,0,0,0,0,0,22,7,0,0,0,0,0,0,0,0,1,1,0,0,0,0,0,0,0,0,0,0,0,0,0,0,0,0,0,0,0,0,0,1,0,0,1,0,0,1,0,0,0,0,0,0,0,0,0,0,0,0,0,0,0,0,0,0,0,1.9,0.4,0,0,0,0,0,0,0,0,0,100,1,0,0,109,109,139,113,139,113,0,90030,0,5851,90060,90161,90200,5262,-1,0,0.4,1,1,0.9,1,0.6,0.6,0.6,1,40,0,0,-1,-1,128,2004,-1,100,30,84,0,0,-1,-1,5020,14411,14430,-1,5800,14448,14441,-1,-1,-1,-1,-1,-1,-1,-1,0,-1,0,0,0,1,1,1,0,0,-1,-1,0,0,0,0,0,0,-1,-1,3700,0,0,0,180,50,0.1,-1,-1,3700,-1,1.8,0,0,0,1,0,0,0,0,0,0,0,0,1,0,-1,-1,-1,-1,-1,-1,-1,-1,-1,0.1,0.4,-1,0,0,65,0.29,100,3001,-1,5001,6001,-1,0,0.5,0.6,0,-1,0,1,1,1,1,1,1,1,1,1,1,1,1,1,1,1,1,1,1,-1,0,-1,0,-1,-1,-1,-1,[0|0|0|0|0|0|0|0|0|0|0|0],
37011930,Perfumer Tricia,0,0,[0|0|0],37000,1004,0,140,1.9,0.4,130,0,184,0,400,-1,-1,10,0,0,-1,-1,0.5,-1,5400,0,0,7080,0,90400,0,0,-1,80,40,40,40,0,-1,-1,-1,-1,-1,-1,16,3000,3001,3002,3003,3004,3005,3006,3007,3008,3009,6001,6000,0,1,1,1,1,1,1,1,1,1.5,0,0,90,21,100,0,0,0,100,100,100,0,252,252,84,999,-1,-1,0,0,0,0,-1,-1,0,0,0,0,30,84,999,0,0,-1,10,0,12,0,0,6,3,40,110,110,0,0,2,0,0,0,0,0,0,0,0,0,0,22,7,0,0,0,0,0,0,0,0,1,0,1,0,0,0,0,0,0,0,0,0,0,0,0,0,0,0,0,0,0,0,0,1,0,0,1,1,0,1,0,0,0,0,0,0,0,0,0,0,0,0,0,0,0,0,0,0,0,1.9,0.4,0,1,0,0,0,0,0,0,0,100,1,0,1,109,109,139,113,139,113,95000,90030,95010,5851,90060,90161,0,-1,-1,0,0.4,1,1,0.9,1,0.6,0.6,0.6,1,40,0,0,-1,-1,128,2004,-1,300,30,84,0,0,-1,-1,5021,14411,14430,-1,5800,14448,14441,-1,-1,-1,-1,4410,-1,-1,4301,0,-1,0,0,0,1,1,1,0,0,-1,-1,0,0,0,0,0,0,-1,-1,3700,0,0,0,180,50,0.1,-1,-1,3700,-1,1.8,0,0,0,1,0,0,0,0,0,0,0,0,1,0,-1,-1,-1,-1,-1,-1,-1,-1,-1,0.1,0.4,-1,0,0,65,0.29,100,3001,-1,5001,6001,-1,0,0.5,0.6,0,-1,0,1,1,1,1,1,1,1,1,1,1,1,1,1,1,1,1,1,1,-1,0,-1,0,-1,-1,-1,-1,[0|0|0|0|0|0|0|0|0|0|0|0],
37020021,Glintstone Sorcerer,0,0,[0|0|0],37020,1001,0,140,1.9,0.4,130,0,183,0,100,370200000,-1,10,0,0,-1,-1,0.5,-1,5401,0,0,7060,0,0,0,0,-1,80,40,40,40,0,-1,-1,-1,-1,-1,-1,16,3000,3001,3002,3003,3004,3005,3006,3007,3008,3009,6001,6000,0,1,1,1,1,1,1,1,1,1.5,-0.53846157,0,50,21,100,0,0,0,100,100,100,0,84,84,84,999,-1,-1,0,0,0,0,-1,-1,0,0,0,0,30,112,999,0,0,-1,10,0,12,0,0,6,3,40,116,117,0,0,2,0,0,0,0,0,0,0,0,0,0,22,7,0,0,0,0,0,0,0,0,1,1,0,0,0,0,0,0,0,0,1,0,0,0,0,0,0,0,0,0,0,0,0,1,0,0,1,0,0,1,0,0,0,0,0,0,0,0,0,0,0,0,0,0,0,0,0,0,0,1.9,0.4,0,0,0,0,0,0,0,0,0,100,1,0,0,109,109,139,113,139,113,0,90030,0,5851,90060,90161,90200,5261,-1,0,0.4,1.1,1.1,1,1.1,0.6,0.8,0.8,1,40,0,0,-1,-1,128,2001,-1,100,30,84,0,0,-1,-1,14800,-1,-1,-1,5800,14448,-1,-1,-1,-1,-1,-1,-1,-1,-1,0,-1,0,0,0,1,1,1,0,0,-1,-1,0,0,0,0,0,0,-1,-1,3700,0,0,0,180,100,0.1,-1,-1,3700,3702,1.8,0,0,0,1,0,0,0,0,0,0,0,0,1,0,-1,-1,-1,-1,-1,-1,-1,-1,-1,0.1,0.4,-1,0,0,30,0.29,100,3001,-1,5001,6002,-1,0,0.5,0.6,0,-1,0,1,1,1,1,1,1,1,1,1,1,1,1,1,1,1,1,1,1,-1,0,-1,0,-1,-1,-1,-1,[0|0|0|0|0|0|0|0|0|0|0|0],
37021020,Karolos Glintstone Sorcerer,0,0,[0|0|0],37020,1001,0,140,1.9,0.4,130,0,183,0,100,370200100,-1,10,0,0,-1,-1,0.5,-1,5401,0,0,7060,0,0,0,0,-1,80,40,40,40,0,-1,-1,-1,-1,-1,-1,16,3000,3001,3002,3003,3004,3005,3006,3007,3008,3009,6001,6000,0,1,1,1,1,1,1,1,1,1.5,-0.53846157,0,50,21,100,0,0,0,100,100,100,0,84,84,84,999,-1,-1,0,0,0,0,-1,-1,0,0,0,0,30,112,999,0,0,-1,10,0,12,0,0,6,3,40,116,117,0,0,2,0,0,0,0,0,0,0,0,0,0,22,7,0,0,0,0,0,0,0,0,1,1,0,0,0,0,0,0,0,0,0,1,0,0,0,0,0,0,0,0,0,0,0,1,0,0,1,0,0,1,0,0,0,0,0,0,0,0,0,0,0,0,0,0,0,0,0,0,0,1.9,0.4,0,0,0,0,0,0,0,0,0,100,1,0,0,109,109,139,113,139,113,0,90030,0,5851,90060,90161,90200,5261,-1,0,0.4,1.1,1.1,1,1.1,0.6,0.8,0.8,1,40,0,0,-1,-1,128,2001,-1,100,30,84,0,0,-1,-1,14801,-1,-1,-1,5800,14448,-1,-1,-1,-1,-1,-1,-1,-1,-1,0,-1,0,0,0,1,1,1,0,0,-1,-1,0,0,0,0,0,0,-1,-1,3700,0,0,0,180,100,0.1,-1,-1,3700,3702,1.8,0,0,0,1,0,0,0,0,0,0,0,0,1,0,-1,-1,-1,-1,-1,-1,-1,-1,-1,0.1,0.4,-1,0,0,30,0.29,100,3001,-1,5001,6002,-1,0,0.5,0.6,0,-1,0,1,1,1,1,1,1,1,1,1,1,1,1,1,1,1,1,1,1,-1,0,-1,0,-1,-1,-1,-1,[0|0|0|0|0|0|0|0|0|0|0|0],
37030033,Page,0,0,[0|0|0],37030,1001,0,140,1.9,0.4,130,0,353,0,100,370300000,-1,10,0,0,-1,-1,0.4,-1,5402,0,0,7090,0,0,0,0,-1,80,0,0,0,0,-1,-1,-1,-1,-1,-1,16,3000,3001,3002,3003,3004,3005,3006,3007,3008,3009,6001,6000,0,1,1,1,1,1,1,1,1,1.5,0,0,50,21,100,0,0,0,100,100,100,0,84,84,112,999,-1,-1,0,0,0,0,-1,-1,0,0,0,0,30,112,999,0,0,-1,10,0,11,0,0,6,3,40,110,110,0,0,2,0,0,0,0,0,0,0,0,0,0,17,7,0,0,0,0,0,0,0,0,1,1,0,0,0,0,0,0,0,0,1,0,0,0,0,0,0,0,0,0,0,0,0,1,0,0,1,0,0,1,0,0,0,0,0,0,0,0,0,0,0,0,0,0,0,0,0,0,0,1.9,0.4,0,0,0,0,0,0,0,0,0,100,1,0,0,109,109,139,113,139,113,0,90030,0,5851,90060,90161,90200,5261,-1,0,0.4,1,1,0.9,1,1,1,1,1,0,0,0,-1,-1,128,2001,-1,200,30,112,0,0,-1,-1,-1,-1,-1,-1,5800,14449,-1,-1,-1,-1,-1,-1,-1,-1,-1,0,-1,0,0,0,1,1,1,0,0,-1,-1,0,0,0,0,0,0,-1,-1,3700,0,0,0,180,50,0.1,-1,-1,3700,-1,1.8,0,0,0,1,0,0,0,0,0,0,0,0,0.85,-0.1,-1,-1,-1,-1,-1,-1,-1,-1,-1,0.1,0.4,-1,0,0,65,0.29,100,3002,-1,5002,6002,-1,0,0.5,0.6,0,-1,0,1,1,1,1,1,1,1,1,1,1,1,1,1,1,1,1,1,1,-1,0,-1,0,-1,-1,-1,-1,[0|0|0|0|0|0|0|0|0|0|0|0],
37030034,Page (Leyndell),0,0,[0|0|0],37030,1001,0,140,1.9,0.4,130,0,353,0,100,370300000,-1,10,0,0,-1,-1,0.4,-1,5402,0,0,7100,0,0,0,0,-1,80,0,0,0,0,-1,-1,-1,-1,-1,-1,16,3000,3001,3002,3003,3004,3005,3006,3007,3008,3009,6001,6000,0,1,1,1,1,1,1,1,1,1.5,0,0,50,21,100,0,0,0,100,100,100,0,84,84,112,999,-1,-1,0,0,0,0,-1,-1,0,0,0,0,30,112,999,0,0,-1,10,0,11,0,0,6,3,40,110,110,0,0,2,0,0,0,0,0,0,0,0,0,0,17,7,0,0,0,0,0,0,0,0,1,1,0,0,0,0,0,0,0,0,1,0,0,0,0,0,0,0,0,0,0,0,0,1,0,0,1,0,0,1,0,0,0,0,0,0,0,0,0,0,0,0,0,0,0,0,0,0,0,1.9,0.4,0,0,0,0,0,0,0,0,0,100,1,0,0,109,109,139,113,139,113,0,90030,0,5851,90060,90161,90200,5261,-1,0,0.4,1,1,0.9,1,1,1,1,1,0,0,0,-1,-1,128,2001,-1,200,30,112,0,0,-1,-1,-1,-1,-1,-1,5800,14449,-1,-1,-1,-1,-1,-1,-1,-1,-1,0,-1,0,0,0,1,1,1,0,0,-1,-1,0,0,0,0,0,0,-1,-1,3700,0,0,0,180,50,0.1,-1,-1,3700,-1,1.8,0,0,0,1,0,0,0,0,0,0,0,0,0.85,-0.1,-1,-1,-1,-1,-1,-1,-1,-1,-1,0.1,0.4,-1,0,0,65,0.29,100,3002,-1,5002,6002,-1,0,0.5,0.6,0,-1,0,1,1,1,1,1,1,1,1,1,1,1,1,1,1,1,1,1,1,-1,0,-1,0,-1,-1,-1,-1,[0|0|0|0|0|0|0|0|0|0|0|0],
37030052,Page,0,0,[0|0|0],37030,1001,0,140,1.9,0.4,130,0,353,0,100,370300000,-1,10,0,0,-1,-1,0.4,-1,5402,0,0,7160,0,0,0,0,-1,80,0,0,0,0,-1,-1,-1,-1,-1,-1,16,3000,3001,3002,3003,3004,3005,3006,3007,3008,3009,6001,6000,0,1,1,1,1,1,1,1,1,1.5,0,0,50,21,100,0,0,0,100,100,100,0,84,84,112,999,-1,-1,0,0,0,0,-1,-1,0,0,0,0,30,112,999,0,0,-1,10,0,11,0,0,6,3,40,110,110,0,0,2,0,0,0,0,0,0,0,0,0,0,17,7,0,0,0,0,0,0,0,0,1,1,0,0,0,0,0,0,0,0,1,0,0,0,0,0,0,0,0,0,0,0,0,1,0,0,1,0,0,1,0,0,0,0,0,0,0,0,0,0,0,0,0,0,0,0,0,0,0,1.9,0.4,0,0,0,0,0,0,0,0,0,100,1,0,0,109,109,139,113,139,113,0,90030,0,5851,90060,90161,90200,5261,-1,0,0.4,1,1,0.9,1,1,1,1,1,0,0,0,-1,-1,128,2001,-1,200,30,112,0,0,-1,-1,-1,-1,-1,-1,5800,14449,-1,-1,-1,-1,-1,-1,-1,-1,-1,0,-1,0,0,0,1,1,1,0,0,-1,-1,0,0,0,0,0,0,-1,-1,3700,0,0,0,180,50,0.1,-1,-1,3700,-1,1.8,0,0,0,1,0,0,0,0,0,0,0,0,0.85,-0.1,-1,-1,-1,-1,-1,-1,-1,-1,-1,0.1,0.4,-1,0,0,65,0.29,100,3002,-1,5002,6002,-1,0,0.5,0.6,0,-1,0,1,1,1,1,1,1,1,1,1,1,1,1,1,1,1,1,1,1,-1,0,-1,0,-1,-1,-1,-1,[0|0|0|0|0|0|0|0|0|0|0|0],
37031034,High Page (Leyndell),0,0,[0|0|0],37030,1001,0,140,1.9,0.4,130,0,582,0,100,370300100,-1,10,0,0,-1,-1,0.4,-1,5402,0,0,7100,0,0,0,0,-1,80,0,0,0,0,-1,-1,-1,-1,-1,-1,16,3000,3001,3002,3003,3004,3005,3006,3007,3008,3009,6001,6000,0,1,1,1,1,1,1,1,1,1.5,0,0,50,21,100,0,0,0,100,100,100,0,84,84,112,999,-1,-1,0,0,0,0,-1,-1,0,0,0,0,30,112,999,0,0,-1,10,0,11,0,0,6,3,40,110,110,0,0,2,0,0,0,0,0,0,0,0,0,0,17,7,0,0,0,0,0,0,0,0,0,1,0,1,0,0,0,0,0,0,0,1,0,0,0,0,0,0,0,0,0,0,0,1,0,0,1,0,0,1,0,0,0,0,0,0,0,0,0,0,0,0,0,0,0,0,0,0,0,1.9,0.4,0,0,0,0,0,0,0,0,0,100,1,0,0,109,109,139,113,139,113,0,90030,0,5851,90060,90161,90200,5261,-1,0,0.4,1,1,0.9,1,1,1,1,1,0,0,0,-1,-1,128,2001,-1,200,30,112,0,0,-1,-1,-1,-1,-1,-1,5800,14449,14403,-1,-1,-1,-1,-1,-1,-1,-1,0,-1,0,0,0,1,1,1,0,0,-1,-1,0,0,0,0,0,0,-1,-1,3700,0,0,0,180,50,0.1,-1,-1,3700,-1,1.8,0,0,0,1,0,0,0,0,0,0,0,0,0.85,-0.1,-1,-1,22500,22501,22502,22503,22504,-1,-1,0.1,0.4,-1,0,0,65,0.29,100,3002,-1,5002,6002,-1,0,0.5,0.6,0,-1,0,1,1,1,1,1,1,1,1,1,1,1,1,1,1,1,1,1,1,-1,0,-1,0,-1,-1,-1,-1,[0|0|0|0|0|0|0|0|0|0|0|0],
37040054,Battlemage,0,0,[0|0|0],37040,1001,0,120,2.5,0.6,100,0,630,0,400,370400300,-1,10,0,0,-1,-1,0.8,-1,5403,5304,17450,7180,0,0,0,0,-1,0,0,0,0,0,-1,-1,-1,-1,-1,-1,30,3000,3001,3002,3003,3004,3005,3006,3007,3008,3009,6001,6000,0,1,1,1,1,1,1,1,1,0.5,0,0,50,21,100,0,0,0,100,100,100,0,84,84,112,999,-1,-1,0,0,0,0,-1,-1,0,0,0,0,0,112,999,0,0,-1,10,0,12,0,0,6,3,40,116,117,0,0,0,0,0,0,0,0,0,0,0,0,0,17,7,0,0,0,0,0,0,0,0,1,1,0,0,0,0,0,0,0,0,0,0,0,0,0,0,0,0,0,0,0,0,0,0,0,0,1,0,0,1,0,0,0,0,0,0,0,0,0,0,0,0,0,0,0,0,0,0,0,2.5,0.6,0,0,0,1,0,0,0,0,0,100,1,0,2,109,109,139,113,139,113,0,90030,0,0,90060,90161,90200,5262,-1,0,0.4,1,1,0.9,1,0.6,0.8,0.8,1,0,0,0,-1,-1,128,2001,-1,200,30,112,0,0,3704,5800,17451,-1,-1,-1,-1,-1,-1,-1,-1,-1,-1,-1,-1,-1,-1,0,-1,0,0,0,1,1,1,0,0,-1,-1,0,0,0,0,0,0,-1,-1,3700,0,0,0,180,50,0.1,-1,-1,3700,-1,2.5,0,0,0,1,0,0,0,0,0,0,0,0,1.3,0,-1,-1,-1,-1,-1,-1,-1,-1,-1,0.1,0.4,-1,0,0,65,0.29,100,3002,-1,5002,6002,-1,0,0.5,0.6,0,-1,0,1,1,1,1,1,1,1,1,1,1,1,1,1,1,1,1,1,1,-1,0,-1,0,-1,-1,-1,-1,[0|0|0|0|0|0|0|0|0|0|0|0],
37040800,Battlemage,0,0,[0|0|0],37040,1001,0,120,2.5,0.6,100,0,630,0,400,370400000,-1,10,0,0,-1,-1,0.8,-1,5403,5304,17450,0,0,0,0,0,-1,0,0,0,0,0,-1,-1,-1,-1,-1,-1,30,3000,3001,3002,3003,3004,3005,3006,3007,3008,3009,6001,6000,0,1,1,1,1,1,1,1,1,0.5,0,0,50,21,100,0,0,0,100,100,100,0,84,84,112,999,-1,-1,0,0,0,0,-1,-1,0,0,0,0,0,112,999,0,0,-1,10,0,12,0,0,6,3,40,116,117,0,0,0,0,0,0,0,0,0,0,0,0,0,17,7,0,0,0,0,0,0,0,0,1,1,0,0,0,0,0,0,0,0,0,0,0,0,0,0,0,0,0,0,0,0,0,0,0,0,1,0,0,1,0,0,0,0,0,0,0,0,0,0,0,0,0,0,0,0,0,0,0,2.5,0.6,0,0,0,1,0,0,0,0,0,100,1,0,2,109,109,139,113,139,113,0,90030,0,0,90060,90161,90200,5262,-1,0,0.4,1,1,0.9,1,0.6,0.8,0.8,1,0,0,0,-1,-1,128,2001,-1,200,30,112,0,0,3704,5800,17451,-1,-1,-1,-1,-1,-1,-1,-1,-1,-1,-1,-1,-1,-1,0,-1,0,0,0,1,1,1,0,0,-1,-1,0,0,0,0,0,0,-1,-1,3700,0,0,0,180,50,0.1,-1,-1,3700,-1,2.5,0,0,0,1,0,0,0,0,0,0,0,0,1.3,0,-1,-1,-1,-1,-1,-1,-1,-1,-1,0.1,0.4,-1,0,0,65,0.29,100,3002,-1,5002,6002,-1,0,0.5,0.6,0,-1,0,1,1,1,1,1,1,1,1,1,1,1,1,1,1,1,1,1,1,-1,0,-1,0,-1,-1,-1,-1,[0|0|0|0|0|0|0|0|0|0|0|0],
37040940,Battlemage Hugues (Boss),0,0,[0|0|0],37040,1001,0,120,2.5,0.6,100,0,630,0,400,-1,-1,10,0,0,-1,-1,0.8,-1,5403,5304,17450,7090,0,90400,0,0,-1,0,0,0,0,0,-1,-1,-1,-1,-1,-1,30,3000,3001,3002,3003,3004,3005,3006,3007,3008,3009,6001,6000,0,1,1,1,1,1,1,1,1,0.5,0,0,50,21,100,0,0,0,100,100,100,0,84,84,112,999,-1,-1,0,0,0,0,-1,-1,1,0,0,0,0,112,999,0,0,-1,10,0,13,0,0,6,3,40,116,117,0,0,0,0,0,0,0,0,0,0,0,0,0,17,7,0,0,0,0,0,0,0,0,1,1,0,0,0,0,0,0,0,0,0,0,0,0,0,0,0,0,0,0,0,0,0,0,0,0,1,0,0,1,0,0,0,0,0,0,0,0,0,0,0,0,0,0,0,0,0,0,0,2.5,0.6,0,1,0,1,0,0,0,0,0,100,1,0,2,109,109,139,113,139,113,95000,90030,95010,95020,90060,90161,0,-1,-1,0,0.4,1,1,0.9,1,0.6,0.8,0.8,1,0,0,0,-1,-1,128,2001,-1,300,30,112,0,0,3704,5800,17451,102304,-1,-1,-1,-1,-1,-1,-1,-1,-1,4410,-1,-1,4301,0,-1,0,0,0,1,1,1,0,0,-1,-1,0,0,0,0,0,0,-1,-1,3700,0,0,0,180,50,0.1,-1,-1,3700,-1,2.5,0,0,0,1,0,0,0,0,0,0,0,0,1.3,0,-1,-1,-1,-1,-1,-1,-1,-1,-1,0.1,0.4,-1,0,0,65,0.29,100,3002,-1,5002,6002,-1,0,0.5,0.6,0,-1,0,1,1,1,1,1,1,1,1,1,1,1,1,1,1,1,1,1,1,-1,0,-1,0,-1,-1,-1,-1,[0|0|0|0|0|0|0|0|0|0|0|0],
38100056,Kindred of Rot,0,0,[0|0|0],38100,1004,0,120,2.4,0.9,130,0,313,0,400,381054000,-1,10,0,0,-1,-1,0.7,-1,5400,0,0,7190,0,0,0,90010,-1,100,0,0,0,0,-1,-1,-1,-1,-1,-1,25,3000,3001,3002,3003,3004,3005,3006,3007,3008,3009,6001,6000,0,1,1,1,1,1,1,1,1,1.5,-0.53846157,0,50,21,100,0,0,0,100,100,100,0,252,999,84,999,-1,-1,0,0,0,0,-1,-1,0,0,0,0,0,84,999,0,0,-1,10,0,11,0,0,6,3,40,148,148,0,0,2,0,0,0,0,0,0,0,0,0,0,32,7,0,0,0,0,0,0,0,0,1,0,0,0,0,0,0,0,0,0,0,1,0,0,0,0,0,0,0,0,0,0,0,0,0,0,1,0,0,1,0,0,0,0,0,0,0,0,0,0,0,0,0,0,0,0,0,0,0,2.4,0.8,0,0,0,0,0,0,0,0,0,100,1,0,1,147,147,139,139,139,139,0,90030,0,5851,90060,90100,90200,5262,-1,35,0.4,1,0.9,1,1,1,1.2,1,1,0,0,0,-1,-1,256,-1,-1,100,30,84,0,0,3810,5800,-1,-1,-1,-1,17354,-1,-1,-1,-1,-1,-1,-1,-1,-1,-1,0,2,0,0,0,1,1,1,0,0,-1,-1,0,0,0,0,0,0,-1,-1,-1,0,0,0,180,50,0.1,-1,-1,-1,-1,2.5,0,0,0,1,0,0,0,0,0,0,0,0,1,-0.4,-1,-1,-1,-1,-1,-1,-1,-1,2900,0.1,0.4,-1,0,0,30,0.29,100,3001,-1,5001,6001,-1,0,0.5,0.6,0,-1,0,1,1,1,1,1,1,1,1,1,1,1,1,1,1,1,1,1,1,-1,0,-1,0,-1,-1,-1,-1,[0|0|0|0|0|0|0|0|0|0|0|0],
38100932,Kindred of Rot (Boss),0,0,[0|0|0],38100,1004,0,120,2.4,0.9,130,0,313,0,400,-1,-1,10,0,0,-1,-1,0.7,-1,5400,0,0,7090,0,90400,0,0,-1,100,0,0,0,0,-1,-1,-1,-1,-1,-1,25,3000,3001,3002,3003,3004,3005,3006,3007,3008,3009,6001,6000,0,1,1,1,1,1,1,1,1,1.5,-0.53846157,0,50,21,100,0,0,0,100,100,100,0,252,252,84,999,-1,-1,0,0,0,0,-1,-1,0,0,0,0,0,84,999,0,0,-1,10,0,11,0,0,6,3,40,148,148,0,0,2,0,0,0,0,0,0,0,0,0,0,32,7,0,0,0,0,0,0,0,0,1,0,0,0,0,0,0,0,0,0,0,1,0,0,0,0,0,0,0,0,0,0,0,0,0,0,1,1,0,1,0,0,0,0,0,0,0,0,0,0,0,0,0,0,0,0,0,0,0,2.4,0.8,0,1,0,0,0,0,0,0,0,100,1,0,1,147,147,139,139,139,139,95000,90030,95010,5851,90060,90100,0,-1,-1,35,0.4,1,0.9,1,1,1,1.2,1,1,0,0,0,-1,-1,256,2004,-1,300,30,84,0,0,3810,5800,-1,-1,-1,-1,17354,-1,-1,-1,-1,-1,-1,4410,-1,-1,4301,0,2,0,0,0,1,1,1,0,0,-1,-1,0,0,0,0,0,0,-1,-1,-1,0,0,0,180,50,0.1,-1,-1,-1,-1,2.5,0,0,0,1,0,0,0,0,0,0,0,0,1,-0.4,-1,-1,-1,-1,-1,-1,-1,-1,2900,0.1,0.4,-1,0,0,30,0.29,100,3001,-1,5001,6001,-1,0,0.5,0.6,0,-1,0,1,1,1,1,1,1,1,1,1,1,1,1,1,1,1,1,1,1,-1,0,-1,0,-1,-1,-1,-1,[0|0|0|0|0|0|0|0|0|0|0|0],
38101056,Kindred of Rot,0,0,[0|0|0],38100,1004,0,120,2.4,0.9,130,0,313,0,400,381054100,-1,10,0,0,-1,-1,0.7,-1,5400,0,0,7190,0,0,0,0,-1,100,0,0,0,0,-1,-1,-1,-1,-1,-1,25,3000,3001,3002,3003,3004,3005,3006,3007,3008,3009,6001,6000,0,1,1,1,1,1,1,1,1,1.5,-0.53846157,0,50,21,100,0,0,0,100,100,100,0,252,252,84,999,-1,-1,0,0,0,0,-1,-1,0,0,0,0,0,84,999,0,0,-1,10,0,11,0,0,6,3,40,148,148,0,0,2,0,0,0,0,0,0,0,0,0,0,32,7,0,0,0,0,0,0,0,0,1,0,0,0,0,0,0,0,0,0,0,1,0,0,0,0,0,0,0,0,0,0,0,0,0,0,1,0,0,1,0,0,0,0,0,0,0,0,0,0,0,0,0,0,0,0,0,0,0,2.4,0.8,0,0,0,0,0,0,0,0,0,100,1,0,1,147,147,139,139,139,139,0,90030,0,5851,90060,90100,90200,5262,-1,35,0.4,1,0.9,1,1,1,1.2,1,1,0,0,0,-1,-1,256,2004,-1,100,30,84,0,0,3810,5800,17350,-1,-1,-1,17354,-1,-1,-1,-1,-1,-1,-1,-1,-1,-1,0,2,0,0,0,1,1,1,0,0,-1,-1,0,0,0,0,0,0,-1,-1,-1,0,0,0,180,50,0.1,-1,-1,-1,-1,2.5,0,0,0,1,0,0,0,0,0,0,0,0,1,-0.4,-1,-1,-1,-1,-1,-1,-1,-1,2900,0.1,0.4,-1,0,0,30,0.29,100,3001,-1,5001,6001,-1,0,0.5,0.6,0,-1,0,1,1,1,1,1,1,1,1,1,1,1,1,1,1,1,1,1,1,-1,0,-1,0,-1,-1,-1,-1,[0|0|0|0|0|0|0|0|0|0|0|0],
38102056,Kindred of Rot,0,0,[0|0|0],38100,1004,0,120,2.4,0.9,130,0,313,0,400,381054200,-1,10,0,0,-1,-1,0.7,-1,5400,0,0,7190,0,0,0,0,-1,100,0,0,0,0,-1,-1,-1,-1,-1,-1,25,3000,3001,3002,3003,3004,3005,3006,3007,3008,3009,6001,6000,0,1,1,1,1,1,1,1,1,1.5,-0.53846157,0,50,21,100,0,0,0,100,100,100,0,252,252,84,999,-1,-1,0,0,0,0,-1,-1,0,0,0,0,0,84,999,0,0,-1,10,0,11,0,0,6,3,40,148,148,0,0,2,0,0,0,0,0,0,0,0,0,0,32,7,0,0,0,0,0,0,0,0,1,0,0,0,0,0,0,0,0,0,0,1,0,0,0,0,0,0,0,0,0,0,0,0,0,0,1,0,0,1,0,0,0,0,0,0,0,0,0,0,0,0,0,0,0,0,0,0,0,2.4,0.8,0,0,0,0,0,0,0,0,0,100,1,0,1,147,147,139,139,139,139,0,90030,0,5851,90060,90100,90200,5262,-1,35,0.4,1,0.9,1,1,1,1.2,1,1,0,0,0,-1,-1,256,2004,-1,100,30,84,0,0,3810,5800,17351,-1,-1,-1,17354,-1,-1,-1,-1,-1,-1,-1,-1,-1,-1,0,2,0,0,0,1,1,1,0,0,-1,-1,0,0,0,0,0,0,-1,-1,-1,0,0,0,180,50,0.1,-1,-1,-1,-1,2.5,0,0,0,1,0,0,0,0,0,0,0,0,1,-0.4,-1,-1,-1,-1,-1,-1,-1,-1,2900,0.1,0.4,-1,0,0,30,0.29,100,3001,-1,5001,6001,-1,0,0.5,0.6,0,-1,0,1,1,1,1,1,1,1,1,1,1,1,1,1,1,1,1,1,1,-1,0,-1,0,-1,-1,-1,-1,[0|0|0|0|0|0|0|0|0|0|0|0],
38102932,Kindred of Rot (Boss),0,0,[0|0|0],38100,1004,0,120,2.4,0.9,130,0,313,0,400,-1,-1,10,0,0,-1,-1,0.7,-1,5400,0,0,7090,0,90400,0,0,-1,100,0,0,0,0,-1,-1,-1,-1,-1,-1,25,3000,3001,3002,3003,3004,3005,3006,3007,3008,3009,6001,6000,0,1,1,1,1,1,1,1,1,1.5,-0.53846157,0,50,21,100,0,0,0,100,100,100,0,252,252,84,999,-1,-1,0,0,0,0,-1,-1,0,0,0,0,0,84,999,0,0,-1,10,0,11,0,0,6,3,40,148,148,0,0,2,0,0,0,0,0,0,0,0,0,0,32,7,0,0,0,0,0,0,0,0,1,0,0,0,0,0,0,0,0,0,0,1,0,0,0,0,0,0,0,0,0,0,0,0,0,0,1,1,0,1,0,0,0,0,0,0,0,0,0,0,0,0,0,0,0,0,0,0,0,2.4,0.8,0,1,0,0,0,0,0,0,0,100,1,0,1,147,147,139,139,139,139,95000,90030,95010,5851,90060,90100,0,-1,-1,35,0.4,1,0.9,1,1,1,1.2,1,1,0,0,0,-1,-1,256,2004,-1,300,30,84,0,0,3810,5800,17351,-1,-1,-1,17354,-1,-1,-1,-1,-1,-1,4410,-1,-1,4301,0,2,0,0,0,1,1,1,0,0,-1,-1,0,0,0,0,0,0,-1,-1,-1,0,0,0,180,50,0.1,-1,-1,-1,-1,2.5,0,0,0,1,0,0,0,0,0,0,0,0,1,-0.4,-1,-1,-1,-1,-1,-1,-1,-1,2900,0.1,0.4,-1,0,0,30,0.29,100,3001,-1,5001,6001,-1,0,0.5,0.6,0,-1,0,1,1,1,1,1,1,1,1,1,1,1,1,1,1,1,1,1,1,-1,0,-1,0,-1,-1,-1,-1,[0|0|0|0|0|0|0|0|0|0|0|0],
38103056,Kindred of Rot,0,0,[0|0|0],38100,1004,0,120,2.4,0.9,130,0,313,0,400,381000200,-1,10,0,0,-1,-1,0.7,-1,5400,0,0,7190,0,0,0,90010,-1,100,0,0,0,0,-1,-1,-1,-1,-1,-1,25,3000,3001,3002,3003,3004,3005,3006,3007,3008,3009,6001,6000,0,1,1,1,1,1,1,1,1,1.5,-0.53846157,0,50,21,100,0,0,0,100,100,100,0,252,999,84,999,-1,-1,0,0,0,0,-1,-1,0,0,0,0,0,84,999,0,0,-1,10,0,11,0,0,6,3,40,148,148,0,0,2,0,0,0,0,0,0,0,0,0,0,32,7,0,0,0,0,0,0,0,0,1,0,0,0,0,0,0,0,0,0,0,1,0,0,0,0,0,0,0,0,0,0,0,0,0,0,1,0,0,1,0,0,0,0,0,0,0,0,0,0,0,0,0,0,0,0,0,0,0,2.4,0.8,0,0,0,0,0,0,0,0,0,100,1,0,1,147,147,139,139,139,139,0,90030,0,5851,90060,90100,90200,5262,-1,35,0.4,1,0.9,1,1,1,1.2,1,1,0,0,0,-1,-1,256,-1,-1,100,30,84,0,0,3810,5800,17353,-1,-1,-1,17354,-1,-1,-1,-1,-1,-1,-1,-1,-1,-1,0,2,0,0,0,1,1,1,0,0,-1,-1,0,0,0,0,0,0,-1,-1,-1,0,0,0,180,50,0.1,-1,-1,-1,-1,2.5,0,0,0,1,0,0,0,0,0,0,0,0,1,-0.4,-1,-1,-1,-1,-1,-1,-1,-1,2900,0.1,0.4,-1,0,0,30,0.29,100,3001,-1,5001,6001,-1,0,0.5,0.6,0,-1,0,1,1,1,1,1,1,1,1,1,1,1,1,1,1,1,1,1,1,-1,0,-1,0,-1,-1,-1,-1,[0|0|0|0|0|0|0|0|0|0|0|0],
38109000,Kindred of Rot,0,0,[0|0|0],38100,1004,0,120,2.4,0.9,130,0,262,0,400,-1,-1,10,0,0,-1,-1,0.7,-1,5400,0,0,0,0,0,0,0,-1,100,0,0,0,0,-1,-1,-1,-1,-1,-1,25,3000,3001,3002,3003,3004,3005,3006,3007,3008,3009,6001,6000,0,1,1,1,1,1,1,1,1,1.3,-0.53846157,0,50,21,100,0,0,0,100,100,100,0,252,252,84,999,-1,-1,0,0,0,0,-1,-1,1,0,0,0,0,84,999,0,0,-1,10,0,11,0,0,26,3,40,148,148,0,0,2,0,0,0,0,0,0,0,0,0,0,32,7,0,0,0,0,0,0,0,0,1,0,0,0,0,0,0,0,0,0,0,1,0,0,0,0,0,0,0,0,0,0,0,0,0,0,1,0,0,1,0,0,0,0,0,0,0,0,0,0,0,0,0,0,0,0,0,0,0,2.4,0.8,0,0,0,0,0,0,0,0,0,100,1,0,1,147,147,139,139,139,139,0,90030,0,5851,90060,90100,0,-1,-1,35,0.4,1,0.9,1,1,1,1.2,1,1,0,0,0,-1,-1,256,2004,-1,0,30,84,0,0,3810,5800,-1,-1,18699,440,17354,-1,-1,-1,-1,-1,-1,-1,-1,-1,-1,0,2,0,0,0,1,1,1,0,0,-1,-1,0,0,0,0,0,0,900,-1,-1,0,0,0,180,50,0.1,-1,-1,-1,3810,2.5,0,0,0,1,0,0,0,0,0,0,0,0,1,-0.4,-1,-1,-1,-1,-1,-1,-1,-1,2900,0.1,0.4,-1,0,0,30,0.29,100,3001,-1,5001,6001,-1,0,0.5,0.6,0,-1,0,1,1.25,1,1,1,1,1.1,1,1.1,1.1,1,1,1,1,1,1,1,1,4,0,-1,0,-1,-1,-1,-1,[154|153|153|62|0|0|0|0|0|0|0|0],
38109040,Kindred of Rot,0,0,[0|0|0],38100,1004,0,120,2.4,0.9,130,0,313,0,400,-1,-1,10,0,0,-1,-1,0.7,-1,5400,0,0,7070,0,0,0,0,-1,100,0,0,0,0,-1,-1,-1,-1,-1,-1,25,3000,3001,3002,3003,3004,3005,3006,3007,3008,3009,6001,6000,0,1,1,1,1,1,1,1,1,1.5,-0.53846157,0,50,21,100,0,0,0,100,100,100,0,252,252,84,999,-1,-1,0,0,0,0,-1,-1,0,0,0,0,0,84,999,0,0,-1,10,0,11,0,0,26,3,40,148,148,0,0,2,0,0,0,0,0,0,0,0,0,0,32,7,0,0,0,0,0,0,0,0,1,0,0,0,0,0,0,0,0,0,0,1,0,0,0,0,0,0,0,0,0,0,0,0,0,0,1,0,0,1,0,0,0,0,0,0,0,0,0,0,0,0,0,0,0,0,0,0,0,2.4,0.8,0,0,0,0,0,0,0,0,0,100,1,0,1,147,147,139,139,139,139,0,90030,0,5851,90060,90100,0,-1,-1,35,0.4,1,0.9,1,1,1,1.2,1,1,0,0,0,-1,-1,256,2004,-1,100,30,84,0,0,3810,5800,-1,-1,18699,440,17354,-1,-1,-1,-1,-1,-1,-1,-1,-1,-1,0,2,0,0,0,1,1,1,0,0,-1,-1,0,0,0,0,0,0,900,-1,-1,0,0,0,180,50,0.1,-1,-1,-1,-1,2.5,0,0,0,1,0,0,0,0,0,0,0,0,1,-0.4,-1,-1,-1,-1,-1,-1,-1,-1,2900,0.1,0.4,-1,0,0,30,0.29,100,3001,-1,5001,6001,-1,0,0.5,0.6,0,-1,0,1,1,1,1,1,1,1,1,1,1,1,1,1,1,1,1,1,1,-1,0,-1,0,-1,-1,-1,-1,[0|0|0|0|0|0|0|0|0|0|0|0],
39001032,Fire Monk,0,0,[0|0|0],39000,1003,0,110,2.2,0.5,300,0,594,0,400,390000100,-1,10,0,0,-1,-1,0.55,-1,5401,0,0,7090,0,0,0,0,-1,0,0,100,0,0,-1,-1,-1,-1,-1,-1,16,3000,3001,3002,3003,3004,3005,3006,3007,3008,3009,6001,6000,0,1,1,1,1,1,1,1,1,1.5,0,0,50,21,100,0,0,0,100,100,100,0,154,154,112,999,-1,-1,0,0,0,0,-1,-1,0,0,0,0,0,112,999,0,0,-1,10,0,11,0,0,66,3,40,110,110,0,0,2,0,0,0,0,0,0,0,0,0,0,27,7,0,0,0,0,0,0,0,0,0,1,0,0,0,0,0,0,0,0,1,0,0,0,0,0,0,0,0,0,0,0,0,0,0,0,1,0,0,1,0,0,0,0,0,0,0,0,0,0,0,0,0,0,0,0,0,0,0,2.2,0.5,0,0,0,0,0,0,0,0,0,100,1,0,2,106,109,139,106,139,106,0,90030,0,5851,90060,90161,90200,5261,-1,35,0.4,1,0.9,1,1,1,0.6,0.8,1.2,0,0,0,-1,-1,256,2003,-1,200,30,252,0,0,-1,5800,14278,-1,-1,-1,-1,-1,-1,-1,-1,-1,-1,-1,-1,-1,-1,0,-1,0,0,0,1,1,1,0,0,-1,-1,0,0,0,0,0,0,-1,-1,-1,0,0,0,180,50,0.1,-1,-1,-1,-1,2.5,0,0,0,1,0,0,0,0,0,0,0,0,1,-0.145,-1,-1,-1,-1,-1,-1,-1,-1,-1,0.1,0.4,-1,0,0,65,0.29,100,3002,-1,5004,6002,-1,0,0.5,0.6,0,-1,0,1,1,1,1,1,1,1,1,1,1,1,1,1,1,1,1,1,1,-1,0,-1,0,-1,-1,-1,-1,[0|0|0|0|0|0|0|0|0|0|0|0],
39100050,Fire Prelate,0,0,[0|0|0],39100,1003,0,90,2.8,0.9,300,0,873,0,400,391000000,-1,10,0,0,-1,-1,0.9,-1,5400,5300,5360,7120,0,0,0,0,-1,0,0,100,0,0,-1,-1,-1,-1,-1,-1,16,3000,3001,3002,3003,3004,3005,3006,3007,3008,3009,6001,6000,0,1,1,1,1,1,1,1,1,0.5,0.23076923,0,50,21,100,0,0,0,100,100,100,0,154,154,112,999,-1,-1,0,0,0,0,-1,-1,1,0,0,0,0,252,999,0,0,-1,10,0,12,0,0,6,3,40,110,110,0,0,2,0,0,0,0,0,0,0,2,0,0,17,7,0,0,0,0,0,0,0,0,1,0,0,0,0,0,0,0,0,0,0,1,0,0,0,0,0,0,0,0,0,0,0,0,0,0,1,0,0,1,0,0,0,0,0,0,0,0,0,0,0,0,0,0,0,0,0,0,0,2.8,0.9,0,0,0,0,0,0,0,0,0,100,1,0,2,112,109,139,106,139,106,0,90030,0,5851,90060,90161,90200,5262,-1,0,0.4,1,0.9,1,1,1,0.6,0.8,1.2,0,0,0,-1,-1,256,2003,-1,200,30,252,0,0,3910,5800,-1,-1,-1,-1,-1,-1,-1,-1,-1,-1,-1,-1,-1,-1,-1,0,-1,0,0,0,1,1,1,0,0,-1,-1,0,0,0,0,0,0,-1,-1,-1,0,0,0,180,50,0.1,-1,-1,-1,-1,2.5,0,0,0,1,0,0,0,0,0,0,0,0,1,0,-1,-1,-1,-1,-1,-1,-1,-1,-1,0.1,0.4,-1,0,0,80,0.29,100,3002,-1,5004,6004,-1,0,0.5,0.6,0,-1,0,1,1,1,1,1,1,1,1,1,1,1,1,1,1,1,1,1,1,-1,0,-1,0,-1,-1,-1,-1,[0|0|0|0|0|0|0|0|0|0|0|0],
39100200,Fire Prelate,0,0,[0|0|0],39100,1003,0,90,2.8,0.9,300,0,1164,0,400,391000100,-1,10,0,0,-1,-1,0.9,-1,5400,5300,5360,0,0,0,0,0,-1,0,0,100,0,0,-1,-1,-1,-1,-1,-1,16,3000,3001,3002,3003,3004,3005,3006,3007,3008,3009,6001,6000,0,1,1,1,1,1,1,1,1,0.5,0.23076923,0,50,21,100,0,0,0,100,100,100,0,154,154,112,999,-1,-1,0,0,0,0,-1,-1,1,0,0,0,0,252,999,0,0,-1,10,0,12,0,0,6,3,40,110,110,0,0,2,0,0,0,0,0,0,0,2,0,0,17,7,0,0,0,0,0,0,0,0,1,0,0,0,0,0,0,0,0,0,1,0,0,0,0,0,0,0,0,0,0,0,0,0,0,0,1,0,0,1,0,0,0,0,0,0,0,0,0,0,0,0,0,0,0,0,0,0,0,2.8,0.9,0,0,0,0,0,0,0,0,0,100,1,0,2,112,109,139,106,139,106,0,90030,0,5851,90060,90161,90200,5262,-1,0,0.4,1,0.9,0.9,1,0.8,0.6,0.8,1.2,0,0,0,-1,-1,256,2003,-1,200,30,252,0,0,3910,5800,14100,14102,-1,-1,-1,-1,-1,-1,-1,-1,-1,-1,-1,-1,-1,0,-1,0,0,0,1,1,1,0,0,-1,-1,0,0,0,0,0,0,-1,-1,-1,0,0,0,180,50,0.1,-1,-1,-1,-1,2.5,0,0,0,1,0,0,0,0,0,0,0,0,1,0,-1,-1,-1,-1,-1,-1,-1,-1,-1,0.1,0.4,-1,0,0,80,0.29,100,3002,-1,5004,6004,-1,0,0.5,0.6,0,-1,0,1,1,1,1,1,1,1,1,1,1,1,1,1,1,1,1,1,1,-1,0,-1,0,-1,-1,-1,-1,[0|0|0|0|0|0|0|0|0|0|0|0],
39101050,Fire Prelate,0,0,[0|0|0],39100,1003,0,90,2.8,0.9,300,0,873,0,400,391000200,-1,10,0,0,-1,-1,0.9,-1,5401,5300,5360,7120,0,0,0,0,-1,0,0,100,0,0,-1,-1,-1,-1,-1,-1,16,3000,3001,3002,3003,3004,3005,3006,3007,3008,3009,6001,6000,0,1,1,1,1,1,1,1,1,0.5,0.23076923,0,50,21,100,0,0,0,100,100,100,0,154,154,112,999,-1,-1,0,0,0,0,-1,-1,1,0,0,0,0,252,999,0,0,-1,10,0,12,0,0,6,3,40,110,110,0,0,2,0,0,0,0,0,0,0,2,0,0,17,7,0,0,0,0,0,0,0,0,0,1,0,0,0,0,0,0,0,0,0,1,0,0,0,0,0,0,0,0,0,0,0,0,0,0,1,0,0,1,0,0,0,0,0,0,0,0,0,0,0,0,0,0,0,0,0,0,0,2.8,0.9,0,0,0,0,0,0,0,0,0,100,1,0,2,112,109,139,106,139,106,0,90030,0,5851,90060,90161,90200,5262,-1,0,0.4,1,0.9,1,1,1,0.6,0.8,1.2,0,0,0,-1,-1,256,2003,-1,200,30,252,0,0,3910,5800,-1,-1,-1,-1,-1,-1,-1,-1,-1,-1,-1,-1,-1,-1,-1,0,-1,0,0,0,1,1,1,0,0,-1,-1,0,0,0,0,0,0,-1,-1,-1,0,0,0,180,50,0.1,-1,-1,-1,-1,2.5,0,0,0,1,0,0,0,0,0,0,0,0,1,0,-1,-1,-1,-1,-1,-1,-1,-1,-1,0.1,0.4,-1,0,0,80,0.29,100,3002,-1,5004,6004,-1,0,0.5,0.6,0,-1,0,1,1,1,1,1,1,1,1,1,1,1,1,1,1,1,1,1,1,-1,0,-1,0,-1,-1,-1,-1,[0|0|0|0|0|0|0|0|0|0|0|0],
39701910,Beastman of Farum Azula (Limgrave Cave Boss),0,0,[0|0|0],39700,1002,0,120,2,0.65,50,0,621,0,400,-1,-1,10,0,0,-1,-1,0.6,-1,5401,5304,0,7010,0,90400,0,0,-1,0,0,0,0,0,-1,-1,-1,-1,-1,-1,35,3000,3001,3002,3003,3004,3005,3006,3007,3008,3009,6001,6000,0,1,1,1,1,1,1,1,1,1.5,0,0,100,21,100,0,0,0,100,100,100,0,112,112,154,999,-1,-1,0,0,0,0,-1,-1,0,0,0,0,0,84,999,0,0,-1,10,0,11,0,0,6,3,40,110,110,0,0,2,0,0,0,0,0,0,0,0,0,0,27,7,0,0,0,0,0,0,0,0,0,0,1,0,0,0,0,0,0,0,1,0,0,0,0,0,0,0,0,0,0,0,0,0,0,0,1,0,0,1,0,0,0,0,0,0,0,0,0,0,0,0,0,0,0,0,0,0,0,2,0.65,0,1,0,0,0,0,0,0,0,100,1,0,1,106,109,139,106,139,106,95000,90030,95010,95020,90060,90140,0,-1,-1,35,0.4,1,1.1,1,1,1,1.2,0.8,1,0,0,0,-1,-1,128,2002,-1,300,30,154,0,0,-1,5800,102304,-1,14671,14651,-1,-1,-1,-1,-1,-1,-1,4410,-1,-1,4301,0,-1,0,0,0,1,1,1,0,0,-1,-1,0,0,0,0,0,0,-1,-1,-1,0,0,0,180,50,0.1,-1,-1,-1,3970,2.5,0,0,0,1,0,0,0,0,0,0,0,0,1,0.36,-1,-1,-1,-1,-1,-1,-1,-1,-1,0.1,0.4,-1,0,0,65,0.29,100,3003,-1,5003,6001,-1,0,0.5,0.6,0,-1,0,1,1,1,1,1,1,1,1,1,1,1,1,1,1,1,1,1,1,-1,0,-1,0,-1,-1,-1,-1,[0|0|0|0|0|0|0|0|0|0|0|0],
39701942,Armored Beastman of Farum Azula (Boss),0,0,[0|0|0],39700,1002,0,120,2,0.65,50,0,621,0,400,-1,-1,10,0,0,-1,-1,0.6,-1,5401,5304,0,7150,0,90400,0,0,-1,0,0,0,0,0,-1,-1,-1,-1,-1,-1,35,3000,3001,3002,3003,3004,3005,3006,3007,3008,3009,6001,6000,0,1,1,1,1,1,1,1,1,1.5,0,0,100,21,100,0,0,0,100,100,100,0,112,112,154,999,-1,-1,0,0,0,0,-1,-1,0,0,0,0,0,84,999,0,0,-1,10,0,11,0,0,6,3,40,110,110,0,0,2,0,0,0,0,0,0,0,0,0,0,27,7,0,0,0,0,0,0,0,0,0,0,1,0,0,0,0,0,0,0,1,0,0,0,0,0,0,0,0,0,0,0,0,0,0,0,1,1,0,1,0,0,0,0,0,0,0,0,0,0,0,0,0,0,0,0,0,0,0,2,0.65,0,1,0,0,0,0,0,0,0,100,1,0,1,106,109,139,106,139,106,95000,90030,95010,95020,90060,90140,0,-1,-1,35,0.4,1,1.1,1,1,1,1.2,0.8,1,0,0,0,-1,-1,128,2002,-1,300,30,154,0,0,-1,5800,102304,-1,14671,14651,-1,-1,-1,-1,-1,-1,-1,4410,-1,-1,4301,0,-1,0,0,0,1,1,1,0,0,-1,-1,0,0,0,0,0,0,-1,-1,-1,0,0,0,180,50,0.1,-1,-1,-1,3970,2.5,0,0,0,1,0,0,0,0,0,0,0,0,1,0.36,-1,-1,-1,-1,-1,-1,-1,-1,-1,0.1,0.4,-1,0,0,65,0.29,100,3003,-1,5003,6001,-1,0,0.5,0.6,0,-1,0,1,1,1,1,1,1,1,1,1,1,1,1,1,1,1,1,1,1,-1,0,-1,0,-1,-1,-1,-1,[0|0|0|0|0|0|0|0|0|0|0|0],
39702942,Azula Beastman (Boss),0,0,[0|0|0],39700,1002,0,120,2,0.65,50,0,250,0,400,-1,-1,10,0,0,-1,-1,0.6,-1,0,0,0,7150,0,90400,0,0,-1,70,0,0,0,0,-1,-1,-1,-1,-1,-1,35,3000,3001,3002,3003,3004,3005,3006,3007,3008,3009,6001,6000,0,1,1,1,1,1,1,1,1,1.5,-0.53846157,0,100,21,100,0,0,0,100,100,100,0,112,112,154,999,-1,-1,40,0,0,0,-1,-1,0,0,0,0,0,84,999,0,0,-1,10,0,11,0,0,6,3,40,110,110,0,0,2,0,0,0,0,0,0,0,0,0,0,27,7,0,0,0,0,0,0,0,0,0,0,0,1,0,0,0,0,0,0,0,0,0,0,0,0,0,0,0,0,0,0,0,0,0,0,1,1,0,1,0,0,0,0,0,0,0,0,0,0,0,0,0,0,0,0,0,0,0,2,0.65,0,1,0,0,0,0,0,0,0,100,1,0,1,109,109,139,139,139,139,95000,90030,95010,95020,90060,90140,0,-1,-1,35,0.4,1,1.1,1,1,1,1.2,0.8,1,0,0,0,-1,-1,128,2002,-1,300,30,154,0,0,-1,5800,102304,-1,14669,14651,-1,-1,-1,-1,-1,-1,-1,4410,-1,-1,4301,0,2,0,0,0,1,1,1,0,0,-1,-1,0,0,0,0,0,0,-1,-1,-1,0,0,0,180,50,0.1,-1,-1,-1,3970,2.5,0,0,0,1,0,0,0,0,0,0,0,0,1,0.36,-1,-1,-1,-1,-1,-1,-1,-1,-1,0.1,0.4,-1,0,0,30,0.29,100,3003,-1,5003,6001,-1,0,0.5,0.6,0,-1,0,1,1,1,1,1,1,1,1,1,1,1,1,1,1,1,1,1,1,-1,0,-1,0,-1,-1,-1,-1,[0|0|0|0|0|0|0|0|0|0|0|0],
40200003,Royal Revenant,0,0,[0|0|0],40200,1003,0,80,1.5,1.5,150,0,679,0,400,402000000,-1,10,0,0,-1,-1,1,-1,0,-1,5360,7030,0,0,0,0,-1,0,0,0,0,0,-1,-1,-1,-1,-1,-1,65,3000,3001,3002,3003,3004,3005,3006,3007,702,703,701,700,0,1,1,1,1,1,1,1,1,1.5,0.07692308,0,50,21,100,0,0,0,100,100,100,0,154,154,154,999,-1,-1,0,0,0,0,-1,-1,1,0,0,0,0,999,999,0,0,-1,10,0,12,0,0,6,4,40,110,110,0,0,0,0,0,0,0,0,0,0,0,0,0,17,7,0,0,0,0,0,0,1,0,0,0,0,0,0,0,0,0,0,0,0,0,0,0,0,0,0,0,0,0,0,0,0,0,0,0,1,0,0,1,0,0,0,0,0,0,0,0,0,0,0,0,0,0,0,0,0,0,0,1.5,1.5,2,0,0,0,0,0,0,0,0,100,1,4,2,109,109,139,113,139,113,0,90030,0,90300,90060,90100,0,5262,-1,20,0,1,1.1,1,1,1,1,1,0.6,0,0,0,-1,-1,256,2003,-1,200,30,154,0,0,4020,7060,-1,-1,16690,16691,-1,5740,-1,-1,-1,-1,-1,-1,-1,-1,-1,0,2,1,0,0,1,1,1,0,0,-1,-1,0,0,0,0,0,0,-1,-1,-1,30,30,0,180,100,0.1,-1,-1,-1,-1,2.5,0,0,0,1,0,0,0,0,0,0,0,0,1,0,-1,-1,-1,-1,-1,-1,-1,-1,-1,0.1,0.4,-1,0,0,70,0.29,100,3003,-1,5003,-1,-1,0,0.5,0.6,0,-1,0,1,1,1,1,1,1,1,1,1,1,1,1,1,1,1,1,1,1,-1,0,-1,0,-1,-1,-1,-1,[0|0|0|0|0|0|0|0|0|0|0|0],
40200022,Royal Revenant,0,0,[0|0|0],40200,1003,0,80,1.5,1.5,150,0,679,0,400,402000000,-1,10,0,0,-1,-1,1,-1,0,-1,5360,7130,0,0,0,0,-1,0,0,0,0,0,-1,-1,-1,-1,-1,-1,65,3000,3001,3002,3003,3004,3005,3006,3007,702,703,701,700,0,1,1,1,1,1,1,1,1,1.5,0.07692308,0,50,21,100,0,0,0,100,100,100,0,154,154,154,999,-1,-1,0,0,0,0,-1,-1,1,0,0,0,0,999,999,0,0,-1,10,0,12,0,0,6,4,40,110,110,0,0,0,0,0,0,0,0,0,0,0,0,0,17,7,0,0,0,0,0,0,1,0,0,0,0,0,0,0,0,0,0,0,0,0,0,0,0,0,0,0,0,0,0,0,0,0,0,0,1,0,0,1,0,0,0,0,0,0,0,0,0,0,0,0,0,0,0,0,0,0,0,1.5,1.5,2,0,0,0,0,0,0,0,0,100,1,4,2,109,109,139,113,139,113,0,90030,0,90300,90060,90100,0,5262,-1,20,0,1,1.1,1,1,1,1,1,0.6,0,0,0,-1,-1,256,2003,-1,200,30,154,0,0,4020,-1,-1,-1,16690,16691,-1,5740,-1,-1,-1,-1,-1,-1,-1,-1,-1,0,2,1,0,0,1,1,1,0,0,-1,-1,0,0,0,0,0,0,-1,-1,-1,30,30,0,180,100,0.1,-1,-1,-1,-1,2.5,0,0,0,1,0,0,0,0,0,0,0,0,1,0,-1,-1,-1,-1,-1,-1,-1,-1,-1,0.1,0.4,-1,0,0,70,0.29,100,3003,-1,5003,-1,-1,0,0.5,0.6,0,-1,0,1,1,1,1,1,1,1,1,1,1,1,1,1,1,1,1,1,1,-1,0,-1,0,-1,-1,-1,-1,[0|0|0|0|0|0|0|0|0|0|0|0],
40200031,Royal Revenant (Shaded Castle),0,0,[0|0|0],40200,-1,0,80,1.5,1.5,150,0,679,0,400,402000000,-1,10,0,0,-1,-1,1,-1,0,-1,5360,7090,0,0,90000,0,-1,0,0,0,0,0,-1,-1,-1,-1,-1,-1,65,3000,3001,3002,3003,3004,3005,3006,3007,702,703,701,700,0,1,1,1,1,1,1,1,1,1.5,0.07692308,0,50,21,100,0,0,0,100,100,100,0,999,154,154,999,-1,-1,0,0,0,0,-1,-1,1,0,0,0,0,999,999,0,0,-1,10,0,12,0,0,6,4,40,110,110,0,0,0,0,0,0,0,0,0,0,0,0,0,17,7,0,0,0,0,0,0,1,0,0,0,0,0,0,0,0,0,0,0,0,0,0,0,0,0,0,0,0,0,0,0,0,0,0,0,1,0,0,1,0,0,0,0,0,0,0,0,0,0,0,0,0,0,0,0,0,0,0,1.5,1.5,2,0,0,0,0,0,0,0,0,100,1,4,2,109,109,139,113,139,113,0,90030,0,90300,90060,90100,0,5262,-1,20,0,1,1.1,1,1,1,1,1,0.6,0,0,0,-1,-1,256,2003,-1,200,30,154,0,0,4020,-1,-1,-1,16690,16691,-1,5740,-1,-1,-1,-1,-1,-1,-1,-1,-1,0,2,1,0,0,1,1,1,0,0,-1,-1,0,0,0,0,0,0,-1,-1,-1,30,30,0,180,100,0.1,-1,-1,-1,-1,2.5,0,0,0,1,0,0,0,0,0,0,0,0,1,0,-1,-1,-1,-1,-1,-1,-1,-1,-1,0.1,0.4,-1,0,0,70,0.29,100,3003,-1,5003,-1,-1,0,0.5,0.6,0,-1,0,1,1,1,1,1,1,1,1,1,1,1,1,1,1,1,1,1,1,-1,0,-1,0,-1,-1,-1,-1,[0|0|0|0|0|0|0|0|0|0|0|0],
40200035,Royal Revenant,0,0,[0|0|0],40200,1003,0,80,1.5,1.5,150,0,679,0,400,402000000,-1,10,0,0,-1,-1,1,-1,0,-1,5360,7130,0,0,0,0,-1,0,0,0,0,0,-1,-1,-1,-1,-1,-1,65,3000,3001,3002,3003,3004,3005,3006,3007,702,703,701,700,0,1,1,1,1,1,1,1,1,1.5,0.07692308,0,50,21,100,0,0,0,100,100,100,0,154,154,154,999,-1,-1,0,0,0,0,-1,-1,1,0,0,0,0,999,999,0,0,-1,10,0,12,0,0,6,4,40,110,110,0,0,0,0,0,0,0,0,0,0,0,0,0,17,7,0,0,0,0,0,0,1,0,0,0,0,0,0,0,0,0,0,0,0,0,0,0,0,0,0,0,0,0,0,0,0,0,0,0,1,0,0,1,0,0,0,0,0,0,0,0,0,0,0,0,0,0,0,0,0,0,0,1.5,1.5,2,0,0,0,0,0,0,0,0,100,1,4,2,109,109,139,113,139,113,0,90030,0,90300,90060,90100,0,5262,-1,20,0,1,1.1,1,1,1,1,1,0.6,0,0,0,-1,-1,256,2003,-1,200,30,154,0,0,4020,-1,-1,-1,16690,16691,-1,5740,-1,-1,-1,-1,-1,-1,-1,-1,-1,0,2,1,0,0,1,1,1,0,0,-1,-1,0,0,0,0,0,0,-1,-1,-1,30,30,0,180,100,0.1,-1,-1,-1,-1,2.5,0,0,0,1,0,0,0,0,0,0,0,0,1,0,-1,-1,-1,-1,-1,-1,-1,-1,-1,0.1,0.4,-1,0,0,70,0.29,100,3003,-1,5003,-1,-1,0,0.5,0.6,0,-1,0,1,1,1,1,1,1,1,1,1,1,1,1,1,1,1,1,1,1,-1,0,-1,0,-1,-1,-1,-1,[0|0|0|0|0|0|0|0|0|0|0|0],
40200040,Royal Revenant,0,0,[0|0|0],40200,1003,0,80,1.5,1.5,150,0,679,0,400,402000000,-1,10,0,0,-1,-1,1,-1,0,-1,5360,7070,0,0,0,0,-1,0,0,0,0,0,-1,-1,-1,-1,-1,-1,65,3000,3001,3002,3003,3004,3005,3006,3007,702,703,701,700,0,1,1,1,1,1,1,1,1,1.5,0.07692308,0,50,21,100,0,0,0,100,100,100,0,154,154,154,999,-1,-1,0,0,0,0,-1,-1,1,0,0,0,0,999,999,0,0,-1,10,0,12,0,0,6,4,40,110,110,0,0,0,0,0,0,0,0,0,0,0,0,0,17,7,0,0,0,0,0,0,1,0,0,0,0,0,0,0,0,0,0,0,0,0,0,0,0,0,0,0,0,0,0,0,0,0,0,0,1,0,0,1,0,0,0,0,0,0,0,0,0,0,0,0,0,0,0,0,0,0,0,1.5,1.5,2,0,0,0,0,0,0,0,0,100,1,4,2,109,109,139,113,139,113,0,90030,0,90300,90060,90100,0,5262,-1,20,0,1,1.1,1,1,1,1,1,0.6,0,0,0,-1,-1,256,2003,-1,200,30,154,0,0,4020,-1,-1,-1,16690,16691,-1,5740,-1,-1,-1,-1,-1,-1,-1,-1,-1,0,2,1,0,0,1,1,1,0,0,-1,-1,0,0,0,0,0,0,-1,-1,-1,30,30,0,180,100,0.1,-1,-1,-1,-1,2.5,0,0,0,1,0,0,0,0,0,0,0,0,1,0,-1,-1,-1,-1,-1,-1,-1,-1,-1,0.1,0.4,-1,0,0,70,0.29,100,3003,-1,5003,-1,-1,0,0.5,0.6,0,-1,0,1,1,1,1,1,1,1,1,1,1,1,1,1,1,1,1,1,1,-1,0,-1,0,-1,-1,-1,-1,[0|0|0|0|0|0|0|0|0|0|0|0],
40200056,Royal Revenant,0,0,[0|0|0],40200,1003,0,80,1.5,1.1,150,0,679,0,400,402000000,-1,10,0,0,-1,-1,1,-1,0,-1,5360,7190,0,0,0,0,-1,0,0,0,0,0,-1,-1,-1,-1,-1,-1,65,3000,3001,3002,3003,3004,3005,3006,3007,702,703,701,700,0,1,1,1,1,1,1,1,1,1.5,0.07692308,0,50,21,100,0,0,0,100,100,100,0,154,154,154,999,-1,-1,0,0,0,0,-1,-1,1,0,0,0,0,999,999,0,0,-1,10,0,12,0,0,6,4,40,110,110,0,0,0,0,0,0,0,0,0,0,0,0,0,17,7,0,0,0,0,0,0,1,0,0,0,0,0,0,0,0,0,0,0,0,0,0,0,0,0,0,0,0,0,0,0,0,0,0,0,1,0,0,1,0,0,0,0,0,0,0,0,0,0,0,0,0,0,0,0,0,0,0,1.5,1.1,2,0,0,0,0,0,0,0,0,100,1,4,2,109,109,139,113,139,113,0,90030,0,90300,90060,90100,0,5262,-1,20,0,1,1.1,1,1,1,1,1,0.6,0,0,0,-1,-1,256,2003,-1,200,30,154,0,0,4020,-1,-1,-1,16690,16691,-1,5740,-1,-1,-1,-1,-1,-1,-1,-1,-1,0,2,1,0,0,1,1,1,0,0,-1,-1,0,0,0,0,0,0,-1,-1,-1,30,30,0,180,100,0.1,-1,-1,-1,-1,2.5,0,0,0,1,0,0,0,0,0,0,0,0,1,0,-1,-1,-1,-1,-1,-1,-1,-1,-1,0.1,0.4,-1,0,0,70,0.29,100,3003,-1,5003,-1,-1,0,0.5,0.6,0,-1,0,1,1,1,1,1,1,1,1,1,1,1,1,1,1,1,1,1,1,-1,0,-1,0,-1,-1,-1,-1,[0|0|0|0|0|0|0|0|0|0|0|0],
40200130,Royal Revenant,0,0,[0|0|0],40200,-1,0,80,1.5,1.5,150,0,679,0,400,402000000,-1,10,0,0,-1,-1,1,-1,0,-1,5360,7080,0,0,90000,0,-1,0,0,0,0,0,-1,-1,-1,-1,-1,-1,65,3000,3001,3002,3003,3004,3005,3006,3007,702,703,701,700,0,1,1,1,1,1,1,1,1,1.5,0.07692308,0,50,21,100,0,0,0,100,100,100,0,999,154,154,999,-1,-1,0,0,0,0,-1,-1,1,0,0,0,0,999,999,0,0,-1,10,0,12,0,0,6,4,40,110,110,0,0,0,0,0,0,0,0,0,0,0,0,0,17,7,0,0,0,0,0,0,1,0,0,0,0,0,0,0,0,0,0,0,0,0,0,0,0,0,0,0,0,0,0,0,0,0,0,0,1,0,0,1,0,0,0,0,0,0,0,0,0,0,0,0,0,0,0,0,0,0,0,1.5,1.5,2,0,0,0,0,0,0,0,0,100,1,4,2,109,109,139,113,139,113,0,90030,0,90300,90060,90100,0,5262,-1,20,0,1,1.1,1,1,1,1,1,0.6,0,0,0,-1,-1,256,2003,-1,200,30,154,0,0,4020,-1,-1,-1,16690,16691,-1,5740,-1,-1,-1,-1,-1,-1,-1,-1,-1,0,2,1,0,0,1,1,1,0,0,-1,-1,0,0,0,0,0,0,-1,-1,-1,30,30,0,180,100,0.1,-1,-1,-1,-1,2.5,0,0,0,1,0,0,0,0,0,0,0,0,1,0,-1,-1,-1,-1,-1,-1,-1,-1,-1,0.1,0.4,-1,0,0,70,0.29,100,3003,-1,5003,-1,-1,0,0.5,0.6,0,-1,0,1,1,1,1,1,1,1,1,1,1,1,1,1,1,1,1,1,1,-1,0,-1,0,-1,-1,-1,-1,[0|0|0|0|0|0|0|0|0|0|0|0],
40200920,Royal Revenant (Boss),0,0,[0|0|0],40200,1003,0,80,1.5,1.5,150,0,679,0,400,-1,-1,10,0,0,-1,-1,1,-1,0,-1,5360,7060,0,90400,0,0,-1,0,0,0,0,0,-1,-1,-1,-1,-1,-1,65,3000,3001,3002,3003,3004,3005,3006,3007,702,703,701,700,0,1,1,1,1,1,1,1,1,1.5,0.07692308,0,50,21,100,0,0,0,100,100,100,0,154,154,154,999,-1,-1,0,0,0,0,-1,-1,1,0,0,0,0,999,999,0,0,-1,10,0,12,0,0,6,4,40,110,110,0,0,0,0,0,0,0,0,0,0,0,0,0,17,7,0,0,0,0,0,0,1,0,0,0,0,0,0,0,0,0,0,0,0,0,0,0,0,0,0,0,0,0,0,0,0,0,0,0,1,0,0,1,0,0,0,0,0,0,0,0,0,0,0,0,0,0,0,0,0,0,0,1.5,1.5,2,1,0,0,0,0,0,0,0,100,1,4,2,109,109,139,113,139,113,95000,90030,95010,90300,90060,90100,0,-1,-1,20,0,1,1.1,1,1,1,1,1,0.6,0,0,0,-1,-1,256,2003,-1,300,30,154,0,0,4020,-1,-1,-1,16690,16691,-1,5740,-1,-1,-1,-1,-1,4410,-1,-1,4301,0,2,1,0,0,1,1,1,0,0,-1,-1,0,0,0,0,0,0,-1,-1,-1,30,30,0,180,100,0.1,-1,-1,-1,-1,2.5,0,0,0,1,0,0,0,0,0,0,0,0,1,0,-1,-1,-1,-1,-1,-1,-1,-1,-1,0.1,0.4,-1,0,0,70,0.29,100,3003,-1,5003,-1,-1,0,0.5,0.6,0,-1,0,1,1,1,1,1,1,1,1,1,1,1,1,1,1,1,1,1,1,-1,0,-1,0,-1,-1,-1,-1,[0|0|0|0|0|0|0|0|0|0|0|0],
40208000,Royal Revenant,0,0,[0|0|0],40200,1003,0,80,1.5,1.5,150,0,679,0,400,402000000,-1,10,0,0,-1,-1,1,-1,0,-1,5360,0,0,0,0,0,-1,0,0,0,0,0,-1,-1,-1,-1,-1,-1,65,3000,3001,3002,3003,3004,3005,3006,3007,702,703,701,700,0,1,1,1,1,1,1,1,1,1.5,0.07692308,0,50,21,100,0,0,0,100,100,100,0,154,154,154,999,-1,-1,0,0,0,0,-1,-1,1,0,0,0,0,999,999,0,0,-1,10,0,12,0,0,6,4,40,110,110,0,0,0,0,0,0,0,0,0,0,0,0,0,17,7,0,0,0,0,0,0,1,0,0,0,0,0,0,0,0,0,0,0,0,0,0,0,0,0,0,0,0,0,0,0,0,0,0,0,1,0,0,1,0,0,0,0,0,0,0,0,0,0,0,0,0,0,0,0,0,0,0,1.5,1.5,2,0,0,0,0,0,0,0,0,100,1,4,2,109,109,139,113,139,113,0,90030,0,90300,90060,90100,0,5262,-1,20,0,1,1.1,1,1,1,1,1,0.6,0,0,0,-1,-1,256,2003,-1,200,30,154,0,0,4020,-1,-1,-1,16690,16691,-1,5740,-1,-1,-1,-1,-1,-1,-1,-1,-1,0,2,1,0,0,1,1,1,0,0,-1,-1,0,0,0,0,0,0,-1,-1,-1,30,30,0,180,100,0.1,-1,-1,-1,-1,2.5,0,0,0,1,0,0,0,0,0,0,0,0,1,0,-1,-1,-1,-1,-1,-1,-1,-1,-1,0.1,0.4,-1,0,0,70,0.29,100,3003,-1,5003,-1,-1,0,0.5,0.6,0,-1,0,1,1,1,1,1,1,1,1,1,1,1,1,1,1,1,1,1,1,-1,0,-1,0,-1,-1,-1,-1,[0|0|0|0|0|0|0|0|0|0|0|0],
40208022,Royal Revenant,0,0,[0|0|0],40200,1003,0,80,1.5,1.5,150,0,679,0,400,402022000,-1,10,0,0,-1,-1,1,-1,0,-1,5360,7130,0,0,0,0,-1,0,0,0,0,0,-1,-1,-1,-1,-1,-1,65,3000,3001,3002,3003,3004,3005,3006,3007,702,703,701,700,0,1,1,1,1,1,1,1,1,1.5,0.07692308,0,50,21,100,0,0,0,100,100,100,0,154,154,154,999,-1,-1,0,0,0,0,-1,-1,1,0,0,0,0,999,999,0,0,-1,10,0,12,0,0,6,4,40,110,110,0,0,0,0,0,0,0,0,0,0,0,0,0,17,7,0,0,0,0,0,0,1,0,0,0,0,0,0,0,0,0,0,0,0,0,0,0,0,0,0,0,0,0,0,0,0,0,0,0,1,0,0,1,0,0,0,0,0,0,0,0,0,0,0,0,0,0,0,0,0,0,0,1.5,1.5,2,0,0,0,0,0,0,0,0,100,1,4,2,109,109,139,113,139,113,0,90030,0,90300,90060,90100,0,5262,-1,20,0,1,1.1,1,1,1,1,1,0.6,0,0,0,-1,-1,256,2003,-1,200,30,154,0,0,4020,-1,-1,-1,16690,16691,-1,5740,-1,-1,-1,-1,-1,-1,-1,-1,-1,0,2,1,0,0,1,1,1,0,0,-1,-1,0,0,0,0,0,0,-1,-1,-1,30,30,0,180,100,0.1,-1,-1,-1,-1,2.5,0,0,0,1,0,0,0,0,0,0,0,0,1,0,-1,-1,-1,-1,-1,-1,-1,-1,-1,0.1,0.4,-1,0,0,70,0.29,100,3003,-1,5003,-1,-1,0,0.5,0.6,0,-1,0,1,1,1,1,1,1,1,1,1,1,1,1,1,1,1,1,1,1,-1,0,-1,0,-1,-1,-1,-1,[0|0|0|0|0|0|0|0|0|0|0|0],
40208035,Royal Revenant,0,0,[0|0|0],40200,1003,0,80,1.5,1.5,150,0,679,0,400,402035000,-1,10,0,0,-1,-1,1,-1,0,-1,5360,7130,0,0,0,0,-1,0,0,0,0,0,-1,-1,-1,-1,-1,-1,65,3000,3001,3002,3003,3004,3005,3006,3007,702,703,701,700,0,1,1,1,1,1,1,1,1,1.5,0.07692308,0,50,21,100,0,0,0,100,100,100,0,154,154,154,999,-1,-1,0,0,0,0,-1,-1,1,0,0,0,0,999,999,0,0,-1,10,0,12,0,0,6,4,40,110,110,0,0,0,0,0,0,0,0,0,0,0,0,0,17,7,0,0,0,0,0,0,1,0,0,0,0,0,0,0,0,0,0,0,0,0,0,0,0,0,0,0,0,0,0,0,0,0,0,0,1,0,0,1,0,0,0,0,0,0,0,0,0,0,0,0,0,0,0,0,0,0,0,1.5,1.5,2,0,0,0,0,0,0,0,0,100,1,4,2,109,109,139,113,139,113,0,90030,0,90300,90060,90100,0,5262,-1,20,0,1,1.1,1,1,1,1,1,0.6,0,0,0,-1,-1,256,2003,-1,200,30,154,0,0,4020,-1,-1,-1,16690,16691,-1,5740,-1,-1,-1,-1,-1,-1,-1,-1,-1,0,2,1,0,0,1,1,1,0,0,-1,-1,0,0,0,0,0,0,-1,-1,-1,30,30,0,180,100,0.1,-1,-1,-1,-1,2.5,0,0,0,1,0,0,0,0,0,0,0,0,1,0,-1,-1,-1,-1,-1,-1,-1,-1,-1,0.1,0.4,-1,0,0,70,0.29,100,3003,-1,5003,-1,-1,0,0.5,0.6,0,-1,0,1,1,1,1,1,1,1,1,1,1,1,1,1,1,1,1,1,1,-1,0,-1,0,-1,-1,-1,-1,[0|0|0|0|0|0|0|0|0|0|0|0],
40208056,Royal Revenant,0,0,[0|0|0],40200,1003,0,80,1.5,1.5,150,0,679,0,400,402056000,-1,10,0,0,-1,-1,1,-1,0,-1,5360,7190,0,0,0,0,-1,0,0,0,0,0,-1,-1,-1,-1,-1,-1,65,3000,3001,3002,3003,3004,3005,3006,3007,702,703,701,700,0,1,1,1,1,1,1,1,1,1.5,0.07692308,0,50,21,100,0,0,0,100,100,100,0,154,154,154,999,-1,-1,0,0,0,0,-1,-1,1,0,0,0,0,999,999,0,0,-1,10,0,12,0,0,6,4,40,110,110,0,0,0,0,0,0,0,0,0,0,0,0,0,17,7,0,0,0,0,0,0,1,0,0,0,0,0,0,0,0,0,0,0,0,0,0,0,0,0,0,0,0,0,0,0,0,0,0,0,1,0,0,1,0,0,0,0,0,0,0,0,0,0,0,0,0,0,0,0,0,0,0,1.5,1.5,2,0,0,0,0,0,0,0,0,100,1,4,2,109,109,139,113,139,113,0,90030,0,90300,90060,90100,0,5262,-1,20,0,1,1.1,1,1,1,1,1,0.6,0,0,0,-1,-1,256,2003,-1,200,30,154,0,0,4020,-1,-1,-1,16690,16691,-1,5740,-1,-1,-1,-1,-1,-1,-1,-1,-1,0,2,1,0,0,1,1,1,0,0,-1,-1,0,0,0,0,0,0,-1,-1,-1,30,30,0,180,100,0.1,-1,-1,-1,-1,2.5,0,0,0,1,0,0,0,0,0,0,0,0,1,0,-1,-1,-1,-1,-1,-1,-1,-1,-1,0.1,0.4,-1,0,0,70,0.29,100,3003,-1,5003,-1,-1,0,0.5,0.6,0,-1,0,1,1,1,1,1,1,1,1,1,1,1,1,1,1,1,1,1,1,-1,0,-1,0,-1,-1,-1,-1,[0|0|0|0|0|0|0|0|0|0|0|0],
40208100,Royal Revenant,0,0,[0|0|0],40200,1003,0,80,1.5,1.5,150,0,679,0,400,402000000,-1,10,0,0,-1,-1,1,-1,0,-1,5360,0,0,0,0,0,-1,0,0,0,0,0,-1,-1,-1,-1,-1,-1,65,3000,3001,3002,3003,3004,3005,3006,3007,702,703,701,700,0,1,1,1,1,1,1,1,1,1.5,0.07692308,0,50,21,100,0,0,0,100,100,100,0,154,154,154,999,-1,-1,0,0,0,0,-1,-1,1,0,0,0,0,999,999,0,0,-1,10,0,12,0,0,6,4,40,110,110,0,0,0,0,0,0,0,0,0,0,0,0,0,17,7,0,0,0,0,0,0,1,0,0,0,0,0,0,0,0,0,0,0,0,0,0,0,0,0,0,0,0,0,0,0,0,0,0,0,1,0,0,1,0,0,0,0,0,0,0,0,0,0,0,0,0,0,0,0,0,0,0,1.5,1.5,2,0,0,0,0,0,0,0,0,100,1,4,2,109,109,139,113,139,113,0,90030,0,90300,90060,90100,0,5262,-1,20,0,1,1.1,1,1,1,1,1,0.6,0,0,0,-1,-1,256,2003,-1,200,30,154,0,0,4020,-1,-1,-1,16690,16691,-1,5740,-1,-1,-1,-1,-1,-1,-1,-1,-1,0,2,1,0,0,1,1,1,0,0,-1,-1,0,0,0,0,0,0,-1,-1,-1,30,30,0,180,100,0.1,-1,-1,-1,-1,2.5,0,0,0,1,0,0,0,0,0,0,0,0,1,0,-1,-1,-1,-1,-1,-1,-1,-1,-1,0.1,0.4,-1,0,0,70,0.29,100,3003,-1,5003,-1,-1,0,0.5,0.6,0,-1,0,1,1,1,1,1,1,1,1,1,1,1,1,1,1,1,1,1,1,-1,0,-1,0,-1,-1,-1,-1,[0|0|0|0|0|0|0|0|0|0|0|0],
40208122,Royal Revenant,0,0,[0|0|0],40200,1003,0,80,1.5,1.5,150,0,679,0,400,402022010,-1,10,0,0,-1,-1,1,-1,0,-1,5360,7130,0,0,0,0,-1,0,0,0,0,0,-1,-1,-1,-1,-1,-1,65,3000,3001,3002,3003,3004,3005,3006,3007,702,703,701,700,0,1,1,1,1,1,1,1,1,1.5,0.07692308,0,50,21,100,0,0,0,100,100,100,0,154,154,154,999,-1,-1,0,0,0,0,-1,-1,1,0,0,0,0,999,999,0,0,-1,10,0,12,0,0,6,4,40,110,110,0,0,0,0,0,0,0,0,0,0,0,0,0,17,7,0,0,0,0,0,0,1,0,0,0,0,0,0,0,0,0,0,0,0,0,0,0,0,0,0,0,0,0,0,0,0,0,0,0,1,0,0,1,0,0,0,0,0,0,0,0,0,0,0,0,0,0,0,0,0,0,0,1.5,1.5,2,0,0,0,0,0,0,0,0,100,1,4,2,109,109,139,113,139,113,0,90030,0,90300,90060,90100,0,5262,-1,20,0,1,1.1,1,1,1,1,1,0.6,0,0,0,-1,-1,256,2003,-1,200,30,154,0,0,4020,-1,-1,-1,16690,16691,-1,5740,-1,-1,-1,-1,-1,-1,-1,-1,-1,0,2,1,0,0,1,1,1,0,0,-1,-1,0,0,0,0,0,0,-1,-1,-1,30,30,0,180,100,0.1,-1,-1,-1,-1,2.5,0,0,0,1,0,0,0,0,0,0,0,0,1,0,-1,-1,-1,-1,-1,-1,-1,-1,-1,0.1,0.4,-1,0,0,70,0.29,100,3003,-1,5003,-1,-1,0,0.5,0.6,0,-1,0,1,1,1,1,1,1,1,1,1,1,1,1,1,1,1,1,1,1,-1,0,-1,0,-1,-1,-1,-1,[0|0|0|0|0|0|0|0|0|0|0|0],
40208156,Royal Revenant,0,0,[0|0|0],40200,1003,0,80,1.5,1.5,150,0,679,0,400,402056010,-1,10,0,0,-1,-1,1,-1,0,-1,5360,7190,0,0,0,0,-1,0,0,0,0,0,-1,-1,-1,-1,-1,-1,65,3000,3001,3002,3003,3004,3005,3006,3007,702,703,701,700,0,1,1,1,1,1,1,1,1,1.5,0.07692308,0,50,21,100,0,0,0,100,100,100,0,154,154,154,999,-1,-1,0,0,0,0,-1,-1,1,0,0,0,0,999,999,0,0,-1,10,0,12,0,0,6,4,40,110,110,0,0,0,0,0,0,0,0,0,0,0,0,0,17,7,0,0,0,0,0,0,1,0,0,0,0,0,0,0,0,0,0,0,0,0,0,0,0,0,0,0,0,0,0,0,0,0,0,0,1,0,0,1,0,0,0,0,0,0,0,0,0,0,0,0,0,0,0,0,0,0,0,1.5,1.5,2,0,0,0,0,0,0,0,0,100,1,4,2,109,109,139,113,139,113,0,90030,0,90300,90060,90100,0,5262,-1,20,0,1,1.1,1,1,1,1,1,0.6,0,0,0,-1,-1,256,2003,-1,200,30,154,0,0,4020,-1,-1,-1,16690,16691,-1,5740,-1,-1,-1,-1,-1,-1,-1,-1,-1,0,2,1,0,0,1,1,1,0,0,-1,-1,0,0,0,0,0,0,-1,-1,-1,30,30,0,180,100,0.1,-1,-1,-1,-1,2.5,0,0,0,1,0,0,0,0,0,0,0,0,1,0,-1,-1,-1,-1,-1,-1,-1,-1,-1,0.1,0.4,-1,0,0,70,0.29,100,3003,-1,5003,-1,-1,0,0.5,0.6,0,-1,0,1,1,1,1,1,1,1,1,1,1,1,1,1,1,1,1,1,1,-1,0,-1,0,-1,-1,-1,-1,[0|0|0|0|0|0|0|0|0|0|0|0],
40208200,Royal Revenant,0,0,[0|0|0],40200,1003,0,80,1.5,1.5,150,0,679,0,400,402000000,-1,10,0,0,-1,-1,1,-1,0,-1,5360,0,0,0,0,0,-1,0,0,0,0,0,-1,-1,-1,-1,-1,-1,65,3000,3001,3002,3003,3004,3005,3006,3007,702,703,701,700,0,1,1,1,1,1,1,1,1,1.5,0.07692308,0,50,21,100,0,0,0,100,100,100,0,154,154,154,999,-1,-1,0,0,0,0,-1,-1,1,0,0,0,0,999,999,0,0,-1,10,0,12,0,0,6,4,40,110,110,0,0,0,0,0,0,0,0,0,0,0,0,0,17,7,0,0,0,0,0,0,1,0,0,0,0,0,0,0,0,0,0,0,0,0,0,0,0,0,0,0,0,0,0,0,0,0,0,0,1,0,0,1,0,0,0,0,0,0,0,0,0,0,0,0,0,0,0,0,0,0,0,1.5,1.5,2,0,0,0,0,0,0,0,0,100,1,4,2,109,109,139,113,139,113,0,90030,0,90300,90060,90100,0,5262,-1,20,0,1,1.1,1,1,1,1,1,0.6,0,0,0,-1,-1,256,2003,-1,200,30,154,0,0,4020,-1,-1,-1,16690,16691,-1,5740,-1,-1,-1,-1,-1,-1,-1,-1,-1,0,2,1,0,0,1,1,1,0,0,-1,-1,0,0,0,0,0,0,-1,-1,-1,30,30,0,180,100,0.1,-1,-1,-1,-1,2.5,0,0,0,1,0,0,0,0,0,0,0,0,1,0,-1,-1,-1,-1,-1,-1,-1,-1,-1,0.1,0.4,-1,0,0,70,0.29,100,3003,-1,5003,-1,-1,0,0.5,0.6,0,-1,0,1,1,1,1,1,1,1,1,1,1,1,1,1,1,1,1,1,1,-1,0,-1,0,-1,-1,-1,-1,[0|0|0|0|0|0|0|0|0|0|0|0],
40208256,Royal Revenant,0,0,[0|0|0],40200,1003,0,80,1.5,1.5,150,0,679,0,400,402056020,-1,10,0,0,-1,-1,1,-1,0,-1,5360,7190,0,0,0,0,-1,0,0,0,0,0,-1,-1,-1,-1,-1,-1,65,3000,3001,3002,3003,3004,3005,3006,3007,702,703,701,700,0,1,1,1,1,1,1,1,1,1.5,0.07692308,0,50,21,100,0,0,0,100,100,100,0,154,154,154,999,-1,-1,0,0,0,0,-1,-1,1,0,0,0,0,999,999,0,0,-1,10,0,12,0,0,6,4,40,110,110,0,0,0,0,0,0,0,0,0,0,0,0,0,17,7,0,0,0,0,0,0,1,0,0,0,0,0,0,0,0,0,0,0,0,0,0,0,0,0,0,0,0,0,0,0,0,0,0,0,1,0,0,1,0,0,0,0,0,0,0,0,0,0,0,0,0,0,0,0,0,0,0,1.5,1.5,2,0,0,0,0,0,0,0,0,100,1,4,2,109,109,139,113,139,113,0,90030,0,90300,90060,90100,0,5262,-1,20,0,1,1.1,1,1,1,1,1,0.6,0,0,0,-1,-1,256,2003,-1,200,30,154,0,0,4020,-1,-1,-1,16690,16691,-1,5740,-1,-1,-1,-1,-1,-1,-1,-1,-1,0,2,1,0,0,1,1,1,0,0,-1,-1,0,0,0,0,0,0,-1,-1,-1,30,30,0,180,100,0.1,-1,-1,-1,-1,2.5,0,0,0,1,0,0,0,0,0,0,0,0,1,0,-1,-1,-1,-1,-1,-1,-1,-1,-1,0.1,0.4,-1,0,0,70,0.29,100,3003,-1,5003,-1,-1,0,0.5,0.6,0,-1,0,1,1,1,1,1,1,1,1,1,1,1,1,1,1,1,1,1,1,-1,0,-1,0,-1,-1,-1,-1,[0|0|0|0|0|0|0|0|0|0|0|0],
40208300,Royal Revenant,0,0,[0|0|0],40200,1003,0,80,1.5,1.5,150,0,679,0,400,402000000,-1,10,0,0,-1,-1,1,-1,0,-1,5360,0,0,0,0,0,-1,0,0,0,0,0,-1,-1,-1,-1,-1,-1,65,3000,3001,3002,3003,3004,3005,3006,3007,702,703,701,700,0,1,1,1,1,1,1,1,1,1.5,0.07692308,0,50,21,100,0,0,0,100,100,100,0,154,154,154,999,-1,-1,0,0,0,0,-1,-1,1,0,0,0,0,999,999,0,0,-1,10,0,12,0,0,6,4,40,110,110,0,0,0,0,0,0,0,0,0,0,0,0,0,17,7,0,0,0,0,0,0,1,0,0,0,0,0,0,0,0,0,0,0,0,0,0,0,0,0,0,0,0,0,0,0,0,0,0,0,1,0,0,1,0,0,0,0,0,0,0,0,0,0,0,0,0,0,0,0,0,0,0,1.5,1.5,2,0,0,0,0,0,0,0,0,100,1,4,2,109,109,139,113,139,113,0,90030,0,90300,90060,90100,0,5262,-1,20,0,1,1.1,1,1,1,1,1,0.6,0,0,0,-1,-1,256,2003,-1,200,30,154,0,0,4020,-1,-1,-1,16690,16691,-1,5740,-1,-1,-1,-1,-1,-1,-1,-1,-1,0,2,1,0,0,1,1,1,0,0,-1,-1,0,0,0,0,0,0,-1,-1,-1,30,30,0,180,100,0.1,-1,-1,-1,-1,2.5,0,0,0,1,0,0,0,0,0,0,0,0,1,0,-1,-1,-1,-1,-1,-1,-1,-1,-1,0.1,0.4,-1,0,0,70,0.29,100,3003,-1,5003,-1,-1,0,0.5,0.6,0,-1,0,1,1,1,1,1,1,1,1,1,1,1,1,1,1,1,1,1,1,-1,0,-1,0,-1,-1,-1,-1,[0|0|0|0|0|0|0|0|0|0|0|0],
40208356,Royal Revenant,0,0,[0|0|0],40200,1003,0,80,1.5,1.5,150,0,679,0,400,402056030,-1,10,0,0,-1,-1,1,-1,0,-1,5360,7190,0,0,0,0,-1,0,0,0,0,0,-1,-1,-1,-1,-1,-1,65,3000,3001,3002,3003,3004,3005,3006,3007,702,703,701,700,0,1,1,1,1,1,1,1,1,1.5,0.07692308,0,50,21,100,0,0,0,100,100,100,0,154,154,154,999,-1,-1,0,0,0,0,-1,-1,1,0,0,0,0,999,999,0,0,-1,10,0,12,0,0,6,4,40,110,110,0,0,0,0,0,0,0,0,0,0,0,0,0,17,7,0,0,0,0,0,0,1,0,0,0,0,0,0,0,0,0,0,0,0,0,0,0,0,0,0,0,0,0,0,0,0,0,0,0,1,0,0,1,0,0,0,0,0,0,0,0,0,0,0,0,0,0,0,0,0,0,0,1.5,1.5,2,0,0,0,0,0,0,0,0,100,1,4,2,109,109,139,113,139,113,0,90030,0,90300,90060,90100,0,5262,-1,20,0,1,1.1,1,1,1,1,1,0.6,0,0,0,-1,-1,256,2003,-1,200,30,154,0,0,4020,-1,-1,-1,16690,16691,-1,5740,-1,-1,-1,-1,-1,-1,-1,-1,-1,0,2,1,0,0,1,1,1,0,0,-1,-1,0,0,0,0,0,0,-1,-1,-1,30,30,0,180,100,0.1,-1,-1,-1,-1,2.5,0,0,0,1,0,0,0,0,0,0,0,0,1,0,-1,-1,-1,-1,-1,-1,-1,-1,-1,0.1,0.4,-1,0,0,70,0.29,100,3003,-1,5003,-1,-1,0,0.5,0.6,0,-1,0,1,1,1,1,1,1,1,1,1,1,1,1,1,1,1,1,1,1,-1,0,-1,0,-1,-1,-1,-1,[0|0|0|0|0|0|0|0|0|0|0|0],
40208400,Royal Revenant,0,0,[0|0|0],40200,1003,0,80,1.5,1.5,150,0,679,0,400,402000000,-1,10,0,0,-1,-1,1,-1,0,-1,5360,0,0,0,0,0,-1,0,0,0,0,0,-1,-1,-1,-1,-1,-1,65,3000,3001,3002,3003,3004,3005,3006,3007,702,703,701,700,0,1,1,1,1,1,1,1,1,1.5,0.07692308,0,50,21,100,0,0,0,100,100,100,0,154,154,154,999,-1,-1,0,0,0,0,-1,-1,1,0,0,0,0,999,999,0,0,-1,10,0,12,0,0,6,4,40,110,110,0,0,0,0,0,0,0,0,0,0,0,0,0,17,7,0,0,0,0,0,0,1,0,0,0,0,0,0,0,0,0,0,0,0,0,0,0,0,0,0,0,0,0,0,0,0,0,0,0,1,0,0,1,0,0,0,0,0,0,0,0,0,0,0,0,0,0,0,0,0,0,0,1.5,1.5,2,0,0,0,0,0,0,0,0,100,1,4,2,109,109,139,113,139,113,0,90030,0,90300,90060,90100,0,5262,-1,20,0,1,1.1,1,1,1,1,1,0.6,0,0,0,-1,-1,256,2003,-1,200,30,154,0,0,4020,-1,-1,-1,16690,16691,-1,5740,-1,-1,-1,-1,-1,-1,-1,-1,-1,0,2,1,0,0,1,1,1,0,0,-1,-1,0,0,0,0,0,0,-1,-1,-1,30,30,0,180,100,0.1,-1,-1,-1,-1,2.5,0,0,0,1,0,0,0,0,0,0,0,0,1,0,-1,-1,-1,-1,-1,-1,-1,-1,-1,0.1,0.4,-1,0,0,70,0.29,100,3003,-1,5003,-1,-1,0,0.5,0.6,0,-1,0,1,1,1,1,1,1,1,1,1,1,1,1,1,1,1,1,1,1,-1,0,-1,0,-1,-1,-1,-1,[0|0|0|0|0|0|0|0|0|0|0|0],
40208456,Royal Revenant,0,0,[0|0|0],40200,1003,0,80,1.5,1.5,150,0,679,0,400,402056040,-1,10,0,0,-1,-1,1,-1,0,-1,5360,7190,0,0,0,0,-1,0,0,0,0,0,-1,-1,-1,-1,-1,-1,65,3000,3001,3002,3003,3004,3005,3006,3007,702,703,701,700,0,1,1,1,1,1,1,1,1,1.5,0.07692308,0,50,21,100,0,0,0,100,100,100,0,154,154,154,999,-1,-1,0,0,0,0,-1,-1,1,0,0,0,0,999,999,0,0,-1,10,0,12,0,0,6,4,40,110,110,0,0,0,0,0,0,0,0,0,0,0,0,0,17,7,0,0,0,0,0,0,1,0,0,0,0,0,0,0,0,0,0,0,0,0,0,0,0,0,0,0,0,0,0,0,0,0,0,0,1,0,0,1,0,0,0,0,0,0,0,0,0,0,0,0,0,0,0,0,0,0,0,1.5,1.5,2,0,0,0,0,0,0,0,0,100,1,4,2,109,109,139,113,139,113,0,90030,0,90300,90060,90100,0,5262,-1,20,0,1,1.1,1,1,1,1,1,0.6,0,0,0,-1,-1,256,2003,-1,200,30,154,0,0,4020,-1,-1,-1,16690,16691,-1,5740,-1,-1,-1,-1,-1,-1,-1,-1,-1,0,2,1,0,0,1,1,1,0,0,-1,-1,0,0,0,0,0,0,-1,-1,-1,30,30,0,180,100,0.1,-1,-1,-1,-1,2.5,0,0,0,1,0,0,0,0,0,0,0,0,1,0,-1,-1,-1,-1,-1,-1,-1,-1,-1,0.1,0.4,-1,0,0,70,0.29,100,3003,-1,5003,-1,-1,0,0.5,0.6,0,-1,0,1,1,1,1,1,1,1,1,1,1,1,1,1,1,1,1,1,1,-1,0,-1,0,-1,-1,-1,-1,[0|0|0|0|0|0|0|0|0|0|0|0],
40400040,Slug,0,0,[0|0|0],40400,1000,0,10,1,0.45,100,0,105,0,100,404000000,-1,-1,0,0,-1,-1,0.45,-1,0,5311,0,7070,0,0,0,0,-1,0,0,0,0,0,-1,-1,-1,-1,-1,-1,16,3000,3001,3002,3003,3004,3005,3006,3007,702,703,701,-1,0,1,1,1,1,1,1,1,1,1.5,-0.53846157,0,50,21,100,0,0,0,100,100,100,0,63,63,63,999,-1,-1,0,0,0,0,-1,-1,1,0,0,0,0,999,999,0,0,-1,10,0,11,0,0,6,1,40,139,139,1,0,0,1,0,0,0,0,0,0,0,0,0,17,7,0,0,0,0,0,0,1,0,1,0,0,0,0,0,0,0,0,0,0,0,0,0,0,0,0,0,0,0,0,0,0,0,0,0,1,0,1,1,0,0,0,0,0,0,0,0,0,0,0,0,0,0,0,0,0,0,0,1,0.45,0,0,0,0,0,0,0,0,0,100,1,999,1,145,145,139,139,139,139,0,90030,0,90300,90060,90100,0,5261,-1,0,0.4,1.1,1.4,1.1,1.1,1.2,1.2,1.4,1.2,0,0,0,-1,-1,128,2000,-1,100,10,63,0,0,-1,-1,-1,-1,-1,-1,-1,-1,-1,-1,-1,-1,-1,-1,-1,151,-1,0,2,0,0,0,1,1,1,0,0,-1,-1,0,0,0,0,0,0,-1,-1,-1,40,40,0,180,35,0.05,-1,-1,-1,-1,1,0,0,0,1,0,0,0,0,0,0,0,0,1,0,-1,-1,-1,-1,-1,-1,-1,-1,-1,0.1,0.4,-1,0,0,30,0.29,100,3000,-1,5000,-1,-1,0,0.5,0.6,0,-1,0,1,1,1,1,1,1,1,1,1,1,1,1,1,1,1,1,1,1,-1,0,-1,0,-1,-1,-1,-1,[0|0|0|0|0|0|0|0|0|0|0|0],
40401032,Magma Slug,0,0,[0|0|0],40400,1000,0,10,1,0.45,100,0,105,0,100,404000100,-1,-1,0,0,-1,-1,0.45,-1,0,5311,0,7090,0,0,0,0,-1,0,0,0,0,0,-1,-1,-1,-1,-1,-1,16,3000,3001,3002,3003,3004,3005,3006,3007,702,703,701,-1,0,1,1,1,1,1,1,1,1,1.5,-0.53846157,0,50,21,100,0,0,0,100,100,100,0,63,63,999,999,-1,-1,0,0,0,0,-1,-1,1,0,0,0,0,999,999,0,0,-1,10,0,11,0,0,6,1,40,139,139,1,0,0,1,0,0,0,0,0,0,0,0,0,17,7,0,0,0,0,0,0,1,0,0,1,0,0,0,0,0,0,0,0,0,0,0,0,0,0,0,0,0,0,0,0,0,0,0,0,1,0,1,1,0,0,0,0,0,0,0,0,0,0,0,0,0,0,0,0,0,0,0,1,0.45,0,0,0,0,0,0,0,0,0,100,1,999,1,120,120,139,139,139,139,90020,90030,0,90300,90060,90100,0,5261,-1,0,0.4,1.1,1.4,1.1,1.1,1.2,0,1.4,1.2,0,0,0,-1,-1,128,2000,-1,100,10,63,0,0,-1,18510,-1,18520,-1,-1,-1,-1,-1,-1,-1,-1,-1,-1,-1,151,-1,0,2,0,0,0,1,1,1,0,0,-1,-1,0,0,0,0,0,0,-1,-1,-1,40,40,0,180,35,0.05,-1,-1,-1,-1,1,0,0,0,1,0,0,0,0,0,0,0,0,1,0,-1,-1,-1,-1,-1,-1,-1,-1,-1,0.1,0.4,-1,0,0,30,0.29,100,-1,-1,5000,-1,-1,0,0.5,0.6,0,-1,0,1,1,1,1,1,1,1,1,1,1,1,1,1,1,1,1,1,1,-1,0,-1,0,-1,-1,-1,-1,[0|0|0|0|0|0|0|0|0|0|0|0],
40700009,Wolf,0,0,[0|0|0],40700,1001,0,120,1.2,0.6,100,0,78,0,100,-1,-1,10,0,0,-1,-1,0.8,-1,0,0,0,0,0,0,0,0,-1,0,0,0,0,0,-1,-1,-1,-1,-1,-1,28,3000,3001,3002,3003,3004,3005,3006,3007,3008,3009,6001,6000,0,1,1,1,1,1,1,1,1,1.5,-0.53846157,0,50,21,100,0,0,0,100,100,100,0,84,84,84,999,-1,-1,0,0,0,0,-1,-1,0,0,0,0,0,84,999,0,0,-1,10,0,11,0,0,6,11,40,110,110,0,0,0,0,0,0,0,0,0,0,0,0,0,17,7,0,0,0,0,0,0,1,0,0,0,0,0,0,0,0,0,0,0,0,1,0,0,0,0,0,0,0,0,0,0,0,0,0,0,1,0,0,1,0,0,0,0,0,0,0,0,0,0,0,0,0,0,0,0,0,0,0,1.2,0.6,0,0,0,0,0,0,0,0,0,100,1,4,1,109,109,139,139,139,139,0,90030,0,0,90060,90160,90200,5261,-1,0,0,1.1,1.4,1.1,1.1,1.2,1.4,1.2,1.2,0,0,0,-1,-1,128,2001,-1,100,30,154,0,0,-1,0,0,-1,-1,-1,16900,-1,-1,-1,-1,-1,-1,-1,5130,461,-1,0,2,1,0,0,1,1,1,0,0,-1,-1,0,0,0,0,0,0,-1,-1,-1,30,5,0,180,200,0.2,-1,-1,-1,-1,1.8,0,0,0,1,0,0,0,0,0,0,0,0,1,0,-1,-1,-1,-1,-1,-1,-1,-1,2900,0.1,0.4,-1,0,0,30,0.29,100,3001,-1,5003,6001,-1,0,0.5,0.6,0,-1,0,1,1,1,1,1,1,1,1,1,1,1,1,1,1,1,1,1,1,-1,0,-1,0,-1,-1,-1,-1,[0|0|0|0|0|0|0|0|0|0|0|0],
40700013,Wolf,0,0,[0|0|0],40700,1001,0,120,1.2,0.6,100,0,78,0,100,-1,-1,10,0,0,-1,-1,0.8,-1,0,0,0,7020,0,0,0,0,-1,0,0,0,0,0,-1,-1,-1,-1,-1,-1,28,3000,3001,3002,3003,3004,3005,3006,3007,3008,3009,6001,6000,0,1,1,1,1,1,1,1,1,1.5,-0.53846157,0,50,21,100,0,0,0,100,100,100,0,84,84,84,999,-1,-1,0,0,0,0,-1,-1,0,0,0,0,0,84,999,0,0,-1,10,0,11,0,0,6,11,40,110,110,0,0,0,0,0,0,0,0,0,0,0,0,0,17,7,0,0,0,0,0,0,1,0,0,0,0,0,0,0,0,0,0,0,0,1,0,0,0,0,0,0,0,0,0,0,0,0,0,0,1,0,0,1,0,0,0,0,0,0,0,0,0,0,0,0,0,0,0,0,0,0,0,1.2,0.6,0,0,0,0,0,0,0,0,0,100,1,4,1,109,109,139,139,139,139,0,90030,0,0,90060,90160,90200,5261,-1,0,0,1.1,1.4,1.1,1.1,1.2,1.4,1.2,1.2,0,0,0,-1,-1,128,2001,-1,100,30,154,0,0,-1,0,0,-1,-1,-1,16900,-1,-1,-1,-1,-1,-1,-1,5130,461,-1,0,2,1,0,0,1,1,1,0,0,-1,-1,0,0,0,0,0,0,-1,-1,-1,30,5,0,180,200,0.2,-1,-1,-1,-1,1.8,0,0,0,1,0,0,0,0,0,0,0,0,1,0,-1,-1,-1,-1,-1,-1,-1,-1,2900,0.1,0.4,-1,0,0,30,0.29,100,3001,-1,5003,6001,-1,0,0.5,0.6,0,-1,0,1,1,1,1,1,1,1,1,1,1,1,1,1,1,1,1,1,1,-1,0,-1,0,-1,-1,-1,-1,[0|0|0|0|0|0|0|0|0|0|0|0],
40700036,Wolf,0,0,[0|0|0],40700,1001,0,120,1.2,0.6,100,0,78,0,100,407000000,-1,10,0,0,-1,-1,0.8,-1,0,0,0,7090,0,0,0,0,-1,0,0,0,0,0,-1,-1,-1,-1,-1,-1,28,3000,3001,3002,3003,3004,3005,3006,3007,3008,3009,6001,6000,0,1,1,1,1,1,1,1,1,1.5,-0.53846157,0,50,21,100,0,0,0,100,100,100,0,84,84,84,999,-1,-1,0,0,0,0,-1,-1,0,0,0,0,0,84,999,0,0,-1,10,0,11,0,0,24,11,40,110,110,0,0,0,0,0,0,0,0,0,0,0,0,0,17,7,0,0,0,0,0,0,1,0,0,0,0,0,0,0,0,0,0,0,0,1,0,0,0,0,0,0,0,0,0,0,0,0,0,0,1,0,0,1,0,0,0,0,0,0,0,0,0,0,0,0,0,0,0,0,0,0,0,1.2,0.6,0,0,0,0,0,0,0,0,0,100,1,4,1,109,109,139,139,139,139,0,90030,0,0,90060,90160,90200,5261,-1,0,0,1.1,1.4,1.1,1.1,1.2,1.4,1.2,1.2,0,0,0,-1,-1,128,2001,-1,100,30,154,0,0,-1,0,0,-1,-1,-1,16900,-1,-1,-1,-1,-1,-1,-1,5130,461,-1,0,2,1,0,0,1,1,1,0,0,-1,-1,0,0,0,0,0,0,-1,-1,-1,30,5,0,180,200,0.2,-1,-1,-1,-1,1.8,0,0,0,1,0,0,0,0,0,0,0,0,1,0,-1,-1,-1,-1,-1,-1,-1,-1,2900,0.1,0.4,-1,0,0,30,0.29,100,3001,-1,5003,6001,-1,0,0.5,0.6,0,-1,0,1,1,1,1,1,1,1,1,1,1,1,1,1,1,1,1,1,1,-1,0,-1,0,-1,-1,-1,-1,[0|0|0|0|0|0|0|0|0|0|0|0],
40700042,Wolf,0,0,[0|0|0],40700,1001,0,120,1.2,0.6,100,0,78,0,100,407000000,-1,10,0,0,-1,-1,0.8,-1,0,0,0,7150,0,0,0,0,-1,0,0,0,0,0,-1,-1,-1,-1,-1,-1,28,3000,3001,3002,3003,3004,3005,3006,3007,3008,3009,6001,6000,0,1,1,1,1,1,1,1,1,1.5,-0.53846157,0,50,21,100,0,0,0,100,100,100,0,84,84,84,999,-1,-1,0,0,0,0,-1,-1,0,0,0,0,0,84,999,0,0,-1,10,0,11,0,0,6,11,40,110,110,0,0,0,0,0,0,0,0,0,0,0,0,0,17,7,0,0,0,0,0,0,1,0,0,0,0,0,0,0,0,0,0,0,0,1,0,0,0,0,0,0,0,0,0,0,0,0,0,0,1,0,0,1,0,0,0,0,0,0,0,0,0,0,0,0,0,0,0,0,0,0,0,1.2,0.6,0,0,0,0,0,0,0,0,0,100,1,4,1,109,109,139,139,139,139,0,90030,0,0,90060,90160,90200,5261,-1,0,0,1.1,1.4,1.1,1.1,1.2,1.4,1.2,1.2,0,0,0,-1,-1,128,2001,-1,100,30,154,0,0,-1,0,0,-1,-1,-1,16900,-1,-1,-1,-1,-1,-1,-1,5130,461,-1,0,2,1,0,0,1,1,1,0,0,-1,-1,0,0,0,0,0,0,-1,-1,-1,30,5,0,180,200,0.2,-1,-1,-1,-1,1.8,0,0,0,1,0,0,0,0,0,0,0,0,1,0,-1,-1,-1,-1,-1,-1,-1,-1,2900,0.1,0.4,-1,0,0,30,0.29,100,3001,-1,5003,6001,-1,0,0.5,0.6,0,-1,0,1,1,1,1,1,1,1,1,1,1,1,1,1,1,1,1,1,1,-1,0,-1,0,-1,-1,-1,-1,[0|0|0|0|0|0|0|0|0|0|0|0],
40700052,Wolf,0,0,[0|0|0],40700,1001,0,120,1.2,0.6,100,0,78,0,100,407000000,-1,10,0,0,-1,-1,0.8,-1,0,0,0,7160,0,0,0,0,-1,0,0,0,0,0,-1,-1,-1,-1,-1,-1,28,3000,3001,3002,3003,3004,3005,3006,3007,3008,3009,6001,6000,0,1,1,1,1,1,1,1,1,1.5,-0.53846157,0,50,21,100,0,0,0,100,100,100,0,84,84,84,999,-1,-1,0,0,0,0,-1,-1,0,0,0,0,0,84,999,0,0,-1,10,0,11,0,0,60,11,40,110,110,0,0,0,0,0,0,0,0,0,0,0,0,0,17,7,0,0,0,0,0,0,1,0,0,0,0,0,0,0,0,0,0,0,0,1,0,0,0,0,0,0,0,0,0,0,0,0,0,0,1,0,0,1,0,0,0,0,0,0,0,0,0,0,0,0,0,0,0,0,0,0,0,1.2,0.6,0,0,0,0,0,0,0,0,0,100,1,4,1,109,109,139,139,139,139,0,90030,0,0,90060,90160,90200,5261,-1,0,0,1.1,1.4,1.1,1.1,1.2,1.4,1.2,1.2,0,0,0,-1,-1,128,2001,-1,100,30,154,0,0,-1,0,0,-1,-1,-1,16900,-1,-1,-1,-1,-1,-1,-1,5130,461,-1,0,2,1,0,0,1,1,1,0,0,-1,-1,0,0,0,0,0,0,-1,-1,-1,30,5,0,180,200,0.2,-1,-1,-1,-1,1.8,0,0,0,1,0,0,0,0,0,0,0,0,1,0,-1,-1,-1,-1,-1,-1,-1,-1,2900,0.1,0.4,-1,0,0,30,0.29,100,3001,-1,5003,6001,-1,0,0.5,0.6,0,-1,0,1,1,1,1,1,1,1,1,1,1,1,1,1,1,1,1,1,1,-1,0,-1,0,-1,-1,-1,-1,[0|0|0|0|0|0|0|0|0|0|0|0],
40700065,Wolf,0,0,[0|0|0],40700,1001,0,120,1.2,0.6,100,0,78,0,100,407000000,-1,10,0,0,-1,-1,0.8,-1,0,0,0,7090,0,0,0,0,-1,0,0,0,0,0,-1,-1,-1,-1,-1,-1,28,3000,3001,3002,3003,3004,3005,3006,3007,3008,3009,6001,6000,0,1,1,1,1,1,1,1,1,1.5,-0.53846157,0,50,21,100,0,0,0,100,100,100,0,84,84,84,999,-1,-1,0,0,0,0,-1,-1,0,0,0,0,0,84,999,0,0,-1,10,0,11,0,0,6,11,40,110,110,0,0,0,0,0,0,0,0,0,0,0,0,0,17,7,0,0,0,0,0,0,1,0,0,0,0,0,0,0,0,0,0,0,0,1,0,0,0,0,0,0,0,0,0,0,0,0,0,0,1,0,0,1,0,0,0,0,0,0,0,0,0,0,0,0,0,0,0,0,0,0,0,1.2,0.6,0,0,0,0,0,0,0,0,0,100,1,4,1,109,109,139,139,139,139,0,90030,0,0,90060,90160,90200,5261,-1,0,0,1.1,1.4,1.1,1.1,1.2,1.4,1.2,1.2,0,0,0,-1,-1,128,2001,-1,100,30,154,0,0,-1,0,0,-1,-1,-1,16900,-1,-1,-1,-1,-1,-1,-1,5130,461,-1,0,2,1,0,0,1,1,1,0,0,-1,-1,0,0,0,0,0,0,-1,-1,-1,30,5,0,180,200,0.2,-1,-1,-1,-1,1.8,0,0,0,1,0,0,0,0,0,0,0,0,1,0,-1,-1,-1,-1,-1,-1,-1,-1,2900,0.1,0.4,-1,0,0,30,0.29,100,3001,-1,5003,6001,-1,0,0.5,0.6,0,-1,0,1,1,1,1,1,1,1,1,1,1,1,1,1,1,1,1,1,1,-1,0,-1,0,-1,-1,-1,-1,[0|0|0|0|0|0|0|0|0|0|0|0],
40700112,Wolf,0,0,[0|0|0],40700,1001,0,120,1.2,0.6,100,0,78,0,100,407000000,-1,10,0,0,-1,-1,0.8,-1,0,0,0,7020,0,0,0,0,-1,0,0,0,0,0,-1,-1,-1,-1,-1,-1,28,3000,3001,3002,3003,3004,3005,3006,3007,3008,3009,6001,6000,0,1,1,1,1,1,1,1,1,1.5,-0.53846157,0,50,21,100,0,0,0,100,100,100,0,84,84,84,999,-1,-1,0,0,0,0,-1,-1,0,0,0,0,0,84,999,0,0,-1,10,0,11,0,0,6,11,40,110,110,0,0,0,0,0,0,0,0,0,0,0,0,0,17,7,0,0,0,0,0,0,1,0,0,0,0,0,0,0,0,0,0,0,0,1,0,0,0,0,0,0,0,0,0,0,0,0,0,0,1,0,0,1,0,0,0,0,0,0,0,0,0,0,0,0,0,0,0,0,0,0,0,1.2,0.6,0,0,0,0,0,0,0,0,0,100,1,4,1,109,109,139,139,139,139,0,90030,0,0,90060,90160,90200,5261,-1,0,0,1.1,1.4,1.1,1.1,1.2,1.4,1.2,1.2,0,0,0,-1,-1,128,2001,-1,100,30,154,0,0,-1,0,5000,-1,-1,-1,16900,-1,-1,-1,-1,-1,-1,-1,5130,461,-1,0,2,1,0,0,1,1,1,0,0,-1,-1,0,0,0,0,0,0,-1,-1,-1,30,5,0,180,200,0.2,-1,-1,-1,-1,1.8,0,0,0,1,0,0,0,0,0,0,0,0,1,0,-1,-1,-1,-1,-1,-1,-1,-1,2900,0.1,0.4,-1,0,0,30,0.29,100,3001,-1,5003,6001,-1,0,0.5,0.6,0,-1,0,1,1,1,1,1,1,1,1,1,1,1,1,1,1,1,1,1,1,-1,0,-1,0,-1,-1,-1,-1,[0|0|0|0|0|0|0|0|0|0|0|0],
40700152,Wolf,0,0,[0|0|0],40700,1001,0,120,1.2,0.6,100,0,78,0,100,407000000,-1,10,0,0,-1,-1,0.8,-1,0,0,0,7160,0,0,0,0,-1,0,0,0,0,0,-1,-1,-1,-1,-1,-1,28,3000,3001,3002,3003,3004,3005,3006,3007,3008,3009,6001,6000,0,1,1,1,1,1,1,1,1,1.5,-0.53846157,0,50,21,100,0,0,0,100,100,100,0,84,84,84,999,-1,-1,0,0,0,0,-1,-1,0,0,0,0,0,84,999,0,0,-1,10,0,11,0,0,60,11,40,110,110,0,0,0,0,0,0,0,0,0,0,0,0,0,17,7,0,0,0,0,0,0,1,0,0,0,0,0,0,0,0,0,0,0,0,1,0,0,0,0,0,0,0,0,0,0,0,0,0,0,1,0,0,1,0,0,0,0,0,0,0,0,0,0,0,0,0,0,0,0,0,0,0,1.2,0.6,0,0,0,0,0,0,0,0,0,100,1,4,1,109,109,139,139,139,139,0,90030,0,0,90060,90160,90200,5261,-1,0,0,1.1,1.4,1.1,1.1,1.2,1.4,1.2,1.2,0,0,0,-1,-1,128,2001,-1,100,30,154,0,0,-1,0,5000,-1,-1,-1,16900,-1,-1,-1,-1,-1,-1,-1,5130,461,-1,0,2,1,0,0,1,1,1,0,0,-1,-1,0,0,0,0,0,0,-1,-1,-1,30,5,0,180,200,0.2,-1,-1,-1,-1,1.8,0,0,0,1,0,0,0,0,0,0,0,0,1,0,-1,-1,-1,-1,-1,-1,-1,-1,2900,0.1,0.4,-1,0,0,30,0.29,100,3001,-1,5003,6001,-1,0,0.5,0.6,0,-1,0,1,1,1,1,1,1,1,1,1,1,1,1,1,1,1,1,1,1,-1,0,-1,0,-1,-1,-1,-1,[0|0|0|0|0|0|0|0|0|0|0|0],
40700550,Wolf,0,0,[0|0|0],40700,-1,0,120,1.2,0.6,100,0,78,0,100,-1,-1,10,0,0,-1,-1,0.8,-1,0,0,0,7120,0,0,90000,90010,-1,0,0,0,0,0,-1,-1,-1,-1,-1,-1,28,3000,3001,3002,3003,3004,3005,3006,3007,3008,3009,6001,6000,0,1,1,1,1,1,1,1,1,1.5,-0.53846157,0,50,21,100,0,0,0,100,100,100,0,999,999,999,999,-1,-1,0,0,0,0,-1,-1,1,0,0,0,0,999,999,0,0,-1,10,0,11,0,0,6,11,40,110,110,0,0,0,0,0,0,0,0,0,0,0,0,0,17,7,0,0,0,0,0,0,1,0,0,0,0,0,0,0,0,0,0,0,0,1,0,0,0,0,0,0,0,0,0,0,0,0,0,0,1,0,0,1,0,0,0,0,0,0,0,0,0,0,0,0,0,0,0,0,0,0,0,1.2,0.6,0,0,0,0,0,0,0,0,0,100,1,4,1,109,109,139,139,139,139,90020,90030,90040,90300,90060,90160,90200,-1,-1,0,0,1.1,1.4,1.1,1.1,1.2,1.4,1.2,1.2,0,0,0,-1,-1,128,-1,-1,100,30,999,0,0,-1,0,0,-1,-1,-1,16900,-1,-1,-1,-1,-1,-1,-1,5130,461,-1,0,2,1,0,0,1,1,1,0,0,-1,-1,0,0,0,0,0,0,-1,-1,-1,30,5,0,180,200,0.2,-1,-1,-1,-1,1.8,0,0,0,1,0,0,0,0,0,0,0,0,1,0,-1,-1,-1,-1,-1,-1,-1,-1,2900,0.1,0.4,-1,0,0,30,0.29,100,-1,-1,-1,-1,-1,0,0.5,0.6,0,-1,0,1,1,1,1,1,1,1,1,1,1,1,1,1,1,1,1,1,1,-1,0,-1,0,-1,-1,-1,-1,[0|0|0|0|0|0|0|0|0|0|0|0],
40701012,Wolf,0,0,[0|0|0],40700,1001,0,120,1.2,0.6,100,0,78,0,100,407000000,-1,10,0,0,-1,-1,0.8,-1,0,0,0,7020,0,0,0,0,-1,0,0,0,0,0,-1,-1,-1,-1,-1,-1,28,3000,3001,3002,3003,3004,3005,3006,3007,3008,3009,6001,6000,0,1,1,1,1,1,1,1,1,1.5,-0.53846157,0,50,21,100,0,0,0,100,100,100,0,84,84,84,999,-1,-1,0,0,0,0,-1,-1,0,0,0,0,0,84,999,0,0,-1,10,0,11,0,0,6,11,40,110,110,0,0,0,0,0,0,0,0,0,0,0,0,0,17,7,0,0,0,0,0,0,1,0,0,0,0,0,0,0,0,0,0,0,1,1,0,0,0,0,0,0,0,0,0,0,0,0,0,0,1,0,0,1,0,0,0,0,0,0,0,0,0,0,0,0,0,0,0,0,0,0,0,1.2,0.6,0,0,0,0,0,0,0,0,0,100,1,4,1,109,109,139,139,139,139,0,90030,0,0,90060,90160,90200,5261,-1,0,0,1.1,1.4,1.1,1.1,1.2,1.4,1.2,1.2,0,0,0,-1,-1,128,2001,-1,100,30,154,0,0,-1,8700,0,-1,-1,-1,16900,-1,-1,-1,-1,-1,-1,-1,5130,461,-1,0,2,1,0,0,1,1,1,0,0,-1,-1,0,0,0,0,0,0,-1,-1,-1,30,5,0,180,200,0.2,-1,-1,-1,-1,1.8,0,0,0,1,0,0,0,0,0,0,0,0,1,0,-1,-1,-1,-1,-1,-1,-1,-1,2900,0.1,0.4,-1,0,0,30,0.29,100,3001,-1,5003,6001,-1,0,0.5,0.6,0,-1,0,1,1,1,1,1,1,1,1,1,1,1,1,1,1,1,1,1,1,-1,0,-1,0,-1,-1,-1,-1,[0|0|0|0|0|0|0|0|0|0|0|0],
40702010,Wolf,0,0,[0|0|0],40700,1001,0,120,1.2,0.6,100,0,78,0,100,407000000,-1,10,0,0,-1,-1,0.8,-1,0,0,0,7010,0,0,0,0,-1,0,0,0,0,0,-1,-1,-1,-1,-1,-1,28,3000,3001,3002,3003,3004,3005,3006,3007,3008,3009,6001,6000,0,1,1,1,1,1,1,1,1,1.5,-0.53846157,0,50,21,100,0,0,0,100,100,100,0,84,84,84,999,-1,-1,0,0,0,0,-1,-1,0,0,0,0,0,84,999,0,0,-1,10,0,11,0,0,6,11,40,110,110,0,0,0,0,0,0,0,0,0,0,0,0,0,17,7,0,0,0,0,0,0,1,0,0,0,0,0,0,0,0,0,0,0,0,1,0,0,0,0,0,0,0,0,0,0,0,0,0,0,1,0,0,1,0,0,0,0,0,0,0,0,0,0,0,0,0,0,0,0,0,0,0,1.2,0.6,0,0,0,0,0,0,0,0,0,100,1,4,1,109,109,139,139,139,139,0,90030,0,0,90060,90160,90200,5261,-1,0,0,1.1,1.4,1.1,1.1,1.2,1.4,1.2,1.2,0,0,0,-1,-1,128,2001,-1,100,30,154,0,0,-1,0,0,-1,-1,-1,16900,-1,-1,-1,-1,-1,-1,-1,5130,461,-1,0,2,1,0,0,1,1,1,0,0,-1,-1,0,0,0,0,0,0,-1,-1,-1,30,5,0,180,200,0.2,-1,-1,-1,-1,1.8,0,0,0,1,0,0,0,0,0,0,0,0,1,0,-1,-1,-1,-1,-1,-1,-1,-1,2900,0.1,0.4,-1,0,0,30,0.29,100,3001,-1,5003,6001,-1,0,0.5,0.6,0,-1,0,1,1,1,1,1,1,1,1,1,1,1,1,1,1,1,1,1,1,-1,0,-1,0,-1,-1,-1,-1,[0|0|0|0|0|0|0|0|0|0|0|0],
40708024,Wolf,0,0,[0|0|0],40700,1001,0,120,1.2,0.6,100,0,78,0,100,407000000,-1,10,0,0,-1,-1,0.8,-1,0,0,0,7060,0,90400,90000,90010,-1,0,0,0,0,0,-1,-1,-1,-1,-1,-1,28,3000,3001,3002,3003,3004,3005,3006,3007,3008,3009,6001,6000,0,1,1,1,1,1,1,1,1,1.5,-0.53846157,0,50,21,100,0,0,0,100,100,100,0,84,84,84,999,-1,-1,0,0,0,0,-1,-1,0,0,0,0,0,84,999,0,0,-1,10,0,11,0,0,6,11,40,110,110,0,0,0,0,0,0,0,0,0,0,0,0,0,17,7,0,0,0,0,0,0,1,0,0,0,0,0,0,0,0,0,0,0,0,1,0,0,0,0,0,0,0,0,0,0,0,0,0,0,1,0,0,1,0,0,0,0,0,0,0,0,0,0,0,0,0,0,0,0,0,0,0,1.2,0.6,0,0,0,0,0,0,0,0,0,100,1,4,1,109,109,139,139,139,139,90020,90030,90040,90300,90060,90160,90200,-1,-1,0,0,1.1,1.4,1.1,1.1,1.2,1.4,1.2,1.2,0,0,0,-1,-1,128,2001,-1,100,30,154,0,0,-1,0,0,-1,-1,14570,-1,14593,-1,-1,-1,-1,-1,-1,5130,461,-1,0,2,1,0,0,1,1,1,0,0,-1,-1,0,0,0,0,0,0,-1,-1,-1,30,5,0,180,200,0.2,-1,-1,-1,-1,1.8,0,0,0,1,0,0,0,0,0,0,0,0,1,0,-1,-1,-1,-1,-1,-1,-1,-1,2900,0.1,0.4,-1,0,0,30,0.29,100,3001,-1,5003,6001,-1,0,0.5,0.6,0,-1,0,1,1,1,1,1,1,1,1,1,1,1,1,1,1,1,1,1,1,-1,0,-1,0,-1,-1,-1,-1,[0|0|0|0|0|0|0|0|0|0|0|0],
40710009,White Wolf,0,0,[0|0|0],40700,1001,0,120,1.2,0.8,100,0,409,0,100,-1,-1,10,0,0,-1,-1,1.1,-1,0,0,0,0,0,0,0,0,-1,0,0,0,0,0,-1,-1,-1,-1,-1,-1,28,3000,3001,3002,3003,3004,3005,3006,3007,3008,3009,6001,6000,0,1,1,1,1,1,1,1,1,1.5,-0.23076923,0,50,21,100,0,0,0,100,100,100,0,84,84,84,999,-1,-1,0,0,0,0,-1,4070,0,0,0,0,0,84,999,0,0,-1,10,0,11,0,0,6,11,40,110,110,0,0,0,0,0,0,0,0,0,0,0,0,0,17,7,0,0,0,0,0,0,1,0,0,0,0,0,0,0,0,0,0,0,0,0,1,0,0,0,0,0,0,0,0,0,0,0,0,0,1,0,0,1,0,0,0,0,0,0,0,0,0,0,0,0,0,0,0,0,0,0,0,1.2,0.8,0,0,0,0,0,0,0,0,0,100,1,4,1,109,109,139,139,139,139,0,90030,0,0,90060,90160,90200,5261,-1,0,0,1.1,1.4,1.1,1.1,1.2,1.4,1.2,1.2,0,0,0,-1,-1,128,2001,-1,100,30,154,0,0,-1,10414,-1,-1,-1,-1,16900,-1,-1,-1,-1,-1,-1,-1,5130,461,-1,0,2,1,0,0,1,1,1,0,0,-1,-1,0,0,0,0,0,0,-1,-1,4070,30,5,0,180,200,0.2,-1,-1,4070,-1,1.8,0,0,0,1,0,0,0,0,0,0,0,0,1.2,0,-1,-1,-1,-1,-1,-1,-1,-1,2900,0.1,0.4,-1,0,0,50,0.29,100,3001,-1,5003,6001,-1,0,0.5,0.6,0,-1,0,1,1,1,1,1,1,1,1,1,1,1,1,1,1,1,1,1,1,-1,0,-1,0,-1,-1,-1,-1,[0|0|0|0|0|0|0|0|0|0|0|0],
40710042,White Wolf,0,0,[0|0|0],40700,1001,0,120,1.2,0.8,100,0,409,0,100,407100000,-1,10,0,0,-1,-1,1.1,-1,0,0,0,7150,0,0,0,0,-1,0,0,0,0,0,-1,-1,-1,-1,-1,-1,28,3000,3001,3002,3003,3004,3005,3006,3007,3008,3009,6001,6000,0,1,1,1,1,1,1,1,1,1.5,-0.23076923,0,50,21,100,0,0,0,100,100,100,0,84,84,84,999,-1,-1,0,0,0,0,-1,4070,0,0,0,0,0,84,999,0,0,-1,10,0,11,0,0,6,11,40,110,110,0,0,0,0,0,0,0,0,0,0,0,0,0,17,7,0,0,0,0,0,0,1,0,0,0,0,0,0,0,0,0,0,0,0,0,1,0,0,0,0,0,0,0,0,0,0,0,0,0,1,0,0,1,0,0,0,0,0,0,0,0,0,0,0,0,0,0,0,0,0,0,0,1.2,0.8,0,0,0,0,0,0,0,0,0,100,1,4,1,109,109,139,139,139,139,0,90030,0,0,90060,90160,90200,5261,-1,0,0,1.1,1.4,1.1,1.1,1.2,1.4,1.2,1.2,0,0,0,-1,-1,128,2001,-1,100,30,154,0,0,-1,10414,-1,-1,-1,-1,16900,-1,-1,-1,-1,-1,-1,-1,5130,461,-1,0,2,1,0,0,1,1,1,0,0,-1,-1,0,0,0,0,0,0,-1,-1,4070,30,5,0,180,200,0.2,-1,-1,4070,-1,1.8,0,0,0,1,0,0,0,0,0,0,0,0,1.2,0,-1,-1,-1,-1,-1,-1,-1,-1,2900,0.1,0.4,-1,0,0,50,0.29,100,3001,-1,5003,6001,-1,0,0.5,0.6,0,-1,0,1,1,1,1,1,1,1,1,1,1,1,1,1,1,1,1,1,1,-1,0,-1,0,-1,-1,-1,-1,[0|0|0|0|0|0|0|0|0|0|0|0],
40710052,White Wolf,0,0,[0|0|0],40700,1001,0,120,1.2,0.8,100,0,409,0,100,407100000,-1,10,0,0,-1,-1,1.1,-1,0,0,0,7160,0,0,0,0,-1,0,0,0,0,0,-1,-1,-1,-1,-1,-1,28,3000,3001,3002,3003,3004,3005,3006,3007,3008,3009,6001,6000,0,1,1,1,1,1,1,1,1,1.5,-0.23076923,0,50,21,100,0,0,0,100,100,100,0,84,84,84,999,-1,-1,0,0,0,0,-1,4070,0,0,0,0,0,84,999,0,0,-1,10,0,11,0,0,60,11,40,110,110,0,0,0,0,0,0,0,0,0,0,0,0,0,17,7,0,0,0,0,0,0,1,0,0,0,0,0,0,0,0,0,0,0,0,0,1,0,0,0,0,0,0,0,0,0,0,0,0,0,1,0,0,1,0,0,0,0,0,0,0,0,0,0,0,0,0,0,0,0,0,0,0,1.2,0.8,0,0,0,0,0,0,0,0,0,100,1,4,1,109,109,139,139,139,139,0,90030,0,0,90060,90160,90200,5261,-1,0,0,1.1,1.4,1.1,1.1,1.2,1.4,1.2,1.2,0,0,0,-1,-1,128,2001,-1,100,30,154,0,0,-1,10414,-1,-1,-1,-1,16900,-1,-1,-1,-1,-1,-1,-1,5130,461,-1,0,2,1,0,0,1,1,1,0,0,-1,-1,0,0,0,0,0,0,-1,-1,4070,30,5,0,180,200,0.2,-1,-1,4070,-1,1.8,0,0,0,1,0,0,0,0,0,0,0,0,1.2,0,-1,-1,-1,-1,-1,-1,-1,-1,2900,0.1,0.4,-1,0,0,50,0.29,100,3001,-1,5003,6001,-1,0,0.5,0.6,0,-1,0,1,1,1,1,1,1,1,1,1,1,1,1,1,1,1,1,1,1,-1,0,-1,0,-1,-1,-1,-1,[0|0|0|0|0|0|0|0|0|0|0|0],
40710065,White Wolf,0,0,[0|0|0],40700,1001,0,120,1.2,0.8,100,0,409,0,100,407100000,-1,10,0,0,-1,-1,1.1,-1,0,0,0,7090,0,0,0,0,-1,0,0,0,0,0,-1,-1,-1,-1,-1,-1,28,3000,3001,3002,3003,3004,3005,3006,3007,3008,3009,6001,6000,0,1,1,1,1,1,1,1,1,1.5,-0.23076923,0,50,21,100,0,0,0,100,100,100,0,84,84,84,999,-1,-1,0,0,0,0,-1,4070,0,0,0,0,0,84,999,0,0,-1,10,0,11,0,0,6,11,40,110,110,0,0,0,0,0,0,0,0,0,0,0,0,0,17,7,0,0,0,0,0,0,1,0,0,0,0,0,0,0,0,0,0,0,0,0,1,0,0,0,0,0,0,0,0,0,0,0,0,0,1,0,0,1,0,0,0,0,0,0,0,0,0,0,0,0,0,0,0,0,0,0,0,1.2,0.8,0,0,0,0,0,0,0,0,0,100,1,4,1,109,109,139,139,139,139,0,90030,0,0,90060,90160,90200,5261,-1,0,0,1.1,1.4,1.1,1.1,1.2,1.4,1.2,1.2,0,0,0,-1,-1,128,2001,-1,100,30,154,0,0,-1,10414,-1,-1,-1,-1,16900,-1,-1,-1,-1,-1,-1,-1,5130,461,-1,0,2,1,0,0,1,1,1,0,0,-1,-1,0,0,0,0,0,0,-1,-1,4070,30,5,0,180,200,0.2,-1,-1,4070,-1,1.8,0,0,0,1,0,0,0,0,0,0,0,0,1.2,0,-1,-1,-1,-1,-1,-1,-1,-1,2900,0.1,0.4,-1,0,0,50,0.29,100,3001,-1,5003,6001,-1,0,0.5,0.6,0,-1,0,1,1,1,1,1,1,1,1,1,1,1,1,1,1,1,1,1,1,-1,0,-1,0,-1,-1,-1,-1,[0|0|0|0|0|0|0|0|0|0|0|0],
40710550,White Wolf,0,0,[0|0|0],40700,-1,0,120,1.2,0.8,100,0,409,0,100,-1,-1,10,0,0,-1,-1,1.1,-1,0,0,0,7120,0,0,90000,90010,-1,0,0,0,0,0,-1,-1,-1,-1,-1,-1,28,3000,3001,3002,3003,3004,3005,3006,3007,3008,3009,6001,6000,0,1,1,1,1,1,1,1,1,1.5,-0.23076923,0,50,21,100,0,0,0,100,100,100,0,999,999,999,999,-1,-1,0,0,0,0,-1,4070,1,0,0,0,0,999,999,0,0,-1,10,0,11,0,0,6,11,40,110,110,0,0,0,0,0,0,0,0,0,0,0,0,0,17,7,0,0,0,0,0,0,1,0,0,0,0,0,0,0,0,0,0,0,0,0,1,0,0,0,0,0,0,0,0,0,0,0,0,0,1,0,0,1,0,0,0,0,0,0,0,0,0,0,0,0,0,0,0,0,0,0,0,1.2,0.8,0,0,0,0,0,0,0,0,0,100,1,4,1,109,109,139,139,139,139,90020,90030,90040,90300,90060,90160,90200,-1,-1,0,0,1.1,1.4,1.1,1.1,1.2,1.4,1.2,1.2,0,0,0,-1,-1,128,-1,-1,100,30,999,0,0,-1,10414,-1,-1,-1,-1,16900,-1,-1,-1,-1,-1,-1,-1,5130,461,-1,0,2,1,0,0,1,1,1,0,0,-1,-1,0,0,0,0,0,0,-1,-1,4070,30,5,0,180,200,0.2,-1,-1,4070,-1,1.8,0,0,0,1,0,0,0,0,0,0,0,0,1.2,0,-1,-1,-1,-1,-1,-1,-1,-1,2900,0.1,0.4,-1,0,0,50,0.29,100,-1,-1,-1,-1,-1,0,0.5,0.6,0,-1,0,1,1,1,1,1,1,1,1,1,1,1,1,1,1,1,1,1,1,-1,0,-1,0,-1,-1,-1,-1,[0|0|0|0|0|0|0|0|0|0|0|0],
40800054,Rat,0,0,[0|0|0],40800,1003,0,130,1,0.5,100,0,162,0,100,408000100,-1,-1,0,0,-1,-1,0.5,-1,5400,0,0,7180,0,0,0,0,-1,0,0,0,0,0,-1,-1,-1,-1,-1,-1,75,3000,3001,3002,3003,3004,3005,3006,3007,702,703,701,700,0,1,1,1,1,1,1,1,1,1.5,-0.53846157,0,50,21,100,0,0,0,100,100,100,0,154,154,84,999,-1,-1,0,0,0,0,-1,-1,0,0,0,0,0,84,999,0,0,-1,10,0,10,0,0,6,4,40,110,110,0,0,0,0,0,0,0,0,0,0,0,0,0,17,7,0,0,0,0,0,0,1,0,0,0,0,0,0,0,0,0,0,0,0,0,0,0,0,0,0,0,0,0,0,0,0,0,0,0,1,0,1,1,0,0,0,0,0,0,0,0,0,0,0,0,0,0,0,0,0,0,0,1,0.5,0,0,0,0,0,0,1,0,0,100,1,999,1,109,109,139,139,139,139,0,90030,0,0,90060,90160,90200,5261,-1,0,0.4,1.1,1.4,1.1,1.1,1.2,1.4,1.2,1.2,0,0,0,-1,-1,128,2003,-1,100,10,112,0,0,4080,-1,5800,10430,-1,10434,-1,-1,-1,-1,-1,-1,-1,5130,152,461,-1,0,2,1,0,0,1,1,1,0,0,-1,-1,0,0,0,0,0,0,-1,-1,4090,30,30,0,180,100,0.1,-1,-1,-1,-1,1,0,0,0,1,0,0,0,0,0,0,0,0,1,0,-1,-1,-1,-1,-1,-1,-1,-1,2900,0.1,0.4,-1,0,0,30,0.29,100,3001,-1,5002,6001,-1,0,0.5,0.6,0,-1,0,1,1,1,1,1,1,1,1,1,1,1,1,1,1,1,1,1,1,-1,0,-1,0,-1,-1,-1,-1,[0|0|0|0|0|0|0|0|0|0|0|0],
40800134,Rat (Leyndell),0,0,[0|0|0],40800,1003,0,130,1,0.5,100,0,162,0,100,408000100,-1,-1,0,0,-1,-1,0.5,-1,5400,0,0,7100,0,0,0,0,-1,0,0,0,0,0,-1,-1,-1,-1,-1,-1,75,3000,3001,3002,3003,3004,3005,3006,3007,702,703,701,700,0,1,1,1,1,1,1,1,1,1.5,-0.53846157,0,50,21,100,0,0,0,100,100,100,0,154,154,84,999,-1,-1,0,0,0,0,-1,-1,0,0,0,0,0,84,999,0,0,-1,10,0,10,0,0,6,4,40,110,110,0,0,0,0,0,0,0,0,0,0,0,0,0,17,7,0,0,0,0,0,0,1,0,0,0,0,0,0,0,0,0,0,0,0,0,0,0,0,0,0,0,0,0,0,0,0,0,0,0,1,0,1,1,0,0,0,0,0,0,0,0,0,0,0,0,0,0,0,0,0,0,0,1,0.5,0,0,0,0,0,0,1,0,0,100,1,999,1,109,109,139,139,139,139,0,90030,0,0,90060,90160,90200,5261,-1,0,0.4,1.1,1.4,1.1,1.1,1.2,1.4,1.2,1.2,0,0,0,-1,-1,128,2003,-1,100,10,112,0,0,4080,5000,5800,10430,-1,10434,-1,-1,-1,-1,-1,-1,-1,5130,152,461,-1,0,2,1,0,0,1,1,1,0,0,-1,-1,0,0,0,0,0,0,-1,-1,4090,30,30,0,180,100,0.1,-1,-1,-1,-1,1,0,0,0,1,0,0,0,0,0,0,0,0,1,0,-1,-1,-1,-1,-1,-1,-1,-1,2900,0.1,0.4,-1,0,0,30,0.29,100,3001,-1,5002,6001,-1,0,0.5,0.6,0,-1,0,1,1,1,1,1,1,1,1,1,1,1,1,1,1,1,1,1,1,-1,0,-1,0,-1,-1,-1,-1,[0|0|0|0|0|0|0|0|0|0|0|0],
40800210,Rat,0,0,[0|0|0],40800,-1,0,130,1,0.5,100,0,162,0,100,408000000,-1,-1,0,0,-1,-1,0.5,-1,5400,0,0,7010,0,0,90000,0,-1,0,0,0,0,0,-1,-1,-1,-1,-1,-1,75,3000,3001,3002,3003,3004,3005,3006,3007,702,703,701,700,0,1,1,1,1,1,1,1,1,1.5,-0.53846157,0,50,21,100,0,0,0,100,100,100,0,999,154,84,999,-1,-1,0,0,0,0,-1,-1,0,0,0,0,0,84,999,0,0,-1,10,0,10,0,0,6,4,40,110,110,0,0,0,0,0,0,0,0,0,0,0,0,0,17,7,0,0,0,0,0,0,1,0,0,0,0,0,0,0,0,0,0,0,0,0,0,0,0,0,0,0,0,0,0,0,0,0,0,0,1,0,1,1,0,0,0,0,0,0,0,0,0,0,0,0,0,0,0,0,0,0,0,1,0.5,0,0,0,0,0,0,1,0,0,100,1,999,1,109,109,139,139,139,139,0,90030,0,0,90060,90160,90200,5261,-1,0,0.4,1.1,1.4,1.1,1.1,1.2,1.4,1.2,1.2,0,0,0,-1,-1,128,2003,-1,100,10,112,0,0,4080,-1,5800,10430,-1,10434,-1,-1,-1,-1,-1,-1,-1,5130,152,461,-1,0,2,1,0,0,1,1,1,0,0,-1,-1,0,0,0,0,0,0,-1,-1,4090,30,30,0,180,100,0.1,-1,-1,-1,-1,1,0,0,0,1,0,0,0,0,0,0,0,0,1,0,-1,-1,-1,-1,-1,-1,-1,-1,2900,0.1,0.4,-1,0,0,30,0.29,100,3001,-1,5002,6001,-1,0,0.5,0.6,0,-1,0,1,1,1,1,1,1,1,1,1,1,1,1,1,1,1,1,1,1,-1,0,-1,0,-1,-1,-1,-1,[0|0|0|0|0|0|0|0|0|0|0|0],
40809000,Rat,0,0,[0|0|0],40800,1003,0,130,1,0.5,100,0,162,0,100,408000020,-1,-1,0,0,-1,-1,0.5,-1,5400,7705,0,0,0,0,0,0,-1,0,0,0,0,0,-1,-1,-1,-1,-1,-1,75,3000,3001,3002,3003,3004,3005,3006,3007,702,703,701,700,0,1,1,1,1,1,1,1,1,1.3,-0.53846157,0,50,21,100,0,0,0,100,100,100,0,154,154,84,999,-1,-1,0,0,0,0,-1,-1,1,0,0,0,0,84,999,0,0,-1,10,0,10,0,0,6,4,40,110,110,0,0,0,0,0,0,0,0,0,0,0,0,0,17,7,0,0,0,0,0,0,1,0,0,0,0,0,0,0,0,0,0,0,0,0,0,0,0,0,0,0,0,0,0,0,0,0,0,0,1,0,1,1,0,0,0,0,0,0,0,0,0,0,0,0,0,0,0,0,0,0,0,1,0.5,0,0,0,0,0,0,1,0,0,100,1,999,1,109,109,139,139,139,139,0,90030,0,0,90060,90160,90200,5260,-1,0,0.4,1.1,1.4,1.1,1.1,1.2,1.4,1.2,1.2,0,0,0,-1,-1,128,2003,-1,0,10,112,0,0,4080,-1,5800,10430,-1,10434,-1,-1,-1,-1,-1,-1,-1,5130,152,461,8600303,0,2,1,0,0,1,1,1,0,0,-1,-1,0,0,0,0,0,0,-1,-1,4090,30,30,0,180,100,0.1,-1,-1,-1,-1,1,0,0,0,1,0,0,0,0,0,0,0,0,1,0,-1,-1,-1,-1,-1,-1,-1,-1,2900,0.1,0.4,-1,0,0,30,0.29,100,3001,-1,5002,6001,-1,0,0.5,0.6,0,-1,0,1.25,1.4,1.25,1.25,1,1,1.1,1,1,1.1,1,1,1,1,1,1,1,1,4,0,-1,0,-1,-1,-1,-1,[0|0|0|0|0|0|0|0|0|0|0|0],
40900034,Giant Rat (Leyndell),0,0,[0|0|0],40900,1003,0,60,2,0.7,100,0,556,0,100,409000100,-1,-1,3,0,-1,-1,0.7,-1,5400,5324,10420,7100,0,0,0,0,-1,0,0,0,0,0,-1,-1,-1,-1,-1,-1,18,3000,3001,3002,3003,3004,3005,3006,3007,702,703,701,-1,0,1,1,1,1,1,1,1,1,1.5,0,0,50,21,100,0,0,0,100,100,100,0,154,154,84,999,-1,-1,0,0,0,0,-1,-1,1,0,0,0,0,84,999,0,0,-1,10,0,11,0,0,6,4,40,110,110,0,0,0,0,0,0,0,0,0,0,2,0,0,17,7,0,0,0,0,0,0,1,0,0,0,0,0,0,0,0,0,0,0,0,0,0,0,0,0,0,0,0,0,0,0,0,0,0,0,1,0,1,1,0,0,0,0,0,0,0,0,0,0,0,0,0,0,0,0,0,0,0,2,0.7,0,0,0,0,0,0,1,0,0,100,1,999,1,109,109,139,139,139,139,0,90030,0,0,90060,90160,90200,5261,-1,0,0.4,1.1,1.4,1.1,1.1,1.2,1.4,1.2,1.2,0,0,0,-1,-1,256,2003,-1,100,10,112,0,0,-1,-1,5800,10421,-1,10423,-1,102304,102309,-1,-1,-1,-1,5130,-1,461,-1,0,2,1,0,0,1,1,1,0,0,-1,-1,0,0,0,0,0,0,-1,-1,4090,30,10,0,180,100,0.05,-1,-1,-1,-1,1.8,0,0,0,1,0,0,0,0,0,0,0,0,1,0,-1,-1,-1,-1,-1,-1,-1,-1,2900,0.1,0.4,-1,0,0,65,0.29,100,3001,-1,5002,6001,-1,0,0.5,0.6,0,-1,0,1,1,1,1,1,1,1,1,1,1,1,1,1,1,1,1,1,1,-1,0,-1,0,-1,-1,-1,-1,[0|0|0|0|0|0|0|0|0|0|0|0],
40900042,Giant Rat,0,0,[0|0|0],40900,1003,0,60,2,0.7,100,0,556,0,100,409000100,-1,-1,3,0,-1,-1,0.7,-1,5400,5324,10420,7150,0,0,0,0,-1,0,0,0,0,0,-1,-1,-1,-1,-1,-1,18,3000,3001,3002,3003,3004,3005,3006,3007,702,703,701,-1,0,1,1,1,1,1,1,1,1,1.5,0,0,50,21,100,0,0,0,100,100,100,0,154,154,84,999,-1,-1,0,0,0,0,-1,-1,1,0,0,0,0,84,999,0,0,-1,10,0,11,0,0,6,4,40,110,110,0,0,0,0,0,0,0,0,0,0,2,0,0,17,7,0,0,0,0,0,0,1,0,0,0,0,0,0,0,0,0,0,0,0,0,0,0,0,0,0,0,0,0,0,0,0,0,0,0,1,0,1,1,0,0,0,0,0,0,0,0,0,0,0,0,0,0,0,0,0,0,0,2,0.7,0,0,0,0,0,0,1,0,0,100,1,999,1,109,109,139,139,139,139,0,90030,0,0,90060,90160,90200,5261,-1,0,0.4,1.1,1.4,1.1,1.1,1.2,1.4,1.2,1.2,0,0,0,-1,-1,256,2003,-1,100,10,112,0,0,-1,-1,5800,10421,-1,10423,-1,102304,102309,-1,-1,-1,-1,5130,-1,461,-1,0,2,1,0,0,1,1,1,0,0,-1,-1,0,0,0,0,0,0,-1,-1,4090,30,10,0,180,100,0.05,-1,-1,-1,-1,1.8,0,0,0,1,0,0,0,0,0,0,0,0,1,0,-1,-1,-1,-1,-1,-1,-1,-1,2900,0.1,0.4,-1,0,0,65,0.29,100,3001,-1,5002,6001,-1,0,0.5,0.6,0,-1,0,1,1,1,1,1,1,1,1,1,1,1,1,1,1,1,1,1,1,-1,0,-1,0,-1,-1,-1,-1,[0|0|0|0|0|0|0|0|0|0|0|0],
40900054,Giant Rat,0,0,[0|0|0],40900,1003,0,60,2,0.7,100,0,556,0,100,409000100,-1,-1,3,0,-1,-1,0.7,-1,5400,5324,10420,7180,0,0,0,0,-1,0,0,0,0,0,-1,-1,-1,-1,-1,-1,18,3000,3001,3002,3003,3004,3005,3006,3007,702,703,701,-1,0,1,1,1,1,1,1,1,1,1.5,0,0,50,21,100,0,0,0,100,100,100,0,154,154,84,999,-1,-1,0,0,0,0,-1,-1,1,0,0,0,0,84,999,0,0,-1,10,0,11,0,0,6,4,40,110,110,0,0,0,0,0,0,0,0,0,0,2,0,0,17,7,0,0,0,0,0,0,1,0,0,0,0,0,0,0,0,0,0,0,0,0,0,0,0,0,0,0,0,0,0,0,0,0,0,0,1,0,1,1,0,0,0,0,0,0,0,0,0,0,0,0,0,0,0,0,0,0,0,2,0.7,0,0,0,0,0,0,1,0,0,100,1,999,1,109,109,139,139,139,139,0,90030,0,0,90060,90160,90200,5261,-1,0,0.4,1.1,1.4,1.1,1.1,1.2,1.4,1.2,1.2,0,0,0,-1,-1,256,2003,-1,100,10,112,0,0,-1,-1,5800,10421,-1,10423,-1,102304,102309,-1,-1,-1,-1,5130,-1,461,-1,0,2,1,0,0,1,1,1,0,0,-1,-1,0,0,0,0,0,0,-1,-1,4090,30,10,0,180,100,0.05,-1,-1,-1,-1,1.8,0,0,0,1,0,0,0,0,0,0,0,0,1,0,-1,-1,-1,-1,-1,-1,-1,-1,2900,0.1,0.4,-1,0,0,65,0.29,100,3001,-1,5002,6001,-1,0,0.5,0.6,0,-1,0,1,1,1,1,1,1,1,1,1,1,1,1,1,1,1,1,1,1,-1,0,-1,0,-1,-1,-1,-1,[0|0|0|0|0|0|0|0|0|0|0|0],
40900210,Giant Rat,0,0,[0|0|0],40900,-1,0,60,2,0.7,100,0,556,0,100,409000000,-1,-1,3,0,-1,-1,0.7,-1,5400,5324,10420,7010,0,0,90000,0,-1,0,0,0,0,0,-1,-1,-1,-1,-1,-1,18,3000,3001,3002,3003,3004,3005,3006,3007,702,703,701,-1,0,1,1,1,1,1,1,1,1,1.5,0,0,50,21,100,0,0,0,100,100,100,0,999,154,84,999,-1,-1,0,0,0,0,-1,-1,1,0,0,0,0,84,999,0,0,-1,10,0,11,0,0,6,4,40,110,110,0,0,0,0,0,0,0,0,0,0,2,0,0,17,7,0,0,0,0,0,0,1,0,0,0,0,0,0,0,0,0,0,0,0,0,0,0,0,0,0,0,0,0,0,0,0,0,0,0,1,0,1,1,0,0,0,0,0,0,0,0,0,0,0,0,0,0,0,0,0,0,0,2,0.7,0,0,0,0,0,0,1,0,0,100,1,999,1,109,109,139,139,139,139,0,90030,0,0,90060,90160,90200,5261,-1,0,0.4,1.1,1.4,1.1,1.1,1.2,1.4,1.2,1.2,0,0,0,-1,-1,256,2003,-1,100,10,112,0,0,-1,-1,5800,10421,-1,10423,-1,102304,102309,-1,-1,-1,-1,5130,-1,461,-1,0,2,1,0,0,1,1,1,0,0,-1,-1,0,0,0,0,0,0,-1,-1,4090,30,10,0,180,100,0.05,-1,-1,-1,-1,1.8,0,0,0,1,0,0,0,0,0,0,0,0,1,0,-1,-1,-1,-1,-1,-1,-1,-1,2900,0.1,0.4,-1,0,0,65,0.29,100,3001,-1,5002,6001,-1,0,0.5,0.6,0,-1,0,1,1,1,1,1,1,1,1,1,1,1,1,1,1,1,1,1,1,-1,0,-1,0,-1,-1,-1,-1,[0|0|0|0|0|0|0|0|0|0|0|0],
40900352,Giant Rat,0,0,[0|0|0],40900,1003,0,60,2,0.7,100,0,556,0,100,409000300,-1,-1,3,0,-1,-1,0.7,-1,5400,5324,10420,7160,0,0,0,0,-1,0,0,0,0,0,-1,-1,-1,-1,-1,-1,18,3000,3001,3002,3003,3004,3005,3006,3007,702,703,701,-1,0,1,1,1,1,1,1,1,1,1.5,0,0,50,21,100,0,0,0,100,100,100,0,154,154,84,999,-1,-1,0,0,0,0,-1,-1,1,0,0,0,0,999,999,0,0,-1,10,0,11,0,0,6,4,40,110,110,0,1,0,0,0,0,0,0,0,0,2,0,0,17,7,0,0,0,0,0,0,1,0,0,0,0,0,0,0,0,0,0,0,1,0,0,0,0,0,0,0,0,0,0,0,0,0,0,0,1,0,1,1,0,0,0,0,0,0,0,0,0,0,0,0,0,0,0,0,0,0,0,2,0.7,0,0,0,0,0,0,1,0,0,100,1,999,1,109,109,139,139,139,139,0,90030,0,90300,90060,90160,90200,5261,-1,0,0.4,1.1,1.4,1.1,1.1,1.2,1.4,1.2,1.2,0,0,0,-1,-1,256,2003,-1,100,10,112,0,0,-1,-1,5800,-1,10422,-1,10424,-1,-1,-1,-1,-1,-1,5130,-1,461,-1,0,2,1,0,0,1,1,1,0,0,-1,-1,0,0,0,0,0,0,-1,-1,4090,30,10,0,180,100,0.05,-1,-1,-1,-1,1.8,0,0,0,1,0,0,0,0,0,0,0,0,1,0,-1,-1,-1,-1,-1,-1,-1,-1,2900,0.1,0.4,-1,0,0,65,0.29,100,3001,-1,5002,-1,-1,0,0.5,0.6,0,-1,0,1,1,1,1,1,1,1,1,1,1,1,1,1,1,1,1,1,1,-1,0,-1,0,-1,-1,-1,-1,[0|0|0|0|0|0|0|0|0|0|0|0],
40909000,Giant Rat,0,0,[0|0|0],40900,1003,0,60,2,0.7,100,0,556,0,100,409000020,-1,-1,3,0,-1,-1,0.7,-1,5400,5324,10420,0,7725,0,0,0,-1,0,0,0,0,0,-1,-1,-1,-1,-1,-1,18,3000,3001,3002,3003,3004,3005,3006,3007,702,703,701,-1,0,1,1,1,1,1,1,1,1,1.3,0,0,50,21,100,0,0,0,100,100,100,0,154,154,84,999,-1,-1,0,0,0,0,-1,-1,1,0,0,0,0,84,999,0,0,-1,10,0,11,0,0,6,4,40,110,110,0,0,0,0,0,0,0,0,0,0,2,0,0,17,7,0,0,0,0,0,0,1,0,0,0,0,0,0,0,0,0,0,0,0,0,0,0,0,0,0,0,0,0,0,0,0,0,0,0,1,0,1,1,0,0,0,0,0,0,0,0,0,0,0,0,0,0,0,0,0,0,0,2,0.7,0,0,0,0,0,0,1,0,0,100,1,999,1,109,109,139,139,139,139,0,90030,0,0,90060,90160,90200,5260,-1,0,0.4,1.1,1.4,1.1,1.1,1.2,1.4,1.2,1.2,0,0,0,-1,-1,256,2003,-1,0,10,112,0,0,-1,-1,5800,10421,-1,10423,-1,-1,-1,-1,-1,-1,-1,5130,-1,461,8600304,0,2,1,0,0,1,1,1,0,0,-1,-1,0,0,0,0,0,0,-1,-1,4090,30,10,0,180,100,0.05,-1,-1,-1,-1,1.8,0,0,0,1,0,0,0,0,0,0,0,0,1,0,-1,-1,-1,-1,-1,-1,-1,-1,2900,0.1,0.4,-1,0,0,65,0.29,100,3001,-1,5002,6001,-1,0,0.5,0.6,0,-1,0,1.25,1.4,1.25,1.25,1,1,1.1,1,1,1.1,1,1,1,1,1,1,1,1,4,0,-1,0,-1,-1,-1,-1,[0|0|128|63|0|0|0|0|0|0|0|0],
41000042,Demi-Human,0,0,[0|0|0],41000,1001,0,180,1.5,0.4,100,0,119,0,100,410000000,-1,10,0,0,-1,-1,0.3,-1,5400,0,0,7150,0,0,0,0,-1,35,24,18,22,0,-1,-1,-1,-1,-1,-1,21,3000,3001,3002,3003,3004,3005,3006,3007,3008,3009,6001,6000,0,1,1,1,1,1,1,1,1,1.5,-0.53846157,0,10,21,100,0,0,0,100,100,100,0,84,84,84,999,-1,-1,0,0,0,0,-1,-1,0,0,0,0,30,84,999,0,0,-1,10,0,11,0,0,6,3,40,110,110,0,0,2,0,0,0,0,0,0,0,0,0,0,17,7,0,0,0,0,0,0,0,0,1,0,1,0,0,0,0,0,0,0,1,0,0,0,0,0,0,0,0,0,0,0,0,0,0,0,1,0,0,1,0,0,0,0,0,0,0,0,0,0,0,0,0,0,0,0,0,0,0,1.5,0.4,0,0,0,0,0,0,0,0,0,100,1,0,1,109,109,139,139,139,139,0,90030,0,0,90060,90162,90200,5261,-1,0,0.4,1.1,1.4,1.1,1.1,1.2,1.2,1.2,1.2,25,0,0,-1,-1,128,2001,-1,100,30,112,0,0,-1,10590,-1,10550,5800,-1,-1,-1,-1,-1,-1,-1,-1,-1,-1,-1,-1,0,2,0,0,0,1,1,1,0,0,-1,-1,0,0,0,0,0,0,-1,-1,-1,0,0,0,180,100,0.1,-1,-1,-1,-1,1.8,0,0,0,1,0,0,0,0,0,0,0,0,1,0,-1,-1,-1,-1,-1,-1,-1,-1,-1,0.1,0.4,-1,0,0,30,0.29,100,3001,-1,5002,6001,-1,0,0.5,0.6,0,-1,0,1,1,1,1,1,1,1,1,1,1,1,1,1,1,1,1,1,1,-1,0,-1,0,-1,-1,-1,-1,[0|0|0|0|0|0|0|0|0|0|0|0],
41000212,Demi-Human,0,0,[0|0|0],41000,-1,0,180,1.5,0.4,100,0,119,0,100,410000000,-1,10,0,0,-1,-1,0.3,-1,5400,0,0,7020,0,0,90000,90010,-1,35,24,18,22,0,-1,-1,-1,-1,-1,-1,21,3000,3001,3002,3003,3004,3005,3006,3007,3008,3009,6001,6000,0,1,1,1,1,1,1,1,1,1.5,-0.53846157,0,10,21,100,0,0,0,100,100,100,0,999,999,999,999,-1,-1,0,0,0,0,-1,-1,1,0,0,0,30,84,999,0,0,-1,10,0,11,0,0,6,3,40,143,143,0,0,2,0,0,0,0,0,0,0,0,0,0,17,7,0,0,0,0,0,0,0,0,1,0,1,0,0,0,0,0,0,0,1,0,0,0,0,0,0,0,0,0,0,0,0,0,0,0,1,0,0,1,0,0,0,0,0,0,0,0,0,0,0,0,0,0,0,0,0,0,0,1.5,0.4,0,0,0,0,0,0,0,0,0,100,1,0,1,142,142,139,139,139,139,90020,90030,90040,0,90060,90162,90200,5261,-1,0,0.4,1.1,1.4,1.1,1.1,1.2,1.2,1.2,1.2,25,0,0,-1,-1,128,-1,-1,100,30,999,0,0,-1,10590,-1,10550,5800,-1,4302,295000,-1,-1,-1,-1,-1,-1,-1,-1,-1,0,2,0,0,0,1,1,1,0,0,-1,-1,0,0,0,0,0,0,-1,-1,-1,0,0,0,180,100,0.1,-1,-1,-1,-1,1.8,0,0,0,1,0,0,0,0,0,0,0,0,1,0,-1,-1,-1,-1,-1,-1,-1,-1,-1,0.1,0.4,-1,0,0,30,0.29,100,-1,-1,-1,6001,-1,0,0.5,0.6,0,-1,0,1,1,1,1,1,1,1,1,1,1,1,1,1,1,1,1,1,1,-1,0,-1,0,-1,-1,-1,-1,[0|0|0|0|0|0|0|0|0|0|0|0],
41000910,Demi-Human,0,0,[0|0|0],41000,1001,0,180,1.5,0.4,100,0,119,0,100,-1,-1,10,0,0,-1,-1,0.3,-1,5400,0,0,7010,0,90400,0,0,-1,35,24,18,22,0,-1,-1,-1,-1,-1,-1,21,3000,3001,3002,3003,3004,3005,3006,3007,3008,3009,6001,6000,0,1,1,1,1,1,1,1,1,1.5,-0.53846157,0,10,21,100,0,0,0,100,100,100,0,84,84,84,999,-1,-1,0,0,0,0,-1,-1,1,0,0,0,30,84,999,0,0,-1,10,0,11,0,0,6,3,40,110,110,0,0,2,0,0,0,0,0,0,0,0,0,0,17,7,0,0,0,0,0,0,0,0,1,0,1,0,0,0,0,0,0,0,1,0,0,0,0,0,0,0,0,0,0,0,0,0,0,0,1,1,0,1,0,0,0,0,0,0,0,0,0,0,0,0,0,0,0,0,0,0,0,1.5,0.4,0,1,0,0,0,0,0,0,0,100,1,0,1,109,109,139,139,139,139,95000,90030,95010,0,90060,90162,90200,-1,-1,0,0.4,1.1,1.4,1.1,1.1,1.2,1.2,1.2,1.2,25,0,0,-1,-1,128,2001,-1,300,30,112,0,0,-1,10590,102304,10550,5800,-1,-1,-1,-1,-1,-1,-1,-1,-1,-1,-1,-1,0,2,0,0,0,1,1,1,0,0,-1,-1,0,0,0,0,0,0,-1,-1,-1,0,0,0,180,100,0.1,-1,-1,-1,-1,1.8,0,0,0,1,0,0,0,0,0,0,0,0,1,0,-1,-1,-1,-1,-1,-1,-1,-1,-1,0.1,0.4,-1,0,0,30,0.29,100,3001,-1,5002,6001,-1,0,0.5,0.6,0,-1,0,1,1,1,1,1,1,1,1,1,1,1,1,1,1,1,1,1,1,-1,0,-1,0,-1,-1,-1,-1,[0|0|0|0|0|0|0|0|0|0|0|0],
41001009,Demi-Human,0,0,[0|0|0],41000,1001,0,180,1.5,0.4,100,0,119,0,100,-1,-1,10,0,0,-1,-1,0.3,-1,5400,0,0,0,0,0,0,0,-1,0,0,0,0,0,-1,-1,-1,-1,-1,-1,21,3000,3001,3002,3003,3004,3005,3006,3007,3008,3009,6001,6000,0,1,1,1,1,1,1,1,1,1.5,-0.53846157,0,50,21,100,0,0,0,100,100,100,0,84,84,84,999,-1,-1,0,0,0,0,-1,-1,0,0,0,0,0,84,999,0,0,-1,10,0,11,0,0,6,3,40,110,110,0,0,2,0,0,0,0,0,0,0,0,0,0,17,7,0,0,0,0,0,0,0,0,1,0,0,0,0,0,0,0,0,0,1,0,0,0,0,0,0,0,0,0,0,0,0,0,0,0,1,0,0,1,0,0,0,0,0,0,0,0,0,0,0,0,0,0,0,0,0,0,0,1.5,0.4,0,0,0,0,0,0,0,0,0,100,1,0,1,109,109,139,139,139,139,0,90030,0,0,90060,90162,90200,5261,-1,0,0.4,1.1,1.4,1.1,1.1,1.2,1.2,1.2,1.2,0,0,0,-1,-1,128,2001,-1,100,30,112,0,0,-1,10590,-1,10550,5800,-1,-1,-1,-1,-1,-1,-1,-1,-1,-1,-1,-1,0,2,0,0,0,1,1,1,0,0,-1,-1,0,0,0,0,0,0,-1,-1,-1,0,0,0,180,100,0.1,-1,-1,-1,-1,1.8,0,0,0,1,0,0,0,0,0,0,0,0,1,0,-1,-1,-1,-1,-1,-1,-1,-1,-1,0.1,0.4,-1,0,0,30,0.29,100,3001,-1,5002,6001,-1,0,0.5,0.6,0,-1,0,1,1,1,1,1,1,1,1,1,1,1,1,1,1,1,1,1,1,-1,0,-1,0,-1,-1,-1,-1,[0|0|0|0|0|0|0|0|0|0|0|0],
41001042,Demi-Human,0,0,[0|0|0],41000,1001,0,180,1.5,0.4,100,0,119,0,100,410000100,-1,10,0,0,-1,-1,0.3,-1,5400,0,0,7150,0,0,0,0,-1,0,0,0,0,0,-1,-1,-1,-1,-1,-1,21,3000,3001,3002,3003,3004,3005,3006,3007,3008,3009,6001,6000,0,1,1,1,1,1,1,1,1,1.5,-0.53846157,0,50,21,100,0,0,0,100,100,100,0,84,84,84,999,-1,-1,0,0,0,0,-1,-1,0,0,0,0,0,84,999,0,0,-1,10,0,11,0,0,6,3,40,110,110,0,0,2,0,0,0,0,0,0,0,0,0,0,17,7,0,0,0,0,0,0,0,0,1,0,0,0,0,0,0,0,0,0,1,0,0,0,0,0,0,0,0,0,0,0,0,0,0,0,1,0,0,1,0,0,0,0,0,0,0,0,0,0,0,0,0,0,0,0,0,0,0,1.5,0.4,0,0,0,0,0,0,0,0,0,100,1,0,1,109,109,139,139,139,139,0,90030,0,0,90060,90162,90200,5261,-1,0,0.4,1.1,1.4,1.1,1.1,1.2,1.2,1.2,1.2,0,0,0,-1,-1,128,2001,-1,100,30,112,0,0,-1,10590,-1,10550,5800,-1,-1,-1,-1,-1,-1,-1,-1,-1,-1,-1,-1,0,2,0,0,0,1,1,1,0,0,-1,-1,0,0,0,0,0,0,-1,-1,-1,0,0,0,180,100,0.1,-1,-1,-1,-1,1.8,0,0,0,1,0,0,0,0,0,0,0,0,1,0,-1,-1,-1,-1,-1,-1,-1,-1,-1,0.1,0.4,-1,0,0,30,0.29,100,3001,-1,5002,6001,-1,0,0.5,0.6,0,-1,0,1,1,1,1,1,1,1,1,1,1,1,1,1,1,1,1,1,1,-1,0,-1,0,-1,-1,-1,-1,[0|0|0|0|0|0|0|0|0|0|0|0],
41001130,Demi-Human,0,0,[0|0|0],41000,1001,0,180,1.5,0.4,100,0,119,0,100,410000100,-1,10,0,0,-1,-1,0.3,-1,5400,0,0,7080,0,0,0,0,-1,0,0,0,0,0,-1,-1,-1,-1,-1,-1,21,3000,3001,3002,3003,3004,3005,3006,3007,3008,3009,6001,6000,0,1,1,1,1,1,1,1,1,1.5,-0.53846157,0,50,21,100,0,0,0,100,100,100,0,84,84,84,999,-1,-1,0,0,0,0,-1,-1,0,0,0,0,0,84,999,0,0,-1,10,0,11,0,0,9,3,40,110,110,0,0,2,0,0,0,0,0,0,0,0,0,0,17,7,0,0,0,0,0,0,0,0,1,0,0,0,0,0,0,0,0,0,1,0,0,0,0,0,0,0,0,0,0,0,0,0,0,0,1,0,0,1,0,0,0,0,0,0,0,0,0,0,0,0,0,0,0,0,0,0,0,1.5,0.4,0,0,0,0,0,0,0,0,0,100,1,0,1,109,109,139,139,139,139,0,90030,0,0,90060,90162,90200,5261,-1,0,0.4,1.1,1.4,1.1,1.1,1.2,1.2,1.2,1.2,0,0,0,-1,-1,128,2001,-1,100,30,112,0,0,-1,10590,-1,10550,5800,-1,-1,-1,-1,-1,-1,-1,-1,-1,-1,-1,-1,0,2,0,0,0,1,1,1,0,0,-1,-1,0,0,0,0,0,0,-1,-1,-1,0,0,0,180,100,0.1,-1,-1,-1,-1,1.8,0,0,0,1,0,0,0,0,0,0,0,0,1,0,-1,-1,-1,-1,-1,-1,-1,-1,-1,0.1,0.4,-1,0,0,30,0.29,100,3001,-1,5002,6001,-1,0,0.5,0.6,0,-1,0,1,1,1,1,1,1,1,1,1,1,1,1,1,1,1,1,1,1,-1,0,-1,0,-1,-1,-1,-1,[0|0|0|0|0|0|0|0|0|0|0|0],
41001212,Demi-Human,0,0,[0|0|0],41000,-1,0,180,1.5,0.4,100,0,119,0,100,410000100,-1,10,0,0,-1,-1,0.3,-1,5400,0,0,7020,0,0,90000,90010,-1,0,0,0,0,0,-1,-1,-1,-1,-1,-1,21,3000,3001,3002,3003,3004,3005,3006,3007,3008,3009,6001,6000,0,1,1,1,1,1,1,1,1,1.5,-0.53846157,0,50,21,100,0,0,0,100,100,100,0,999,999,999,999,-1,-1,0,0,0,0,-1,-1,1,0,0,0,0,84,999,0,0,-1,10,0,11,0,0,6,3,40,143,143,0,0,2,0,0,0,0,0,0,0,0,0,0,17,7,0,0,0,0,0,0,0,0,1,0,0,0,0,0,0,0,0,0,1,0,0,0,0,0,0,0,0,0,0,0,0,0,0,0,1,0,0,1,0,0,0,0,0,0,0,0,0,0,0,0,0,0,0,0,0,0,0,1.5,0.4,0,0,0,0,0,0,0,0,0,100,1,0,1,142,142,139,139,139,139,90020,90030,90040,0,90060,90162,90200,5261,-1,0,0.4,1.1,1.4,1.1,1.1,1.2,1.2,1.2,1.2,0,0,0,-1,-1,128,-1,-1,100,30,999,0,0,-1,10590,-1,10550,5800,-1,4302,295000,-1,-1,-1,-1,-1,-1,-1,-1,-1,0,2,0,0,0,1,1,1,0,0,-1,-1,0,0,0,0,0,0,-1,-1,-1,0,0,0,180,100,0.1,-1,-1,-1,-1,1.8,0,0,0,1,0,0,0,0,0,0,0,0,1,0,-1,-1,-1,-1,-1,-1,-1,-1,-1,0.1,0.4,-1,0,0,30,0.29,100,-1,-1,-1,6001,-1,0,0.5,0.6,0,-1,0,1,1,1,1,1,1,1,1,1,1,1,1,1,1,1,1,1,1,-1,0,-1,0,-1,-1,-1,-1,[0|0|0|0|0|0|0|0|0|0|0|0],
41002042,Demi-Human,0,0,[0|0|0],41000,1001,0,150,1.5,0.4,100,0,119,0,100,410000200,-1,10,0,0,-1,-1,0.3,-1,5401,0,0,7150,0,0,0,0,-1,0,0,0,0,0,-1,-1,-1,-1,-1,-1,25,3000,3001,3002,3003,3004,3005,3006,3007,3008,3009,6001,6000,0,1,1,1,1,1,1,1,1,1.5,-0.53846157,0,50,21,100,0,0,0,100,100,100,0,84,84,84,999,-1,-1,0,0,0,0,-1,-1,0,0,0,0,0,84,999,0,0,-1,10,0,11,0,0,6,3,40,110,110,0,0,2,0,0,0,0,0,0,0,0,0,0,17,7,0,0,0,0,0,0,0,0,0,1,0,0,0,0,0,0,0,0,0,1,0,0,0,0,0,0,0,0,0,0,0,0,0,0,1,0,0,1,0,0,0,0,0,0,0,0,0,0,0,0,0,0,0,0,0,0,0,1.5,0.4,0,0,0,0,0,0,0,0,0,100,1,0,1,109,109,139,139,139,139,0,90030,0,0,90060,90162,90200,5261,-1,0,0.4,1.1,1.4,1.1,1.1,1.2,1.2,1.2,1.2,0,0,0,-1,-1,128,2001,-1,100,30,112,0,0,-1,10590,-1,10550,5800,-1,-1,-1,-1,-1,-1,-1,-1,-1,-1,-1,-1,0,2,0,0,0,1,1,1,0,0,-1,-1,0,0,0,0,0,0,-1,-1,-1,0,0,0,180,100,0.1,-1,-1,-1,-1,1.8,0,0,0,1,0,0,0,0,0,0,0,0,1,0,-1,-1,-1,-1,-1,-1,-1,-1,-1,0.1,0.4,-1,0,0,30,0.29,100,3001,-1,5002,6001,-1,0,0.5,0.6,0,-1,0,1,1,1,1,1,1,1,1,1,1,1,1,1,1,1,1,1,1,-1,0,-1,0,-1,-1,-1,-1,[0|0|0|0|0|0|0|0|0|0|0|0],
41002212,Demi-Human,0,0,[0|0|0],41000,-1,0,150,1.5,0.4,100,0,119,0,100,410000200,-1,10,0,0,-1,-1,0.3,-1,5401,0,0,7020,0,0,90000,90010,-1,0,0,0,0,0,-1,-1,-1,-1,-1,-1,25,3000,3001,3002,3003,3004,3005,3006,3007,3008,3009,6001,6000,0,1,1,1,1,1,1,1,1,1.5,-0.53846157,0,50,21,100,0,0,0,100,100,100,0,999,999,999,999,-1,-1,0,0,0,0,-1,-1,1,0,0,0,0,84,999,0,0,-1,10,0,11,0,0,6,3,40,143,143,0,0,2,0,0,0,0,0,0,0,0,0,0,17,7,0,0,0,0,0,0,0,0,0,1,0,0,0,0,0,0,0,0,0,1,0,0,0,0,0,0,0,0,0,0,0,0,0,0,1,0,0,1,0,0,0,0,0,0,0,0,0,0,0,0,0,0,0,0,0,0,0,1.5,0.4,0,0,0,0,0,0,0,0,0,100,1,0,1,142,142,139,139,139,139,90020,90030,90040,0,90060,90162,90200,5261,-1,0,0.4,1.1,1.4,1.1,1.1,1.2,1.2,1.2,1.2,0,0,0,-1,-1,128,-1,-1,100,30,999,0,0,-1,10590,-1,10550,5800,-1,4302,295000,-1,-1,-1,-1,-1,-1,-1,-1,-1,0,2,0,0,0,1,1,1,0,0,-1,-1,0,0,0,0,0,0,-1,-1,-1,0,0,0,180,100,0.1,-1,-1,-1,-1,1.8,0,0,0,1,0,0,0,0,0,0,0,0,1,0,-1,-1,-1,-1,-1,-1,-1,-1,-1,0.1,0.4,-1,0,0,30,0.29,100,-1,-1,-1,6001,-1,0,0.5,0.6,0,-1,0,1,1,1,1,1,1,1,1,1,1,1,1,1,1,1,1,1,1,-1,0,-1,0,-1,-1,-1,-1,[0|0|0|0|0|0|0|0|0|0|0|0],
41002910,Demi-Human,0,0,[0|0|0],41000,1001,0,150,1.5,0.4,100,0,119,0,100,-1,-1,10,0,0,-1,-1,0.3,-1,5401,0,0,7010,0,90400,0,0,-1,0,0,0,0,0,-1,-1,-1,-1,-1,-1,25,3000,3001,3002,3003,3004,3005,3006,3007,3008,3009,6001,6000,0,1,1,1,1,1,1,1,1,1.5,-0.53846157,0,50,21,100,0,0,0,100,100,100,0,84,84,84,999,-1,-1,0,0,0,0,-1,-1,1,0,0,0,0,84,999,0,0,-1,10,0,11,0,0,6,3,40,110,110,0,0,2,0,0,0,0,0,0,0,0,0,0,17,7,0,0,0,0,0,0,0,0,0,1,0,0,0,0,0,0,0,0,0,1,0,0,0,0,0,0,0,0,0,0,0,0,0,0,1,1,0,1,0,0,0,0,0,0,0,0,0,0,0,0,0,0,0,0,0,0,0,1.5,0.4,0,1,0,0,0,0,0,0,0,100,1,0,1,109,109,139,139,139,139,95000,90030,95010,0,90060,90162,90200,-1,-1,0,0.4,1.1,1.4,1.1,1.1,1.2,1.2,1.2,1.2,0,0,0,-1,-1,128,2001,-1,300,30,112,0,0,-1,10590,102304,10550,5800,-1,-1,-1,-1,-1,-1,-1,-1,-1,-1,-1,-1,0,2,0,0,0,1,1,1,0,0,-1,-1,0,0,0,0,0,0,-1,-1,-1,0,0,0,180,100,0.1,-1,-1,-1,-1,1.8,0,0,0,1,0,0,0,0,0,0,0,0,1,0,-1,-1,-1,-1,-1,-1,-1,-1,-1,0.1,0.4,-1,0,0,30,0.29,100,3001,-1,5002,6001,-1,0,0.5,0.6,0,-1,0,1,1,1,1,1,1,1,1,1,1,1,1,1,1,1,1,1,1,-1,0,-1,0,-1,-1,-1,-1,[0|0|0|0|0|0|0|0|0|0|0|0],
41009000,Demi-Human,0,0,[0|0|0],41000,1001,0,180,1.5,0.4,100,0,119,0,100,410000000,-1,10,0,0,-1,-1,0.3,-1,5400,0,0,0,0,0,0,0,-1,0,0,0,0,0,-1,-1,-1,-1,-1,-1,25,3000,3001,3002,3003,3004,3005,3006,3007,3008,3009,6001,6000,0,1,1,1,1,1,1,1,1,1.5,-0.53846157,0,10,21,100,0,0,0,100,100,100,0,84,84,84,999,-1,-1,0,0,0,0,-1,-1,0,0,0,0,30,84,999,0,0,-1,10,0,11,0,0,6,3,40,110,110,0,0,2,0,0,0,0,0,0,0,0,0,0,17,7,0,0,0,0,0,0,0,0,1,0,1,0,0,0,0,0,0,0,1,0,0,0,0,0,0,0,0,0,0,0,0,0,0,0,1,0,0,1,0,0,0,0,0,0,0,0,0,0,0,0,0,0,0,0,0,0,0,1.5,0.4,0,0,0,0,0,0,0,0,0,100,1,0,1,109,109,139,139,139,139,0,90030,0,0,90060,90162,90200,5261,-1,0,0.4,1.1,1.4,1.1,1.1,1.2,1.2,1.2,1.2,0,0,0,-1,-1,128,2001,-1,100,30,112,0,0,-1,10590,-1,10550,5800,-1,-1,-1,-1,-1,-1,-1,-1,-1,-1,-1,-1,0,2,0,0,0,1,1,1,0,0,-1,-1,0,0,0,0,0,0,-1,-1,-1,0,0,0,180,100,0.1,-1,-1,-1,-1,1.8,0,0,0,1,0,0,0,0,0,0,0,0,1,0,-1,-1,-1,-1,-1,-1,-1,-1,-1,0.1,0.4,-1,0,0,30,0.29,100,3001,-1,5002,6001,-1,0,0.5,0.6,0,-1,0,1,1,1,1,1,1,1,1,1,1,1,1,1,1,1,1,1,1,-1,0,-1,0,-1,-1,-1,-1,[0|0|0|0|0|0|0|0|0|0|0|0],
41009100,Demi-Human,0,0,[0|0|0],41000,1001,0,180,1.5,0.4,100,0,119,0,100,410000000,-1,10,0,0,-1,-1,0.3,-1,5400,0,0,0,0,0,0,0,-1,0,0,0,0,0,-1,-1,-1,-1,-1,-1,25,3000,3001,3002,3003,3004,3005,3006,3007,3008,3009,6001,6000,0,1,1,1,1,1,1,1,1,1.5,-0.53846157,0,10,21,100,0,0,0,100,100,100,0,84,84,84,999,-1,-1,0,0,0,0,-1,-1,0,0,0,0,30,84,999,0,0,-1,10,0,11,0,0,2,3,40,110,110,0,0,2,0,0,0,0,0,0,0,0,0,0,17,7,0,0,0,0,0,0,0,0,1,0,1,0,0,0,0,0,0,0,1,0,0,0,0,0,0,0,0,0,0,0,0,0,0,0,1,0,0,1,0,0,0,0,0,0,0,0,0,0,0,0,0,0,0,0,0,0,0,1.5,0.4,0,0,0,0,0,0,0,0,0,100,1,0,1,109,109,139,139,139,139,0,90030,0,0,90060,90162,90200,5261,-1,0,0.4,1.1,1.4,1.1,1.1,1.2,1.2,1.2,1.2,0,0,0,-1,-1,128,2001,-1,100,30,112,0,0,-1,10590,-1,10550,5800,-1,-1,-1,-1,-1,-1,-1,-1,-1,-1,-1,-1,0,2,0,0,0,1,1,1,0,0,-1,-1,0,0,0,0,0,0,-1,-1,-1,0,0,0,180,100,0.1,-1,-1,-1,-1,1.8,0,0,0,1,0,0,0,0,0,0,0,0,1,0,-1,-1,-1,-1,-1,-1,-1,-1,-1,0.1,0.4,-1,0,0,30,0.29,100,3001,-1,5002,6001,-1,0,0.5,0.6,0,-1,0,1,1,1,1,1,1,1,1,1,1,1,1,1,1,1,1,1,1,-1,0,-1,0,-1,-1,-1,-1,[0|0|0|0|0|0|0|0|0|0|0|0],
41009200,Demi-Human,0,0,[0|0|0],41000,1001,0,180,1.5,0.4,100,0,119,0,100,410000000,-1,10,0,0,-1,-1,0.3,-1,5400,0,0,0,0,0,0,0,-1,0,0,0,0,0,-1,-1,-1,-1,-1,-1,25,3000,3001,3002,3003,3004,3005,3006,3007,3008,3009,6001,6000,0,1,1,1,1,1,1,1,1,1.5,-0.53846157,0,10,21,100,0,0,0,100,100,100,0,84,84,84,999,-1,-1,0,0,0,0,-1,-1,0,0,0,0,30,84,999,0,0,-1,10,0,11,0,0,29,3,40,110,110,0,0,2,0,0,0,0,0,0,0,0,0,0,17,7,0,0,0,0,0,0,0,0,1,0,1,0,0,0,0,0,0,0,1,0,0,0,0,0,0,0,0,0,0,0,0,0,0,0,1,0,0,1,0,0,0,0,0,0,0,0,0,0,0,0,0,0,0,0,0,0,0,1.5,0.4,0,0,0,0,0,0,0,0,0,100,1,0,1,109,109,139,139,139,139,0,90030,0,0,90060,90162,90200,5261,-1,0,0.4,1.1,1.4,1.1,1.1,1.2,1.2,1.2,1.2,0,0,0,-1,-1,128,2001,-1,100,30,112,0,0,-1,10590,-1,10550,5800,-1,-1,-1,-1,-1,-1,-1,-1,-1,-1,-1,-1,0,2,0,0,0,1,1,1,0,0,-1,-1,0,0,0,0,0,0,-1,-1,-1,0,0,0,180,100,0.1,-1,-1,-1,-1,1.8,0,0,0,1,0,0,0,0,0,0,0,0,1,0,-1,-1,-1,-1,-1,-1,-1,-1,-1,0.1,0.4,-1,0,0,30,0.29,100,3001,-1,5002,6001,-1,0,0.5,0.6,0,-1,0,1,1,1,1,1,1,1,1,1,1,1,1,1,1,1,1,1,1,-1,0,-1,0,-1,-1,-1,-1,[0|0|0|0|0|0|0|0|0|0|0|0],
41200009,Demi-Human Chief,0,0,[0|0|0],41200,1001,0,30,2.2,0.7,130,0,534,0,100,-1,-1,10,0,0,-1,-1,1,-1,5400,0,0,0,0,0,0,0,-1,0,0,0,0,0,-1,-1,-1,-1,-1,-1,35,3000,3001,3002,3003,3004,3005,3006,3007,3008,3009,6001,6000,0,1,1,1,1,1,1,1,1,1.5,0,0,50,21,100,0,0,0,100,100,100,0,84,84,112,999,-1,-1,0,0,0,0,-1,-1,0,0,0,0,0,84,999,0,0,-1,10,0,12,0,0,6,3,40,110,110,0,0,2,0,0,0,0,0,0,0,0,0,0,17,7,0,0,0,0,0,0,1,0,1,1,0,0,0,0,0,0,0,0,1,0,0,0,0,0,0,0,0,0,0,0,0,0,0,0,1,0,0,1,0,0,0,0,0,0,0,0,0,0,0,0,0,0,0,0,0,0,0,2.2,0.7,0,0,0,0,0,0,0,0,0,100,1,0,1,109,109,139,139,139,139,0,90030,0,0,90060,90162,90200,5261,-1,0,0.4,1.1,1.4,1.1,1.1,1.2,1.2,1.2,1.2,0,0,0,-1,-1,256,2001,-1,100,30,112,0,0,4120,10590,10540,5800,-1,-1,-1,-1,-1,-1,-1,-1,-1,-1,-1,-1,-1,0,2,0,0,0,1,1,1,0,0,-1,-1,0,0,0,0,0,0,-1,-1,-1,30,5,0,180,200,0.1,-1,-1,-1,-1,2.5,0,0,0,1,0,0,0,0,0,0,0,0,1,0,-1,-1,-1,-1,-1,-1,-1,-1,-1,0.1,0.4,-1,0,0,65,0.29,100,3002,-1,5002,6001,-1,0,0.5,0.6,0,-1,0,1,1,1,1,1,1,1,1,1,1,1,1,1,1,1,1,1,1,-1,0,-1,0,-1,-1,-1,-1,[0|0|0|0|0|0|0|0|0|0|0|0],
41200040,Demi-Human Chief,0,0,[0|0|0],41200,1001,0,30,2.2,0.7,130,0,534,0,100,412000000,-1,10,0,0,-1,-1,1,-1,5400,0,0,7070,0,0,0,0,-1,0,0,0,0,0,-1,-1,-1,-1,-1,-1,35,3000,3001,3002,3003,3004,3005,3006,3007,3008,3009,6001,6000,0,1,1,1,1,1,1,1,1,1.5,0,0,50,21,100,0,0,0,100,100,100,0,84,84,112,999,-1,-1,0,0,0,0,-1,-1,0,0,0,0,0,84,999,0,0,-1,10,0,12,0,0,6,3,40,110,110,0,0,2,0,0,0,0,0,0,0,0,0,0,17,7,0,0,0,0,0,0,1,0,1,1,0,0,0,0,0,0,0,0,1,0,0,0,0,0,0,0,0,0,0,0,0,0,0,0,1,0,0,1,0,0,0,0,0,0,0,0,0,0,0,0,0,0,0,0,0,0,0,2.2,0.7,0,0,0,0,0,0,0,0,0,100,1,0,1,109,109,139,139,139,139,0,90030,0,0,90060,90162,90200,5261,-1,0,0.4,1.1,1.4,1.1,1.1,1.2,1.2,1.2,1.2,0,0,0,-1,-1,256,2001,-1,100,30,112,0,0,4120,10590,10540,5800,-1,-1,-1,-1,-1,-1,-1,-1,-1,-1,-1,-1,-1,0,2,0,0,0,1,1,1,0,0,-1,-1,0,0,0,0,0,0,-1,-1,-1,30,5,0,180,200,0.1,-1,-1,-1,-1,2.5,0,0,0,1,0,0,0,0,0,0,0,0,1,0,-1,-1,-1,-1,-1,-1,-1,-1,-1,0.1,0.4,-1,0,0,65,0.29,100,3002,-1,5002,6001,-1,0,0.5,0.6,0,-1,0,1,1,1,1,1,1,1,1,1,1,1,1,1,1,1,1,1,1,-1,0,-1,0,-1,-1,-1,-1,[0|0|0|0|0|0|0|0|0|0|0|0],
41200042,Demi-Human Chief,0,0,[0|0|0],41200,1001,0,30,2.2,0.7,130,0,534,0,100,412000000,-1,10,0,0,-1,-1,1,-1,5400,0,0,7150,0,0,0,0,-1,0,0,0,0,0,-1,-1,-1,-1,-1,-1,35,3000,3001,3002,3003,3004,3005,3006,3007,3008,3009,6001,6000,0,1,1,1,1,1,1,1,1,1.5,0,0,50,21,100,0,0,0,100,100,100,0,84,84,112,999,-1,-1,0,0,0,0,-1,-1,0,0,0,0,0,84,999,0,0,-1,10,0,12,0,0,6,3,40,110,110,0,0,2,0,0,0,0,0,0,0,0,0,0,17,7,0,0,0,0,0,0,1,0,1,1,0,0,0,0,0,0,0,0,1,0,0,0,0,0,0,0,0,0,0,0,0,0,0,0,1,0,0,1,0,0,0,0,0,0,0,0,0,0,0,0,0,0,0,0,0,0,0,2.2,0.7,0,0,0,0,0,0,0,0,0,100,1,0,1,109,109,139,139,139,139,0,90030,0,0,90060,90162,90200,5261,-1,0,0.4,1.1,1.4,1.1,1.1,1.2,1.2,1.2,1.2,0,0,0,-1,-1,256,2001,-1,100,30,112,0,0,4120,10590,10540,5800,-1,-1,-1,-1,-1,-1,-1,-1,-1,-1,-1,-1,-1,0,2,0,0,0,1,1,1,0,0,-1,-1,0,0,0,0,0,0,-1,-1,-1,30,5,0,180,200,0.1,-1,-1,-1,-1,2.5,0,0,0,1,0,0,0,0,0,0,0,0,1,0,-1,-1,-1,-1,-1,-1,-1,-1,-1,0.1,0.4,-1,0,0,65,0.29,100,3002,-1,5002,6001,-1,0,0.5,0.6,0,-1,0,1,1,1,1,1,1,1,1,1,1,1,1,1,1,1,1,1,1,-1,0,-1,0,-1,-1,-1,-1,[0|0|0|0|0|0|0|0|0|0|0|0],
41200910,Demi-Human Chief (Duo Boss),0,0,[0|0|0],41200,1001,0,30,2.2,0.7,130,0,534,0,100,-1,-1,10,0,0,-1,-1,1,-1,5400,0,0,7010,0,90400,0,0,-1,0,0,0,0,0,-1,-1,-1,-1,-1,-1,35,3000,3001,3002,3003,3004,3005,3006,3007,3008,3009,6001,6000,0,1,1,1,1,1,1,1,1,1.5,0,0,50,21,100,0,0,0,100,100,100,0,84,84,112,999,-1,-1,0,0,0,0,-1,-1,1,0,0,0,0,84,999,0,0,-1,10,0,12,0,0,6,3,40,110,110,0,0,2,0,0,0,0,0,0,0,0,0,0,17,7,0,0,0,0,0,0,1,0,1,1,0,0,0,0,0,0,0,0,1,0,0,0,0,0,0,0,0,0,0,0,0,0,0,0,1,1,0,1,0,0,0,0,0,0,0,0,0,0,0,0,0,0,0,0,0,0,0,2.2,0.7,0,1,0,0,0,0,0,0,0,100,1,0,1,109,109,139,139,139,139,95000,90030,95010,95020,90060,90162,0,-1,-1,0,0.4,1.1,1.4,1.1,1.1,1.2,1.2,1.2,1.2,0,0,0,-1,-1,256,2001,-1,300,30,112,0,0,4120,10590,10540,5800,-1,102304,-1,-1,-1,-1,-1,-1,-1,4410,-1,-1,4301,0,2,0,0,0,1,1,1,0,0,-1,-1,0,0,0,0,0,0,-1,-1,-1,30,5,0,180,200,0.1,-1,-1,-1,-1,2.5,0,0,0,1,0,0,0,0,0,0,0,0,1,0,-1,-1,-1,-1,-1,-1,-1,-1,-1,0.1,0.4,-1,0,0,65,0.29,100,3002,-1,5002,6001,-1,0,0.5,0.6,0,-1,0,1,1,1,1,1,1,1,1,1,1,1,1,1,1,1,1,1,1,-1,0,-1,0,-1,-1,-1,-1,[0|0|0|0|0|0|0|0|0|0|0|0],
41300032,Demi-Human Queen Maggie,0,0,[0|0|0],41300,1001,0,60,4.6,1.7,200,0,911,0,3000,-1,-1,-1,5,0,-1,-1,1.7,-1,5400,5300,5360,7110,0,90400,0,0,-1,0,0,0,0,0,-1,-1,-1,-1,-1,-1,60,3000,3001,3002,3003,3004,3005,3006,3007,3008,3009,6001,6000,0,1,1,1,1,1,1,1,1,1.5,0.23076923,0,50,21,100,0,0,0,100,100,100,0,84,84,112,999,-1,-1,0,0,0,0,-1,-1,1,0,0,0,0,112,999,0,0,-1,10,0,13,0,0,6,3,40,110,110,0,0,2,0,0,0,0,0,0,0,2,0,2,17,7,0,0,0,0,0,0,1,0,1,0,0,0,0,0,0,0,0,0,0,0,0,0,0,0,0,0,0,0,0,0,0,0,0,1,1,0,0,1,0,0,0,0,0,0,0,0,0,0,0,0,0,0,0,0,0,0,0,4.6,1.7,0,1,0,1,0,1,0,0,0,100,16,0,3,109,109,139,139,139,139,95000,90030,95010,95020,90060,90162,0,-1,-1,0,0.4,1,1.1,1,1,1,1.2,1,1,0,0,0,-1,-1,512,2001,-1,400,-1,112,0,0,4130,5800,10590,-1,102304,102309,-1,-1,-1,-1,-1,-1,-1,4410,-1,-1,4301,0,-1,1,0,0,1,1,1,0,0,-1,-1,0,0,0,0,0,0,-1,-1,-1,20,10,0,180,100,0.05,-1,-1,-1,4130,2.5,0,0,0,1,0,0,0,0,0,0,0,0,1,0,-1,-1,-1,-1,-1,-1,-1,-1,-1,0.1,0.4,-1,0,0,80,0.29,100,3002,-1,5002,6002,-1,0,0.3,0.54,0,-1,0,1,1,1,1,1,1,1,1,1,1,1,1,1,1,1,1,1,1,-1,0,-1,0,-1,-1,-1,-1,[0|0|0|0|0|0|0|0|0|0|0|0],
41301030,Demi-Human Queen Gilika,0,0,[0|0|0],41300,1001,0,60,4.6,1.7,200,0,1222,0,3000,-1,-1,-1,5,0,-1,-1,1.7,-1,5400,5300,5360,7080,0,90400,0,0,-1,0,0,0,0,0,-1,-1,-1,-1,-1,-1,60,3000,3001,3002,3003,3004,3005,3006,3007,3008,3009,6001,6000,0,1,1,1,1,1,1,1,1,1.5,0.23076923,0,50,21,100,0,0,0,100,100,100,0,84,84,112,999,-1,-1,0,0,0,0,-1,-1,1,0,0,0,0,112,999,0,0,-1,10,0,13,0,0,6,4,40,110,110,0,0,2,0,0,0,0,0,0,0,2,0,2,17,7,0,0,0,0,0,0,1,0,1,0,0,0,0,0,0,0,0,0,0,0,0,0,0,0,0,0,0,0,0,0,0,0,0,1,1,0,0,1,0,0,0,0,0,0,0,0,0,0,0,0,0,0,0,0,0,0,0,4.6,1.7,0,1,0,1,0,0,0,0,0,100,1,0,3,109,109,139,139,139,139,95000,90030,95010,95020,90060,90162,0,-1,-1,0,0.4,1,1.1,1,1,1,1.2,1,1,0,0,0,-1,-1,512,2001,-1,300,-1,112,0,0,4130,5800,10590,10582,102304,102309,-1,-1,-1,-1,-1,-1,-1,-1,-1,-1,4301,0,-1,1,0,0,1,1,1,0,0,-1,-1,0,0,0,0,0,0,-1,-1,-1,50,20,0,180,100,0.1,-1,-1,-1,4130,2.5,0,0,0,1,0,0,0,0,0,0,0,0,1,0,-1,-1,-1,-1,-1,-1,-1,-1,-1,0.1,0.4,-1,0,0,80,0.29,100,3002,-1,5002,6002,-1,0,0.3,0.54,0,-1,0,1,1,1,1,1,1,1,1,1,1,1,1,1,1,1,1,1,1,-1,0,-1,0,-1,-1,-1,-1,[0|0|0|0|0|0|0|0|0|0|0|0],
41301932,Demi-Human Queen Margot,0,0,[0|0|0],41300,1001,0,60,4.6,1.7,200,0,1222,0,3000,-1,-1,-1,5,0,-1,-1,1.7,-1,5400,5300,5360,7090,0,90400,0,0,-1,0,0,0,0,0,-1,-1,-1,-1,-1,-1,60,3000,3001,3002,3003,3004,3005,3006,3007,3008,3009,6001,6000,0,1,1,1,1,1,1,1,1,1.5,0.23076923,0,50,21,100,0,0,0,100,100,100,0,84,84,112,999,-1,-1,0,0,0,0,-1,-1,1,0,0,0,0,112,999,0,0,-1,10,0,13,0,0,6,4,40,110,110,0,0,2,0,0,0,0,0,0,0,2,0,2,17,7,0,0,0,0,0,0,1,0,1,0,0,0,0,0,0,0,0,0,0,0,0,0,0,0,0,0,0,0,0,0,0,0,0,1,1,0,0,1,0,0,0,0,0,0,0,0,0,0,0,0,0,0,0,0,0,0,0,4.6,1.7,0,1,0,1,0,0,0,0,0,100,1,0,3,109,109,139,139,139,139,95000,90030,95010,95020,90060,90162,0,-1,-1,0,0.4,1,1.1,1,1,1,1.2,1,1,0,0,0,-1,-1,512,2001,-1,300,-1,112,0,0,4130,5800,10590,10582,102304,102309,-1,-1,-1,-1,-1,-1,-1,-1,-1,-1,4301,0,-1,1,0,0,1,1,1,0,0,-1,-1,0,0,0,0,0,0,-1,-1,-1,50,20,0,180,100,0.1,-1,-1,-1,4130,2.5,0,0,0,1,0,0,0,0,0,0,0,0,1,0,-1,-1,-1,-1,-1,-1,-1,-1,-1,0.1,0.4,-1,0,0,80,0.29,100,3002,-1,5002,6002,-1,0,0.3,0.54,0,-1,0,1,1,1,1,1,1,1,1,1,1,1,1,1,1,1,1,1,1,-1,0,-1,0,-1,-1,-1,-1,[0|0|0|0|0|0|0|0|0|0|0|0],
41500040,Basilisk,0,0,[0|0|0],41500,1001,0,50,1,0.49,100,0,338,0,100,415000000,-1,10,0,0,-1,-1,0.4,-1,5400,0,0,7070,0,0,0,0,-1,0,0,0,0,0,-1,-1,-1,-1,-1,-1,16,3000,3001,3002,3003,3004,3005,3006,3007,702,703,701,-1,0,1,1,1,1,1,1,1,1,1.5,-0.53846157,0,50,21,100,0,0,0,100,100,100,0,84,84,63,999,-1,-1,0,0,0,0,-1,-1,0,0,0,0,0,63,999,0,0,-1,10,0,11,0,0,6,4,40,110,110,0,0,0,0,0,0,0,0,0,0,0,0,0,17,7,0,0,0,0,0,0,1,0,0,0,0,0,0,0,0,0,0,0,0,0,0,0,0,0,0,0,0,0,0,0,0,0,0,0,1,0,1,1,0,0,0,0,0,0,0,0,0,0,0,0,0,0,0,0,0,0,0,1,0.49,0,0,0,0,0,0,0,0,0,100,1,999,1,109,109,139,139,139,139,0,90030,0,0,90060,90160,90200,5261,-1,0,0.4,1.1,1.4,1.1,1.1,1.2,1.2,1.2,1.2,0,0,0,-1,-1,128,2001,-1,100,30,63,0,0,-1,-1,-1,5800,-1,-1,-1,-1,-1,-1,-1,-1,-1,5130,-1,461,-1,0,2,1,0,0,1,1,1,0,0,-1,-1,0,0,0,0,0,0,-1,-1,-1,30,30,0,180,50,0.1,-1,-1,-1,-1,1,0,0,0,1,0,0,0,0,0,0,0,0,1,0,-1,-1,-1,-1,-1,-1,-1,-1,2900,0.1,0.4,-1,0,0,30,0.29,100,3000,-1,5000,6000,-1,0,0.5,0.6,0,-1,0,1,1,1,1,1,1,1,1,1,1,1,1,1,1,1,1,1,1,-1,0,-1,0,-1,-1,-1,-1,[0|0|0|0|0|0|0|0|0|0|0|0],
41600024,Large Stray,0,0,[0|0|0],41600,1001,0,30,1.2,0.5,100,0,338,0,100,416000000,-1,10,0,0,-1,-1,0.7,-1,5400,5330,12404,7060,0,0,0,0,-1,0,0,0,0,0,-1,-1,-1,-1,-1,-1,25,3000,3001,3002,3003,3004,3005,3006,3007,702,703,701,-1,0,1,1,1,1,1,1,1,1,1.5,-0.53846157,0,50,21,100,0,0,0,100,100,100,0,84,84,84,999,-1,-1,0,0,0,0,-1,-1,0,0,0,0,0,84,999,0,0,-1,10,0,11,0,0,6,4,40,110,110,0,0,0,0,0,0,0,0,0,0,0,0,0,17,7,0,0,0,0,0,0,1,0,1,0,0,0,0,0,0,0,0,0,0,0,0,0,0,0,0,0,0,0,0,0,0,0,0,0,1,0,1,1,0,0,0,0,0,0,0,0,0,0,0,0,0,0,0,0,0,0,0,1.2,0.5,0,0,0,0,0,0,1,0,0,100,1,999,1,109,109,139,139,139,139,0,90030,0,0,90060,90160,90200,5261,-1,0,0.4,1.1,1.4,1.1,1.1,1.2,1.4,1.2,1.2,0,0,0,-1,-1,128,2001,-1,100,30,112,0,0,-1,-1,-1,5800,12401,-1,-1,-1,-1,-1,-1,-1,-1,5130,-1,461,-1,0,2,1,0,0,1,1,1,0,0,-1,-1,0,0,0,0,0,0,-1,-1,4160,30,5,0,180,50,0.3,-1,-1,-1,-1,1.8,0,0,0,1,0,0,0,0,0,0,0,0,1,0,-1,-1,-1,-1,-1,-1,-1,-1,2900,0.1,0.4,-1,0,0,30,0.29,100,3001,-1,5002,6001,-1,0,0.5,0.6,0,-1,0,1,1,1,1,1,1,1,1,1,1,1,1,1,1,1,1,1,1,-1,0,-1,0,-1,-1,-1,-1,[0|0|0|0|0|0|0|0|0|0|0|0],
41600035,Large Stray,0,0,[0|0|0],41600,1001,0,30,1.2,0.5,100,0,338,0,100,416000000,-1,10,0,0,-1,-1,0.7,-1,5400,5330,12404,7130,0,0,0,0,-1,0,0,0,0,0,-1,-1,-1,-1,-1,-1,25,3000,3001,3002,3003,3004,3005,3006,3007,702,703,701,-1,0,1,1,1,1,1,1,1,1,1.5,-0.53846157,0,50,21,100,0,0,0,100,100,100,0,84,84,84,999,-1,-1,0,0,0,0,-1,-1,0,0,0,0,0,84,999,0,0,-1,10,0,11,0,0,6,4,40,110,110,0,0,0,0,0,0,0,0,0,0,0,0,0,17,7,0,0,0,0,0,0,1,0,1,0,0,0,0,0,0,0,0,0,0,0,0,0,0,0,0,0,0,0,0,0,0,0,0,0,1,0,1,1,0,0,0,0,0,0,0,0,0,0,0,0,0,0,0,0,0,0,0,1.2,0.5,0,0,0,0,0,0,1,0,0,100,1,999,1,109,109,139,139,139,139,0,90030,0,0,90060,90160,90200,5261,-1,0,0.4,1.1,1.4,1.1,1.1,1.2,1.4,1.2,1.2,0,0,0,-1,-1,128,2001,-1,100,30,112,0,0,-1,-1,-1,5800,12401,-1,-1,-1,-1,-1,-1,-1,-1,5130,-1,461,-1,0,2,1,0,0,1,1,1,0,0,-1,-1,0,0,0,0,0,0,-1,-1,4160,30,5,0,180,50,0.3,-1,-1,-1,-1,1.8,0,0,0,1,0,0,0,0,0,0,0,0,1,0,-1,-1,-1,-1,-1,-1,-1,-1,2900,0.1,0.4,-1,0,0,30,0.29,100,3001,-1,5002,6001,-1,0,0.5,0.6,0,-1,0,1,1,1,1,1,1,1,1,1,1,1,1,1,1,1,1,1,1,-1,0,-1,0,-1,-1,-1,-1,[0|0|0|0|0|0|0|0|0|0|0|0],
41610033,Stray,0,0,[0|0|0],41610,1001,0,30,1.1,0.5,100,0,162,0,100,416100000,-1,10,0,0,-1,-1,0.7,-1,5400,5330,12404,7090,0,0,0,0,-1,0,0,0,0,0,-1,-1,-1,-1,-1,-1,16,3000,3001,3002,3003,3004,3005,3006,3007,702,703,701,-1,0,1,1,1,1,1,1,1,1,1.5,-0.53846157,0,50,21,100,0,0,0,100,100,100,0,84,84,84,999,-1,-1,0,0,0,0,-1,-1,0,0,0,0,0,84,999,0,0,-1,10,0,11,0,0,6,4,40,110,110,0,0,0,0,0,0,0,0,0,0,0,0,0,17,7,0,0,0,0,0,0,1,0,1,0,0,0,0,0,0,0,0,0,0,0,0,0,0,0,0,0,0,0,0,0,0,0,0,0,1,0,1,1,0,0,0,0,0,0,0,0,0,0,0,0,0,0,0,0,0,0,0,1.1,0.5,0,0,0,0,0,0,1,0,0,100,1,999,1,109,109,139,139,139,139,0,90030,0,0,90060,90160,90200,5261,-1,0,0.4,1.1,1.4,1.1,1.1,1.2,1.4,1.2,1.2,0,0,0,-1,-1,128,2001,-1,100,30,112,0,0,-1,-1,-1,5800,12402,-1,-1,-1,-1,-1,-1,-1,-1,5130,151,461,-1,0,2,1,0,0,1,1,1,0,0,-1,-1,0,0,0,0,0,0,-1,-1,4160,30,5,0,180,50,0.2,-1,-1,4160,-1,1.8,0,0,0,1,0,0,0,0,0,0,0,0,0.85,0,-1,-1,-1,-1,-1,-1,-1,-1,2900,0.1,0.4,-1,0,0,30,0.29,100,3001,-1,5002,6001,-1,0,0.5,0.6,0,-1,0,1,1,1,1,1,1,1,1,1,1,1,1,1,1,1,1,1,1,-1,0,-1,0,-1,-1,-1,-1,[0|0|0|0|0|0|0|0|0|0|0|0],
41610064,Stray (Siofra River),0,0,[0|0|0],41610,1001,0,30,1.1,0.5,100,0,162,0,100,416100000,-1,10,0,0,-1,-1,0.7,-1,5400,5330,12404,7060,0,0,0,0,-1,0,0,0,0,0,-1,-1,-1,-1,-1,-1,16,3000,3001,3002,3003,3004,3005,3006,3007,702,703,701,-1,0,1,1,1,1,1,1,1,1,1.5,-0.53846157,0,50,21,100,0,0,0,100,100,100,0,84,84,84,999,-1,-1,0,0,0,0,-1,-1,0,0,0,0,0,84,999,0,0,-1,10,0,11,0,0,6,4,40,110,110,0,0,0,0,0,0,0,0,0,0,0,0,0,17,7,0,0,0,0,0,0,1,0,1,0,0,0,0,0,0,0,0,0,0,0,0,0,0,0,0,0,0,0,0,0,0,0,0,0,1,0,1,1,0,0,0,0,0,0,0,0,0,0,0,0,0,0,0,0,0,0,0,1.1,0.5,0,0,0,0,0,0,1,0,0,100,1,999,1,109,109,139,139,139,139,0,90030,0,0,90060,90160,90200,5261,-1,0,0.4,1.1,1.4,1.1,1.1,1.2,1.4,1.2,1.2,0,0,0,-1,-1,128,2001,-1,100,30,112,0,0,-1,-1,-1,5800,12402,-1,-1,-1,-1,-1,-1,-1,-1,5130,151,461,-1,0,2,1,0,0,1,1,1,0,0,-1,-1,0,0,0,0,0,0,-1,-1,4160,30,5,0,180,50,0.2,-1,-1,4160,-1,1.8,0,0,0,1,0,0,0,0,0,0,0,0,0.85,0,-1,-1,-1,-1,-1,-1,-1,-1,2900,0.1,0.4,-1,0,0,30,0.29,100,3001,-1,5002,6001,-1,0,0.5,0.6,0,-1,0,1,1,1,1,1,1,1,1,1,1,1,1,1,1,1,1,1,1,-1,0,-1,0,-1,-1,-1,-1,[0|0|0|0|0|0|0|0|0|0|0|0],
41610212,Stray,0,0,[0|0|0],41610,1001,0,30,1.1,0.5,100,0,162,0,100,416100000,-1,10,0,0,-1,-1,0.7,-1,5400,5330,12404,7020,0,0,0,0,-1,0,0,0,0,0,-1,-1,-1,-1,-1,-1,16,3000,3001,3002,3003,3004,3005,3006,3007,702,703,701,-1,0,1,1,1,1,1,1,1,1,1.5,-0.53846157,0,50,21,100,0,0,0,100,100,100,0,84,84,84,999,-1,-1,0,0,0,0,-1,-1,0,0,0,0,0,84,999,0,0,-1,10,0,11,0,0,6,4,40,110,110,0,0,0,0,0,0,0,0,0,0,0,0,0,17,7,0,0,0,0,0,0,1,0,0,1,0,0,0,0,0,0,0,0,0,0,0,0,0,0,0,0,0,0,0,0,0,0,0,0,1,0,1,1,0,0,0,0,0,0,0,0,0,0,0,0,0,0,0,0,0,0,0,1.1,0.5,0,0,0,0,0,0,1,0,0,100,1,999,1,109,109,139,139,139,139,0,90030,0,0,90060,90160,90200,5261,-1,0,0.4,1.1,1.4,1.1,1.1,1.2,1.4,1.2,1.2,0,0,0,-1,-1,128,2001,-1,100,30,112,0,0,-1,-1,-1,5800,12402,-1,-1,-1,-1,-1,-1,-1,-1,5130,151,461,-1,0,2,1,0,0,1,1,1,0,0,-1,-1,0,0,0,0,0,0,-1,-1,4160,30,5,0,180,50,0.2,-1,-1,4160,-1,1.8,0,0,0,1,0,0,0,0,0,0,0,0,0.85,0,-1,-1,-1,-1,-1,-1,-1,-1,2900,0.1,0.4,-1,0,0,30,0.29,100,3001,-1,5002,6001,-1,0,0.5,0.6,0,-1,0,1,1,1,1,1,1,1,1,1,1,1,1,1,1,1,1,1,1,-1,0,-1,0,-1,-1,-1,-1,[0|0|0|0|0|0|0|0|0|0|0|0],
41610252,Stray,0,0,[0|0|0],41610,1001,0,30,1.1,0.5,100,0,162,0,100,416100000,-1,10,0,0,-1,-1,0.7,-1,5400,5330,12404,7160,0,0,0,0,-1,0,0,0,0,0,-1,-1,-1,-1,-1,-1,16,3000,3001,3002,3003,3004,3005,3006,3007,702,703,701,-1,0,1,1,1,1,1,1,1,1,1.5,-0.53846157,0,50,21,100,0,0,0,100,100,100,0,84,84,84,999,-1,-1,0,0,0,0,-1,-1,0,0,0,0,0,84,999,0,0,-1,10,0,11,0,0,6,4,40,110,110,0,0,0,0,0,0,0,0,0,0,0,0,0,17,7,0,0,0,0,0,0,1,0,0,1,0,0,0,0,0,0,0,0,0,0,0,0,0,0,0,0,0,0,0,0,0,0,0,0,1,0,1,1,0,0,0,0,0,0,0,0,0,0,0,0,0,0,0,0,0,0,0,1.1,0.5,0,0,0,0,0,0,1,0,0,100,1,999,1,109,109,139,139,139,139,0,90030,0,0,90060,90160,90200,5261,-1,0,0.4,1.1,1.4,1.1,1.1,1.2,1.4,1.2,1.2,0,0,0,-1,-1,128,2001,-1,100,30,112,0,0,-1,-1,-1,5800,12402,-1,-1,-1,-1,-1,-1,-1,-1,5130,151,461,-1,0,2,1,0,0,1,1,1,0,0,-1,-1,0,0,0,0,0,0,-1,-1,4160,30,5,0,180,50,0.2,-1,-1,4160,-1,1.8,0,0,0,1,0,0,0,0,0,0,0,0,0.85,0,-1,-1,-1,-1,-1,-1,-1,-1,2900,0.1,0.4,-1,0,0,30,0.29,100,3001,-1,5002,6001,-1,0,0.5,0.6,0,-1,0,1,1,1,1,1,1,1,1,1,1,1,1,1,1,1,1,1,1,-1,0,-1,0,-1,-1,-1,-1,[0|0|0|0|0|0|0|0|0|0|0|0],
41640030,Large Bloodbane Stray,0,0,[0|0|0],41600,1001,0,30,1.2,0.5,100,0,338,0,100,416000000,-1,10,0,0,-1,-1,0.7,-1,5400,5330,12404,7080,0,0,0,0,-1,0,0,0,0,0,-1,-1,-1,-1,-1,-1,25,3000,3001,3002,3003,3004,3005,3006,3007,702,703,701,-1,0,1,1,1,1,1,1,1,1,1.5,-0.53846157,0,50,21,100,0,0,0,100,100,100,0,84,84,63,999,-1,-1,0,0,0,0,-1,-1,0,0,0,0,0,154,999,0,0,-1,10,0,11,0,0,51,4,40,110,110,0,0,0,0,0,0,0,0,0,0,0,0,0,17,7,0,0,0,0,0,0,1,0,1,0,0,0,0,0,0,0,0,0,0,0,0,0,0,0,0,0,0,0,0,0,0,0,0,0,1,0,1,1,0,0,0,0,0,0,0,0,0,0,0,0,0,0,0,0,0,0,0,1.2,0.5,0,0,0,0,0,0,1,0,0,100,1,999,1,109,109,139,139,139,139,0,90030,0,0,90060,90160,90200,5261,-1,0,0.4,1.1,1.4,1.1,1.1,1.2,1,1.2,1.2,0,0,0,-1,-1,128,2001,-1,100,30,112,0,0,-1,-1,-1,5800,12407,12409,-1,-1,-1,-1,-1,-1,-1,5130,-1,461,-1,0,2,1,0,0,1,1,1,0,0,-1,-1,0,0,0,0,0,0,-1,-1,4160,30,5,0,180,50,0.3,-1,-1,4160,-1,1.8,0,0,0,1,0,0,0,0,0,0,0,0,1,0,-1,-1,-1,-1,-1,-1,-1,-1,2900,0.1,0.4,-1,0,0,30,0.29,100,3000,-1,5002,6003,-1,0,0.5,0.6,0,-1,0,1,1,1,1,1,1,1,1,1,1,1,1,1,1,1,1,1,1,-1,0,-1,0,-1,-1,-1,-1,[0|0|0|0|0|0|0|0|0|0|0|0],
41640052,Large Bloodbane Stray,0,0,[0|0|0],41600,1001,0,30,1.2,0.5,100,0,338,0,100,416000000,-1,10,0,0,-1,-1,0.7,-1,5400,5330,12404,7160,0,0,0,0,-1,0,0,0,0,0,-1,-1,-1,-1,-1,-1,25,3000,3001,3002,3003,3004,3005,3006,3007,702,703,701,-1,0,1,1,1,1,1,1,1,1,1.5,-0.53846157,0,50,21,100,0,0,0,100,100,100,0,84,84,63,999,-1,-1,0,0,0,0,-1,-1,0,0,0,0,0,154,999,0,0,-1,10,0,11,0,0,6,4,40,110,110,0,0,0,0,0,0,0,0,0,0,0,0,0,17,7,0,0,0,0,0,0,1,0,1,0,0,0,0,0,0,0,0,0,0,0,0,0,0,0,0,0,0,0,0,0,0,0,0,0,1,0,1,1,0,0,0,0,0,0,0,0,0,0,0,0,0,0,0,0,0,0,0,1.2,0.5,0,0,0,0,0,0,1,0,0,100,1,999,1,109,109,139,139,139,139,0,90030,0,0,90060,90160,90200,5261,-1,0,0.4,1.1,1.4,1.1,1.1,1.2,1,1.2,1.2,0,0,0,-1,-1,128,2001,-1,100,30,112,0,0,-1,-1,-1,5800,12407,12409,-1,-1,-1,-1,-1,-1,-1,5130,-1,461,-1,0,2,1,0,0,1,1,1,0,0,-1,-1,0,0,0,0,0,0,-1,-1,4160,30,5,0,180,50,0.3,-1,-1,4160,-1,1.8,0,0,0,1,0,0,0,0,0,0,0,0,1,0,-1,-1,-1,-1,-1,-1,-1,-1,2900,0.1,0.4,-1,0,0,30,0.29,100,3000,-1,5002,6003,-1,0,0.5,0.6,0,-1,0,1,1,1,1,1,1,1,1,1,1,1,1,1,1,1,1,1,1,-1,0,-1,0,-1,-1,-1,-1,[0|0|0|0|0|0|0|0|0|0|0|0],
41650052,Bloodbane Stray,0,0,[0|0|0],41610,1001,0,30,1.1,0.5,100,0,162,0,100,416100000,-1,10,0,0,-1,-1,0.7,-1,5400,5330,12404,7160,0,0,0,0,-1,0,0,0,0,0,-1,-1,-1,-1,-1,-1,16,3000,3001,3002,3003,3004,3005,3006,3007,702,703,701,-1,0,1,1,1,1,1,1,1,1,1.5,-0.53846157,0,50,21,100,0,0,0,100,100,100,0,84,84,63,999,-1,-1,0,0,0,0,-1,-1,0,0,0,0,0,154,999,0,0,-1,10,0,11,0,0,6,4,40,110,110,0,0,0,0,0,0,0,0,0,0,0,0,0,17,7,0,0,0,0,0,0,1,0,1,0,0,0,0,0,0,0,0,0,0,0,0,0,0,0,0,0,0,0,0,0,0,0,0,0,1,0,1,1,0,0,0,0,0,0,0,0,0,0,0,0,0,0,0,0,0,0,0,1.1,0.5,0,0,0,0,0,0,1,0,0,100,1,999,1,109,109,139,139,139,139,0,90030,0,0,90060,90160,90200,5261,-1,0,0.4,1.1,1.4,1.1,1.1,1.2,1,1.2,1.2,0,0,0,-1,-1,128,2001,-1,100,30,112,0,0,-1,-1,-1,5800,12408,12409,-1,-1,-1,-1,-1,-1,-1,5130,151,461,-1,0,2,1,0,0,1,1,1,0,0,-1,-1,0,0,0,0,0,0,-1,-1,4160,30,5,0,180,50,0.2,-1,-1,4160,-1,1.8,0,0,0,1,0,0,0,0,0,0,0,0,0.85,0,-1,-1,-1,-1,-1,-1,-1,-1,2900,0.1,0.4,-1,0,0,30,0.29,100,3000,-1,5002,6003,-1,0,0.5,0.6,0,-1,0,1,1,1,1,1,1,1,1,1,1,1,1,1,1,1,1,1,1,-1,0,-1,0,-1,-1,-1,-1,[0|0|0|0|0|0|0|0|0|0|0|0],
41650068,Bloodbane Stray,0,0,[0|0|0],41610,1001,0,30,1.1,0.5,100,0,162,0,100,416100000,-1,10,0,0,-1,-1,0.7,-1,5400,5330,12404,7170,0,0,0,0,-1,0,0,0,0,0,-1,-1,-1,-1,-1,-1,16,3000,3001,3002,3003,3004,3005,3006,3007,702,703,701,-1,0,1,1,1,1,1,1,1,1,1.5,-0.53846157,0,50,21,100,0,0,0,100,100,100,0,84,84,63,999,-1,-1,0,0,0,0,-1,-1,0,0,0,0,0,154,999,0,0,-1,10,0,11,0,0,6,4,40,110,110,0,0,0,0,0,0,0,0,0,0,0,0,0,17,7,0,0,0,0,0,0,1,0,1,0,0,0,0,0,0,0,0,0,0,0,0,0,0,0,0,0,0,0,0,0,0,0,0,0,1,0,1,1,0,0,0,0,0,0,0,0,0,0,0,0,0,0,0,0,0,0,0,1.1,0.5,0,0,0,0,0,0,1,0,0,100,1,999,1,109,109,139,139,139,139,0,90030,0,0,90060,90160,90200,5261,-1,0,0.4,1.1,1.4,1.1,1.1,1.2,1,1.2,1.2,0,0,0,-1,-1,128,2001,-1,100,30,112,0,0,-1,-1,-1,5800,12408,12409,-1,-1,-1,-1,-1,-1,-1,5130,151,461,-1,0,2,1,0,0,1,1,1,0,0,-1,-1,0,0,0,0,0,0,-1,-1,4160,30,5,0,180,50,0.2,-1,-1,4160,-1,1.8,0,0,0,1,0,0,0,0,0,0,0,0,0.85,0,-1,-1,-1,-1,-1,-1,-1,-1,2900,0.1,0.4,-1,0,0,30,0.29,100,3000,-1,5002,6003,-1,0,0.5,0.6,0,-1,0,1,1,1,1,1,1,1,1,1,1,1,1,1,1,1,1,1,1,-1,0,-1,0,-1,-1,-1,-1,[0|0|0|0|0|0|0|0|0|0|0|0],
41650935,Bloodbane Stray (Boss),0,0,[0|0|0],41610,1001,0,30,1.1,0.5,100,0,162,0,100,-1,-1,10,0,0,-1,-1,0.7,-1,5400,5330,12404,7130,0,90400,0,0,-1,0,0,0,0,0,-1,-1,-1,-1,-1,-1,16,3000,3001,3002,3003,3004,3005,3006,3007,702,703,701,-1,0,1,1,1,1,1,1,1,1,1.5,-0.53846157,0,50,21,100,0,0,0,100,100,100,0,84,84,63,999,-1,-1,0,0,0,0,-1,-1,0,0,0,0,0,154,999,0,0,-1,10,0,11,0,1,33,4,40,110,110,0,0,0,0,0,0,0,0,0,0,0,0,0,17,7,0,0,0,0,0,0,1,0,1,0,0,0,0,0,0,0,0,0,0,0,0,0,0,0,0,0,0,0,0,0,0,0,0,0,1,1,1,1,0,0,0,0,0,0,0,0,0,0,0,0,0,0,0,0,0,0,0,1.1,0.5,0,1,0,0,0,0,1,0,0,100,1,999,1,109,109,139,139,139,139,95000,90030,95010,0,90060,90160,90200,-1,-1,0,0.4,1.1,1.4,1.1,1.1,1.2,1,1.2,1.2,0,0,0,-1,-1,128,2001,-1,300,30,112,0,0,-1,-1,-1,5800,12408,12409,-1,102304,-1,-1,-1,-1,5130,5130,151,461,4301,0,2,1,0,0,1,1,1,0,0,-1,-1,0,0,0,0,0,0,-1,-1,4160,30,5,0,180,50,0.2,-1,-1,4160,-1,1.8,0,0,0,1,0,0,0,0,0,0,0,0,0.85,0,-1,-1,-1,-1,-1,-1,-1,-1,2900,0.1,0.4,-1,0,0,30,0.29,100,3000,-1,5002,6003,-1,0,0.5,0.6,0,-1,0,1,1,1,1,1,1,1,1,1,1,1,1,1,1,1,1,1,1,-1,0,-1,0,-1,-1,-1,-1,[0|0|0|0|0|0|0|0|0|0|0|0],
41660042,Large Rotten Stray,0,0,[0|0|0],41600,1003,0,30,1.2,0.5,100,0,338,0,100,416000000,-1,10,0,0,-1,-1,0.7,-1,5400,5330,12404,7150,0,0,0,0,-1,0,0,0,0,0,-1,-1,-1,-1,-1,-1,25,3000,3001,3002,3003,3004,3005,3006,3007,702,703,701,-1,0,1,1,1,1,1,1,1,1,1.5,-0.53846157,0,50,21,100,0,0,0,100,100,100,0,154,154,84,999,-1,-1,0,0,0,0,-1,-1,0,0,0,0,0,84,999,0,0,-1,10,0,11,0,0,6,4,40,110,110,0,0,0,0,0,0,0,0,0,0,0,0,0,17,7,0,0,0,0,0,0,1,0,1,0,0,0,0,0,0,0,0,0,0,0,0,0,0,0,0,0,0,0,0,0,0,0,0,0,1,0,1,1,0,0,0,0,0,0,0,0,0,0,0,0,0,0,0,0,0,0,0,1.2,0.5,0,0,0,0,0,0,1,0,0,100,1,999,1,109,109,139,139,139,139,0,90030,0,0,90060,90160,90200,5261,-1,0,0.4,1.1,1.4,1.1,1.1,1.2,2,1.2,1.2,0,0,0,-1,-1,128,2003,-1,100,30,112,0,0,-1,-1,-1,5800,12405,-1,-1,-1,-1,-1,-1,-1,-1,5130,-1,461,-1,0,2,1,0,0,1,1,1,0,0,-1,-1,0,0,0,0,0,0,-1,-1,4160,30,5,0,180,50,0.3,-1,-1,4160,-1,1.8,0,0,0,1,0,0,0,0,0,0,0,0,1,0,-1,-1,-1,-1,-1,-1,-1,-1,2900,0.1,0.4,-1,0,0,30,0.29,100,3001,-1,5002,6001,-1,0,0.5,0.6,0,-1,0,1,1,1,1,1,1,1,1,1,1,1,1,1,1,1,1,1,1,-1,0,-1,0,-1,-1,-1,-1,[0|0|0|0|0|0|0|0|0|0|0|0],
41700020,Putrid Flesh,0,0,[0|0|0],41700,1004,0,10,1.1,0.55,100,0,275,0,100,417000000,-1,-1,0,0,-1,-1,0.45,-1,0,-1,5361,7060,0,0,0,0,-1,0,0,0,0,0,-1,-1,-1,-1,-1,-1,16,3000,3001,3002,3003,3004,3005,3006,3007,702,703,701,-1,0,1,1,1,1,1,1,1,1,1.5,0.84615386,0,50,21,100,0,0,0,100,100,100,0,252,252,112,999,-1,-1,0,0,0,0,-1,-1,1,0,0,0,0,999,999,0,0,-1,10,0,10,0,0,6,1,40,139,139,1,0,0,1,0,0,0,0,0,0,0,0,0,17,7,0,0,0,0,0,0,1,0,1,0,0,0,0,0,0,0,0,0,0,0,0,0,0,0,0,0,0,0,0,0,0,0,0,0,1,0,1,1,0,0,0,0,0,0,0,0,0,0,0,0,0,0,0,0,0,0,0,1.1,0.55,0,0,0,0,0,0,0,0,0,100,1,999,1,109,109,139,139,139,139,0,90030,0,90300,90060,90160,0,5261,-1,0,0.4,0.2,0.2,0.2,0.2,0.6,1.4,0.6,0.6,0,0,0,-1,-1,128,2004,-1,100,10,112,0,0,-1,12110,-1,-1,-1,-1,-1,-1,-1,-1,-1,-1,-1,-1,-1,152,-1,0,2,0,0,0,1,1,1,0,0,-1,-1,0,0,0,0,0,0,-1,-1,-1,40,40,0,180,50,0.05,-1,-1,-1,-1,1,0,0,0,1,0,0,0,0,0,0,0,0,1,0,-1,-1,-1,-1,-1,-1,-1,-1,-1,0.1,0.4,-1,0,0,120,0.29,100,3002,-1,5002,-1,-1,0,0.5,0.6,0,-1,0,1,1,1,1,1,1,1,1,1,1,1,1,1,1,1,1,1,1,-1,0,-1,0,-1,-1,-1,-1,[0|0|0|0|0|0|0|0|0|0|0|0],
41700030,Putrid Flesh,0,0,[0|0|0],41700,1004,0,10,1.1,0.55,100,0,275,0,100,417000000,-1,-1,0,0,-1,-1,0.45,-1,0,-1,5361,7080,0,0,0,0,-1,0,0,0,0,0,-1,-1,-1,-1,-1,-1,16,3000,3001,3002,3003,3004,3005,3006,3007,702,703,701,-1,0,1,1,1,1,1,1,1,1,1.5,0.84615386,0,50,21,100,0,0,0,100,100,100,0,252,252,112,999,-1,-1,0,0,0,0,-1,-1,1,0,0,0,0,999,999,0,0,-1,10,0,10,0,0,51,1,40,139,139,1,0,0,1,0,0,0,0,0,0,0,0,0,17,7,0,0,0,0,0,0,1,0,1,0,0,0,0,0,0,0,0,0,0,0,0,0,0,0,0,0,0,0,0,0,0,0,0,0,1,0,1,1,0,0,0,0,0,0,0,0,0,0,0,0,0,0,0,0,0,0,0,1.1,0.55,0,0,0,0,0,0,0,0,0,100,1,999,1,109,109,139,139,139,139,0,90030,0,90300,90060,90160,0,5261,-1,0,0.4,0.2,0.2,0.2,0.2,0.6,1.4,0.6,0.6,0,0,0,-1,-1,128,2004,-1,100,10,112,0,0,-1,12110,-1,-1,-1,-1,-1,-1,-1,-1,-1,-1,-1,-1,-1,152,-1,0,2,0,0,0,1,1,1,0,0,-1,-1,0,0,0,0,0,0,-1,-1,-1,40,40,0,180,50,0.05,-1,-1,-1,-1,1,0,0,0,1,0,0,0,0,0,0,0,0,1,0,-1,-1,-1,-1,-1,-1,-1,-1,-1,0.1,0.4,-1,0,0,120,0.29,100,3002,-1,5002,-1,-1,0,0.5,0.6,0,-1,0,1,1,1,1,1,1,1,1,1,1,1,1,1,1,1,1,1,1,-1,0,-1,0,-1,-1,-1,-1,[0|0|0|0|0|0|0|0|0|0|0|0],
41700040,Putrid Flesh,0,0,[0|0|0],41700,1004,0,10,1.1,0.55,100,0,275,0,100,417000000,-1,-1,0,0,-1,-1,0.45,-1,0,-1,5361,7070,0,0,0,0,-1,0,0,0,0,0,-1,-1,-1,-1,-1,-1,16,3000,3001,3002,3003,3004,3005,3006,3007,702,703,701,-1,0,1,1,1,1,1,1,1,1,1.5,0.84615386,0,50,21,100,0,0,0,100,100,100,0,252,252,112,999,-1,-1,0,0,0,0,-1,-1,1,0,0,0,0,999,999,0,0,-1,10,0,10,0,0,6,1,40,139,139,1,0,0,1,0,0,0,0,0,0,0,0,0,17,7,0,0,0,0,0,0,1,0,1,0,0,0,0,0,0,0,0,0,0,0,0,0,0,0,0,0,0,0,0,0,0,0,0,0,1,0,1,1,0,0,0,0,0,0,0,0,0,0,0,0,0,0,0,0,0,0,0,1.1,0.55,0,0,0,0,0,0,0,0,0,100,1,999,1,109,109,139,139,139,139,0,90030,0,90300,90060,90160,0,5261,-1,0,0.4,0.2,0.2,0.2,0.2,0.6,1.4,0.6,0.6,0,0,0,-1,-1,128,2004,-1,100,10,112,0,0,-1,12110,-1,-1,-1,-1,-1,-1,-1,-1,-1,-1,-1,-1,-1,152,-1,0,2,0,0,0,1,1,1,0,0,-1,-1,0,0,0,0,0,0,-1,-1,-1,40,40,0,180,50,0.05,-1,-1,-1,-1,1,0,0,0,1,0,0,0,0,0,0,0,0,1,0,-1,-1,-1,-1,-1,-1,-1,-1,-1,0.1,0.4,-1,0,0,120,0.29,100,3002,-1,5002,-1,-1,0,0.5,0.6,0,-1,0,1,1,1,1,1,1,1,1,1,1,1,1,1,1,1,1,1,1,-1,0,-1,0,-1,-1,-1,-1,[0|0|0|0|0|0|0|0|0|0|0|0],
41710000,Putrid Flesh (Large),1,0,[0|0|0],41710,1004,0,10,7,3.5,100,0,1048,0,100,-1,-1,-1,5,0,-1,-1,0.45,-1,5401,5300,5361,7740,0,0,0,0,-1,0,0,0,0,0,-1,-1,-1,-1,-1,-1,16,3000,3001,3002,3003,3004,3005,3006,3007,702,703,701,-1,0,1,1,1,1,1,1,1,1,1.3,1.7692307,0,50,21,100,0,0,0,100,100,100,0,252,252,154,999,-1,-1,0,0,0,0,-1,4170,1,0,0,0,0,999,999,0,0,-1,10,0,13,0,0,6,0,40,139,139,1,0,0,1,0,0,0,0,0,0,0,0,0,17,7,0,0,0,0,0,0,1,0,1,0,0,0,0,0,0,0,0,0,0,0,0,0,0,0,0,0,0,0,0,0,0,0,0,1,1,0,1,1,0,0,0,0,0,0,0,0,0,0,0,0,0,0,0,0,0,0,0,7,3.5,0,0,0,0,0,0,0,0,0,100,1,999,1,110,110,139,139,139,170,0,90030,0,90300,90060,90160,0,5260,-1,0,0.4,0.65,0.65,0.65,0.65,0.8,1,0.8,0.8,0,0,0,-1,-1,128,2004,-1,7740,10,112,0,0,-1,12111,-1,-1,-1,-1,-1,-1,-1,-1,-1,-1,-1,-1,700500,152,8600303,0,2,0,0,0,1,1,1,0,0,-1,-1,0,0,0,0,0,0,-1,-1,4170,40,40,0,180,100,0.05,-1,-1,4170,4170,2.5,0,0,0,1,0,0,0,0,0,0,0,0,5,0,-1,-1,-1,-1,-1,-1,-1,-1,-1,0.1,0.4,-1,0,0,180,0.29,100,3003,-1,5002,-1,-1,0,0.5,0.6,0,-1,7440,1,1,1,1,1,1,1,1,1,1,1,1,1,1,1,1,1,1,-1,0,-1,7740,113230,-1,-1,-1,[205|204|108|64|0|0|0|0|0|0|0|0],
41710010,Putrid Flesh (Large),1,0,[0|0|0],41710,1004,0,10,7,3.5,100,0,1048,0,400,24171000,-1,-1,5,0,-1,-1,0.45,-1,5401,5300,5361,7740,0,0,0,0,-1,0,0,0,0,0,-1,-1,-1,-1,-1,-1,16,3000,3001,3002,3003,3004,3005,3006,3007,702,703,701,-1,0,1,1,1,1,1,1,1,1,1.3,1.7692307,0,50,21,100,0,0,0,100,100,100,0,252,252,154,999,-1,-1,0,0,0,0,-1,4170,1,0,0,0,0,999,999,0,0,-1,10,0,13,0,0,6,0,40,139,139,1,0,0,1,0,0,0,0,0,0,0,0,0,17,7,0,0,0,0,0,0,1,0,1,0,0,0,0,0,0,0,0,0,0,0,0,0,0,0,0,0,0,0,0,0,0,0,0,1,1,0,1,1,0,0,0,0,0,0,0,0,0,0,0,0,0,0,0,0,0,0,0,7,3.5,0,0,0,0,0,1,0,0,0,100,1,999,1,110,110,139,139,139,170,0,90030,0,90300,90060,90160,0,5260,-1,0,0.4,0.65,0.65,0.65,0.65,0.8,1,0.8,0.8,0,0,0,-1,-1,128,2004,-1,7740,10,112,0,0,-1,12111,-1,-1,-1,-1,-1,-1,-1,-1,-1,-1,-1,-1,700500,152,8600303,0,2,0,0,0,1,1,1,0,0,-1,-1,0,0,0,0,0,0,-1,-1,4170,40,40,0,180,100,0.05,-1,-1,4170,4170,2.5,0,0,0,1,0,0,0,0,0,0,0,0,5,0,-1,-1,-1,-1,-1,-1,-1,-1,-1,0.1,0.4,-1,0,0,180,0.29,100,3003,-1,5002,-1,-1,0,0.5,0.6,0,-1,7440,1,1,1,1,1,1,1,1,1,1,1,1,1,1,1,1,1,1,-1,0,-1,7740,113230,-1,24171010,-1,[205|204|108|64|0|0|0|0|0|0|0|0],
41710020,Putrid Flesh (Large) CASTLE w/DROPS,1,0,[0|0|0],41710,1004,0,10,7,3.5,100,0,1250,0,100,24171000,-1,-1,5,0,-1,-1,0.45,-1,0,0,5361,7700,920000,0,0,0,-1,0,0,0,0,0,-1,-1,-1,-1,-1,-1,16,3000,3001,3002,3003,3004,3005,3006,3007,702,703,701,-1,0,1,1,1,1,1,1,1,1,1.3,1.7692307,0,50,21,100,0,0,0,100,100,100,0,252,252,154,999,-1,-1,0,0,0,0,-1,4170,1,0,0,0,0,999,999,0,0,-1,10,0,13,0,0,33,0,40,139,139,1,0,0,1,0,0,0,0,0,0,0,0,0,17,7,0,0,0,0,0,0,1,0,1,0,0,0,0,0,0,0,0,0,0,0,0,0,0,0,0,0,0,0,0,0,0,0,0,1,1,0,1,1,0,0,0,0,0,0,0,0,0,0,0,0,0,0,0,0,0,0,0,7,3.5,0,0,0,0,0,1,0,0,0,100,1,999,1,110,110,139,139,139,170,0,90030,0,90300,90060,90160,0,5260,-1,0,0.4,0.65,0.65,0.65,0.65,0.8,1,0.8,0.8,0,0,0,-1,-1,128,2004,-1,7740,10,112,0,0,-1,12110,-1,-1,-1,-1,-1,-1,-1,-1,-1,-1,-1,-1,-1,152,8600303,0,2,0,0,0,1,1,1,0,0,-1,-1,0,0,0,0,0,0,-1,-1,4170,40,40,0,180,100,0.05,-1,-1,4170,4170,2.5,0,0,0,1,0,0,0,0,0,0,0,0,5,0,-1,-1,-1,-1,-1,-1,-1,-1,-1,0.1,0.4,-1,0,0,180,0.29,100,3003,-1,5002,-1,-1,0,0.5,0.6,0,6120300,7440,1,1,1,1,1,1,1,1,1,1,1,1,1,1,1,1,1,1,-1,0,-1,7740,113230,6120110,24171010,-1,[0|0|0|0|0|0|0|0|0|0|0|0],
41710030,Putrid Flesh GH Castle,1,0,[0|0|0],41710,1004,0,10,7,3.5,100,0,748,0,100,-1,-1,-1,5,0,-1,-1,0.45,-1,5401,5300,5361,7740,0,0,0,0,-1,0,0,0,0,0,-1,-1,-1,-1,-1,-1,16,3000,3001,3002,3003,3004,3005,3006,3007,702,703,701,-1,0,1,1,1,1,1,1,1,1,1.3,1.7692307,0,50,21,100,0,0,0,100,100,100,0,252,252,154,999,-1,-1,0,0,0,0,-1,4170,1,0,0,0,0,999,999,0,0,-1,10,0,13,0,0,6,0,40,139,139,1,0,0,1,0,0,0,0,0,0,0,0,0,17,7,0,0,0,0,0,0,1,0,1,0,0,0,0,0,0,0,0,0,0,0,0,0,0,0,0,0,0,0,0,0,0,0,0,1,1,0,1,1,0,0,0,0,0,0,0,0,0,0,0,0,0,0,0,0,0,0,0,7,3.5,0,0,0,0,0,1,0,0,0,100,1,999,1,110,110,139,139,139,170,0,90030,0,90300,90060,90160,0,5260,-1,0,0.4,0.65,0.65,0.65,0.65,0.8,1,0.8,0.8,0,0,0,-1,-1,128,2004,-1,7740,10,112,0,0,-1,12111,-1,-1,-1,-1,-1,-1,-1,-1,-1,-1,-1,-1,700500,152,8600303,0,2,0,0,0,1,1,1,0,0,-1,-1,0,0,0,0,0,0,-1,-1,4170,40,40,0,180,100,0.05,-1,-1,4170,4170,2.5,0,0,0,1,0,0,0,0,0,0,0,0,5,0,-1,-1,-1,-1,-1,-1,-1,-1,-1,0.1,0.4,-1,0,0,180,0.29,100,3003,-1,5002,-1,-1,0,0.5,0.6,0,6013100,7440,1,1,1,1,1,1,1,1,1,1,1,1,1,1,1,1,1,1,-1,0,-1,7740,113230,6013110,-1,-1,[205|204|108|64|0|0|0|0|0|0|0|0],
41710400,Giant Putrid Flesh (Blood),0,0,[0|0|0],41710,1004,0,10,3,3.5,100,0,1893,0,100,417100200,-1,-1,5,0,-1,-1,0.45,-1,5401,5300,5361,0,0,0,0,0,-1,0,0,0,0,0,-1,-1,-1,-1,-1,-1,16,3000,3001,3002,3003,3004,3005,3006,3007,702,703,701,-1,0,1,1,1,1,1,1,1,1,1.5,1.7692307,0,50,21,100,0,0,0,100,100,100,0,252,252,63,999,-1,-1,0,0,0,0,-1,4170,1,0,0,0,0,999,999,0,0,-1,10,0,13,0,0,7,0,40,139,139,1,0,0,1,0,0,0,0,0,0,0,0,0,17,7,0,0,0,0,0,0,1,0,1,0,0,0,0,0,0,0,0,0,0,0,0,0,0,0,0,0,0,0,0,0,0,0,0,1,1,0,1,1,0,0,0,0,0,0,0,0,0,0,0,0,0,0,0,0,0,0,0,3,3.5,0,0,0,0,0,0,0,0,0,100,1,999,1,110,110,139,139,139,170,0,90030,0,90300,90060,90160,0,5261,-1,0,0.4,0.65,0.65,0.65,0.65,0.8,1,0.8,0.8,0,0,0,-1,-1,128,2004,-1,100,10,112,0,0,-1,12111,-1,-1,-1,-1,-1,-1,-1,-1,-1,-1,-1,-1,-1,152,-1,0,2,0,0,0,1,1,1,0,0,-1,-1,0,0,0,0,0,0,-1,-1,4170,40,40,0,180,100,0.05,-1,-1,4170,-1,2.5,0,0,0,1,0,0,0,0,0,0,0,0,5,0,-1,-1,-1,-1,-1,-1,-1,-1,-1,0.1,0.4,-1,0,0,180,0.29,100,3000,-1,5002,-1,-1,0,0.5,0.6,0,-1,0,1,1,1,1,1,1,1,1,1,1,1,1,1,1,1,1,1,1,-1,0,-1,0,-1,-1,-1,-1,[0|0|0|0|0|0|0|0|0|0|0|0],
41710430,Giant Putrid Flesh (Blood),0,0,[0|0|0],41710,1004,0,10,3,3.5,100,0,1893,0,370,417100200,-1,-1,5,0,-1,-1,0.45,-1,5401,5300,5361,7080,0,0,0,0,-1,0,0,0,0,0,-1,-1,-1,-1,-1,-1,16,3000,3001,3002,3003,3004,3005,3006,3007,702,703,701,-1,0,1,1,1,1,1,1,1,1,1.5,1.7692307,0,50,21,100,0,0,0,100,100,100,0,252,252,63,999,-1,-1,0,0,0,0,-1,4170,1,0,0,0,0,999,999,0,0,-1,10,0,13,0,0,7,0,40,139,139,1,0,0,1,0,0,0,0,0,0,0,0,0,17,7,0,0,0,0,0,0,1,0,1,0,0,0,0,0,0,0,0,0,0,0,0,0,0,0,0,0,0,0,0,0,0,0,0,1,1,0,1,1,0,0,0,0,0,0,0,0,0,0,0,0,0,0,0,0,0,0,0,3,3.5,0,0,0,0,0,0,0,0,0,100,1,999,1,110,110,139,139,139,170,0,90030,0,90300,90060,90160,0,5261,-1,0,0.4,0.65,0.65,0.65,0.65,0.8,1,0.8,0.8,0,0,0,-1,-1,128,2004,-1,100,10,112,0,0,-1,12111,-1,-1,-1,-1,-1,-1,-1,-1,-1,-1,-1,-1,-1,152,-1,0,2,0,0,0,1,1,1,0,0,-1,-1,0,0,0,0,0,0,-1,-1,4170,40,40,0,180,100,0.05,-1,-1,4170,-1,2.5,0,0,0,1,0,0,0,0,0,0,0,0,5,0,-1,-1,-1,-1,-1,-1,-1,-1,-1,0.1,0.4,-1,0,0,180,0.29,100,3000,-1,5002,-1,-1,0,0.5,0.6,0,-1,0,1,1,1,1,1,1,1,1,1,1,1,1,1,1,1,1,1,1,-1,0,-1,0,-1,-1,-1,-1,[0|0|0|0|0|0|0|0|0|0|0|0],
41710468,Giant Putrid Flesh (Blood),0,0,[0|0|0],41710,1004,0,10,3,3.5,100,-0.2,1893,0,100,417100200,-1,-1,5,0,-1,-1,0.45,-1,5401,5300,5361,7170,0,0,0,0,-1,0,0,0,0,0,-1,-1,-1,-1,-1,-1,16,3000,3001,3002,3003,3004,3005,3006,3007,702,703,701,-1,0,1,1,1,1,1,1,1,1,1.5,1.7692307,0,50,21,100,0,0,0,100,100,100,0,252,252,63,999,-1,-1,0,0,0,0,-1,4170,1,0,0,0,0,999,999,0,0,-1,10,0,13,0,0,7,0,40,139,139,1,0,0,1,0,0,0,0,0,0,0,0,0,17,7,0,0,0,0,0,0,1,0,1,0,0,0,0,0,0,0,0,0,0,0,0,0,0,0,0,0,0,0,0,0,0,0,0,1,1,0,1,1,0,0,0,0,0,0,0,0,0,0,0,0,0,0,0,0,0,0,0,3,3.5,0,0,0,0,0,0,0,0,0,100,1,999,1,110,110,139,139,139,170,0,90030,0,90300,90060,90160,0,5261,-1,0,0.4,0.65,0.65,0.65,0.65,0.8,1,0.8,0.8,0,0,0,-1,-1,128,2004,-1,100,10,112,0,0,-1,12111,-1,-1,-1,-1,-1,-1,-1,-1,-1,-1,-1,-1,-1,152,-1,0,2,0,0,0,1,1,1,0,0,-1,-1,0,0,0,0,0,0,-1,-1,4170,40,40,0,180,100,0.05,-1,-1,4170,-1,2.5,0,0,0,1,0,0,0,0,0,0,0,0,5,0,-1,-1,-1,-1,-1,-1,-1,-1,-1,0.1,0.4,-1,0,0,180,0.29,100,3000,-1,5002,-1,-1,0,0.5,0.6,0,-1,0,1,1,1,1,1,1,1,1,1,1,1,1,1,1,1,1,1,1,-1,0,-1,0,-1,-1,-1,-1,[0|0|0|0|0|0|0|0|0|0|0|0],
41800033,Spirit Jellyfish,0,0,[0|0|0],41800,-1,0,60,3,0.7,100,0,223,0,100,418000040,-1,-1,0,0,-1,-1,0.7,-1,5400,0,0,7090,0,0,90000,90010,-1,0,0,0,0,0,-1,-1,-1,-1,-1,-1,20,3000,3001,3002,3003,3004,3005,3006,3007,6003,6002,6003,6002,0,1,1,1,1,1,1,1,1,1.5,-0.53846157,0,50,21,100,0,0,0,100,100,100,0,999,999,999,999,-1,-1,0,0,0,0,-1,-1,1,0,0,0,0,999,999,0,0,-1,10,0,11,0,0,6,1,40,139,139,0,0,0,0,0,0,0,0,0,0,0,0,0,0,0,0,0,0,0,0,0,0,0,0,0,0,0,0,0,0,0,0,0,1,0,0,0,0,0,0,0,0,0,0,0,0,0,0,0,1,0,0,1,0,0,0,0,0,0,0,0,0,0,0,0,0,0,0,0,0,0,0,3,0.7,0,0,0,0,0,0,0,0,0,100,1,999,1,121,121,139,139,139,139,90020,90030,90040,90300,90060,90100,0,5261,-1,0,0.4,1,1,0.65,1,0.8,0.8,1.2,1,0,0,0,-1,-1,128,-1,-1,100,10,999,0,0,-1,14201,14209,-1,-1,14210,-1,-1,-1,-1,-1,-1,-1,-1,-1,-1,-1,0,2,0,0,0,1,1,1,0,0,-1,-1,0,0,0,0,0,0,-1,-1,-1,20,20,0,180,50,0.1,-1,-1,-1,-1,1.8,0,0,0,1,0,0,0,0,0,0,0,0,1,0,-1,-1,-1,-1,-1,-1,-1,-1,-1,0.1,0.4,-1,0,0,30,0.29,100,-1,-1,-1,-1,-1,0,0.5,0.6,0,-1,0,1,1,1,1,1,1,1,1,1,1,1,1,1,1,1,1,1,1,-1,0,-1,0,-1,-1,-1,-1,[0|0|0|0|0|0|0|0|0|0|0|0],
41800210,Spirit Jellyfish,0,0,[0|0|0],41800,-1,0,60,3,0.7,100,0,223,0,100,-1,-1,-1,0,0,-1,-1,0.7,-1,5400,0,0,7010,0,0,90000,90010,-1,0,0,0,0,0,-1,-1,-1,-1,-1,-1,20,3000,3001,3002,3003,3004,3005,3006,3007,6003,6002,6003,6002,0,1,1,1,1,1,1,1,1,1.5,-0.53846157,0,50,21,100,0,0,0,100,100,100,0,999,999,999,999,-1,-1,0,0,0,0,-1,-1,1,0,0,0,0,999,999,0,0,-1,10,0,11,0,0,6,1,40,139,139,0,0,0,0,0,0,0,0,0,0,0,0,0,0,0,0,0,0,0,0,0,0,0,0,0,0,0,0,0,0,0,0,0,1,0,0,0,0,0,0,0,0,0,0,0,0,0,0,0,1,0,0,1,0,0,0,0,0,0,0,0,0,0,0,0,0,0,0,0,0,0,0,3,0.7,0,0,0,0,0,0,0,0,0,100,1,999,1,121,121,139,139,139,139,90020,90030,90040,90300,90060,90100,0,5261,-1,0,0.4,1,1,0.65,1,0.8,0.8,1.2,1,0,0,0,-1,-1,128,-1,-1,100,10,999,0,0,-1,14201,14209,-1,-1,14210,-1,-1,-1,-1,-1,-1,-1,-1,-1,-1,-1,0,2,0,0,0,1,1,1,0,0,-1,-1,0,0,0,0,0,0,-1,-1,-1,20,20,0,180,50,0.1,-1,-1,-1,-1,1.8,0,0,0,1,0,0,0,0,0,0,0,0,1,0,-1,-1,-1,-1,-1,-1,-1,-1,-1,0.1,0.4,-1,0,0,30,0.29,100,-1,-1,-1,-1,-1,0,0.5,0.6,0,-1,0,1,1,1,1,1,1,1,1,1,1,1,1,1,1,1,1,1,1,-1,0,-1,0,-1,-1,-1,-1,[0|0|0|0|0|0|0|0|0|0|0|0],
41800312,Spirit Jellyfish,0,0,[0|0|0],41800,-1,0,60,3,0.7,100,0,223,0,100,418000010,-1,-1,0,0,-1,-1,0.7,-1,5400,0,0,7020,0,0,90000,90010,-1,0,0,0,0,0,-1,-1,-1,-1,-1,-1,20,3000,3001,3002,3003,3004,3005,3006,3007,6003,6002,6003,6002,0,1,1,1,1,1,1,1,1,1.5,-0.53846157,0,50,21,100,0,0,0,100,100,100,0,999,999,999,999,-1,-1,0,0,0,0,-1,-1,1,0,0,0,0,999,999,0,0,-1,10,0,11,0,0,24,1,40,139,139,0,0,0,0,0,0,0,0,0,0,0,0,0,0,0,0,0,0,0,0,0,0,0,0,0,0,0,0,0,0,0,0,0,1,0,0,0,0,0,0,0,0,0,0,0,0,0,0,0,1,0,0,1,0,0,0,0,0,0,0,0,0,0,0,0,0,0,0,0,0,0,0,3,0.7,0,0,0,0,0,0,0,0,0,100,1,999,1,121,121,139,139,139,139,90020,90030,90040,90300,90060,90100,0,5261,-1,0,0.4,1,1,0.65,1,0.8,0.8,1.2,1,0,0,0,-1,-1,128,-1,-1,100,10,999,0,0,-1,14201,-1,-1,-1,14210,-1,-1,-1,-1,-1,-1,-1,-1,-1,-1,-1,0,2,0,0,0,1,1,1,0,0,-1,-1,0,0,0,0,0,0,-1,-1,-1,20,20,0,180,50,0.1,-1,-1,-1,-1,1.8,0,0,0,1,0,0,0,0,0,0,0,0,1,0,-1,-1,-1,-1,-1,-1,-1,-1,-1,0.1,0.4,-1,0,0,30,0.29,100,-1,-1,-1,-1,-1,0,0.5,0.6,0,-1,0,1,1,1,1,1,1,1,1,1,1,1,1,1,1,1,1,1,1,-1,0,-1,0,-1,-1,-1,-1,[0|0|0|0|0|0|0|0|0|0|0|0],
42000011,Man-Bat,0,0,[0|0|0],42000,1001,0,120,2.4,0.6,130,5.5,126,0,100,420000010,-1,10,2,0,-1,-1,0.5,-1,5401,0,5365,7010,0,0,0,0,-1,0,0,0,0,0,-1,-1,-1,-1,-1,-1,32,3000,3001,3002,3003,3004,3005,3006,3007,3008,3009,6001,6000,0,1,1,1,1,1,1,1,1,1.5,-0.53846157,0,50,21,100,0,0,0,100,100,100,0,84,84,84,999,-1,-1,0,0,0,0,-1,-1,0,0,0,0,0,20,999,0,0,-1,10,0,11,0,0,6,3,40,110,110,0,0,2,0,0,0,0,0,0,0,0,0,0,17,7,0,0,0,0,0,0,1,0,0,0,0,0,0,0,0,0,0,0,1,0,0,0,0,0,0,0,0,0,0,0,0,0,0,0,1,0,0,1,0,0,0,0,0,0,0,0,0,0,0,0,0,0,0,0,0,0,0,2.4,0.6,0,0,0,0,0,0,1,0,0,100,1,0,1,109,109,139,139,139,139,0,90030,0,5851,90060,90100,90200,5261,-1,0,0,1.1,1.4,1.1,1.1,1.2,1.2,1.2,1.2,0,0,0,-1,-1,128,2001,-1,100,30,84,0,0,-1,10500,-1,-1,5800,10510,102308,-1,-1,-1,-1,-1,-1,471,-1,-1,-1,0,2,1,1,0,1,1,1,0,0,-1,-1,0,0,0,0,0,0,-1,-1,-1,30,30,0,180,100,0.1,-1,-1,-1,-1,1.8,0,0,0,1,0,0,0,0,0,0,0,0,1,0,-1,-1,-1,-1,-1,-1,-1,-1,-1,0.1,0.4,-1,0,0,30,0.29,100,3001,-1,5001,6010,-1,0,0.5,0.6,0,-1,0,1,1,1,1,1,1,1,1,1,1,1,1,1,1,1,1,1,1,-1,0,-1,0,-1,-1,-1,-1,[0|0|0|0|0|0|0|0|0|0|0|0],
42000064,Man-Bat (Siofra River),0,0,[0|0|0],42000,1001,0,120,2.4,0.6,130,0.8,126,0,100,420000020,-1,10,2,0,-1,-1,0.5,-1,5401,0,5365,7060,0,0,0,0,-1,0,0,0,0,0,-1,-1,-1,-1,-1,-1,32,3000,3001,3002,3003,3004,3005,3006,3007,3008,3009,6001,6000,0,1,1,1,1,1,1,1,1,1.5,-0.53846157,0,50,21,100,0,0,0,100,100,100,0,84,84,84,999,-1,-1,0,0,0,0,-1,-1,0,0,0,0,0,20,999,0,0,-1,10,0,11,0,0,6,3,40,110,110,0,0,2,0,0,0,0,0,0,0,0,0,0,17,7,0,0,0,0,0,0,1,0,0,0,0,0,0,0,0,0,0,0,1,0,0,0,0,0,0,0,0,0,0,0,0,0,0,0,1,0,0,1,0,0,0,0,0,0,0,0,0,0,0,0,0,0,0,0,0,0,0,2.4,0.6,0,0,0,0,0,0,1,0,0,100,1,0,1,109,109,139,139,139,139,0,90030,0,5851,90060,90100,90200,5261,-1,0,0,1.1,1.4,1.1,1.1,1.2,1.2,1.2,1.2,0,0,0,-1,-1,128,2001,-1,100,30,84,0,0,-1,10500,-1,-1,5800,10510,102308,-1,-1,-1,-1,-1,-1,471,-1,-1,-1,0,2,1,1,0,1,1,1,0,0,-1,-1,0,0,0,0,0,0,-1,-1,-1,30,30,0,180,100,0.1,-1,-1,-1,-1,1.8,0,0,0,1,0,0,0,0,0,0,0,0,1,0,-1,-1,-1,-1,-1,-1,-1,-1,-1,0.1,0.4,-1,0,0,30,0.29,100,3001,-1,5001,6010,-1,0,0.5,0.6,0,-1,0,1,1,1,1,1,1,1,1,1,1,1,1,1,1,1,1,1,1,-1,0,-1,0,-1,-1,-1,-1,[0|0|0|0|0|0|0|0|0|0|0|0],
42000250,Man-Bat,0,0,[0|0|0],42000,1001,0,120,2.4,0.6,130,0,126,0,100,420000050,-1,10,2,0,-1,-1,0.5,-1,5400,0,5365,7120,0,0,0,0,-1,0,0,0,0,0,-1,-1,-1,-1,-1,-1,32,3000,3001,3002,3003,3004,3005,3006,3007,3008,3009,6001,6000,0,1,1,1,1,1,1,1,1,1.5,-0.53846157,0,50,21,100,0,0,0,100,100,100,0,84,84,84,999,-1,-1,0,0,0,0,-1,-1,0,0,0,0,0,20,999,0,0,-1,10,0,11,0,0,51,8,100,110,110,0,0,2,0,0,0,0,0,0,0,0,0,0,17,7,0,0,0,0,0,0,1,0,0,0,0,0,0,0,0,0,0,0,1,0,0,0,0,0,0,0,0,0,0,0,0,0,0,0,1,0,0,1,0,0,0,0,0,0,0,0,0,0,0,0,0,0,0,0,0,0,0,2.4,0.6,0,0,0,0,0,0,1,0,0,100,1,0,1,109,109,139,139,139,139,0,90030,0,0,90060,90100,90200,5261,-1,0,0,1.1,1.4,1.1,1.1,1.2,1.2,1.2,1.2,0,0,0,-1,-1,128,2001,-1,100,30,84,0,0,-1,10500,10513,-1,5800,10510,102308,-1,-1,-1,-1,-1,-1,471,-1,-1,-1,0,2,1,1,0,1,1,1,0,0,-1,-1,0,0,0,0,0,0,-1,-1,-1,30,30,0,180,100,0.1,-1,-1,-1,-1,1.8,0,0,0,1,0,0,0,0,0,0,0,0,1,0,-1,-1,-1,-1,-1,-1,-1,-1,-1,0.1,0.4,-1,0,0,30,0.29,100,3001,-1,5001,6010,-1,0,0.5,0.6,0,-1,0,1,1,1,1,1,1,1,1,1,1,1,1,1,1,1,1,1,1,-1,0,-1,0,-1,-1,-1,-1,[0|0|0|0|0|0|0|0|0|0|0|0],
42001250,Man-Bat,0,0,[0|0|0],42000,1001,0,120,2.4,0.6,130,0,430,0,100,420000150,-1,10,2,0,-1,-1,0.5,-1,5400,0,5365,7120,0,0,0,0,-1,0,0,0,0,0,-1,-1,-1,-1,-1,-1,32,3000,3001,3002,3003,3004,3005,3006,3007,3008,3009,6001,6000,0,1,1,1,1,1,1,1,1,1.5,-0.53846157,0,50,21,100,0,0,0,100,100,100,0,84,84,84,999,-1,-1,0,0,0,0,-1,-1,0,0,0,0,0,20,999,0,0,-1,10,0,11,0,0,51,8,100,110,110,0,0,2,0,0,0,0,0,0,0,0,0,0,17,7,0,0,0,0,0,0,1,0,0,0,0,0,0,0,0,0,0,0,0,1,0,0,0,0,0,0,0,0,0,0,0,0,0,0,1,0,0,1,0,0,0,0,0,0,0,0,0,0,0,0,0,0,0,0,0,0,0,2.4,0.6,0,0,0,0,0,0,1,0,0,100,1,0,1,109,109,139,139,139,139,0,90030,0,0,90060,90100,90200,5261,-1,0,0,1.1,1.4,1.1,1.1,1.2,1.2,1.2,1.2,0,0,0,-1,-1,128,2001,-1,100,30,84,0,0,-1,10500,10513,10512,5800,10510,102308,-1,-1,-1,-1,-1,-1,471,-1,-1,-1,0,2,1,1,0,1,1,1,0,0,-1,-1,0,0,0,0,0,0,-1,-1,-1,30,30,0,180,100,0.1,-1,-1,-1,-1,1.8,0,0,0,1,0,0,0,0,0,0,0,0,1,0,-1,-1,-1,-1,-1,-1,-1,-1,-1,0.1,0.4,-1,0,0,30,0.29,100,3001,-1,5001,6010,-1,0,0.5,0.6,0,-1,0,1,1,1,1,1,1,1,1,1,1,1,1,1,1,1,1,1,1,-1,0,-1,0,-1,-1,-1,-1,[0|0|0|0|0|0|0|0|0|0|0|0],
42010020,Operatic Bat,0,0,[0|0|0],42010,1002,0,120,2.5,1,130,0.8,492,0,100,420100000,-1,10,2,0,-1,-1,0.5,-1,5404,0,5365,7060,0,0,0,0,-1,0,0,0,0,0,-1,-1,-1,-1,-1,-1,23,3000,3001,3002,3003,3004,3005,3006,3007,3008,3009,6001,6000,0,1,1,1,1,1,1,1,1,1.5,-0.53846157,0,50,21,100,0,0,0,100,100,100,0,112,112,112,999,-1,-1,0,0,0,0,-1,-1,0,0,0,0,0,84,999,0,0,-1,10,0,11,0,0,6,3,40,110,110,0,0,2,0,0,0,0,0,0,0,0,0,0,17,7,0,0,0,0,0,0,0,0,0,0,0,0,0,0,0,0,0,0,1,0,0,0,0,0,0,0,0,0,0,0,0,0,0,0,1,0,0,1,0,0,0,0,0,0,0,0,0,0,0,0,0,0,0,0,0,0,0,2.5,1,0,0,0,0,0,0,0,0,0,100,1,0,1,109,109,139,139,139,139,0,90030,0,5851,90060,90161,90200,5261,-1,0,0.4,1.1,1.4,1.1,1.1,1,1,1,1,0,0,0,-1,-1,128,2002,-1,100,30,112,0,0,-1,5020,17055,-1,5800,-1,-1,-1,-1,-1,-1,-1,-1,-1,471,-1,-1,0,2,0,1,0,1,1,1,0,0,-1,-1,0,0,0,0,0,0,-1,-1,4200,0,0,0,180,100,0.1,-1,-1,4200,-1,1.8,0,0,0,1,0,0,0,0,0,0,0,0,1,0,-1,-1,-1,-1,-1,-1,-1,-1,-1,0.1,0.4,4201,0,0,30,0.29,100,3002,-1,5002,6001,-1,0,0.5,0.6,0,-1,0,1,1,1,1,1,1,1,1,1,1,1,1,1,1,1,1,1,1,-1,0,-1,0,-1,-1,-1,-1,[0|0|0|0|0|0|0|0|0|0|0|0],
42010112,Operatic Bat,0,0,[0|0|0],42010,1002,0,120,2.5,1,130,0,492,0,100,420100000,-1,10,2,0,-1,-1,0.5,-1,5403,0,5365,7020,0,0,0,0,-1,0,0,0,0,0,-1,-1,-1,-1,-1,-1,23,3000,3001,3002,3003,3004,3005,3006,3007,3008,3009,6001,6000,0,1,1,1,1,1,1,1,1,1.5,-0.53846157,0,50,21,100,0,0,0,100,100,100,0,112,112,112,999,-1,-1,0,0,0,0,-1,-1,0,0,0,0,0,84,999,0,0,-1,10,0,11,0,0,6,3,40,110,110,0,0,2,0,0,0,0,0,0,0,0,0,0,17,7,0,0,0,0,0,0,1,0,0,0,0,0,0,0,0,0,0,0,1,0,0,0,0,0,0,0,0,0,0,0,0,0,0,0,1,0,0,1,0,0,0,0,0,0,0,0,0,0,0,0,0,0,0,0,0,0,0,2.5,1,0,0,0,0,0,0,0,0,0,100,1,0,1,109,109,139,139,139,139,0,90030,0,5851,90060,90161,90200,5261,-1,0,0.4,1.1,1.4,1.1,1.1,1,1,1,1,0,0,0,-1,-1,128,2002,-1,100,30,112,0,0,-1,5020,17055,-1,5800,-1,-1,-1,-1,-1,-1,-1,-1,-1,471,-1,-1,0,2,1,1,0,1,1,1,0,0,-1,-1,0,0,0,0,0,0,-1,-1,4200,30,30,0,180,100,0.1,-1,-1,4200,-1,1.8,0,0,0,1,0,0,0,0,0,0,0,0,1,0,-1,-1,-1,-1,-1,-1,-1,-1,-1,0.1,0.4,4201,0,0,30,0.29,100,3002,-1,5002,6001,-1,0,0.5,0.6,0,-1,0,1,1,1,1,1,1,1,1,1,1,1,1,1,1,1,1,1,1,-1,0,-1,0,-1,-1,-1,-1,[0|0|0|0|0|0|0|0|0|0|0|0],
42010126,Operatic Bat,0,0,[0|0|0],42010,1002,0,120,2.5,1,130,0,492,0,100,420100000,-1,10,2,0,-1,-1,0.5,-1,5403,0,5365,7070,0,0,0,0,-1,0,0,0,0,0,-1,-1,-1,-1,-1,-1,23,3000,3001,3002,3003,3004,3005,3006,3007,3008,3009,6001,6000,0,1,1,1,1,1,1,1,1,1.5,-0.53846157,0,50,21,100,0,0,0,100,100,100,0,112,112,112,999,-1,-1,0,0,0,0,-1,-1,0,0,0,0,0,84,999,0,0,-1,10,0,11,0,0,6,3,40,110,110,0,0,2,0,0,0,0,0,0,0,0,0,0,17,7,0,0,0,0,0,0,1,0,0,0,0,0,0,0,0,0,0,0,1,0,0,0,0,0,0,0,0,0,0,0,0,0,0,0,1,0,0,1,0,0,0,0,0,0,0,0,0,0,0,0,0,0,0,0,0,0,0,2.5,1,0,0,0,0,0,0,0,0,0,100,1,0,1,109,109,139,139,139,139,0,90030,0,5851,90060,90161,90200,5261,-1,0,0.4,1.1,1.4,1.1,1.1,1,1,1,1,0,0,0,-1,-1,128,2002,-1,100,30,112,0,0,-1,5020,17055,-1,5800,-1,-1,-1,-1,-1,-1,-1,-1,-1,471,-1,-1,0,2,1,1,0,1,1,1,0,0,-1,-1,0,0,0,0,0,0,-1,-1,4200,30,30,0,180,100,0.1,-1,-1,4200,-1,1.8,0,0,0,1,0,0,0,0,0,0,0,0,1,0,-1,-1,-1,-1,-1,-1,-1,-1,-1,0.1,0.4,4201,0,0,30,0.29,100,3002,-1,5002,6001,-1,0,0.5,0.6,0,-1,0,1,1,1,1,1,1,1,1,1,1,1,1,1,1,1,1,1,1,-1,0,-1,0,-1,-1,-1,-1,[0|0|0|0|0|0|0|0|0|0|0|0],
42010133,Operatic Bat,0,0,[0|0|0],42010,1002,0,120,2.5,1,130,0,492,0,100,420100000,-1,10,2,0,-1,-1,0.5,-1,5403,0,5365,7090,0,0,0,0,-1,0,0,0,0,0,-1,-1,-1,-1,-1,-1,23,3000,3001,3002,3003,3004,3005,3006,3007,3008,3009,6001,6000,0,1,1,1,1,1,1,1,1,1.5,-0.53846157,0,50,21,100,0,0,0,100,100,100,0,112,112,112,999,-1,-1,0,0,0,0,-1,-1,0,0,0,0,0,84,999,0,0,-1,10,0,11,0,0,6,3,40,110,110,0,0,2,0,0,0,0,0,0,0,0,0,0,17,7,0,0,0,0,0,0,1,0,0,0,0,0,0,0,0,0,0,0,1,0,0,0,0,0,0,0,0,0,0,0,0,0,0,0,1,0,0,1,0,0,0,0,0,0,0,0,0,0,0,0,0,0,0,0,0,0,0,2.5,1,0,0,0,0,0,0,0,0,0,100,1,0,1,109,109,139,139,139,139,0,90030,0,5851,90060,90161,90200,5261,-1,0,0.4,1.1,1.4,1.1,1.1,1,1,1,1,0,0,0,-1,-1,128,2002,-1,100,30,112,0,0,-1,5020,17055,-1,5800,-1,-1,-1,-1,-1,-1,-1,-1,-1,471,-1,-1,0,2,1,1,0,1,1,1,0,0,-1,-1,0,0,0,0,0,0,-1,-1,4200,30,30,0,180,100,0.1,-1,-1,4200,-1,1.8,0,0,0,1,0,0,0,0,0,0,0,0,1,0,-1,-1,-1,-1,-1,-1,-1,-1,-1,0.1,0.4,4201,0,0,30,0.29,100,3002,-1,5002,6001,-1,0,0.5,0.6,0,-1,0,1,1,1,1,1,1,1,1,1,1,1,1,1,1,1,1,1,1,-1,0,-1,0,-1,-1,-1,-1,[0|0|0|0|0|0|0|0|0|0|0|0],
42010140,Operatic Bat,0,0,[0|0|0],42010,1002,0,120,2.5,1,130,0,492,0,100,420100000,-1,10,2,0,-1,-1,0.5,-1,5403,0,5365,7070,0,0,0,0,-1,0,0,0,0,0,-1,-1,-1,-1,-1,-1,23,3000,3001,3002,3003,3004,3005,3006,3007,3008,3009,6001,6000,0,1,1,1,1,1,1,1,1,1.5,-0.53846157,0,50,21,100,0,0,0,100,100,100,0,112,112,112,999,-1,-1,0,0,0,0,-1,-1,0,0,0,0,0,84,999,0,0,-1,10,0,11,0,0,6,3,40,110,110,0,0,2,0,0,0,0,0,0,0,0,0,0,17,7,0,0,0,0,0,0,1,0,0,0,0,0,0,0,0,0,0,0,1,0,0,0,0,0,0,0,0,0,0,0,0,0,0,0,1,0,0,1,0,0,0,0,0,0,0,0,0,0,0,0,0,0,0,0,0,0,0,2.5,1,0,0,0,0,0,0,0,0,0,100,1,0,1,109,109,139,139,139,139,0,90030,0,5851,90060,90161,90200,5261,-1,0,0.4,1.1,1.4,1.1,1.1,1,1,1,1,0,0,0,-1,-1,128,2002,-1,100,30,112,0,0,-1,5020,17055,-1,5800,-1,-1,-1,-1,-1,-1,-1,-1,-1,471,-1,-1,0,2,1,1,0,1,1,1,0,0,-1,-1,0,0,0,0,0,0,-1,-1,4200,30,30,0,180,100,0.1,-1,-1,4200,-1,1.8,0,0,0,1,0,0,0,0,0,0,0,0,1,0,-1,-1,-1,-1,-1,-1,-1,-1,-1,0.1,0.4,4201,0,0,30,0.29,100,3002,-1,5002,6001,-1,0,0.5,0.6,0,-1,0,1,1,1,1,1,1,1,1,1,1,1,1,1,1,1,1,1,1,-1,0,-1,0,-1,-1,-1,-1,[0|0|0|0|0|0|0|0|0|0|0|0],
42010141,Operatic Bat,0,0,[0|0|0],42010,1002,0,120,2.5,1,130,0,492,0,100,420100000,-1,10,2,0,-1,-1,0.5,-1,5403,0,5365,7080,0,0,0,0,-1,0,0,0,0,0,-1,-1,-1,-1,-1,-1,23,3000,3001,3002,3003,3004,3005,3006,3007,3008,3009,6001,6000,0,1,1,1,1,1,1,1,1,1.5,-0.53846157,0,50,21,100,0,0,0,100,100,100,0,112,112,112,999,-1,-1,0,0,0,0,-1,-1,0,0,0,0,0,84,999,0,0,-1,10,0,11,0,0,6,3,40,110,110,0,0,2,0,0,0,0,0,0,0,0,0,0,17,7,0,0,0,0,0,0,1,0,0,0,0,0,0,0,0,0,0,0,1,0,0,0,0,0,0,0,0,0,0,0,0,0,0,0,1,0,0,1,0,0,0,0,0,0,0,0,0,0,0,0,0,0,0,0,0,0,0,2.5,1,0,0,0,0,0,0,0,0,0,100,1,0,1,109,109,139,139,139,139,0,90030,0,5851,90060,90161,90200,5261,-1,0,0.4,1.1,1.4,1.1,1.1,1,1,1,1,0,0,0,-1,-1,128,2002,-1,100,30,112,0,0,-1,5020,17055,-1,5800,-1,-1,-1,-1,-1,-1,-1,-1,-1,471,-1,-1,0,2,1,1,0,1,1,1,0,0,-1,-1,0,0,0,0,0,0,-1,-1,4200,30,30,0,180,100,0.1,-1,-1,4200,-1,1.8,0,0,0,1,0,0,0,0,0,0,0,0,1,0,-1,-1,-1,-1,-1,-1,-1,-1,-1,0.1,0.4,4201,0,0,30,0.29,100,3002,-1,5002,6001,-1,0,0.5,0.6,0,-1,0,1,1,1,1,1,1,1,1,1,1,1,1,1,1,1,1,1,1,-1,0,-1,0,-1,-1,-1,-1,[0|0|0|0|0|0|0|0|0|0|0|0],
42010142,Operatic Bat,0,0,[0|0|0],42010,1002,0,120,2.5,1,130,0,492,0,100,420100000,-1,10,2,0,-1,-1,0.5,-1,5403,0,5365,7150,0,0,0,0,-1,0,0,0,0,0,-1,-1,-1,-1,-1,-1,23,3000,3001,3002,3003,3004,3005,3006,3007,3008,3009,6001,6000,0,1,1,1,1,1,1,1,1,1.5,-0.53846157,0,50,21,100,0,0,0,100,100,100,0,112,112,112,999,-1,-1,0,0,0,0,-1,-1,0,0,0,0,0,84,999,0,0,-1,10,0,11,0,0,6,3,40,110,110,0,0,2,0,0,0,0,0,0,0,0,0,0,17,7,0,0,0,0,0,0,1,0,0,0,0,0,0,0,0,0,0,0,1,0,0,0,0,0,0,0,0,0,0,0,0,0,0,0,1,0,0,1,0,0,0,0,0,0,0,0,0,0,0,0,0,0,0,0,0,0,0,2.5,1,0,0,0,0,0,0,0,0,0,100,1,0,1,109,109,139,139,139,139,0,90030,0,5851,90060,90161,90200,5261,-1,0,0.4,1.1,1.4,1.1,1.1,1,1,1,1,0,0,0,-1,-1,128,2002,-1,100,30,112,0,0,-1,5020,17055,-1,5800,-1,-1,-1,-1,-1,-1,-1,-1,-1,471,-1,-1,0,2,1,1,0,1,1,1,0,0,-1,-1,0,0,0,0,0,0,-1,-1,4200,30,30,0,180,100,0.1,-1,-1,4200,-1,1.8,0,0,0,1,0,0,0,0,0,0,0,0,1,0,-1,-1,-1,-1,-1,-1,-1,-1,-1,0.1,0.4,4201,0,0,30,0.29,100,3002,-1,5002,6001,-1,0,0.5,0.6,0,-1,0,1,1,1,1,1,1,1,1,1,1,1,1,1,1,1,1,1,1,-1,0,-1,0,-1,-1,-1,-1,[0|0|0|0|0|0|0|0|0|0|0|0],
42011026,Operatic Bat,0,0,[0|0|0],42010,1002,0,120,2.5,1,130,0.8,809,0,100,420100000,-1,10,2,0,-1,-1,0.5,-1,5404,0,5365,0,0,0,0,0,-1,0,0,0,0,0,-1,-1,-1,-1,-1,-1,23,3000,3001,3002,3003,3004,3005,3006,3007,3008,3009,6001,6000,0,1,1,1,1,1,1,1,1,1.5,-0.53846157,0,50,21,100,0,0,0,100,100,100,0,112,112,112,999,-1,-1,0,0,0,0,-1,-1,0,0,0,0,0,84,999,0,0,-1,10,0,11,0,0,6,3,40,110,110,0,0,2,0,0,0,0,0,0,0,0,0,0,17,7,0,0,0,0,0,0,0,0,0,0,0,0,0,0,0,0,0,0,0,1,0,0,0,0,0,0,0,0,0,0,0,0,0,0,1,0,0,1,0,0,0,0,0,0,0,0,0,0,0,0,0,0,0,0,0,0,0,2.5,1,0,0,0,0,0,0,0,0,0,100,1,0,1,109,109,139,139,139,139,0,90030,0,5851,90060,90161,90200,5261,-1,0,0.4,1.1,1.4,1.1,1.1,1,1,1,1,0,0,0,-1,-1,128,2002,-1,100,30,112,0,0,-1,5021,17055,-1,5800,-1,-1,-1,-1,-1,-1,-1,-1,-1,471,-1,-1,0,2,0,1,0,1,1,1,0,0,-1,-1,0,0,0,0,0,0,-1,-1,4200,0,0,0,180,100,0.1,-1,-1,4200,-1,1.8,0,0,0,1,0,0,0,0,0,0,0,0,1,0,-1,-1,20800,20801,-1,-1,-1,-1,-1,0.1,0.4,4201,0,0,30,0.29,100,3002,-1,5002,6001,-1,0,0.5,0.6,0,-1,0,1,1,1,1,1,1,1,1,1,1,1,1,1,1,1,1,1,1,-1,0,-1,0,-1,-1,-1,-1,[0|0|0|0|0|0|0|0|0|0|0|0],
42011126,Operatic Bat,0,0,[0|0|0],42010,1002,0,120,2.5,1,130,0,809,0,100,420100000,-1,10,2,0,-1,-1,0.5,-1,5403,0,5365,7070,0,0,0,0,-1,0,0,0,0,0,-1,-1,-1,-1,-1,-1,23,3000,3001,3002,3003,3004,3005,3006,3007,3008,3009,6001,6000,0,1,1,1,1,1,1,1,1,1.5,-0.53846157,0,50,21,100,0,0,0,100,100,100,0,112,112,112,999,-1,-1,0,0,0,0,-1,-1,0,0,0,0,0,84,999,0,0,-1,10,0,11,0,0,6,3,40,110,110,0,0,2,0,0,0,0,0,0,0,0,0,0,17,7,0,0,0,0,0,0,1,0,0,0,0,0,0,0,0,0,0,0,0,1,0,0,0,0,0,0,0,0,0,0,0,0,0,0,1,0,0,1,0,0,0,0,0,0,0,0,0,0,0,0,0,0,0,0,0,0,0,2.5,1,0,0,0,0,0,0,0,0,0,100,1,0,1,109,109,139,139,139,139,0,90030,0,5851,90060,90161,90200,5261,-1,0,0.4,1.1,1.4,1.1,1.1,1,1,1,1,0,0,0,-1,-1,128,2002,-1,100,30,112,0,0,-1,5021,17055,-1,5800,-1,-1,-1,-1,-1,-1,-1,-1,-1,471,-1,-1,0,2,1,1,0,1,1,1,0,0,-1,-1,0,0,0,0,0,0,-1,-1,4200,30,30,0,180,100,0.1,-1,-1,4200,-1,1.8,0,0,0,1,0,0,0,0,0,0,0,0,1,0,-1,-1,20800,20801,-1,-1,-1,-1,-1,0.1,0.4,4201,0,0,30,0.29,100,3002,-1,5002,6001,-1,0,0.5,0.6,0,-1,0,1,1,1,1,1,1,1,1,1,1,1,1,1,1,1,1,1,1,-1,0,-1,0,-1,-1,-1,-1,[0|0|0|0|0|0|0|0|0|0|0|0],
42011142,Operatic Bat,0,0,[0|0|0],42010,1002,0,120,2.5,1,130,0,809,0,100,420100000,-1,10,2,0,-1,-1,0.5,-1,5403,0,5365,7150,0,0,0,0,-1,0,0,0,0,0,-1,-1,-1,-1,-1,-1,23,3000,3001,3002,3003,3004,3005,3006,3007,3008,3009,6001,6000,0,1,1,1,1,1,1,1,1,1.5,-0.53846157,0,50,21,100,0,0,0,100,100,100,0,112,112,112,999,-1,-1,0,0,0,0,-1,-1,0,0,0,0,0,84,999,0,0,-1,10,0,11,0,0,6,3,40,110,110,0,0,2,0,0,0,0,0,0,0,0,0,0,17,7,0,0,0,0,0,0,1,0,0,0,0,0,0,0,0,0,0,0,0,1,0,0,0,0,0,0,0,0,0,0,0,0,0,0,1,0,0,1,0,0,0,0,0,0,0,0,0,0,0,0,0,0,0,0,0,0,0,2.5,1,0,0,0,0,0,0,0,0,0,100,1,0,1,109,109,139,139,139,139,0,90030,0,5851,90060,90161,90200,5261,-1,0,0.4,1.1,1.4,1.1,1.1,1,1,1,1,0,0,0,-1,-1,128,2002,-1,100,30,112,0,0,-1,5021,17055,-1,5800,-1,-1,-1,-1,-1,-1,-1,-1,-1,471,-1,-1,0,2,1,1,0,1,1,1,0,0,-1,-1,0,0,0,0,0,0,-1,-1,4200,30,30,0,180,100,0.1,-1,-1,4200,-1,1.8,0,0,0,1,0,0,0,0,0,0,0,0,1,0,-1,-1,20800,20801,-1,-1,-1,-1,-1,0.1,0.4,4201,0,0,30,0.29,100,3002,-1,5002,6001,-1,0,0.5,0.6,0,-1,0,1,1,1,1,1,1,1,1,1,1,1,1,1,1,1,1,1,1,-1,0,-1,0,-1,-1,-1,-1,[0|0|0|0|0|0|0|0|0|0|0|0],
42017000,Operatic Bat,0,0,[0|0|0],42010,1002,0,120,2.5,1,130,0.8,492,0,100,420100000,-1,10,2,0,-1,-1,0.5,-1,5404,0,5365,0,0,0,0,0,-1,0,0,0,0,0,-1,-1,-1,-1,-1,-1,23,3000,3001,3002,3003,3004,3005,3006,3007,3008,3009,6001,6000,0,1,1,1,1,1,1,1,1,1.5,-0.53846157,0,50,21,100,0,0,0,100,100,100,0,112,112,112,999,-1,-1,0,0,0,0,-1,-1,0,0,0,0,0,84,999,0,0,-1,10,0,11,0,0,6,3,40,110,110,0,0,2,0,0,0,0,0,0,0,0,0,0,17,7,0,0,0,0,0,0,0,0,0,0,0,0,0,0,0,0,0,0,1,0,0,0,0,0,0,0,0,0,0,0,0,0,0,0,1,0,0,1,0,0,0,0,0,0,0,0,0,0,0,0,0,0,0,0,0,0,0,2.5,1,0,0,0,0,0,0,0,0,0,100,1,0,1,109,109,139,139,139,139,0,90030,0,5851,90060,90161,90200,5261,-1,0,0.4,1.1,1.4,1.1,1.1,1,1,1,1,0,0,0,-1,-1,128,2002,-1,100,30,112,0,0,-1,5020,17055,-1,5800,-1,-1,-1,-1,-1,-1,-1,-1,-1,471,-1,-1,0,2,0,1,0,1,1,1,0,0,-1,-1,0,0,0,0,0,0,-1,-1,4200,0,0,0,180,100,0.1,-1,-1,4200,-1,1.8,0,0,0,1,0,0,0,0,0,0,0,0,1,0,-1,-1,-1,-1,-1,-1,-1,-1,-1,0.1,0.4,4201,0,0,30,0.29,100,3002,-1,5002,6001,-1,0,0.5,0.6,0,-1,0,1,1,1,1,1,1,1,1,1,1,1,1,1,1,1,1,1,1,-1,0,-1,0,-1,-1,-1,-1,[0|0|0|0|0|0|0|0|0|0|0|0],
42017400,Operatic Bat,0,0,[0|0|0],42010,1002,0,120,2.5,1,130,0,492,0,100,420100000,-1,10,2,0,-1,-1,0.5,-1,5403,0,5365,0,0,0,0,0,-1,0,0,0,0,0,-1,-1,-1,-1,-1,-1,23,3000,3001,3002,3003,3004,3005,3006,3007,3008,3009,6001,6000,0,1,1,1,1,1,1,1,1,1.5,-0.53846157,0,50,21,100,0,0,0,100,100,100,0,112,112,112,999,-1,-1,0,0,0,0,-1,-1,0,0,0,0,0,84,999,0,0,-1,10,0,11,0,0,6,3,40,110,110,0,0,2,0,0,0,0,0,0,0,0,0,0,17,7,0,0,0,0,0,0,1,0,0,0,0,0,0,0,0,0,0,0,1,0,0,0,0,0,0,0,0,0,0,0,0,0,0,0,1,0,0,1,0,0,0,0,0,0,0,0,0,0,0,0,0,0,0,0,0,0,0,2.5,1,0,0,0,0,0,0,0,0,0,100,1,0,1,109,109,139,139,139,139,0,90030,0,5851,90060,90161,90200,5261,-1,0,0.4,1.1,1.4,1.1,1.1,1,1,1,1,0,0,0,-1,-1,128,2002,-1,100,30,112,0,0,-1,5020,17055,-1,5800,-1,-1,-1,-1,-1,-1,-1,-1,-1,471,-1,-1,0,2,1,1,0,1,1,1,0,0,-1,-1,0,0,0,0,0,0,-1,-1,4200,30,30,0,180,100,0.1,-1,-1,4200,-1,1.8,0,0,0,1,0,0,0,0,0,0,0,0,1,0,-1,-1,-1,-1,-1,-1,-1,-1,-1,0.1,0.4,4201,0,0,30,0.29,100,3002,-1,5002,6001,-1,0,0.5,0.6,0,-1,0,1,1,1,1,1,1,1,1,1,1,1,1,1,1,1,1,1,1,-1,0,-1,0,-1,-1,-1,-1,[0|0|0|0|0|0|0|0|0|0|0|0],
42017442,Operatic Bat,0,0,[0|0|0],42010,1002,0,120,2.5,1,130,0,492,0,100,420141010,-1,10,2,0,-1,-1,0.5,-1,5403,0,5365,7150,0,0,0,0,-1,0,0,0,0,0,-1,-1,-1,-1,-1,-1,23,3000,3001,3002,3003,3004,3005,3006,3007,3008,3009,6001,6000,0,1,1,1,1,1,1,1,1,1.5,-0.53846157,0,50,21,100,0,0,0,100,100,100,0,112,112,112,999,-1,-1,0,0,0,0,-1,-1,0,0,0,0,0,84,999,0,0,-1,10,0,11,0,0,6,3,40,110,110,0,0,2,0,0,0,0,0,0,0,0,0,0,17,7,0,0,0,0,0,0,1,0,0,0,0,0,0,0,0,0,0,0,1,0,0,0,0,0,0,0,0,0,0,0,0,0,0,0,1,0,0,1,0,0,0,0,0,0,0,0,0,0,0,0,0,0,0,0,0,0,0,2.5,1,0,0,0,0,0,0,0,0,0,100,1,0,1,109,109,139,139,139,139,0,90030,0,5851,90060,90161,90200,5261,-1,0,0.4,1.1,1.4,1.1,1.1,1,1,1,1,0,0,0,-1,-1,128,2002,-1,100,30,112,0,0,-1,5020,17055,-1,5800,-1,-1,-1,-1,-1,-1,-1,-1,-1,471,-1,-1,0,2,1,1,0,1,1,1,0,0,-1,-1,0,0,0,0,0,0,-1,-1,4200,30,30,0,180,100,0.1,-1,-1,4200,-1,1.8,0,0,0,1,0,0,0,0,0,0,0,0,1,0,-1,-1,-1,-1,-1,-1,-1,-1,-1,0.1,0.4,4201,0,0,30,0.29,100,3002,-1,5002,6001,-1,0,0.5,0.6,0,-1,0,1,1,1,1,1,1,1,1,1,1,1,1,1,1,1,1,1,1,-1,0,-1,0,-1,-1,-1,-1,[0|0|0|0|0|0|0|0|0|0|0|0],
42017500,Operatic Bat,0,0,[0|0|0],42010,1002,0,120,2.5,1,130,0,492,0,100,420100000,-1,10,2,0,-1,-1,0.5,-1,5403,0,5365,0,0,0,0,0,-1,0,0,0,0,0,-1,-1,-1,-1,-1,-1,23,3000,3001,3002,3003,3004,3005,3006,3007,3008,3009,6001,6000,0,1,1,1,1,1,1,1,1,1.5,-0.53846157,0,50,21,100,0,0,0,100,100,100,0,112,112,112,999,-1,-1,0,0,0,0,-1,-1,0,0,0,0,0,84,999,0,0,-1,10,0,11,0,0,6,3,40,110,110,0,0,2,0,0,0,0,0,0,0,0,0,0,17,7,0,0,0,0,0,0,1,0,0,0,0,0,0,0,0,0,0,0,1,0,0,0,0,0,0,0,0,0,0,0,0,0,0,0,1,0,0,1,0,0,0,0,0,0,0,0,0,0,0,0,0,0,0,0,0,0,0,2.5,1,0,0,0,0,0,0,0,0,0,100,1,0,1,109,109,139,139,139,139,0,90030,0,5851,90060,90161,90200,5261,-1,0,0.4,1.1,1.4,1.1,1.1,1,1,1,1,0,0,0,-1,-1,128,2002,-1,100,30,112,0,0,-1,5020,17055,-1,5800,-1,-1,-1,-1,-1,-1,-1,-1,-1,471,-1,-1,0,2,1,1,0,1,1,1,0,0,-1,-1,0,0,0,0,0,0,-1,-1,4200,30,30,0,180,100,0.1,-1,-1,4200,-1,1.8,0,0,0,1,0,0,0,0,0,0,0,0,1,0,-1,-1,-1,-1,-1,-1,-1,-1,-1,0.1,0.4,4201,0,0,30,0.29,100,3002,-1,5002,6001,-1,0,0.5,0.6,0,-1,0,1,1,1,1,1,1,1,1,1,1,1,1,1,1,1,1,1,1,-1,0,-1,0,-1,-1,-1,-1,[0|0|0|0|0|0|0|0|0|0|0|0],
42017542,Operatic Bat,0,0,[0|0|0],42010,1002,0,120,2.5,1,130,0,492,0,100,420141020,-1,10,2,0,-1,-1,0.5,-1,5403,0,5365,7150,0,0,0,0,-1,0,0,0,0,0,-1,-1,-1,-1,-1,-1,23,3000,3001,3002,3003,3004,3005,3006,3007,3008,3009,6001,6000,0,1,1,1,1,1,1,1,1,1.5,-0.53846157,0,50,21,100,0,0,0,100,100,100,0,112,112,112,999,-1,-1,0,0,0,0,-1,-1,0,0,0,0,0,84,999,0,0,-1,10,0,11,0,0,6,3,40,110,110,0,0,2,0,0,0,0,0,0,0,0,0,0,17,7,0,0,0,0,0,0,1,0,0,0,0,0,0,0,0,0,0,0,1,0,0,0,0,0,0,0,0,0,0,0,0,0,0,0,1,0,0,1,0,0,0,0,0,0,0,0,0,0,0,0,0,0,0,0,0,0,0,2.5,1,0,0,0,0,0,0,0,0,0,100,1,0,1,109,109,139,139,139,139,0,90030,0,5851,90060,90161,90200,5261,-1,0,0.4,1.1,1.4,1.1,1.1,1,1,1,1,0,0,0,-1,-1,128,2002,-1,100,30,112,0,0,-1,5020,17055,-1,5800,-1,-1,-1,-1,-1,-1,-1,-1,-1,471,-1,-1,0,2,1,1,0,1,1,1,0,0,-1,-1,0,0,0,0,0,0,-1,-1,4200,30,30,0,180,100,0.1,-1,-1,4200,-1,1.8,0,0,0,1,0,0,0,0,0,0,0,0,1,0,-1,-1,-1,-1,-1,-1,-1,-1,-1,0.1,0.4,4201,0,0,30,0.29,100,3002,-1,5002,6001,-1,0,0.5,0.6,0,-1,0,1,1,1,1,1,1,1,1,1,1,1,1,1,1,1,1,1,1,-1,0,-1,0,-1,-1,-1,-1,[0|0|0|0|0|0|0|0|0|0|0|0],
42017600,Operatic Bat,0,0,[0|0|0],42010,1002,0,120,2.5,1,130,0,492,0,100,420100000,-1,10,2,0,-1,-1,0.5,-1,5403,0,5365,0,0,0,0,0,-1,0,0,0,0,0,-1,-1,-1,-1,-1,-1,23,3000,3001,3002,3003,3004,3005,3006,3007,3008,3009,6001,6000,0,1,1,1,1,1,1,1,1,1.5,-0.53846157,0,50,21,100,0,0,0,100,100,100,0,112,112,112,999,-1,-1,0,0,0,0,-1,-1,0,0,0,0,0,84,999,0,0,-1,10,0,11,0,0,6,3,40,110,110,0,0,2,0,0,0,0,0,0,0,0,0,0,17,7,0,0,0,0,0,0,1,0,0,0,0,0,0,0,0,0,0,0,1,0,0,0,0,0,0,0,0,0,0,0,0,0,0,0,1,0,0,1,0,0,0,0,0,0,0,0,0,0,0,0,0,0,0,0,0,0,0,2.5,1,0,0,0,0,0,0,0,0,0,100,1,0,1,109,109,139,139,139,139,0,90030,0,5851,90060,90161,90200,5261,-1,0,0.4,1.1,1.4,1.1,1.1,1,1,1,1,0,0,0,-1,-1,128,2002,-1,100,30,112,0,0,-1,5020,17055,-1,5800,-1,-1,-1,-1,-1,-1,-1,-1,-1,471,-1,-1,0,2,1,1,0,1,1,1,0,0,-1,-1,0,0,0,0,0,0,-1,-1,4200,30,30,0,180,100,0.1,-1,-1,4200,-1,1.8,0,0,0,1,0,0,0,0,0,0,0,0,1,0,-1,-1,-1,-1,-1,-1,-1,-1,-1,0.1,0.4,4201,0,0,30,0.29,100,3002,-1,5002,6001,-1,0,0.5,0.6,0,-1,0,1,1,1,1,1,1,1,1,1,1,1,1,1,1,1,1,1,1,-1,0,-1,0,-1,-1,-1,-1,[0|0|0|0|0|0|0|0|0|0|0|0],
42017642,Operatic Bat,0,0,[0|0|0],42010,1002,0,120,2.5,1,130,0,492,0,100,420141030,-1,10,2,0,-1,-1,0.5,-1,5403,0,5365,7150,0,0,0,0,-1,0,0,0,0,0,-1,-1,-1,-1,-1,-1,23,3000,3001,3002,3003,3004,3005,3006,3007,3008,3009,6001,6000,0,1,1,1,1,1,1,1,1,1.5,-0.53846157,0,50,21,100,0,0,0,100,100,100,0,112,112,112,999,-1,-1,0,0,0,0,-1,-1,0,0,0,0,0,84,999,0,0,-1,10,0,11,0,0,6,3,40,110,110,0,0,2,0,0,0,0,0,0,0,0,0,0,17,7,0,0,0,0,0,0,1,0,0,0,0,0,0,0,0,0,0,0,1,0,0,0,0,0,0,0,0,0,0,0,0,0,0,0,1,0,0,1,0,0,0,0,0,0,0,0,0,0,0,0,0,0,0,0,0,0,0,2.5,1,0,0,0,0,0,0,0,0,0,100,1,0,1,109,109,139,139,139,139,0,90030,0,5851,90060,90161,90200,5261,-1,0,0.4,1.1,1.4,1.1,1.1,1,1,1,1,0,0,0,-1,-1,128,2002,-1,100,30,112,0,0,-1,5020,17055,-1,5800,-1,-1,-1,-1,-1,-1,-1,-1,-1,471,-1,-1,0,2,1,1,0,1,1,1,0,0,-1,-1,0,0,0,0,0,0,-1,-1,4200,30,30,0,180,100,0.1,-1,-1,4200,-1,1.8,0,0,0,1,0,0,0,0,0,0,0,0,1,0,-1,-1,-1,-1,-1,-1,-1,-1,-1,0.1,0.4,4201,0,0,30,0.29,100,3002,-1,5002,6001,-1,0,0.5,0.6,0,-1,0,1,1,1,1,1,1,1,1,1,1,1,1,1,1,1,1,1,1,-1,0,-1,0,-1,-1,-1,-1,[0|0|0|0|0|0|0|0|0|0|0|0],
42017700,Operatic Bat,0,0,[0|0|0],42010,1002,0,120,2.5,1,130,0,492,0,100,420100000,-1,10,2,0,-1,-1,0.5,-1,5403,0,5365,0,0,0,0,0,-1,0,0,0,0,0,-1,-1,-1,-1,-1,-1,23,3000,3001,3002,3003,3004,3005,3006,3007,3008,3009,6001,6000,0,1,1,1,1,1,1,1,1,1.5,-0.53846157,0,50,21,100,0,0,0,100,100,100,0,112,112,112,999,-1,-1,0,0,0,0,-1,-1,0,0,0,0,0,84,999,0,0,-1,10,0,11,0,0,6,3,40,110,110,0,0,2,0,0,0,0,0,0,0,0,0,0,17,7,0,0,0,0,0,0,1,0,0,0,0,0,0,0,0,0,0,0,1,0,0,0,0,0,0,0,0,0,0,0,0,0,0,0,1,0,0,1,0,0,0,0,0,0,0,0,0,0,0,0,0,0,0,0,0,0,0,2.5,1,0,0,0,0,0,0,0,0,0,100,1,0,1,109,109,139,139,139,139,0,90030,0,5851,90060,90161,90200,5261,-1,0,0.4,1.1,1.4,1.1,1.1,1,1,1,1,0,0,0,-1,-1,128,2002,-1,100,30,112,0,0,-1,5020,17055,-1,5800,-1,-1,-1,-1,-1,-1,-1,-1,-1,471,-1,-1,0,2,1,1,0,1,1,1,0,0,-1,-1,0,0,0,0,0,0,-1,-1,4200,30,30,0,180,100,0.1,-1,-1,4200,-1,1.8,0,0,0,1,0,0,0,0,0,0,0,0,1,0,-1,-1,-1,-1,-1,-1,-1,-1,-1,0.1,0.4,4201,0,0,30,0.29,100,3002,-1,5002,6001,-1,0,0.5,0.6,0,-1,0,1,1,1,1,1,1,1,1,1,1,1,1,1,1,1,1,1,1,-1,0,-1,0,-1,-1,-1,-1,[0|0|0|0|0|0|0|0|0|0|0|0],
42017800,Operatic Bat,0,0,[0|0|0],42010,1002,0,120,2.5,1,130,0,492,0,100,420100000,-1,10,2,0,-1,-1,0.5,-1,5403,0,5365,0,0,0,0,0,-1,0,0,0,0,0,-1,-1,-1,-1,-1,-1,23,3000,3001,3002,3003,3004,3005,3006,3007,3008,3009,6001,6000,0,1,1,1,1,1,1,1,1,1.5,-0.53846157,0,50,21,100,0,0,0,100,100,100,0,112,112,112,999,-1,-1,0,0,0,0,-1,-1,0,0,0,0,0,84,999,0,0,-1,10,0,11,0,0,6,3,40,110,110,0,0,2,0,0,0,0,0,0,0,0,0,0,17,7,0,0,0,0,0,0,1,0,0,0,0,0,0,0,0,0,0,0,1,0,0,0,0,0,0,0,0,0,0,0,0,0,0,0,1,0,0,1,0,0,0,0,0,0,0,0,0,0,0,0,0,0,0,0,0,0,0,2.5,1,0,0,0,0,0,0,0,0,0,100,1,0,1,109,109,139,139,139,139,0,90030,0,5851,90060,90161,90200,5261,-1,0,0.4,1.1,1.4,1.1,1.1,1,1,1,1,0,0,0,-1,-1,128,2002,-1,100,30,112,0,0,-1,5020,17055,-1,5800,-1,-1,-1,-1,-1,-1,-1,-1,-1,471,-1,-1,0,2,1,1,0,1,1,1,0,0,-1,-1,0,0,0,0,0,0,-1,-1,4200,30,30,0,180,100,0.1,-1,-1,4200,-1,1.8,0,0,0,1,0,0,0,0,0,0,0,0,1,0,-1,-1,-1,-1,-1,-1,-1,-1,-1,0.1,0.4,4201,0,0,30,0.29,100,3002,-1,5002,6001,-1,0,0.5,0.6,0,-1,0,1,1,1,1,1,1,1,1,1,1,1,1,1,1,1,1,1,1,-1,0,-1,0,-1,-1,-1,-1,[0|0|0|0|0|0|0|0|0|0|0|0],
42018000,Operatic Bat,0,0,[0|0|0],42010,1002,0,120,2.5,1,130,0,809,0,100,420100000,-1,10,2,0,-1,-1,0.5,-1,5403,0,5365,0,0,0,0,0,-1,0,0,0,0,0,-1,-1,-1,-1,-1,-1,23,3000,3001,3002,3003,3004,3005,3006,3007,3008,3009,6001,6000,0,1,1,1,1,1,1,1,1,1.5,-0.53846157,0,50,21,100,0,0,0,100,100,100,0,112,112,112,999,-1,-1,0,0,0,0,-1,-1,0,0,0,0,0,84,999,0,0,-1,10,0,11,0,0,6,3,40,110,110,0,0,2,0,0,0,0,0,0,0,0,0,0,17,7,0,0,0,0,0,0,1,0,0,0,0,0,0,0,0,0,0,0,0,1,0,0,0,0,0,0,0,0,0,0,0,0,0,0,1,0,0,1,0,0,0,0,0,0,0,0,0,0,0,0,0,0,0,0,0,0,0,2.5,1,0,0,0,0,0,0,0,0,0,100,1,0,1,109,109,139,139,139,139,0,90030,0,5851,90060,90161,90200,5261,-1,0,0.4,1.1,1.4,1.1,1.1,1,1,1,1,0,0,0,-1,-1,128,2002,-1,100,30,112,0,0,-1,5021,17055,-1,5800,-1,-1,-1,-1,-1,-1,-1,-1,-1,471,-1,-1,0,2,1,1,0,1,1,1,0,0,-1,-1,0,0,0,0,0,0,-1,-1,4200,30,30,0,180,100,0.1,-1,-1,4200,-1,1.8,0,0,0,1,0,0,0,0,0,0,0,0,1,0,-1,-1,20800,20801,-1,-1,-1,-1,-1,0.1,0.4,4201,0,0,30,0.29,100,3002,-1,5002,6001,-1,0,0.5,0.6,0,-1,0,1,1,1,1,1,1,1,1,1,1,1,1,1,1,1,1,1,1,-1,0,-1,0,-1,-1,-1,-1,[0|0|0|0|0|0|0|0|0|0|0|0],
42018042,Operatic Bat,0,0,[0|0|0],42010,1002,0,120,2.5,1,130,0,809,0,100,420141040,-1,10,2,0,-1,-1,0.5,-1,5403,0,5365,7150,0,0,0,0,-1,0,0,0,0,0,-1,-1,-1,-1,-1,-1,23,3000,3001,3002,3003,3004,3005,3006,3007,3008,3009,6001,6000,0,1,1,1,1,1,1,1,1,1.5,-0.53846157,0,50,21,100,0,0,0,100,100,100,0,112,112,112,999,-1,-1,0,0,0,0,-1,-1,0,0,0,0,0,84,999,0,0,-1,10,0,11,0,0,6,3,40,110,110,0,0,2,0,0,0,0,0,0,0,0,0,0,17,7,0,0,0,0,0,0,1,0,0,0,0,0,0,0,0,0,0,0,0,1,0,0,0,0,0,0,0,0,0,0,0,0,0,0,1,0,0,1,0,0,0,0,0,0,0,0,0,0,0,0,0,0,0,0,0,0,0,2.5,1,0,0,0,0,0,0,0,0,0,100,1,0,1,109,109,139,139,139,139,0,90030,0,5851,90060,90161,90200,5261,-1,0,0.4,1.1,1.4,1.1,1.1,1,1,1,1,0,0,0,-1,-1,128,2002,-1,100,30,112,0,0,-1,5021,17055,-1,5800,-1,-1,-1,-1,-1,-1,-1,-1,-1,471,-1,-1,0,2,1,1,0,1,1,1,0,0,-1,-1,0,0,0,0,0,0,-1,-1,4200,30,30,0,180,100,0.1,-1,-1,4200,-1,1.8,0,0,0,1,0,0,0,0,0,0,0,0,1,0,-1,-1,20800,20801,-1,-1,-1,-1,-1,0.1,0.4,4201,0,0,30,0.29,100,3002,-1,5002,6001,-1,0,0.5,0.6,0,-1,0,1,1,1,1,1,1,1,1,1,1,1,1,1,1,1,1,1,1,-1,0,-1,0,-1,-1,-1,-1,[0|0|0|0|0|0|0|0|0|0|0|0],
42018100,Operatic Bat,0,0,[0|0|0],42010,1002,0,120,2.5,1,130,0,809,0,100,420100000,-1,10,2,0,-1,-1,0.5,-1,5403,0,5365,0,0,0,0,0,-1,0,0,0,0,0,-1,-1,-1,-1,-1,-1,23,3000,3001,3002,3003,3004,3005,3006,3007,3008,3009,6001,6000,0,1,1,1,1,1,1,1,1,1.5,-0.53846157,0,50,21,100,0,0,0,100,100,100,0,112,112,112,999,-1,-1,0,0,0,0,-1,-1,0,0,0,0,0,84,999,0,0,-1,10,0,11,0,0,6,3,40,110,110,0,0,2,0,0,0,0,0,0,0,0,0,0,17,7,0,0,0,0,0,0,1,0,0,0,0,0,0,0,0,0,0,0,0,1,0,0,0,0,0,0,0,0,0,0,0,0,0,0,1,0,0,1,0,0,0,0,0,0,0,0,0,0,0,0,0,0,0,0,0,0,0,2.5,1,0,0,0,0,0,0,0,0,0,100,1,0,1,109,109,139,139,139,139,0,90030,0,5851,90060,90161,90200,5261,-1,0,0.4,1.1,1.4,1.1,1.1,1,1,1,1,0,0,0,-1,-1,128,2002,-1,100,30,112,0,0,-1,5021,17055,-1,5800,-1,-1,-1,-1,-1,-1,-1,-1,-1,471,-1,-1,0,2,1,1,0,1,1,1,0,0,-1,-1,0,0,0,0,0,0,-1,-1,4200,30,30,0,180,100,0.1,-1,-1,4200,-1,1.8,0,0,0,1,0,0,0,0,0,0,0,0,1,0,-1,-1,20800,20801,-1,-1,-1,-1,-1,0.1,0.4,4201,0,0,30,0.29,100,3002,-1,5002,6001,-1,0,0.5,0.6,0,-1,0,1,1,1,1,1,1,1,1,1,1,1,1,1,1,1,1,1,1,-1,0,-1,0,-1,-1,-1,-1,[0|0|0|0|0|0|0|0|0|0|0|0],
42018126,Operatic Bat,0,0,[0|0|0],42010,1002,0,120,2.5,1,130,0,809,0,100,420100000,-1,10,2,0,-1,-1,0.5,-1,5403,0,5365,7070,0,0,0,0,-1,0,0,0,0,0,-1,-1,-1,-1,-1,-1,23,3000,3001,3002,3003,3004,3005,3006,3007,3008,3009,6001,6000,0,1,1,1,1,1,1,1,1,1.5,-0.53846157,0,50,21,100,0,0,0,100,100,100,0,112,112,112,999,-1,-1,0,0,0,0,-1,-1,0,0,0,0,0,84,999,0,0,-1,10,0,11,0,0,6,3,40,110,110,0,0,2,0,0,0,0,0,0,0,0,0,0,17,7,0,0,0,0,0,0,1,0,0,0,0,0,0,0,0,0,0,0,0,1,0,0,0,0,0,0,0,0,0,0,0,0,0,0,1,0,0,1,0,0,0,0,0,0,0,0,0,0,0,0,0,0,0,0,0,0,0,2.5,1,0,0,0,0,0,0,0,0,0,100,1,0,1,109,109,139,139,139,139,0,90030,0,5851,90060,90161,90200,5261,-1,0,0.4,1.1,1.4,1.1,1.1,1,1,1,1,0,0,0,-1,-1,128,2002,-1,100,30,112,0,0,-1,5021,17055,-1,5800,-1,-1,-1,-1,-1,-1,-1,-1,-1,471,-1,-1,0,2,1,1,0,1,1,1,0,0,-1,-1,0,0,0,0,0,0,-1,-1,4200,30,30,0,180,100,0.1,-1,-1,4200,-1,1.8,0,0,0,1,0,0,0,0,0,0,0,0,1,0,-1,-1,20800,20801,-1,-1,-1,-1,-1,0.1,0.4,4201,0,0,30,0.29,100,3002,-1,5002,6001,-1,0,0.5,0.6,0,-1,0,1,1,1,1,1,1,1,1,1,1,1,1,1,1,1,1,1,1,-1,0,-1,0,-1,-1,-1,-1,[0|0|0|0|0|0|0|0|0|0|0|0],
42300032,Land Octopus,0,0,[0|0|0],42300,1001,0,10,1.1,0.6,70,0,115,0,100,423000000,-1,-1,0,0,-1,-1,0.6,-1,0,11770,0,7090,0,0,0,0,-1,0,0,0,0,0,-1,-1,-1,-1,-1,-1,16,3000,3001,3002,3003,3004,3005,3006,3007,3008,3009,6001,6000,0,1,1,1,1,1,1,1,1,1.5,-0.53846157,0,50,21,100,0,0,0,100,100,100,0,84,84,84,999,-1,-1,0,0,0,0,-1,-1,1,0,0,0,0,63,999,0,0,-1,10,0,11,0,0,6,1,40,146,146,0,0,2,0,0,0,0,0,0,0,0,0,0,17,7,0,0,0,0,0,0,1,0,0,0,0,0,0,0,0,0,0,0,0,0,0,0,0,0,0,0,0,0,0,0,0,1,0,0,1,0,0,1,0,0,0,0,0,0,0,0,0,0,0,0,0,0,0,0,0,0,0,1.1,0.6,2,0,0,0,0,0,0,0,0,100,1,0,1,145,145,139,139,139,139,0,90030,0,0,90060,90160,90200,5261,-1,0,0.4,1,1,0.9,1,1.2,1.2,1.4,1.2,0,0,0,-1,-1,64,2001,-1,100,-1,20,0,0,-1,-1,-1,-1,-1,-1,-1,-1,-1,-1,-1,-1,-1,-1,-1,151,-1,0,2,0,0,0,1,1,1,0,0,-1,-1,0,0,0,0,0,0,-1,-1,4220,30,30,0,180,60,0.01,-1,-1,-1,-1,1,0,0,0,1,0,0,0,0,0,0,0,0,1,0,-1,-1,-1,-1,-1,-1,-1,-1,2900,0.1,0.4,-1,0,0,30,0.29,100,3001,-1,5010,6000,-1,0,0.5,0.6,0,-1,0,1,1,1,1,1,1,1,1,1,1,1,1,1,1,1,1,1,1,-1,0,-1,0,-1,-1,-1,-1,[0|0|0|0|0|0|0|0|0|0|0|0],
42300050,Land Octopus,0,0,[0|0|0],42300,1001,0,10,1.1,0.6,70,0,115,0,100,423000000,-1,-1,0,0,-1,-1,0.6,-1,0,11770,0,7120,0,0,0,0,-1,0,0,0,0,0,-1,-1,-1,-1,-1,-1,16,3000,3001,3002,3003,3004,3005,3006,3007,3008,3009,6001,6000,0,1,1,1,1,1,1,1,1,1.5,-0.53846157,0,50,21,100,0,0,0,100,100,100,0,84,84,84,999,-1,-1,0,0,0,0,-1,-1,1,0,0,0,0,63,999,0,0,-1,10,0,11,0,0,6,1,40,146,146,0,0,2,0,0,0,0,0,0,0,0,0,0,17,7,0,0,0,0,0,0,1,0,0,0,0,0,0,0,0,0,0,0,0,0,0,0,0,0,0,0,0,0,0,0,0,1,0,0,1,0,0,1,0,0,0,0,0,0,0,0,0,0,0,0,0,0,0,0,0,0,0,1.1,0.6,2,0,0,0,0,0,0,0,0,100,1,0,1,145,145,139,139,139,139,0,90030,0,0,90060,90160,90200,5261,-1,0,0.4,1,1,0.9,1,1.2,1.2,1.4,1.2,0,0,0,-1,-1,64,2001,-1,100,-1,20,0,0,-1,-1,-1,-1,-1,-1,-1,-1,-1,-1,-1,-1,-1,-1,-1,151,-1,0,2,0,0,0,1,1,1,0,0,-1,-1,0,0,0,0,0,0,-1,-1,4220,30,30,0,180,60,0.01,-1,-1,-1,-1,1,0,0,0,1,0,0,0,0,0,0,0,0,1,0,-1,-1,-1,-1,-1,-1,-1,-1,2900,0.1,0.4,-1,0,0,30,0.29,100,3001,-1,5010,6000,-1,0,0.5,0.6,0,-1,0,1,1,1,1,1,1,1,1,1,1,1,1,1,1,1,1,1,1,-1,0,-1,0,-1,-1,-1,-1,[0|0|0|0|0|0|0|0|0|0|0|0],
42400021,Fingercreeper,0,0,[0|0|0],42400,1002,0,40,2,2.2,970,0,747,0,100,424000000,-1,-1,5,0,-1,-1,2.2,-1,0,0,0,7060,0,0,0,0,-1,0,0,0,0,0,-1,-1,-1,-1,-1,-1,16,3000,3001,3002,3003,3004,3005,3006,3007,3008,3009,6001,6000,0,1,1,1,1,1,1,1,1,1.5,0,0,50,21,100,0,0,0,100,100,100,0,112,112,84,999,-1,-1,0,0,0,0,-1,-1,1,0,0,0,0,999,999,0,0,-1,10,0,13,0,0,6,1,40,110,110,1,0,2,0,0,0,0,0,0,0,2,0,0,17,7,0,0,0,0,0,0,1,0,1,0,0,0,0,0,0,0,0,0,0,0,0,0,0,0,0,0,0,0,0,0,0,1,0,1,1,0,0,1,0,0,0,0,0,0,0,0,0,0,0,0,0,0,0,0,0,0,0,2,2,2,0,0,1,0,0,0,0,0,100,1,0,2,109,109,139,139,139,139,0,90030,0,90300,90060,90100,0,5261,-1,0,0.4,1.1,1.4,1.1,1.1,1,1,1,1,0,0,0,-1,-1,256,2002,-1,100,-1,112,0,0,4240,5800,-1,5721,12013,-1,-1,-1,-1,-1,-1,-1,-1,-1,-1,-1,-1,0,2,0,0,0,1,1,1,0,0,-1,-1,0,0,0,0,0,0,-1,-1,-1,30,30,0,180,70,0.1,-1,-1,-1,-1,2.5,0,0,0,1,0,0,0,0,0,0,0,0,1,0,-1,-1,-1,-1,-1,-1,-1,-1,-1,0.1,0.4,-1,0,0,65,0.29,100,3001,-1,5002,-1,-1,0,0.9,0.6,0,-1,0,1,1,1,1,1,1,1,1,1,1,1,1,1,1,1,1,1,1,-1,0,-1,0,-1,-1,-1,-1,[0|0|0|0|0|0|0|0|0|0|0|0],
42400032,Fingercreeper,0,0,[0|0|0],42400,1002,0,40,2,2.2,970,0,747,0,100,424000000,-1,-1,5,0,-1,-1,2.2,-1,0,0,0,7090,0,0,0,0,-1,0,0,0,0,0,-1,-1,-1,-1,-1,-1,16,3000,3001,3002,3003,3004,3005,3006,3007,3008,3009,6001,6000,0,1,1,1,1,1,1,1,1,1.5,0,0,50,21,100,0,0,0,100,100,100,0,112,112,84,999,-1,-1,0,0,0,0,-1,-1,1,0,0,0,0,999,999,0,0,-1,10,0,13,0,0,6,1,40,110,110,1,0,2,0,0,0,0,0,0,0,2,0,0,17,7,0,0,0,0,0,0,1,0,1,0,0,0,0,0,0,0,0,0,0,0,0,0,0,0,0,0,0,0,0,0,0,1,0,1,1,0,0,1,0,0,0,0,0,0,0,0,0,0,0,0,0,0,0,0,0,0,0,2,2,2,0,0,1,0,0,0,0,0,100,1,0,2,109,109,139,139,139,139,0,90030,0,90300,90060,90100,0,5261,-1,0,0.4,1.1,1.4,1.1,1.1,1,1,1,1,0,0,0,-1,-1,256,2002,-1,100,-1,112,0,0,4240,5800,-1,5721,12013,-1,-1,-1,-1,-1,-1,-1,-1,-1,-1,-1,-1,0,2,0,0,0,1,1,1,0,0,-1,-1,0,0,0,0,0,0,-1,-1,-1,30,30,0,180,70,0.1,-1,-1,-1,-1,2.5,0,0,0,1,0,0,0,0,0,0,0,0,1,0,-1,-1,-1,-1,-1,-1,-1,-1,-1,0.1,0.4,-1,0,0,65,0.29,100,3001,-1,5002,-1,-1,0,0.9,0.6,0,-1,0,1,1,1,1,1,1,1,1,1,1,1,1,1,1,1,1,1,1,-1,0,-1,0,-1,-1,-1,-1,[0|0|0|0|0|0|0|0|0|0|0|0],
42400034,Fingercreeper (Leyndell),0,0,[0|0|0],42400,1002,0,40,2,1.6,970,0,747,0,100,424000000,-1,-1,5,0,-1,-1,2.2,-1,0,0,0,7100,0,0,0,0,-1,0,0,0,0,0,-1,-1,-1,-1,-1,-1,16,3000,3001,3002,3003,3004,3005,3006,3007,3008,3009,6001,6000,0,1,1,1,1,1,1,1,1,1.5,0,0,50,21,100,0,0,0,100,100,100,0,112,112,84,999,-1,-1,0,0,0,0,-1,-1,1,0,0,0,0,999,999,0,0,-1,10,0,13,0,0,6,1,40,110,110,1,0,2,0,0,0,0,0,0,0,2,0,0,17,7,0,0,0,0,0,0,1,0,1,0,0,0,0,0,0,0,0,0,0,0,0,0,0,0,0,0,0,0,0,0,0,1,0,1,1,0,0,1,0,0,0,0,0,0,0,0,0,0,0,0,0,0,0,0,0,0,0,2,1.6,2,0,0,1,0,0,0,0,0,100,1,0,2,109,109,139,139,139,139,0,90030,0,90300,90060,90100,0,5261,-1,0,0.4,1.1,1.4,1.1,1.1,1,1,1,1,0,0,0,-1,-1,256,2002,-1,100,-1,112,0,0,4240,5800,-1,5721,12013,-1,-1,-1,-1,-1,-1,-1,-1,-1,-1,-1,-1,0,2,0,0,0,1,1,1,0,0,-1,-1,0,0,0,0,0,0,-1,-1,-1,30,30,0,180,70,0.1,-1,-1,-1,-1,2.5,0,0,0,1,0,0,0,0,0,0,0,0,1,0,-1,-1,-1,-1,-1,-1,-1,-1,-1,0.1,0.4,-1,0,0,65,0.29,100,3001,-1,5002,-1,-1,0,0.9,0.6,0,-1,0,1,1,1,1,1,1,1,1,1,1,1,1,1,1,1,1,1,1,-1,0,-1,0,-1,-1,-1,-1,[0|0|0|0|0|0|0|0|0|0|0|0],
42400035,Fingercreeper,0,0,[0|0|0],42400,1002,0,40,2,2.2,970,0,747,0,100,424000000,-1,-1,5,0,-1,-1,2.2,-1,0,0,0,7130,0,0,0,0,-1,0,0,0,0,0,-1,-1,-1,-1,-1,-1,16,3000,3001,3002,3003,3004,3005,3006,3007,3008,3009,6001,6000,0,1,1,1,1,1,1,1,1,1.5,0,0,50,21,100,0,0,0,100,100,100,0,112,112,84,999,-1,-1,0,0,0,0,-1,-1,1,0,0,0,0,999,999,0,0,-1,10,0,13,0,0,6,1,40,110,110,1,0,2,0,0,0,0,0,0,0,2,0,0,17,7,0,0,0,0,0,0,1,0,1,0,0,0,0,0,0,0,0,0,0,0,0,0,0,0,0,0,0,0,0,0,0,1,0,1,1,0,0,1,0,0,0,0,0,0,0,0,0,0,0,0,0,0,0,0,0,0,0,2,2,2,0,0,1,0,0,0,0,0,100,1,0,2,109,109,139,139,139,139,0,90030,0,90300,90060,90100,0,5261,-1,0,0.4,1.1,1.4,1.1,1.1,1,1,1,1,0,0,0,-1,-1,256,2002,-1,100,-1,112,0,0,4240,5800,-1,5721,12013,-1,-1,-1,-1,-1,-1,-1,-1,-1,-1,-1,-1,0,2,0,0,0,1,1,1,0,0,-1,-1,0,0,0,0,0,0,-1,-1,-1,30,30,0,180,70,0.1,-1,-1,-1,-1,2.5,0,0,0,1,0,0,0,0,0,0,0,0,1,0,-1,-1,-1,-1,-1,-1,-1,-1,-1,0.1,0.4,-1,0,0,65,0.29,100,3001,-1,5002,-1,-1,0,0.9,0.6,0,-1,0,1,1,1,1,1,1,1,1,1,1,1,1,1,1,1,1,1,1,-1,0,-1,0,-1,-1,-1,-1,[0|0|0|0|0|0|0|0|0|0|0|0],
42400150,Fingercreeper,0,0,[0|0|0],42400,1002,0,40,2,2.2,970,0,747,0,100,424000000,-1,-1,5,0,-1,-1,2.2,-1,0,0,0,7120,0,0,0,0,-1,0,0,0,0,0,-1,-1,-1,-1,-1,-1,16,3000,3001,3002,3003,3004,3005,3006,3007,3008,3009,6001,6000,0,1,1,1,1,1,1,1,1,1.5,0,0,50,21,100,0,0,0,100,100,100,0,112,112,84,999,-1,-1,0,0,0,0,-1,-1,1,0,0,0,0,999,999,0,0,-1,10,0,13,0,0,6,1,40,110,110,1,0,2,0,0,0,0,0,0,0,2,0,0,17,7,0,0,0,0,0,0,1,0,0,0,0,0,0,0,0,0,0,0,0,0,0,0,0,0,0,0,0,0,0,0,0,1,0,1,1,0,0,1,0,0,0,0,0,0,0,0,0,0,0,0,0,0,0,0,0,0,0,2,2,2,0,0,1,0,0,0,0,0,100,1,0,2,109,109,139,139,139,139,0,90030,0,90300,90060,90100,0,5261,-1,0,0.4,1.1,1.4,1.1,1.1,1,1,1,1,0,0,0,-1,-1,256,2002,-1,100,-1,112,0,0,4240,5800,-1,5721,12013,12017,-1,-1,-1,-1,-1,-1,-1,-1,-1,-1,-1,0,2,0,0,0,1,1,1,0,0,-1,-1,0,0,0,0,0,0,-1,-1,-1,30,30,0,180,70,0.1,-1,-1,-1,-1,2.5,0,0,0,1,0,0,0,0,0,0,0,0,1,0,-1,-1,-1,-1,-1,-1,-1,-1,-1,0.1,0.4,-1,0,0,65,0.29,100,3001,-1,5002,-1,-1,0,0.9,0.6,0,-1,0,1,1,1,1,1,1,1,1,1,1,1,1,1,1,1,1,1,1,-1,0,-1,0,-1,-1,-1,-1,[0|0|0|0|0|0|0|0|0|0|0|0],
42400221,Fingercreeper,0,0,[0|0|0],42400,1002,0,40,2,2.1,970,0,747,0,100,424000000,-1,-1,5,0,-1,-1,2.2,-1,0,0,0,7060,0,0,0,0,-1,0,0,0,0,0,-1,-1,-1,-1,-1,-1,16,3000,3001,3002,3003,3004,3005,3006,3007,3008,3009,6001,6000,0,1,1,1,1,1,1,1,1,1.5,0,0,50,21,100,0,0,0,100,100,100,0,112,112,84,999,-1,-1,0,0,0,0,-1,-1,1,0,0,0,0,999,999,0,0,-1,10,0,13,0,0,6,1,40,110,110,1,0,2,0,0,0,0,0,0,0,2,0,0,17,7,0,0,0,0,0,0,1,0,1,0,0,0,0,0,0,0,0,0,0,0,0,0,0,0,0,0,0,0,0,0,0,1,0,1,1,0,0,1,0,0,0,0,0,0,0,0,0,0,0,0,0,0,0,0,0,0,0,2,2,2,0,0,1,0,0,0,0,0,100,1,0,2,109,109,139,139,139,139,0,90030,0,90300,90060,90100,0,5261,-1,0,0.4,1.1,1.4,1.1,1.1,1,1,1,1,0,0,0,-1,-1,256,2002,-1,100,-1,112,0,0,4240,5800,-1,5721,12013,-1,-1,-1,-1,-1,-1,-1,-1,-1,-1,-1,-1,0,2,0,0,0,1,1,1,0,0,-1,-1,0,0,0,0,0,0,-1,-1,-1,30,30,0,180,70,0.1,-1,-1,-1,-1,2.5,0,0,0,1,0,0,0,0,0,0,0,0,1,0,-1,-1,-1,-1,-1,-1,-1,-1,-1,0.1,0.4,-1,0,0,65,0.29,100,3001,-1,5002,-1,-1,0,0.9,0.6,0,-1,0,1,1,1,1,1,1,1,1,1,1,1,1,1,1,1,1,1,1,-1,0,-1,0,-1,-1,-1,-1,[0|0|0|0|0|0|0|0|0|0|0|0],
42405000,Fingercreeper,0,0,[0|0|0],42400,1002,0,40,2,2.2,970,0,747,0,100,424000000,-1,-1,5,0,-1,-1,2.2,-1,0,0,0,0,0,0,0,0,-1,0,0,0,0,0,-1,-1,-1,-1,-1,-1,16,3000,3001,3002,3003,3004,3005,3006,3007,3008,3009,6001,6000,0,1,1,1,1,1,1,1,1,1.5,0,0,50,21,100,0,0,0,100,100,100,0,112,112,84,999,-1,-1,0,0,0,0,-1,-1,1,0,0,0,0,999,999,0,0,-1,10,0,13,0,0,6,1,40,110,110,1,0,2,0,0,0,0,0,0,0,2,0,0,17,7,0,0,0,0,0,0,1,0,0,0,0,0,0,0,0,0,0,0,0,0,0,0,0,0,0,0,0,0,0,0,0,1,0,1,1,0,0,1,0,0,0,0,0,0,0,0,0,0,0,0,0,0,0,0,0,0,0,2,2,2,0,0,1,0,0,0,0,0,100,1,0,2,109,109,139,139,139,139,0,90030,0,90300,90060,90100,0,5261,-1,0,0.4,1.1,1.4,1.1,1.1,1,1,1,1,0,0,0,-1,-1,256,2002,-1,100,-1,112,0,0,4240,5800,-1,5721,12013,12017,-1,-1,-1,-1,-1,-1,-1,-1,-1,-1,-1,0,2,0,0,0,1,1,1,0,0,-1,-1,0,0,0,0,0,0,-1,-1,-1,30,30,0,180,70,0.1,-1,-1,-1,-1,2.5,0,0,0,1,0,0,0,0,0,0,0,0,1,0,-1,-1,-1,-1,-1,-1,-1,-1,-1,0.1,0.4,-1,0,0,65,0.29,100,3001,-1,5002,-1,-1,0,0.9,0.6,0,-1,0,1,1,1,1,1,1,1,1,1,1,1,1,1,1,1,1,1,1,-1,0,-1,0,-1,-1,-1,-1,[0|0|0|0|0|0|0|0|0|0|0|0],
42405050,Fingercreeper,0,0,[0|0|0],42400,1002,0,40,2,2.2,970,0,747,0,100,424050000,-1,-1,5,0,-1,-1,2.2,-1,0,0,0,7120,0,0,0,0,-1,0,0,0,0,0,-1,-1,-1,-1,-1,-1,16,3000,3001,3002,3003,3004,3005,3006,3007,3008,3009,6001,6000,0,1,1,1,1,1,1,1,1,1.5,0,0,50,21,100,0,0,0,100,100,100,0,112,112,84,999,-1,-1,0,0,0,0,-1,-1,1,0,0,0,0,999,999,0,0,-1,10,0,13,0,0,6,1,40,110,110,1,0,2,0,0,0,0,0,0,0,2,0,0,17,7,0,0,0,0,0,0,1,0,0,0,0,0,0,0,0,0,0,0,0,0,0,0,0,0,0,0,0,0,0,0,0,1,0,1,1,0,0,1,0,0,0,0,0,0,0,0,0,0,0,0,0,0,0,0,0,0,0,2,2,2,0,0,1,0,0,0,0,0,100,1,0,2,109,109,139,139,139,139,0,90030,0,90300,90060,90100,0,5261,-1,0,0.4,1.1,1.4,1.1,1.1,1,1,1,1,0,0,0,-1,-1,256,2002,-1,100,-1,112,0,0,4240,5800,-1,5721,12013,12017,-1,-1,-1,-1,-1,-1,-1,-1,-1,-1,-1,0,2,0,0,0,1,1,1,0,0,-1,-1,0,0,0,0,0,0,-1,-1,-1,30,30,0,180,70,0.1,-1,-1,-1,-1,2.5,0,0,0,1,0,0,0,0,0,0,0,0,1,0,-1,-1,-1,-1,-1,-1,-1,-1,-1,0.1,0.4,-1,0,0,65,0.29,100,3001,-1,5002,-1,-1,0,0.9,0.6,0,-1,0,1,1,1,1,1,1,1,1,1,1,1,1,1,1,1,1,1,1,-1,0,-1,0,-1,-1,-1,-1,[0|0|0|0|0|0|0|0|0|0|0|0],
42405100,Fingercreeper,0,0,[0|0|0],42400,1002,0,40,2,2.2,970,0,747,0,100,424000000,-1,-1,5,0,-1,-1,2.2,-1,0,0,0,0,0,0,0,0,-1,0,0,0,0,0,-1,-1,-1,-1,-1,-1,16,3000,3001,3002,3003,3004,3005,3006,3007,3008,3009,6001,6000,0,1,1,1,1,1,1,1,1,1.5,0,0,50,21,100,0,0,0,100,100,100,0,112,112,84,999,-1,-1,0,0,0,0,-1,-1,1,0,0,0,0,999,999,0,0,-1,10,0,13,0,0,6,1,40,110,110,1,0,2,0,0,0,0,0,0,0,2,0,0,17,7,0,0,0,0,0,0,1,0,0,0,0,0,0,0,0,0,0,0,0,0,0,0,0,0,0,0,0,0,0,0,0,1,0,1,1,0,0,1,0,0,0,0,0,0,0,0,0,0,0,0,0,0,0,0,0,0,0,2,2,2,0,0,1,0,0,0,0,0,100,1,0,2,109,109,139,139,139,139,0,90030,0,90300,90060,90100,0,5261,-1,0,0.4,1.1,1.4,1.1,1.1,1,1,1,1,0,0,0,-1,-1,256,2002,-1,100,-1,112,0,0,4240,5800,-1,5721,12013,12017,-1,-1,-1,-1,-1,-1,-1,-1,-1,-1,-1,0,2,0,0,0,1,1,1,0,0,-1,-1,0,0,0,0,0,0,-1,-1,-1,30,30,0,180,70,0.1,-1,-1,-1,-1,2.5,0,0,0,1,0,0,0,0,0,0,0,0,1,0,-1,-1,-1,-1,-1,-1,-1,-1,-1,0.1,0.4,-1,0,0,65,0.29,100,3001,-1,5002,-1,-1,0,0.9,0.6,0,-1,0,1,1,1,1,1,1,1,1,1,1,1,1,1,1,1,1,1,1,-1,0,-1,0,-1,-1,-1,-1,[0|0|0|0|0|0|0|0|0|0|0|0],
42405150,Fingercreeper,0,0,[0|0|0],42400,1002,0,40,2,2.2,970,0,747,0,100,424050010,-1,-1,5,0,-1,-1,2.2,-1,0,0,0,7120,0,0,0,0,-1,0,0,0,0,0,-1,-1,-1,-1,-1,-1,16,3000,3001,3002,3003,3004,3005,3006,3007,3008,3009,6001,6000,0,1,1,1,1,1,1,1,1,1.5,0,0,50,21,100,0,0,0,100,100,100,0,112,112,84,999,-1,-1,0,0,0,0,-1,-1,1,0,0,0,0,999,999,0,0,-1,10,0,13,0,0,6,1,40,110,110,1,0,2,0,0,0,0,0,0,0,2,0,0,17,7,0,0,0,0,0,0,1,0,0,0,0,0,0,0,0,0,0,0,0,0,0,0,0,0,0,0,0,0,0,0,0,1,0,1,1,0,0,1,0,0,0,0,0,0,0,0,0,0,0,0,0,0,0,0,0,0,0,2,2,2,0,0,1,0,0,0,0,0,100,1,0,2,109,109,139,139,139,139,0,90030,0,90300,90060,90100,0,5261,-1,0,0.4,1.1,1.4,1.1,1.1,1,1,1,1,0,0,0,-1,-1,256,2002,-1,100,-1,112,0,0,4240,5800,-1,5721,12013,12017,-1,-1,-1,-1,-1,-1,-1,-1,-1,-1,-1,0,2,0,0,0,1,1,1,0,0,-1,-1,0,0,0,0,0,0,-1,-1,-1,30,30,0,180,70,0.1,-1,-1,-1,-1,2.5,0,0,0,1,0,0,0,0,0,0,0,0,1,0,-1,-1,-1,-1,-1,-1,-1,-1,-1,0.1,0.4,-1,0,0,65,0.29,100,3001,-1,5002,-1,-1,0,0.9,0.6,0,-1,0,1,1,1,1,1,1,1,1,1,1,1,1,1,1,1,1,1,1,-1,0,-1,0,-1,-1,-1,-1,[0|0|0|0|0|0|0|0|0|0|0|0],
42405200,Fingercreeper,0,0,[0|0|0],42400,1002,0,40,2,2.2,970,0,747,0,100,424000000,-1,-1,5,0,-1,-1,2.2,-1,0,0,0,0,0,0,0,0,-1,0,0,0,0,0,-1,-1,-1,-1,-1,-1,16,3000,3001,3002,3003,3004,3005,3006,3007,3008,3009,6001,6000,0,1,1,1,1,1,1,1,1,1.5,0,0,50,21,100,0,0,0,100,100,100,0,112,112,84,999,-1,-1,0,0,0,0,-1,-1,1,0,0,0,0,999,999,0,0,-1,10,0,13,0,0,6,1,40,110,110,1,0,2,0,0,0,0,0,0,0,2,0,0,17,7,0,0,0,0,0,0,1,0,0,0,0,0,0,0,0,0,0,0,0,0,0,0,0,0,0,0,0,0,0,0,0,1,0,1,1,0,0,1,0,0,0,0,0,0,0,0,0,0,0,0,0,0,0,0,0,0,0,2,2,2,0,0,1,0,0,0,0,0,100,1,0,2,109,109,139,139,139,139,0,90030,0,90300,90060,90100,0,5261,-1,0,0.4,1.1,1.4,1.1,1.1,1,1,1,1,0,0,0,-1,-1,256,2002,-1,100,-1,112,0,0,4240,5800,-1,5721,12013,12017,-1,-1,-1,-1,-1,-1,-1,-1,-1,-1,-1,0,2,0,0,0,1,1,1,0,0,-1,-1,0,0,0,0,0,0,-1,-1,-1,30,30,0,180,70,0.1,-1,-1,-1,-1,2.5,0,0,0,1,0,0,0,0,0,0,0,0,1,0,-1,-1,-1,-1,-1,-1,-1,-1,-1,0.1,0.4,-1,0,0,65,0.29,100,3001,-1,5002,-1,-1,0,0.9,0.6,0,-1,0,1,1,1,1,1,1,1,1,1,1,1,1,1,1,1,1,1,1,-1,0,-1,0,-1,-1,-1,-1,[0|0|0|0|0|0|0|0|0|0|0|0],
42405250,Fingercreeper,0,0,[0|0|0],42400,1002,0,40,2,2.2,970,0,747,0,100,424050020,-1,-1,5,0,-1,-1,2.2,-1,0,0,0,7120,0,0,0,0,-1,0,0,0,0,0,-1,-1,-1,-1,-1,-1,16,3000,3001,3002,3003,3004,3005,3006,3007,3008,3009,6001,6000,0,1,1,1,1,1,1,1,1,1.5,0,0,50,21,100,0,0,0,100,100,100,0,112,112,84,999,-1,-1,0,0,0,0,-1,-1,1,0,0,0,0,999,999,0,0,-1,10,0,13,0,0,6,1,40,110,110,1,0,2,0,0,0,0,0,0,0,2,0,0,17,7,0,0,0,0,0,0,1,0,0,0,0,0,0,0,0,0,0,0,0,0,0,0,0,0,0,0,0,0,0,0,0,1,0,1,1,0,0,1,0,0,0,0,0,0,0,0,0,0,0,0,0,0,0,0,0,0,0,2,2,2,0,0,1,0,0,0,0,0,100,1,0,2,109,109,139,139,139,139,0,90030,0,90300,90060,90100,0,5261,-1,0,0.4,1.1,1.4,1.1,1.1,1,1,1,1,0,0,0,-1,-1,256,2002,-1,100,-1,112,0,0,4240,5800,-1,5721,12013,12017,-1,-1,-1,-1,-1,-1,-1,-1,-1,-1,-1,0,2,0,0,0,1,1,1,0,0,-1,-1,0,0,0,0,0,0,-1,-1,-1,30,30,0,180,70,0.1,-1,-1,-1,-1,2.5,0,0,0,1,0,0,0,0,0,0,0,0,1,0,-1,-1,-1,-1,-1,-1,-1,-1,-1,0.1,0.4,-1,0,0,65,0.29,100,3001,-1,5002,-1,-1,0,0.9,0.6,0,-1,0,1,1,1,1,1,1,1,1,1,1,1,1,1,1,1,1,1,1,-1,0,-1,0,-1,-1,-1,-1,[0|0|0|0|0|0|0|0|0|0|0|0],
42405300,Fingercreeper,0,0,[0|0|0],42400,1002,0,40,2,2.2,970,0,747,0,100,424000000,-1,-1,5,0,-1,-1,2.2,-1,0,0,0,0,0,0,0,0,-1,0,0,0,0,0,-1,-1,-1,-1,-1,-1,16,3000,3001,3002,3003,3004,3005,3006,3007,3008,3009,6001,6000,0,1,1,1,1,1,1,1,1,1.5,0,0,50,21,100,0,0,0,100,100,100,0,112,112,84,999,-1,-1,0,0,0,0,-1,-1,1,0,0,0,0,999,999,0,0,-1,10,0,13,0,0,6,1,40,110,110,1,0,2,0,0,0,0,0,0,0,2,0,0,17,7,0,0,0,0,0,0,1,0,0,0,0,0,0,0,0,0,0,0,0,0,0,0,0,0,0,0,0,0,0,0,0,1,0,1,1,0,0,1,0,0,0,0,0,0,0,0,0,0,0,0,0,0,0,0,0,0,0,2,2,2,0,0,1,0,0,0,0,0,100,1,0,2,109,109,139,139,139,139,0,90030,0,90300,90060,90100,0,5261,-1,0,0.4,1.1,1.4,1.1,1.1,1,1,1,1,0,0,0,-1,-1,256,2002,-1,100,-1,112,0,0,4240,5800,-1,5721,12013,12017,-1,-1,-1,-1,-1,-1,-1,-1,-1,-1,-1,0,2,0,0,0,1,1,1,0,0,-1,-1,0,0,0,0,0,0,-1,-1,-1,30,30,0,180,70,0.1,-1,-1,-1,-1,2.5,0,0,0,1,0,0,0,0,0,0,0,0,1,0,-1,-1,-1,-1,-1,-1,-1,-1,-1,0.1,0.4,-1,0,0,65,0.29,100,3001,-1,5002,-1,-1,0,0.9,0.6,0,-1,0,1,1,1,1,1,1,1,1,1,1,1,1,1,1,1,1,1,1,-1,0,-1,0,-1,-1,-1,-1,[0|0|0|0|0|0|0|0|0|0|0|0],
42405350,Fingercreeper,0,0,[0|0|0],42400,1002,0,40,2,2.2,970,0,747,0,100,424050030,-1,-1,5,0,-1,-1,2.2,-1,0,0,0,7120,0,0,0,0,-1,0,0,0,0,0,-1,-1,-1,-1,-1,-1,16,3000,3001,3002,3003,3004,3005,3006,3007,3008,3009,6001,6000,0,1,1,1,1,1,1,1,1,1.5,0,0,50,21,100,0,0,0,100,100,100,0,112,112,84,999,-1,-1,0,0,0,0,-1,-1,1,0,0,0,0,999,999,0,0,-1,10,0,13,0,0,6,1,40,110,110,1,0,2,0,0,0,0,0,0,0,2,0,0,17,7,0,0,0,0,0,0,1,0,0,0,0,0,0,0,0,0,0,0,0,0,0,0,0,0,0,0,0,0,0,0,0,1,0,1,1,0,0,1,0,0,0,0,0,0,0,0,0,0,0,0,0,0,0,0,0,0,0,2,2,2,0,0,1,0,0,0,0,0,100,1,0,2,109,109,139,139,139,139,0,90030,0,90300,90060,90100,0,5261,-1,0,0.4,1.1,1.4,1.1,1.1,1,1,1,1,0,0,0,-1,-1,256,2002,-1,100,-1,112,0,0,4240,5800,-1,5721,12013,12017,-1,-1,-1,-1,-1,-1,-1,-1,-1,-1,-1,0,2,0,0,0,1,1,1,0,0,-1,-1,0,0,0,0,0,0,-1,-1,-1,30,30,0,180,70,0.1,-1,-1,-1,-1,2.5,0,0,0,1,0,0,0,0,0,0,0,0,1,0,-1,-1,-1,-1,-1,-1,-1,-1,-1,0.1,0.4,-1,0,0,65,0.29,100,3001,-1,5002,-1,-1,0,0.9,0.6,0,-1,0,1,1,1,1,1,1,1,1,1,1,1,1,1,1,1,1,1,1,-1,0,-1,0,-1,-1,-1,-1,[0|0|0|0|0|0|0|0|0|0|0|0],
42405400,Fingercreeper,0,0,[0|0|0],42400,1002,0,40,2,2.2,970,0,747,0,100,424000000,-1,-1,5,0,-1,-1,2.2,-1,0,0,0,0,0,0,0,0,-1,0,0,0,0,0,-1,-1,-1,-1,-1,-1,16,3000,3001,3002,3003,3004,3005,3006,3007,3008,3009,6001,6000,0,1,1,1,1,1,1,1,1,1.5,0,0,50,21,100,0,0,0,100,100,100,0,112,112,84,999,-1,-1,0,0,0,0,-1,-1,1,0,0,0,0,999,999,0,0,-1,10,0,13,0,0,6,1,40,110,110,1,0,2,0,0,0,0,0,0,0,2,0,0,17,7,0,0,0,0,0,0,1,0,0,0,0,0,0,0,0,0,0,0,0,0,0,0,0,0,0,0,0,0,0,0,0,1,0,1,1,0,0,1,0,0,0,0,0,0,0,0,0,0,0,0,0,0,0,0,0,0,0,2,2,2,0,0,1,0,0,0,0,0,100,1,0,2,109,109,139,139,139,139,0,90030,0,90300,90060,90100,0,5261,-1,0,0.4,1.1,1.4,1.1,1.1,1,1,1,1,0,0,0,-1,-1,256,2002,-1,100,-1,112,0,0,4240,5800,-1,5721,12013,12017,-1,-1,-1,-1,-1,-1,-1,-1,-1,-1,-1,0,2,0,0,0,1,1,1,0,0,-1,-1,0,0,0,0,0,0,-1,-1,-1,30,30,0,180,70,0.1,-1,-1,-1,-1,2.5,0,0,0,1,0,0,0,0,0,0,0,0,1,0,-1,-1,-1,-1,-1,-1,-1,-1,-1,0.1,0.4,-1,0,0,65,0.29,100,3001,-1,5002,-1,-1,0,0.9,0.6,0,-1,0,1,1,1,1,1,1,1,1,1,1,1,1,1,1,1,1,1,1,-1,0,-1,0,-1,-1,-1,-1,[0|0|0|0|0|0|0|0|0|0|0|0],
42405450,Fingercreeper,0,0,[0|0|0],42400,1002,0,40,2,2.2,970,0,747,0,100,424050040,-1,-1,5,0,-1,-1,2.2,-1,0,0,0,7120,0,0,0,0,-1,0,0,0,0,0,-1,-1,-1,-1,-1,-1,16,3000,3001,3002,3003,3004,3005,3006,3007,3008,3009,6001,6000,0,1,1,1,1,1,1,1,1,1.5,0,0,50,21,100,0,0,0,100,100,100,0,112,112,84,999,-1,-1,0,0,0,0,-1,-1,1,0,0,0,0,999,999,0,0,-1,10,0,13,0,0,6,1,40,110,110,1,0,2,0,0,0,0,0,0,0,2,0,0,17,7,0,0,0,0,0,0,1,0,0,0,0,0,0,0,0,0,0,0,0,0,0,0,0,0,0,0,0,0,0,0,0,1,0,1,1,0,0,1,0,0,0,0,0,0,0,0,0,0,0,0,0,0,0,0,0,0,0,2,2,2,0,0,1,0,0,0,0,0,100,1,0,2,109,109,139,139,139,139,0,90030,0,90300,90060,90100,0,5261,-1,0,0.4,1.1,1.4,1.1,1.1,1,1,1,1,0,0,0,-1,-1,256,2002,-1,100,-1,112,0,0,4240,5800,-1,5721,12013,12017,-1,-1,-1,-1,-1,-1,-1,-1,-1,-1,-1,0,2,0,0,0,1,1,1,0,0,-1,-1,0,0,0,0,0,0,-1,-1,-1,30,30,0,180,70,0.1,-1,-1,-1,-1,2.5,0,0,0,1,0,0,0,0,0,0,0,0,1,0,-1,-1,-1,-1,-1,-1,-1,-1,-1,0.1,0.4,-1,0,0,65,0.29,100,3001,-1,5002,-1,-1,0,0.9,0.6,0,-1,0,1,1,1,1,1,1,1,1,1,1,1,1,1,1,1,1,1,1,-1,0,-1,0,-1,-1,-1,-1,[0|0|0|0|0|0|0|0|0|0|0|0],
42405500,Fingercreeper,0,0,[0|0|0],42400,1002,0,40,2,2.2,970,0,747,0,100,424000000,-1,-1,5,0,-1,-1,2.2,-1,0,0,0,0,0,0,0,0,-1,0,0,0,0,0,-1,-1,-1,-1,-1,-1,16,3000,3001,3002,3003,3004,3005,3006,3007,3008,3009,6001,6000,0,1,1,1,1,1,1,1,1,1.5,0,0,50,21,100,0,0,0,100,100,100,0,112,112,84,999,-1,-1,0,0,0,0,-1,-1,1,0,0,0,0,999,999,0,0,-1,10,0,13,0,0,6,1,40,110,110,1,0,2,0,0,0,0,0,0,0,2,0,0,17,7,0,0,0,0,0,0,1,0,0,0,0,0,0,0,0,0,0,0,0,0,0,0,0,0,0,0,0,0,0,0,0,1,0,1,1,0,0,1,0,0,0,0,0,0,0,0,0,0,0,0,0,0,0,0,0,0,0,2,2,2,0,0,1,0,0,0,0,0,100,1,0,2,109,109,139,139,139,139,0,90030,0,90300,90060,90100,0,5261,-1,0,0.4,1.1,1.4,1.1,1.1,1,1,1,1,0,0,0,-1,-1,256,2002,-1,100,-1,112,0,0,4240,5800,-1,5721,12013,12017,-1,-1,-1,-1,-1,-1,-1,-1,-1,-1,-1,0,2,0,0,0,1,1,1,0,0,-1,-1,0,0,0,0,0,0,-1,-1,-1,30,30,0,180,70,0.1,-1,-1,-1,-1,2.5,0,0,0,1,0,0,0,0,0,0,0,0,1,0,-1,-1,-1,-1,-1,-1,-1,-1,-1,0.1,0.4,-1,0,0,65,0.29,100,3001,-1,5002,-1,-1,0,0.9,0.6,0,-1,0,1,1,1,1,1,1,1,1,1,1,1,1,1,1,1,1,1,1,-1,0,-1,0,-1,-1,-1,-1,[0|0|0|0|0|0|0|0|0|0|0|0],
42405550,Fingercreeper,0,0,[0|0|0],42400,1002,0,40,2,2.2,970,0,747,0,100,424050050,-1,-1,5,0,-1,-1,2.2,-1,0,0,0,7120,0,0,0,0,-1,0,0,0,0,0,-1,-1,-1,-1,-1,-1,16,3000,3001,3002,3003,3004,3005,3006,3007,3008,3009,6001,6000,0,1,1,1,1,1,1,1,1,1.5,0,0,50,21,100,0,0,0,100,100,100,0,112,112,84,999,-1,-1,0,0,0,0,-1,-1,1,0,0,0,0,999,999,0,0,-1,10,0,13,0,0,6,1,40,110,110,1,0,2,0,0,0,0,0,0,0,2,0,0,17,7,0,0,0,0,0,0,1,0,0,0,0,0,0,0,0,0,0,0,0,0,0,0,0,0,0,0,0,0,0,0,0,1,0,1,1,0,0,1,0,0,0,0,0,0,0,0,0,0,0,0,0,0,0,0,0,0,0,2,2,2,0,0,1,0,0,0,0,0,100,1,0,2,109,109,139,139,139,139,0,90030,0,90300,90060,90100,0,5261,-1,0,0.4,1.1,1.4,1.1,1.1,1,1,1,1,0,0,0,-1,-1,256,2002,-1,100,-1,112,0,0,4240,5800,-1,5721,12013,12017,-1,-1,-1,-1,-1,-1,-1,-1,-1,-1,-1,0,2,0,0,0,1,1,1,0,0,-1,-1,0,0,0,0,0,0,-1,-1,-1,30,30,0,180,70,0.1,-1,-1,-1,-1,2.5,0,0,0,1,0,0,0,0,0,0,0,0,1,0,-1,-1,-1,-1,-1,-1,-1,-1,-1,0.1,0.4,-1,0,0,65,0.29,100,3001,-1,5002,-1,-1,0,0.9,0.6,0,-1,0,1,1,1,1,1,1,1,1,1,1,1,1,1,1,1,1,1,1,-1,0,-1,0,-1,-1,-1,-1,[0|0|0|0|0|0|0|0|0|0|0|0],
42405600,Fingercreeper,0,0,[0|0|0],42400,1002,0,40,2,2.2,970,0,747,0,100,424000000,-1,-1,5,0,-1,-1,2.2,-1,0,0,0,0,0,0,0,0,-1,0,0,0,0,0,-1,-1,-1,-1,-1,-1,16,3000,3001,3002,3003,3004,3005,3006,3007,3008,3009,6001,6000,0,1,1,1,1,1,1,1,1,1.5,0,0,50,21,100,0,0,0,100,100,100,0,112,112,84,999,-1,-1,0,0,0,0,-1,-1,1,0,0,0,0,999,999,0,0,-1,10,0,13,0,0,6,1,40,110,110,1,0,2,0,0,0,0,0,0,0,2,0,0,17,7,0,0,0,0,0,0,1,0,0,0,0,0,0,0,0,0,0,0,0,0,0,0,0,0,0,0,0,0,0,0,0,1,0,1,1,0,0,1,0,0,0,0,0,0,0,0,0,0,0,0,0,0,0,0,0,0,0,2,2,2,0,0,1,0,0,0,0,0,100,1,0,2,109,109,139,139,139,139,0,90030,0,90300,90060,90100,0,5261,-1,0,0.4,1.1,1.4,1.1,1.1,1,1,1,1,0,0,0,-1,-1,256,2002,-1,100,-1,112,0,0,4240,5800,-1,5721,12013,12017,-1,-1,-1,-1,-1,-1,-1,-1,-1,-1,-1,0,2,0,0,0,1,1,1,0,0,-1,-1,0,0,0,0,0,0,-1,-1,-1,30,30,0,180,70,0.1,-1,-1,-1,-1,2.5,0,0,0,1,0,0,0,0,0,0,0,0,1,0,-1,-1,-1,-1,-1,-1,-1,-1,-1,0.1,0.4,-1,0,0,65,0.29,100,3001,-1,5002,-1,-1,0,0.9,0.6,0,-1,0,1,1,1,1,1,1,1,1,1,1,1,1,1,1,1,1,1,1,-1,0,-1,0,-1,-1,-1,-1,[0|0|0|0|0|0|0|0|0|0|0|0],
42405650,Fingercreeper,0,0,[0|0|0],42400,1002,0,40,2,2.2,970,0,747,0,100,424050060,-1,-1,5,0,-1,-1,2.2,-1,0,0,0,7120,0,0,0,0,-1,0,0,0,0,0,-1,-1,-1,-1,-1,-1,16,3000,3001,3002,3003,3004,3005,3006,3007,3008,3009,6001,6000,0,1,1,1,1,1,1,1,1,1.5,0,0,50,21,100,0,0,0,100,100,100,0,112,112,84,999,-1,-1,0,0,0,0,-1,-1,1,0,0,0,0,999,999,0,0,-1,10,0,13,0,0,6,1,40,110,110,1,0,2,0,0,0,0,0,0,0,2,0,0,17,7,0,0,0,0,0,0,1,0,0,0,0,0,0,0,0,0,0,0,0,0,0,0,0,0,0,0,0,0,0,0,0,1,0,1,1,0,0,1,0,0,0,0,0,0,0,0,0,0,0,0,0,0,0,0,0,0,0,2,2,2,0,0,1,0,0,0,0,0,100,1,0,2,109,109,139,139,139,139,0,90030,0,90300,90060,90100,0,5261,-1,0,0.4,1.1,1.4,1.1,1.1,1,1,1,1,0,0,0,-1,-1,256,2002,-1,100,-1,112,0,0,4240,5800,-1,5721,12013,12017,-1,-1,-1,-1,-1,-1,-1,-1,-1,-1,-1,0,2,0,0,0,1,1,1,0,0,-1,-1,0,0,0,0,0,0,-1,-1,-1,30,30,0,180,70,0.1,-1,-1,-1,-1,2.5,0,0,0,1,0,0,0,0,0,0,0,0,1,0,-1,-1,-1,-1,-1,-1,-1,-1,-1,0.1,0.4,-1,0,0,65,0.29,100,3001,-1,5002,-1,-1,0,0.9,0.6,0,-1,0,1,1,1,1,1,1,1,1,1,1,1,1,1,1,1,1,1,1,-1,0,-1,0,-1,-1,-1,-1,[0|0|0|0|0|0|0|0|0|0|0|0],
42405700,Fingercreeper,0,0,[0|0|0],42400,1002,0,40,2,2.2,970,0,747,0,100,424000000,-1,-1,5,0,-1,-1,2.2,-1,0,0,0,0,0,0,0,0,-1,0,0,0,0,0,-1,-1,-1,-1,-1,-1,16,3000,3001,3002,3003,3004,3005,3006,3007,3008,3009,6001,6000,0,1,1,1,1,1,1,1,1,1.5,0,0,50,21,100,0,0,0,100,100,100,0,112,112,84,999,-1,-1,0,0,0,0,-1,-1,1,0,0,0,0,999,999,0,0,-1,10,0,13,0,0,6,1,40,110,110,1,0,2,0,0,0,0,0,0,0,2,0,0,17,7,0,0,0,0,0,0,1,0,0,0,0,0,0,0,0,0,0,0,0,0,0,0,0,0,0,0,0,0,0,0,0,1,0,1,1,0,0,1,0,0,0,0,0,0,0,0,0,0,0,0,0,0,0,0,0,0,0,2,2,2,0,0,1,0,0,0,0,0,100,1,0,2,109,109,139,139,139,139,0,90030,0,90300,90060,90100,0,5261,-1,0,0.4,1.1,1.4,1.1,1.1,1,1,1,1,0,0,0,-1,-1,256,2002,-1,100,-1,112,0,0,4240,5800,-1,5721,12013,12017,-1,-1,-1,-1,-1,-1,-1,-1,-1,-1,-1,0,2,0,0,0,1,1,1,0,0,-1,-1,0,0,0,0,0,0,-1,-1,-1,30,30,0,180,70,0.1,-1,-1,-1,-1,2.5,0,0,0,1,0,0,0,0,0,0,0,0,1,0,-1,-1,-1,-1,-1,-1,-1,-1,-1,0.1,0.4,-1,0,0,65,0.29,100,3001,-1,5002,-1,-1,0,0.9,0.6,0,-1,0,1,1,1,1,1,1,1,1,1,1,1,1,1,1,1,1,1,1,-1,0,-1,0,-1,-1,-1,-1,[0|0|0|0|0|0|0|0|0|0|0|0],
42405750,Fingercreeper,0,0,[0|0|0],42400,1002,0,40,2,2.2,970,0,747,0,100,424050070,-1,-1,5,0,-1,-1,2.2,-1,0,0,0,7120,0,0,0,0,-1,0,0,0,0,0,-1,-1,-1,-1,-1,-1,16,3000,3001,3002,3003,3004,3005,3006,3007,3008,3009,6001,6000,0,1,1,1,1,1,1,1,1,1.5,0,0,50,21,100,0,0,0,100,100,100,0,112,112,84,999,-1,-1,0,0,0,0,-1,-1,1,0,0,0,0,999,999,0,0,-1,10,0,13,0,0,6,1,40,110,110,1,0,2,0,0,0,0,0,0,0,2,0,0,17,7,0,0,0,0,0,0,1,0,0,0,0,0,0,0,0,0,0,0,0,0,0,0,0,0,0,0,0,0,0,0,0,1,0,1,1,0,0,1,0,0,0,0,0,0,0,0,0,0,0,0,0,0,0,0,0,0,0,2,2,2,0,0,1,0,0,0,0,0,100,1,0,2,109,109,139,139,139,139,0,90030,0,90300,90060,90100,0,5261,-1,0,0.4,1.1,1.4,1.1,1.1,1,1,1,1,0,0,0,-1,-1,256,2002,-1,100,-1,112,0,0,4240,5800,-1,5721,12013,12017,-1,-1,-1,-1,-1,-1,-1,-1,-1,-1,-1,0,2,0,0,0,1,1,1,0,0,-1,-1,0,0,0,0,0,0,-1,-1,-1,30,30,0,180,70,0.1,-1,-1,-1,-1,2.5,0,0,0,1,0,0,0,0,0,0,0,0,1,0,-1,-1,-1,-1,-1,-1,-1,-1,-1,0.1,0.4,-1,0,0,65,0.29,100,3001,-1,5002,-1,-1,0,0.9,0.6,0,-1,0,1,1,1,1,1,1,1,1,1,1,1,1,1,1,1,1,1,1,-1,0,-1,0,-1,-1,-1,-1,[0|0|0|0|0|0|0|0|0|0|0|0],
42405800,Fingercreeper,0,0,[0|0|0],42400,1002,0,40,2,2.2,970,0,747,0,100,424000000,-1,-1,5,0,-1,-1,2.2,-1,0,0,0,0,0,0,0,0,-1,0,0,0,0,0,-1,-1,-1,-1,-1,-1,16,3000,3001,3002,3003,3004,3005,3006,3007,3008,3009,6001,6000,0,1,1,1,1,1,1,1,1,1.5,0,0,50,21,100,0,0,0,100,100,100,0,112,112,84,999,-1,-1,0,0,0,0,-1,-1,1,0,0,0,0,999,999,0,0,-1,10,0,13,0,0,6,1,40,110,110,1,0,2,0,0,0,0,0,0,0,2,0,0,17,7,0,0,0,0,0,0,1,0,0,0,0,0,0,0,0,0,0,0,0,0,0,0,0,0,0,0,0,0,0,0,0,1,0,1,1,0,0,1,0,0,0,0,0,0,0,0,0,0,0,0,0,0,0,0,0,0,0,2,2,2,0,0,1,0,0,0,0,0,100,1,0,2,109,109,139,139,139,139,0,90030,0,90300,90060,90100,0,5261,-1,0,0.4,1.1,1.4,1.1,1.1,1,1,1,1,0,0,0,-1,-1,256,2002,-1,100,-1,112,0,0,4240,5800,-1,5721,12013,12017,-1,-1,-1,-1,-1,-1,-1,-1,-1,-1,-1,0,2,0,0,0,1,1,1,0,0,-1,-1,0,0,0,0,0,0,-1,-1,-1,30,30,0,180,70,0.1,-1,-1,-1,-1,2.5,0,0,0,1,0,0,0,0,0,0,0,0,1,0,-1,-1,-1,-1,-1,-1,-1,-1,-1,0.1,0.4,-1,0,0,65,0.29,100,3001,-1,5002,-1,-1,0,0.9,0.6,0,-1,0,1,1,1,1,1,1,1,1,1,1,1,1,1,1,1,1,1,1,-1,0,-1,0,-1,-1,-1,-1,[0|0|0|0|0|0|0|0|0|0|0|0],
42405850,Fingercreeper,0,0,[0|0|0],42400,1002,0,40,2,2.2,970,0,747,0,100,424050080,-1,-1,5,0,-1,-1,2.2,-1,0,0,0,7120,0,0,0,0,-1,0,0,0,0,0,-1,-1,-1,-1,-1,-1,16,3000,3001,3002,3003,3004,3005,3006,3007,3008,3009,6001,6000,0,1,1,1,1,1,1,1,1,1.5,0,0,50,21,100,0,0,0,100,100,100,0,112,112,84,999,-1,-1,0,0,0,0,-1,-1,1,0,0,0,0,999,999,0,0,-1,10,0,13,0,0,6,1,40,110,110,1,0,2,0,0,0,0,0,0,0,2,0,0,17,7,0,0,0,0,0,0,1,0,0,0,0,0,0,0,0,0,0,0,0,0,0,0,0,0,0,0,0,0,0,0,0,1,0,1,1,0,0,1,0,0,0,0,0,0,0,0,0,0,0,0,0,0,0,0,0,0,0,2,2,2,0,0,1,0,0,0,0,0,100,1,0,2,109,109,139,139,139,139,0,90030,0,90300,90060,90100,0,5261,-1,0,0.4,1.1,1.4,1.1,1.1,1,1,1,1,0,0,0,-1,-1,256,2002,-1,100,-1,112,0,0,4240,5800,-1,5721,12013,12017,-1,-1,-1,-1,-1,-1,-1,-1,-1,-1,-1,0,2,0,0,0,1,1,1,0,0,-1,-1,0,0,0,0,0,0,-1,-1,-1,30,30,0,180,70,0.1,-1,-1,-1,-1,2.5,0,0,0,1,0,0,0,0,0,0,0,0,1,0,-1,-1,-1,-1,-1,-1,-1,-1,-1,0.1,0.4,-1,0,0,65,0.29,100,3001,-1,5002,-1,-1,0,0.9,0.6,0,-1,0,1,1,1,1,1,1,1,1,1,1,1,1,1,1,1,1,1,1,-1,0,-1,0,-1,-1,-1,-1,[0|0|0|0|0|0|0|0|0|0|0|0],
42406000,Fingercreeper,0,0,[0|0|0],42400,1002,0,40,2,2.2,970,0,747,0,100,424000000,-1,-1,5,0,-1,-1,2.2,-1,0,0,0,0,0,0,0,0,-1,0,0,0,0,0,-1,-1,-1,-1,-1,-1,16,3000,3001,3002,3003,3004,3005,3006,3007,3008,3009,6001,6000,0,1,1,1,1,1,1,1,1,1.5,0,0,50,21,100,0,0,0,100,100,100,0,112,112,84,999,-1,-1,0,0,0,0,-1,-1,1,0,0,0,0,999,999,0,0,-1,10,0,13,0,0,6,1,40,110,110,1,0,2,0,0,0,0,0,0,0,2,0,0,17,7,0,0,0,0,0,0,1,0,0,0,0,0,0,0,0,0,0,0,0,0,0,0,0,0,0,0,0,0,0,0,0,1,0,1,1,0,0,1,0,0,0,0,0,0,0,0,0,0,0,0,0,0,0,0,0,0,0,2,2,2,0,0,1,0,0,0,0,0,100,1,0,2,109,109,139,139,139,139,0,90030,0,90300,90060,90100,0,5261,-1,0,0.4,1.1,1.4,1.1,1.1,1,1,1,1,0,0,0,-1,-1,256,2002,-1,100,-1,112,0,0,4240,5800,-1,5721,12013,12017,-1,-1,-1,-1,-1,-1,-1,-1,-1,-1,-1,0,2,0,0,0,1,1,1,0,0,-1,-1,0,0,0,0,0,0,-1,-1,-1,30,30,0,180,70,0.1,-1,-1,-1,-1,2.5,0,0,0,1,0,0,0,0,0,0,0,0,1,0,-1,-1,-1,-1,-1,-1,-1,-1,-1,0.1,0.4,-1,0,0,65,0.29,100,3001,-1,5002,-1,-1,0,0.9,0.6,0,-1,0,1,1,1,1,1,1,1,1,1,1,1,1,1,1,1,1,1,1,-1,0,-1,0,-1,-1,-1,-1,[0|0|0|0|0|0|0|0|0|0|0|0],
42406050,Fingercreeper,0,0,[0|0|0],42400,1002,0,40,2,2.2,970,0,747,0,100,424000000,-1,-1,5,0,-1,-1,2.2,-1,0,0,0,7120,0,0,0,0,-1,0,0,0,0,0,-1,-1,-1,-1,-1,-1,16,3000,3001,3002,3003,3004,3005,3006,3007,3008,3009,6001,6000,0,1,1,1,1,1,1,1,1,1.5,0,0,50,21,100,0,0,0,100,100,100,0,112,112,84,999,-1,-1,0,0,0,0,-1,-1,1,0,0,0,0,999,999,0,0,-1,10,0,13,0,0,6,1,40,110,110,1,0,2,0,0,0,0,0,0,0,2,0,0,17,7,0,0,0,0,0,0,1,0,0,0,0,0,0,0,0,0,0,0,0,0,0,0,0,0,0,0,0,0,0,0,0,1,0,1,1,0,0,1,0,0,0,0,0,0,0,0,0,0,0,0,0,0,0,0,0,0,0,2,2,2,0,0,1,0,0,0,0,0,100,1,0,2,109,109,139,139,139,139,0,90030,0,90300,90060,90100,0,5261,-1,0,0.4,1.1,1.4,1.1,1.1,1,1,1,1,0,0,0,-1,-1,256,2002,-1,100,-1,112,0,0,4240,5800,-1,5721,12013,12017,-1,-1,-1,-1,-1,-1,-1,-1,-1,-1,-1,0,2,0,0,0,1,1,1,0,0,-1,-1,0,0,0,0,0,0,-1,-1,-1,30,30,0,180,70,0.1,-1,-1,-1,-1,2.5,0,0,0,1,0,0,0,0,0,0,0,0,1,0,-1,-1,-1,-1,-1,-1,-1,-1,-1,0.1,0.4,-1,0,0,65,0.29,100,3001,-1,5002,-1,-1,0,0.9,0.6,0,-1,0,1,1,1,1,1,1,1,1,1,1,1,1,1,1,1,1,1,1,-1,0,-1,0,-1,-1,-1,-1,[0|0|0|0|0|0|0|0|0|0|0|0],
42406100,Fingercreeper,0,0,[0|0|0],42400,1002,0,40,2,2.2,970,0,747,0,100,424000000,-1,-1,5,0,-1,-1,2.2,-1,0,0,0,0,0,0,0,0,-1,0,0,0,0,0,-1,-1,-1,-1,-1,-1,16,3000,3001,3002,3003,3004,3005,3006,3007,3008,3009,6001,6000,0,1,1,1,1,1,1,1,1,1.5,0,0,50,21,100,0,0,0,100,100,100,0,112,112,84,999,-1,-1,0,0,0,0,-1,-1,1,0,0,0,0,999,999,0,0,-1,10,0,13,0,0,6,1,40,110,110,1,0,2,0,0,0,0,0,0,0,2,0,0,17,7,0,0,0,0,0,0,1,0,0,0,0,0,0,0,0,0,0,0,0,0,0,0,0,0,0,0,0,0,0,0,0,1,0,1,1,0,0,1,0,0,0,0,0,0,0,0,0,0,0,0,0,0,0,0,0,0,0,2,2,2,0,0,1,0,0,0,0,0,100,1,0,2,109,109,139,139,139,139,0,90030,0,90300,90060,90100,0,5261,-1,0,0.4,1.1,1.4,1.1,1.1,1,1,1,1,0,0,0,-1,-1,256,2002,-1,100,-1,112,0,0,4240,5800,-1,5721,12013,12017,-1,-1,-1,-1,-1,-1,-1,-1,-1,-1,-1,0,2,0,0,0,1,1,1,0,0,-1,-1,0,0,0,0,0,0,-1,-1,-1,30,30,0,180,70,0.1,-1,-1,-1,-1,2.5,0,0,0,1,0,0,0,0,0,0,0,0,1,0,-1,-1,-1,-1,-1,-1,-1,-1,-1,0.1,0.4,-1,0,0,65,0.29,100,3001,-1,5002,-1,-1,0,0.9,0.6,0,-1,0,1,1,1,1,1,1,1,1,1,1,1,1,1,1,1,1,1,1,-1,0,-1,0,-1,-1,-1,-1,[0|0|0|0|0|0|0|0|0|0|0|0],
42406150,Fingercreeper,0,0,[0|0|0],42400,1002,0,40,2,2.2,970,0,747,0,100,424050090,-1,-1,5,0,-1,-1,2.2,-1,0,0,0,7120,0,0,0,0,-1,0,0,0,0,0,-1,-1,-1,-1,-1,-1,16,3000,3001,3002,3003,3004,3005,3006,3007,3008,3009,6001,6000,0,1,1,1,1,1,1,1,1,1.5,0,0,50,21,100,0,0,0,100,100,100,0,112,112,84,999,-1,-1,0,0,0,0,-1,-1,1,0,0,0,0,999,999,0,0,-1,10,0,13,0,0,6,1,40,110,110,1,0,2,0,0,0,0,0,0,0,2,0,0,17,7,0,0,0,0,0,0,1,0,0,0,0,0,0,0,0,0,0,0,0,0,0,0,0,0,0,0,0,0,0,0,0,1,0,1,1,0,0,1,0,0,0,0,0,0,0,0,0,0,0,0,0,0,0,0,0,0,0,2,2,2,0,0,1,0,0,0,0,0,100,1,0,2,109,109,139,139,139,139,0,90030,0,90300,90060,90100,0,5261,-1,0,0.4,1.1,1.4,1.1,1.1,1,1,1,1,0,0,0,-1,-1,256,2002,-1,100,-1,112,0,0,4240,5800,-1,5721,12013,12017,-1,-1,-1,-1,-1,-1,-1,-1,-1,-1,-1,0,2,0,0,0,1,1,1,0,0,-1,-1,0,0,0,0,0,0,-1,-1,-1,30,30,0,180,70,0.1,-1,-1,-1,-1,2.5,0,0,0,1,0,0,0,0,0,0,0,0,1,0,-1,-1,-1,-1,-1,-1,-1,-1,-1,0.1,0.4,-1,0,0,65,0.29,100,3001,-1,5002,-1,-1,0,0.9,0.6,0,-1,0,1,1,1,1,1,1,1,1,1,1,1,1,1,1,1,1,1,1,-1,0,-1,0,-1,-1,-1,-1,[0|0|0|0|0|0|0|0|0|0|0|0],
42406200,Fingercreeper,0,0,[0|0|0],42400,1002,0,40,2,2.2,970,0,747,0,100,424000000,-1,-1,5,0,-1,-1,2.2,-1,0,0,0,0,0,0,0,0,-1,0,0,0,0,0,-1,-1,-1,-1,-1,-1,16,3000,3001,3002,3003,3004,3005,3006,3007,3008,3009,6001,6000,0,1,1,1,1,1,1,1,1,1.5,0,0,50,21,100,0,0,0,100,100,100,0,112,112,84,999,-1,-1,0,0,0,0,-1,-1,1,0,0,0,0,999,999,0,0,-1,10,0,13,0,0,6,1,40,110,110,1,0,2,0,0,0,0,0,0,0,2,0,0,17,7,0,0,0,0,0,0,1,0,0,0,0,0,0,0,0,0,0,0,0,0,0,0,0,0,0,0,0,0,0,0,0,1,0,1,1,0,0,1,0,0,0,0,0,0,0,0,0,0,0,0,0,0,0,0,0,0,0,2,2,2,0,0,1,0,0,0,0,0,100,1,0,2,109,109,139,139,139,139,0,90030,0,90300,90060,90100,0,5261,-1,0,0.4,1.1,1.4,1.1,1.1,1,1,1,1,0,0,0,-1,-1,256,2002,-1,100,-1,112,0,0,4240,5800,-1,5721,12013,12017,-1,-1,-1,-1,-1,-1,-1,-1,-1,-1,-1,0,2,0,0,0,1,1,1,0,0,-1,-1,0,0,0,0,0,0,-1,-1,-1,30,30,0,180,70,0.1,-1,-1,-1,-1,2.5,0,0,0,1,0,0,0,0,0,0,0,0,1,0,-1,-1,-1,-1,-1,-1,-1,-1,-1,0.1,0.4,-1,0,0,65,0.29,100,3001,-1,5002,-1,-1,0,0.9,0.6,0,-1,0,1,1,1,1,1,1,1,1,1,1,1,1,1,1,1,1,1,1,-1,0,-1,0,-1,-1,-1,-1,[0|0|0|0|0|0|0|0|0|0|0|0],
42406250,Fingercreeper,0,0,[0|0|0],42400,1002,0,40,2,2.2,970,0,747,0,100,424050100,-1,-1,5,0,-1,-1,2.2,-1,0,0,0,7120,0,0,0,0,-1,0,0,0,0,0,-1,-1,-1,-1,-1,-1,16,3000,3001,3002,3003,3004,3005,3006,3007,3008,3009,6001,6000,0,1,1,1,1,1,1,1,1,1.5,0,0,50,21,100,0,0,0,100,100,100,0,112,112,84,999,-1,-1,0,0,0,0,-1,-1,1,0,0,0,0,999,999,0,0,-1,10,0,13,0,0,6,1,40,110,110,1,0,2,0,0,0,0,0,0,0,2,0,0,17,7,0,0,0,0,0,0,1,0,0,0,0,0,0,0,0,0,0,0,0,0,0,0,0,0,0,0,0,0,0,0,0,1,0,1,1,0,0,1,0,0,0,0,0,0,0,0,0,0,0,0,0,0,0,0,0,0,0,2,2,2,0,0,1,0,0,0,0,0,100,1,0,2,109,109,139,139,139,139,0,90030,0,90300,90060,90100,0,5261,-1,0,0.4,1.1,1.4,1.1,1.1,1,1,1,1,0,0,0,-1,-1,256,2002,-1,100,-1,112,0,0,4240,5800,-1,5721,12013,12017,-1,-1,-1,-1,-1,-1,-1,-1,-1,-1,-1,0,2,0,0,0,1,1,1,0,0,-1,-1,0,0,0,0,0,0,-1,-1,-1,30,30,0,180,70,0.1,-1,-1,-1,-1,2.5,0,0,0,1,0,0,0,0,0,0,0,0,1,0,-1,-1,-1,-1,-1,-1,-1,-1,-1,0.1,0.4,-1,0,0,65,0.29,100,3001,-1,5002,-1,-1,0,0.9,0.6,0,-1,0,1,1,1,1,1,1,1,1,1,1,1,1,1,1,1,1,1,1,-1,0,-1,0,-1,-1,-1,-1,[0|0|0|0|0|0|0|0|0|0|0|0],
42406300,Fingercreeper,0,0,[0|0|0],42400,1002,0,40,2,2.2,970,0,747,0,100,424000000,-1,-1,5,0,-1,-1,2.2,-1,0,0,0,0,0,0,0,0,-1,0,0,0,0,0,-1,-1,-1,-1,-1,-1,16,3000,3001,3002,3003,3004,3005,3006,3007,3008,3009,6001,6000,0,1,1,1,1,1,1,1,1,1.5,0,0,50,21,100,0,0,0,100,100,100,0,112,112,84,999,-1,-1,0,0,0,0,-1,-1,1,0,0,0,0,999,999,0,0,-1,10,0,13,0,0,6,1,40,110,110,1,0,2,0,0,0,0,0,0,0,2,0,0,17,7,0,0,0,0,0,0,1,0,0,0,0,0,0,0,0,0,0,0,0,0,0,0,0,0,0,0,0,0,0,0,0,1,0,1,1,0,0,1,0,0,0,0,0,0,0,0,0,0,0,0,0,0,0,0,0,0,0,2,2,2,0,0,1,0,0,0,0,0,100,1,0,2,109,109,139,139,139,139,0,90030,0,90300,90060,90100,0,5261,-1,0,0.4,1.1,1.4,1.1,1.1,1,1,1,1,0,0,0,-1,-1,256,2002,-1,100,-1,112,0,0,4240,5800,-1,5721,12013,12017,-1,-1,-1,-1,-1,-1,-1,-1,-1,-1,-1,0,2,0,0,0,1,1,1,0,0,-1,-1,0,0,0,0,0,0,-1,-1,-1,30,30,0,180,70,0.1,-1,-1,-1,-1,2.5,0,0,0,1,0,0,0,0,0,0,0,0,1,0,-1,-1,-1,-1,-1,-1,-1,-1,-1,0.1,0.4,-1,0,0,65,0.29,100,3001,-1,5002,-1,-1,0,0.9,0.6,0,-1,0,1,1,1,1,1,1,1,1,1,1,1,1,1,1,1,1,1,1,-1,0,-1,0,-1,-1,-1,-1,[0|0|0|0|0|0|0|0|0|0|0|0],
42406350,Fingercreeper,0,0,[0|0|0],42400,1002,0,40,2,2.2,970,0,747,0,100,424050110,-1,-1,5,0,-1,-1,2.2,-1,0,0,0,7120,0,0,0,0,-1,0,0,0,0,0,-1,-1,-1,-1,-1,-1,16,3000,3001,3002,3003,3004,3005,3006,3007,3008,3009,6001,6000,0,1,1,1,1,1,1,1,1,1.5,0,0,50,21,100,0,0,0,100,100,100,0,112,112,84,999,-1,-1,0,0,0,0,-1,-1,1,0,0,0,0,999,999,0,0,-1,10,0,13,0,0,6,1,40,110,110,1,0,2,0,0,0,0,0,0,0,2,0,0,17,7,0,0,0,0,0,0,1,0,0,0,0,0,0,0,0,0,0,0,0,0,0,0,0,0,0,0,0,0,0,0,0,1,0,1,1,0,0,1,0,0,0,0,0,0,0,0,0,0,0,0,0,0,0,0,0,0,0,2,2,2,0,0,1,0,0,0,0,0,100,1,0,2,109,109,139,139,139,139,0,90030,0,90300,90060,90100,0,5261,-1,0,0.4,1.1,1.4,1.1,1.1,1,1,1,1,0,0,0,-1,-1,256,2002,-1,100,-1,112,0,0,4240,5800,-1,5721,12013,12017,-1,-1,-1,-1,-1,-1,-1,-1,-1,-1,-1,0,2,0,0,0,1,1,1,0,0,-1,-1,0,0,0,0,0,0,-1,-1,-1,30,30,0,180,70,0.1,-1,-1,-1,-1,2.5,0,0,0,1,0,0,0,0,0,0,0,0,1,0,-1,-1,-1,-1,-1,-1,-1,-1,-1,0.1,0.4,-1,0,0,65,0.29,100,3001,-1,5002,-1,-1,0,0.9,0.6,0,-1,0,1,1,1,1,1,1,1,1,1,1,1,1,1,1,1,1,1,1,-1,0,-1,0,-1,-1,-1,-1,[0|0|0|0|0|0|0|0|0|0|0|0],
42406400,Fingercreeper,0,0,[0|0|0],42400,1002,0,40,2,2.2,970,0,747,0,100,424000000,-1,-1,5,0,-1,-1,2.2,-1,0,0,0,0,0,0,0,0,-1,0,0,0,0,0,-1,-1,-1,-1,-1,-1,16,3000,3001,3002,3003,3004,3005,3006,3007,3008,3009,6001,6000,0,1,1,1,1,1,1,1,1,1.5,0,0,50,21,100,0,0,0,100,100,100,0,112,112,84,999,-1,-1,0,0,0,0,-1,-1,1,0,0,0,0,999,999,0,0,-1,10,0,13,0,0,6,1,40,110,110,1,0,2,0,0,0,0,0,0,0,2,0,0,17,7,0,0,0,0,0,0,1,0,0,0,0,0,0,0,0,0,0,0,0,0,0,0,0,0,0,0,0,0,0,0,0,1,0,1,1,0,0,1,0,0,0,0,0,0,0,0,0,0,0,0,0,0,0,0,0,0,0,2,2,2,0,0,1,0,0,0,0,0,100,1,0,2,109,109,139,139,139,139,0,90030,0,90300,90060,90100,0,5261,-1,0,0.4,1.1,1.4,1.1,1.1,1,1,1,1,0,0,0,-1,-1,256,2002,-1,100,-1,112,0,0,4240,5800,-1,5721,12013,12017,-1,-1,-1,-1,-1,-1,-1,-1,-1,-1,-1,0,2,0,0,0,1,1,1,0,0,-1,-1,0,0,0,0,0,0,-1,-1,-1,30,30,0,180,70,0.1,-1,-1,-1,-1,2.5,0,0,0,1,0,0,0,0,0,0,0,0,1,0,-1,-1,-1,-1,-1,-1,-1,-1,-1,0.1,0.4,-1,0,0,65,0.29,100,3001,-1,5002,-1,-1,0,0.9,0.6,0,-1,0,1,1,1,1,1,1,1,1,1,1,1,1,1,1,1,1,1,1,-1,0,-1,0,-1,-1,-1,-1,[0|0|0|0|0|0|0|0|0|0|0|0],
42406450,Fingercreeper,0,0,[0|0|0],42400,1002,0,40,2,2.2,970,0,747,0,100,424050120,-1,-1,5,0,-1,-1,2.2,-1,0,0,0,7120,0,0,0,0,-1,0,0,0,0,0,-1,-1,-1,-1,-1,-1,16,3000,3001,3002,3003,3004,3005,3006,3007,3008,3009,6001,6000,0,1,1,1,1,1,1,1,1,1.5,0,0,50,21,100,0,0,0,100,100,100,0,112,112,84,999,-1,-1,0,0,0,0,-1,-1,1,0,0,0,0,999,999,0,0,-1,10,0,13,0,0,6,1,40,110,110,1,0,2,0,0,0,0,0,0,0,2,0,0,17,7,0,0,0,0,0,0,1,0,0,0,0,0,0,0,0,0,0,0,0,0,0,0,0,0,0,0,0,0,0,0,0,1,0,1,1,0,0,1,0,0,0,0,0,0,0,0,0,0,0,0,0,0,0,0,0,0,0,2,2,2,0,0,1,0,0,0,0,0,100,1,0,2,109,109,139,139,139,139,0,90030,0,90300,90060,90100,0,5261,-1,0,0.4,1.1,1.4,1.1,1.1,1,1,1,1,0,0,0,-1,-1,256,2002,-1,100,-1,112,0,0,4240,5800,-1,5721,12013,12017,-1,-1,-1,-1,-1,-1,-1,-1,-1,-1,-1,0,2,0,0,0,1,1,1,0,0,-1,-1,0,0,0,0,0,0,-1,-1,-1,30,30,0,180,70,0.1,-1,-1,-1,-1,2.5,0,0,0,1,0,0,0,0,0,0,0,0,1,0,-1,-1,-1,-1,-1,-1,-1,-1,-1,0.1,0.4,-1,0,0,65,0.29,100,3001,-1,5002,-1,-1,0,0.9,0.6,0,-1,0,1,1,1,1,1,1,1,1,1,1,1,1,1,1,1,1,1,1,-1,0,-1,0,-1,-1,-1,-1,[0|0|0|0|0|0|0|0|0|0|0|0],
42407000,Fingercreeper,0,0,[0|0|0],42400,1002,0,40,2,2.2,970,0,747,0,100,424000000,-1,-1,5,0,-1,-1,2.2,-1,0,0,0,0,0,0,0,0,-1,0,0,0,0,0,-1,-1,-1,-1,-1,-1,16,3000,3001,3002,3003,3004,3005,3006,3007,3008,3009,6001,6000,0,1,1,1,1,1,1,1,1,1.5,0,0,50,21,100,0,0,0,100,100,100,0,112,112,84,999,-1,-1,0,0,0,0,-1,-1,1,0,0,0,0,999,999,0,0,-1,10,0,13,0,0,6,1,40,110,110,1,0,2,0,0,0,0,0,0,0,2,0,0,17,7,0,0,0,0,0,0,1,0,1,0,0,0,0,0,0,0,0,0,0,0,0,0,0,0,0,0,0,0,0,0,0,1,0,1,1,0,0,1,0,0,0,0,0,0,0,0,0,0,0,0,0,0,0,0,0,0,0,2,2,2,0,0,1,0,0,0,0,0,100,1,0,2,109,109,139,139,139,139,0,90030,0,90300,90060,90100,0,5261,-1,0,0.4,1.1,1.4,1.1,1.1,1,1,1,1,0,0,0,-1,-1,256,2002,-1,100,-1,112,0,0,4240,5800,-1,5721,12013,-1,-1,-1,-1,-1,-1,-1,-1,-1,-1,-1,-1,0,2,0,0,0,1,1,1,0,0,-1,-1,0,0,0,0,0,0,-1,-1,-1,30,30,0,180,70,0.1,-1,-1,-1,-1,2.5,0,0,0,1,0,0,0,0,0,0,0,0,1,0,-1,-1,-1,-1,-1,-1,-1,-1,-1,0.1,0.4,-1,0,0,65,0.29,100,3001,-1,5002,-1,-1,0,0.9,0.6,0,-1,0,1,1,1,1,1,1,1,1,1,1,1,1,1,1,1,1,1,1,-1,0,-1,0,-1,-1,-1,-1,[0|0|0|0|0|0|0|0|0|0|0|0],
42407032,Fingercreeper,0,0,[0|0|0],42400,1002,0,40,2,2.2,970,0,747,0,100,424032000,-1,-1,5,0,-1,-1,2.2,-1,0,0,0,7090,0,0,0,0,-1,0,0,0,0,0,-1,-1,-1,-1,-1,-1,16,3000,3001,3002,3003,3004,3005,3006,3007,3008,3009,6001,6000,0,1,1,1,1,1,1,1,1,1.5,0,0,50,21,100,0,0,0,100,100,100,0,112,112,84,999,-1,-1,0,0,0,0,-1,-1,1,0,0,0,0,999,999,0,0,-1,10,0,13,0,0,6,1,40,110,110,1,0,2,0,0,0,0,0,0,0,2,0,0,17,7,0,0,0,0,0,0,1,0,1,0,0,0,0,0,0,0,0,0,0,0,0,0,0,0,0,0,0,0,0,0,0,1,0,1,1,0,0,1,0,0,0,0,0,0,0,0,0,0,0,0,0,0,0,0,0,0,0,2,2,2,0,0,1,0,0,0,0,0,100,1,0,2,109,109,139,139,139,139,0,90030,0,90300,90060,90100,0,5261,-1,0,0.4,1.1,1.4,1.1,1.1,1,1,1,1,0,0,0,-1,-1,256,2002,-1,100,-1,112,0,0,4240,5800,-1,5721,12013,-1,-1,-1,-1,-1,-1,-1,-1,-1,-1,-1,-1,0,2,0,0,0,1,1,1,0,0,-1,-1,0,0,0,0,0,0,-1,-1,-1,30,30,0,180,70,0.1,-1,-1,-1,-1,2.5,0,0,0,1,0,0,0,0,0,0,0,0,1,0,-1,-1,-1,-1,-1,-1,-1,-1,-1,0.1,0.4,-1,0,0,65,0.29,100,3001,-1,5002,-1,-1,0,0.9,0.6,0,-1,0,1,1,1,1,1,1,1,1,1,1,1,1,1,1,1,1,1,1,-1,0,-1,0,-1,-1,-1,-1,[0|0|0|0|0|0|0|0|0|0|0|0],
42407034,Fingercreeper  (Leyndell),0,0,[0|0|0],42400,1002,0,40,2,1.6,970,0,747,0,100,424034000,-1,-1,5,0,-1,-1,2.2,-1,0,0,0,7100,0,0,0,0,-1,0,0,0,0,0,-1,-1,-1,-1,-1,-1,16,3000,3001,3002,3003,3004,3005,3006,3007,3008,3009,6001,6000,0,1,1,1,1,1,1,1,1,1.5,0,0,50,21,100,0,0,0,100,100,100,0,112,112,84,999,-1,-1,0,0,0,0,-1,-1,1,0,0,0,0,999,999,0,0,-1,10,0,13,0,0,6,1,40,110,110,1,0,2,0,0,0,0,0,0,0,2,0,0,17,7,0,0,0,0,0,0,1,0,1,0,0,0,0,0,0,0,0,0,0,0,0,0,0,0,0,0,0,0,0,0,0,1,0,1,1,0,0,1,0,0,0,0,0,0,0,0,0,0,0,0,0,0,0,0,0,0,0,2,1.6,2,0,0,1,0,0,0,0,0,100,1,0,2,109,109,139,139,139,139,0,90030,0,90300,90060,90100,0,5261,-1,0,0.4,1.1,1.4,1.1,1.1,1,1,1,1,0,0,0,-1,-1,256,2002,-1,100,-1,112,0,0,4240,5800,-1,5721,12013,-1,-1,-1,-1,-1,-1,-1,-1,-1,-1,-1,-1,0,2,0,0,0,1,1,1,0,0,-1,-1,0,0,0,0,0,0,-1,-1,-1,30,30,0,180,70,0.1,-1,-1,-1,-1,2.5,0,0,0,1,0,0,0,0,0,0,0,0,1,0,-1,-1,-1,-1,-1,-1,-1,-1,-1,0.1,0.4,-1,0,0,65,0.29,100,3001,-1,5002,-1,-1,0,0.9,0.6,0,-1,0,1,1,1,1,1,1,1,1,1,1,1,1,1,1,1,1,1,1,-1,0,-1,0,-1,-1,-1,-1,[0|0|0|0|0|0|0|0|0|0|0|0],
42407035,Fingercreeper,0,0,[0|0|0],42400,1002,0,40,2,2.2,970,0,747,0,100,424035000,-1,-1,5,0,-1,-1,2.2,-1,0,0,0,7130,0,0,0,0,-1,0,0,0,0,0,-1,-1,-1,-1,-1,-1,16,3000,3001,3002,3003,3004,3005,3006,3007,3008,3009,6001,6000,0,1,1,1,1,1,1,1,1,1.5,0,0,50,21,100,0,0,0,100,100,100,0,112,112,84,999,-1,-1,0,0,0,0,-1,-1,1,0,0,0,0,999,999,0,0,-1,10,0,13,0,0,6,1,40,110,110,1,0,2,0,0,0,0,0,0,0,2,0,0,17,7,0,0,0,0,0,0,1,0,1,0,0,0,0,0,0,0,0,0,0,0,0,0,0,0,0,0,0,0,0,0,0,1,0,1,1,0,0,1,0,0,0,0,0,0,0,0,0,0,0,0,0,0,0,0,0,0,0,2,2,2,0,0,1,0,0,0,0,0,100,1,0,2,109,109,139,139,139,139,0,90030,0,90300,90060,90100,0,5261,-1,0,0.4,1.1,1.4,1.1,1.1,1,1,1,1,0,0,0,-1,-1,256,2002,-1,100,-1,112,0,0,4240,5800,-1,5721,12013,-1,-1,-1,-1,-1,-1,-1,-1,-1,-1,-1,-1,0,2,0,0,0,1,1,1,0,0,-1,-1,0,0,0,0,0,0,-1,-1,-1,30,30,0,180,70,0.1,-1,-1,-1,-1,2.5,0,0,0,1,0,0,0,0,0,0,0,0,1,0,-1,-1,-1,-1,-1,-1,-1,-1,-1,0.1,0.4,-1,0,0,65,0.29,100,3001,-1,5002,-1,-1,0,0.9,0.6,0,-1,0,1,1,1,1,1,1,1,1,1,1,1,1,1,1,1,1,1,1,-1,0,-1,0,-1,-1,-1,-1,[0|0|0|0|0|0|0|0|0|0|0|0],
42407100,Fingercreeper,0,0,[0|0|0],42400,1002,0,40,2,2.2,970,0,747,0,100,424000000,-1,-1,5,0,-1,-1,2.2,-1,0,0,0,0,0,0,0,0,-1,0,0,0,0,0,-1,-1,-1,-1,-1,-1,16,3000,3001,3002,3003,3004,3005,3006,3007,3008,3009,6001,6000,0,1,1,1,1,1,1,1,1,1.5,0,0,50,21,100,0,0,0,100,100,100,0,112,112,84,999,-1,-1,0,0,0,0,-1,-1,1,0,0,0,0,999,999,0,0,-1,10,0,13,0,0,6,1,40,110,110,1,0,2,0,0,0,0,0,0,0,2,0,0,17,7,0,0,0,0,0,0,1,0,1,0,0,0,0,0,0,0,0,0,0,0,0,0,0,0,0,0,0,0,0,0,0,1,0,1,1,0,0,1,0,0,0,0,0,0,0,0,0,0,0,0,0,0,0,0,0,0,0,2,2,2,0,0,1,0,0,0,0,0,100,1,0,2,109,109,139,139,139,139,0,90030,0,90300,90060,90100,0,5261,-1,0,0.4,1.1,1.4,1.1,1.1,1,1,1,1,0,0,0,-1,-1,256,2002,-1,100,-1,112,0,0,4240,5800,-1,5721,12013,-1,-1,-1,-1,-1,-1,-1,-1,-1,-1,-1,-1,0,2,0,0,0,1,1,1,0,0,-1,-1,0,0,0,0,0,0,-1,-1,-1,30,30,0,180,70,0.1,-1,-1,-1,-1,2.5,0,0,0,1,0,0,0,0,0,0,0,0,1,0,-1,-1,-1,-1,-1,-1,-1,-1,-1,0.1,0.4,-1,0,0,65,0.29,100,3001,-1,5002,-1,-1,0,0.9,0.6,0,-1,0,1,1,1,1,1,1,1,1,1,1,1,1,1,1,1,1,1,1,-1,0,-1,0,-1,-1,-1,-1,[0|0|0|0|0|0|0|0|0|0|0|0],
42407132,Fingercreeper,0,0,[0|0|0],42400,1002,0,40,2,2.2,970,0,747,0,100,424032010,-1,-1,5,0,-1,-1,2.2,-1,0,0,0,7090,0,0,0,0,-1,0,0,0,0,0,-1,-1,-1,-1,-1,-1,16,3000,3001,3002,3003,3004,3005,3006,3007,3008,3009,6001,6000,0,1,1,1,1,1,1,1,1,1.5,0,0,50,21,100,0,0,0,100,100,100,0,112,112,84,999,-1,-1,0,0,0,0,-1,-1,1,0,0,0,0,999,999,0,0,-1,10,0,13,0,0,6,1,40,110,110,1,0,2,0,0,0,0,0,0,0,2,0,0,17,7,0,0,0,0,0,0,1,0,1,0,0,0,0,0,0,0,0,0,0,0,0,0,0,0,0,0,0,0,0,0,0,1,0,1,1,0,0,1,0,0,0,0,0,0,0,0,0,0,0,0,0,0,0,0,0,0,0,2,2,2,0,0,1,0,0,0,0,0,100,1,0,2,109,109,139,139,139,139,0,90030,0,90300,90060,90100,0,5261,-1,0,0.4,1.1,1.4,1.1,1.1,1,1,1,1,0,0,0,-1,-1,256,2002,-1,100,-1,112,0,0,4240,5800,-1,5721,12013,-1,-1,-1,-1,-1,-1,-1,-1,-1,-1,-1,-1,0,2,0,0,0,1,1,1,0,0,-1,-1,0,0,0,0,0,0,-1,-1,-1,30,30,0,180,70,0.1,-1,-1,-1,-1,2.5,0,0,0,1,0,0,0,0,0,0,0,0,1,0,-1,-1,-1,-1,-1,-1,-1,-1,-1,0.1,0.4,-1,0,0,65,0.29,100,3001,-1,5002,-1,-1,0,0.9,0.6,0,-1,0,1,1,1,1,1,1,1,1,1,1,1,1,1,1,1,1,1,1,-1,0,-1,0,-1,-1,-1,-1,[0|0|0|0|0|0|0|0|0|0|0|0],
42407200,Fingercreeper,0,0,[0|0|0],42400,1002,0,40,2,2.2,970,0,747,0,100,424000000,-1,-1,5,0,-1,-1,2.2,-1,0,0,0,0,0,0,0,0,-1,0,0,0,0,0,-1,-1,-1,-1,-1,-1,16,3000,3001,3002,3003,3004,3005,3006,3007,3008,3009,6001,6000,0,1,1,1,1,1,1,1,1,1.5,0,0,50,21,100,0,0,0,100,100,100,0,112,112,84,999,-1,-1,0,0,0,0,-1,-1,1,0,0,0,0,999,999,0,0,-1,10,0,13,0,0,6,1,40,110,110,1,0,2,0,0,0,0,0,0,0,2,0,0,17,7,0,0,0,0,0,0,1,0,1,0,0,0,0,0,0,0,0,0,0,0,0,0,0,0,0,0,0,0,0,0,0,1,0,1,1,0,0,1,0,0,0,0,0,0,0,0,0,0,0,0,0,0,0,0,0,0,0,2,2,2,0,0,1,0,0,0,0,0,100,1,0,2,109,109,139,139,139,139,0,90030,0,90300,90060,90100,0,5261,-1,0,0.4,1.1,1.4,1.1,1.1,1,1,1,1,0,0,0,-1,-1,256,2002,-1,100,-1,112,0,0,4240,5800,-1,5721,12013,-1,-1,-1,-1,-1,-1,-1,-1,-1,-1,-1,-1,0,2,0,0,0,1,1,1,0,0,-1,-1,0,0,0,0,0,0,-1,-1,-1,30,30,0,180,70,0.1,-1,-1,-1,-1,2.5,0,0,0,1,0,0,0,0,0,0,0,0,1,0,-1,-1,-1,-1,-1,-1,-1,-1,-1,0.1,0.4,-1,0,0,65,0.29,100,3001,-1,5002,-1,-1,0,0.9,0.6,0,-1,0,1,1,1,1,1,1,1,1,1,1,1,1,1,1,1,1,1,1,-1,0,-1,0,-1,-1,-1,-1,[0|0|0|0|0|0|0|0|0|0|0|0],
42407300,Fingercreeper,0,0,[0|0|0],42400,1002,0,40,2,2.2,970,0,747,0,100,424000000,-1,-1,5,0,-1,-1,2.2,-1,0,0,0,0,0,0,0,0,-1,0,0,0,0,0,-1,-1,-1,-1,-1,-1,16,3000,3001,3002,3003,3004,3005,3006,3007,3008,3009,6001,6000,0,1,1,1,1,1,1,1,1,1.5,0,0,50,21,100,0,0,0,100,100,100,0,112,112,84,999,-1,-1,0,0,0,0,-1,-1,1,0,0,0,0,999,999,0,0,-1,10,0,13,0,0,6,1,40,110,110,1,0,2,0,0,0,0,0,0,0,2,0,0,17,7,0,0,0,0,0,0,1,0,1,0,0,0,0,0,0,0,0,0,0,0,0,0,0,0,0,0,0,0,0,0,0,1,0,1,1,0,0,1,0,0,0,0,0,0,0,0,0,0,0,0,0,0,0,0,0,0,0,2,2,2,0,0,1,0,0,0,0,0,100,1,0,2,109,109,139,139,139,139,0,90030,0,90300,90060,90100,0,5261,-1,0,0.4,1.1,1.4,1.1,1.1,1,1,1,1,0,0,0,-1,-1,256,2002,-1,100,-1,112,0,0,4240,5800,-1,5721,12013,-1,-1,-1,-1,-1,-1,-1,-1,-1,-1,-1,-1,0,2,0,0,0,1,1,1,0,0,-1,-1,0,0,0,0,0,0,-1,-1,-1,30,30,0,180,70,0.1,-1,-1,-1,-1,2.5,0,0,0,1,0,0,0,0,0,0,0,0,1,0,-1,-1,-1,-1,-1,-1,-1,-1,-1,0.1,0.4,-1,0,0,65,0.29,100,3001,-1,5002,-1,-1,0,0.9,0.6,0,-1,0,1,1,1,1,1,1,1,1,1,1,1,1,1,1,1,1,1,1,-1,0,-1,0,-1,-1,-1,-1,[0|0|0|0|0|0|0|0|0|0|0|0],
42407400,Fingercreeper,0,0,[0|0|0],42400,1002,0,40,2,2.2,970,0,747,0,100,424000000,-1,-1,5,0,-1,-1,2.2,-1,0,0,0,0,0,0,0,0,-1,0,0,0,0,0,-1,-1,-1,-1,-1,-1,16,3000,3001,3002,3003,3004,3005,3006,3007,3008,3009,6001,6000,0,1,1,1,1,1,1,1,1,1.5,0,0,50,21,100,0,0,0,100,100,100,0,112,112,84,999,-1,-1,0,0,0,0,-1,-1,1,0,0,0,0,999,999,0,0,-1,10,0,13,0,0,6,1,40,110,110,1,0,2,0,0,0,0,0,0,0,2,0,0,17,7,0,0,0,0,0,0,1,0,1,0,0,0,0,0,0,0,0,0,0,0,0,0,0,0,0,0,0,0,0,0,0,1,0,1,1,0,0,1,0,0,0,0,0,0,0,0,0,0,0,0,0,0,0,0,0,0,0,2,2,2,0,0,1,0,0,0,0,0,100,1,0,2,109,109,139,139,139,139,0,90030,0,90300,90060,90100,0,5261,-1,0,0.4,1.1,1.4,1.1,1.1,1,1,1,1,0,0,0,-1,-1,256,2002,-1,100,-1,112,0,0,4240,5800,-1,5721,12013,-1,-1,-1,-1,-1,-1,-1,-1,-1,-1,-1,-1,0,2,0,0,0,1,1,1,0,0,-1,-1,0,0,0,0,0,0,-1,-1,-1,30,30,0,180,70,0.1,-1,-1,-1,-1,2.5,0,0,0,1,0,0,0,0,0,0,0,0,1,0,-1,-1,-1,-1,-1,-1,-1,-1,-1,0.1,0.4,-1,0,0,65,0.29,100,3001,-1,5002,-1,-1,0,0.9,0.6,0,-1,0,1,1,1,1,1,1,1,1,1,1,1,1,1,1,1,1,1,1,-1,0,-1,0,-1,-1,-1,-1,[0|0|0|0|0|0|0|0|0|0|0|0],
42407500,Fingercreeper,0,0,[0|0|0],42400,1002,0,40,2,2.2,970,0,747,0,100,424000000,-1,-1,5,0,-1,-1,2.2,-1,0,0,0,0,0,0,0,0,-1,0,0,0,0,0,-1,-1,-1,-1,-1,-1,16,3000,3001,3002,3003,3004,3005,3006,3007,3008,3009,6001,6000,0,1,1,1,1,1,1,1,1,1.5,0,0,50,21,100,0,0,0,100,100,100,0,112,112,84,999,-1,-1,0,0,0,0,-1,-1,1,0,0,0,0,999,999,0,0,-1,10,0,13,0,0,6,1,40,110,110,1,0,2,0,0,0,0,0,0,0,2,0,0,17,7,0,0,0,0,0,0,1,0,1,0,0,0,0,0,0,0,0,0,0,0,0,0,0,0,0,0,0,0,0,0,0,1,0,1,1,0,0,1,0,0,0,0,0,0,0,0,0,0,0,0,0,0,0,0,0,0,0,2,2,2,0,0,1,0,0,0,0,0,100,1,0,2,109,109,139,139,139,139,0,90030,0,90300,90060,90100,0,5261,-1,0,0.4,1.1,1.4,1.1,1.1,1,1,1,1,0,0,0,-1,-1,256,2002,-1,100,-1,112,0,0,4240,5800,-1,5721,12013,-1,-1,-1,-1,-1,-1,-1,-1,-1,-1,-1,-1,0,2,0,0,0,1,1,1,0,0,-1,-1,0,0,0,0,0,0,-1,-1,-1,30,30,0,180,70,0.1,-1,-1,-1,-1,2.5,0,0,0,1,0,0,0,0,0,0,0,0,1,0,-1,-1,-1,-1,-1,-1,-1,-1,-1,0.1,0.4,-1,0,0,65,0.29,100,3001,-1,5002,-1,-1,0,0.9,0.6,0,-1,0,1,1,1,1,1,1,1,1,1,1,1,1,1,1,1,1,1,1,-1,0,-1,0,-1,-1,-1,-1,[0|0|0|0|0|0|0|0|0|0|0|0],
42407600,Fingercreeper,0,0,[0|0|0],42400,1002,0,40,2,2.2,970,0,747,0,100,424000000,-1,-1,5,0,-1,-1,2.2,-1,0,0,0,0,0,0,0,0,-1,0,0,0,0,0,-1,-1,-1,-1,-1,-1,16,3000,3001,3002,3003,3004,3005,3006,3007,3008,3009,6001,6000,0,1,1,1,1,1,1,1,1,1.5,0,0,50,21,100,0,0,0,100,100,100,0,112,112,84,999,-1,-1,0,0,0,0,-1,-1,1,0,0,0,0,999,999,0,0,-1,10,0,13,0,0,6,1,40,110,110,1,0,2,0,0,0,0,0,0,0,2,0,0,17,7,0,0,0,0,0,0,1,0,1,0,0,0,0,0,0,0,0,0,0,0,0,0,0,0,0,0,0,0,0,0,0,1,0,1,1,0,0,1,0,0,0,0,0,0,0,0,0,0,0,0,0,0,0,0,0,0,0,2,2,2,0,0,1,0,0,0,0,0,100,1,0,2,109,109,139,139,139,139,0,90030,0,90300,90060,90100,0,5261,-1,0,0.4,1.1,1.4,1.1,1.1,1,1,1,1,0,0,0,-1,-1,256,2002,-1,100,-1,112,0,0,4240,5800,-1,5721,12013,-1,-1,-1,-1,-1,-1,-1,-1,-1,-1,-1,-1,0,2,0,0,0,1,1,1,0,0,-1,-1,0,0,0,0,0,0,-1,-1,-1,30,30,0,180,70,0.1,-1,-1,-1,-1,2.5,0,0,0,1,0,0,0,0,0,0,0,0,1,0,-1,-1,-1,-1,-1,-1,-1,-1,-1,0.1,0.4,-1,0,0,65,0.29,100,3001,-1,5002,-1,-1,0,0.9,0.6,0,-1,0,1,1,1,1,1,1,1,1,1,1,1,1,1,1,1,1,1,1,-1,0,-1,0,-1,-1,-1,-1,[0|0|0|0|0|0|0|0|0|0|0|0],
42407700,Fingercreeper,0,0,[0|0|0],42400,1002,0,40,2,2.2,970,0,747,0,100,424000000,-1,-1,5,0,-1,-1,2.2,-1,0,0,0,0,0,0,0,0,-1,0,0,0,0,0,-1,-1,-1,-1,-1,-1,16,3000,3001,3002,3003,3004,3005,3006,3007,3008,3009,6001,6000,0,1,1,1,1,1,1,1,1,1.5,0,0,50,21,100,0,0,0,100,100,100,0,112,112,84,999,-1,-1,0,0,0,0,-1,-1,1,0,0,0,0,999,999,0,0,-1,10,0,13,0,0,6,1,40,110,110,1,0,2,0,0,0,0,0,0,0,2,0,0,17,7,0,0,0,0,0,0,1,0,1,0,0,0,0,0,0,0,0,0,0,0,0,0,0,0,0,0,0,0,0,0,0,1,0,1,1,0,0,1,0,0,0,0,0,0,0,0,0,0,0,0,0,0,0,0,0,0,0,2,2,2,0,0,1,0,0,0,0,0,100,1,0,2,109,109,139,139,139,139,0,90030,0,90300,90060,90100,0,5261,-1,0,0.4,1.1,1.4,1.1,1.1,1,1,1,1,0,0,0,-1,-1,256,2002,-1,100,-1,112,0,0,4240,5800,-1,5721,12013,-1,-1,-1,-1,-1,-1,-1,-1,-1,-1,-1,-1,0,2,0,0,0,1,1,1,0,0,-1,-1,0,0,0,0,0,0,-1,-1,-1,30,30,0,180,70,0.1,-1,-1,-1,-1,2.5,0,0,0,1,0,0,0,0,0,0,0,0,1,0,-1,-1,-1,-1,-1,-1,-1,-1,-1,0.1,0.4,-1,0,0,65,0.29,100,3001,-1,5002,-1,-1,0,0.9,0.6,0,-1,0,1,1,1,1,1,1,1,1,1,1,1,1,1,1,1,1,1,1,-1,0,-1,0,-1,-1,-1,-1,[0|0|0|0|0|0|0|0|0|0|0|0],
42407800,Fingercreeper,0,0,[0|0|0],42400,1002,0,40,2,2.2,970,0,747,0,100,424000000,-1,-1,5,0,-1,-1,2.2,-1,0,0,0,0,0,0,0,0,-1,0,0,0,0,0,-1,-1,-1,-1,-1,-1,16,3000,3001,3002,3003,3004,3005,3006,3007,3008,3009,6001,6000,0,1,1,1,1,1,1,1,1,1.5,0,0,50,21,100,0,0,0,100,100,100,0,112,112,84,999,-1,-1,0,0,0,0,-1,-1,1,0,0,0,0,999,999,0,0,-1,10,0,13,0,0,6,1,40,110,110,1,0,2,0,0,0,0,0,0,0,2,0,0,17,7,0,0,0,0,0,0,1,0,1,0,0,0,0,0,0,0,0,0,0,0,0,0,0,0,0,0,0,0,0,0,0,1,0,1,1,0,0,1,0,0,0,0,0,0,0,0,0,0,0,0,0,0,0,0,0,0,0,2,2,2,0,0,1,0,0,0,0,0,100,1,0,2,109,109,139,139,139,139,0,90030,0,90300,90060,90100,0,5261,-1,0,0.4,1.1,1.4,1.1,1.1,1,1,1,1,0,0,0,-1,-1,256,2002,-1,100,-1,112,0,0,4240,5800,-1,5721,12013,-1,-1,-1,-1,-1,-1,-1,-1,-1,-1,-1,-1,0,2,0,0,0,1,1,1,0,0,-1,-1,0,0,0,0,0,0,-1,-1,-1,30,30,0,180,70,0.1,-1,-1,-1,-1,2.5,0,0,0,1,0,0,0,0,0,0,0,0,1,0,-1,-1,-1,-1,-1,-1,-1,-1,-1,0.1,0.4,-1,0,0,65,0.29,100,3001,-1,5002,-1,-1,0,0.9,0.6,0,-1,0,1,1,1,1,1,1,1,1,1,1,1,1,1,1,1,1,1,1,-1,0,-1,0,-1,-1,-1,-1,[0|0|0|0|0|0|0|0|0|0|0|0],
42408000,Fingercreeper,0,0,[0|0|0],42400,1002,0,40,2,2.2,970,0,747,0,100,424000000,-1,-1,5,0,-1,-1,2.2,-1,0,0,0,0,0,0,0,0,-1,0,0,0,0,0,-1,-1,-1,-1,-1,-1,16,3000,3001,3002,3003,3004,3005,3006,3007,3008,3009,6001,6000,0,1,1,1,1,1,1,1,1,1.5,0,0,50,21,100,0,0,0,100,100,100,0,112,112,84,999,-1,-1,0,0,0,0,-1,-1,1,0,0,0,0,999,999,0,0,-1,10,0,13,0,0,6,1,40,110,110,1,0,2,0,0,0,0,0,0,0,2,0,0,17,7,0,0,0,0,0,0,1,0,1,0,0,0,0,0,0,0,0,0,0,0,0,0,0,0,0,0,0,0,0,0,0,1,0,1,1,0,0,1,0,0,0,0,0,0,0,0,0,0,0,0,0,0,0,0,0,0,0,2,2,2,0,0,1,0,0,0,0,0,100,1,0,2,109,109,139,139,139,139,0,90030,0,90300,90060,90100,0,5261,-1,0,0.4,1.1,1.4,1.1,1.1,1,1,1,1,0,0,0,-1,-1,256,2002,-1,100,-1,112,0,0,4240,5800,-1,5721,12013,-1,-1,-1,-1,-1,-1,-1,-1,-1,-1,-1,-1,0,2,0,0,0,1,1,1,0,0,-1,-1,0,0,0,0,0,0,-1,-1,-1,30,30,0,180,70,0.1,-1,-1,-1,-1,2.5,0,0,0,1,0,0,0,0,0,0,0,0,1,0,-1,-1,-1,-1,-1,-1,-1,-1,-1,0.1,0.4,-1,0,0,65,0.29,100,3001,-1,5002,-1,-1,0,0.9,0.6,0,-1,0,1,1,1,1,1,1,1,1,1,1,1,1,1,1,1,1,1,1,-1,0,-1,0,-1,-1,-1,-1,[0|0|0|0|0|0|0|0|0|0|0|0],
42408100,Fingercreeper,0,0,[0|0|0],42400,1002,0,40,2,2.2,970,0,747,0,100,424000000,-1,-1,5,0,-1,-1,2.2,-1,0,0,0,0,0,0,0,0,-1,0,0,0,0,0,-1,-1,-1,-1,-1,-1,16,3000,3001,3002,3003,3004,3005,3006,3007,3008,3009,6001,6000,0,1,1,1,1,1,1,1,1,1.5,0,0,50,21,100,0,0,0,100,100,100,0,112,112,84,999,-1,-1,0,0,0,0,-1,-1,1,0,0,0,0,999,999,0,0,-1,10,0,13,0,0,6,1,40,110,110,1,0,2,0,0,0,0,0,0,0,2,0,0,17,7,0,0,0,0,0,0,1,0,1,0,0,0,0,0,0,0,0,0,0,0,0,0,0,0,0,0,0,0,0,0,0,1,0,1,1,0,0,1,0,0,0,0,0,0,0,0,0,0,0,0,0,0,0,0,0,0,0,2,2,2,0,0,1,0,0,0,0,0,100,1,0,2,109,109,139,139,139,139,0,90030,0,90300,90060,90100,0,5261,-1,0,0.4,1.1,1.4,1.1,1.1,1,1,1,1,0,0,0,-1,-1,256,2002,-1,100,-1,112,0,0,4240,5800,-1,5721,12013,-1,-1,-1,-1,-1,-1,-1,-1,-1,-1,-1,-1,0,2,0,0,0,1,1,1,0,0,-1,-1,0,0,0,0,0,0,-1,-1,-1,30,30,0,180,70,0.1,-1,-1,-1,-1,2.5,0,0,0,1,0,0,0,0,0,0,0,0,1,0,-1,-1,-1,-1,-1,-1,-1,-1,-1,0.1,0.4,-1,0,0,65,0.29,100,3001,-1,5002,-1,-1,0,0.9,0.6,0,-1,0,1,1,1,1,1,1,1,1,1,1,1,1,1,1,1,1,1,1,-1,0,-1,0,-1,-1,-1,-1,[0|0|0|0|0|0|0|0|0|0|0|0],
42408200,Fingercreeper,0,0,[0|0|0],42400,1002,0,40,2,2.2,970,0,747,0,100,424000000,-1,-1,5,0,-1,-1,2.2,-1,0,0,0,0,0,0,0,0,-1,0,0,0,0,0,-1,-1,-1,-1,-1,-1,16,3000,3001,3002,3003,3004,3005,3006,3007,3008,3009,6001,6000,0,1,1,1,1,1,1,1,1,1.5,0,0,50,21,100,0,0,0,100,100,100,0,112,112,84,999,-1,-1,0,0,0,0,-1,-1,1,0,0,0,0,999,999,0,0,-1,10,0,13,0,0,6,1,40,110,110,1,0,2,0,0,0,0,0,0,0,2,0,0,17,7,0,0,0,0,0,0,1,0,1,0,0,0,0,0,0,0,0,0,0,0,0,0,0,0,0,0,0,0,0,0,0,1,0,1,1,0,0,1,0,0,0,0,0,0,0,0,0,0,0,0,0,0,0,0,0,0,0,2,2,2,0,0,1,0,0,0,0,0,100,1,0,2,109,109,139,139,139,139,0,90030,0,90300,90060,90100,0,5261,-1,0,0.4,1.1,1.4,1.1,1.1,1,1,1,1,0,0,0,-1,-1,256,2002,-1,100,-1,112,0,0,4240,5800,-1,5721,12013,-1,-1,-1,-1,-1,-1,-1,-1,-1,-1,-1,-1,0,2,0,0,0,1,1,1,0,0,-1,-1,0,0,0,0,0,0,-1,-1,-1,30,30,0,180,70,0.1,-1,-1,-1,-1,2.5,0,0,0,1,0,0,0,0,0,0,0,0,1,0,-1,-1,-1,-1,-1,-1,-1,-1,-1,0.1,0.4,-1,0,0,65,0.29,100,3001,-1,5002,-1,-1,0,0.9,0.6,0,-1,0,1,1,1,1,1,1,1,1,1,1,1,1,1,1,1,1,1,1,-1,0,-1,0,-1,-1,-1,-1,[0|0|0|0|0|0|0|0|0|0|0|0],
42408300,Fingercreeper,0,0,[0|0|0],42400,1002,0,40,2,2.2,970,0,747,0,100,424000000,-1,-1,5,0,-1,-1,2.2,-1,0,0,0,0,0,0,0,0,-1,0,0,0,0,0,-1,-1,-1,-1,-1,-1,16,3000,3001,3002,3003,3004,3005,3006,3007,3008,3009,6001,6000,0,1,1,1,1,1,1,1,1,1.5,0,0,50,21,100,0,0,0,100,100,100,0,112,112,84,999,-1,-1,0,0,0,0,-1,-1,1,0,0,0,0,999,999,0,0,-1,10,0,13,0,0,6,1,40,110,110,1,0,2,0,0,0,0,0,0,0,2,0,0,17,7,0,0,0,0,0,0,1,0,1,0,0,0,0,0,0,0,0,0,0,0,0,0,0,0,0,0,0,0,0,0,0,1,0,1,1,0,0,1,0,0,0,0,0,0,0,0,0,0,0,0,0,0,0,0,0,0,0,2,2,2,0,0,1,0,0,0,0,0,100,1,0,2,109,109,139,139,139,139,0,90030,0,90300,90060,90100,0,5261,-1,0,0.4,1.1,1.4,1.1,1.1,1,1,1,1,0,0,0,-1,-1,256,2002,-1,100,-1,112,0,0,4240,5800,-1,5721,12013,-1,-1,-1,-1,-1,-1,-1,-1,-1,-1,-1,-1,0,2,0,0,0,1,1,1,0,0,-1,-1,0,0,0,0,0,0,-1,-1,-1,30,30,0,180,70,0.1,-1,-1,-1,-1,2.5,0,0,0,1,0,0,0,0,0,0,0,0,1,0,-1,-1,-1,-1,-1,-1,-1,-1,-1,0.1,0.4,-1,0,0,65,0.29,100,3001,-1,5002,-1,-1,0,0.9,0.6,0,-1,0,1,1,1,1,1,1,1,1,1,1,1,1,1,1,1,1,1,1,-1,0,-1,0,-1,-1,-1,-1,[0|0|0|0|0|0|0|0|0|0|0|0],
42408400,Fingercreeper,0,0,[0|0|0],42400,1002,0,40,2,2.2,970,0,747,0,100,424000000,-1,-1,5,0,-1,-1,2.2,-1,0,0,0,0,0,0,0,0,-1,0,0,0,0,0,-1,-1,-1,-1,-1,-1,16,3000,3001,3002,3003,3004,3005,3006,3007,3008,3009,6001,6000,0,1,1,1,1,1,1,1,1,1.5,0,0,50,21,100,0,0,0,100,100,100,0,112,112,84,999,-1,-1,0,0,0,0,-1,-1,1,0,0,0,0,999,999,0,0,-1,10,0,13,0,0,6,1,40,110,110,1,0,2,0,0,0,0,0,0,0,2,0,0,17,7,0,0,0,0,0,0,1,0,1,0,0,0,0,0,0,0,0,0,0,0,0,0,0,0,0,0,0,0,0,0,0,1,0,1,1,0,0,1,0,0,0,0,0,0,0,0,0,0,0,0,0,0,0,0,0,0,0,2,2,2,0,0,1,0,0,0,0,0,100,1,0,2,109,109,139,139,139,139,0,90030,0,90300,90060,90100,0,5261,-1,0,0.4,1.1,1.4,1.1,1.1,1,1,1,1,0,0,0,-1,-1,256,2002,-1,100,-1,112,0,0,4240,5800,-1,5721,12013,-1,-1,-1,-1,-1,-1,-1,-1,-1,-1,-1,-1,0,2,0,0,0,1,1,1,0,0,-1,-1,0,0,0,0,0,0,-1,-1,-1,30,30,0,180,70,0.1,-1,-1,-1,-1,2.5,0,0,0,1,0,0,0,0,0,0,0,0,1,0,-1,-1,-1,-1,-1,-1,-1,-1,-1,0.1,0.4,-1,0,0,65,0.29,100,3001,-1,5002,-1,-1,0,0.9,0.6,0,-1,0,1,1,1,1,1,1,1,1,1,1,1,1,1,1,1,1,1,1,-1,0,-1,0,-1,-1,-1,-1,[0|0|0|0|0|0|0|0|0|0|0|0],
42408500,Fingercreeper,0,0,[0|0|0],42400,1002,0,40,2,2.2,970,0,747,0,100,424000000,-1,-1,5,0,-1,-1,2.2,-1,0,0,0,0,0,0,0,0,-1,0,0,0,0,0,-1,-1,-1,-1,-1,-1,16,3000,3001,3002,3003,3004,3005,3006,3007,3008,3009,6001,6000,0,1,1,1,1,1,1,1,1,1.5,0,0,50,21,100,0,0,0,100,100,100,0,112,112,84,999,-1,-1,0,0,0,0,-1,-1,1,0,0,0,0,999,999,0,0,-1,10,0,13,0,0,6,1,40,110,110,1,0,2,0,0,0,0,0,0,0,2,0,0,17,7,0,0,0,0,0,0,1,0,1,0,0,0,0,0,0,0,0,0,0,0,0,0,0,0,0,0,0,0,0,0,0,1,0,1,1,0,0,1,0,0,0,0,0,0,0,0,0,0,0,0,0,0,0,0,0,0,0,2,2,2,0,0,1,0,0,0,0,0,100,1,0,2,109,109,139,139,139,139,0,90030,0,90300,90060,90100,0,5261,-1,0,0.4,1.1,1.4,1.1,1.1,1,1,1,1,0,0,0,-1,-1,256,2002,-1,100,-1,112,0,0,4240,5800,-1,5721,12013,-1,-1,-1,-1,-1,-1,-1,-1,-1,-1,-1,-1,0,2,0,0,0,1,1,1,0,0,-1,-1,0,0,0,0,0,0,-1,-1,-1,30,30,0,180,70,0.1,-1,-1,-1,-1,2.5,0,0,0,1,0,0,0,0,0,0,0,0,1,0,-1,-1,-1,-1,-1,-1,-1,-1,-1,0.1,0.4,-1,0,0,65,0.29,100,3001,-1,5002,-1,-1,0,0.9,0.6,0,-1,0,1,1,1,1,1,1,1,1,1,1,1,1,1,1,1,1,1,1,-1,0,-1,0,-1,-1,-1,-1,[0|0|0|0|0|0|0|0|0|0|0|0],
42408800,Fingercreeper,0,0,[0|0|0],42400,1002,0,40,2,2.1,970,0,747,0,100,424000000,-1,-1,5,0,-1,-1,2.2,-1,0,0,0,0,0,0,0,0,-1,0,0,0,0,0,-1,-1,-1,-1,-1,-1,16,3000,3001,3002,3003,3004,3005,3006,3007,3008,3009,6001,6000,0,1,1,1,1,1,1,1,1,1.5,0,0,50,21,100,0,0,0,100,100,100,0,112,112,84,999,-1,-1,0,0,0,0,-1,-1,1,0,0,0,0,999,999,0,0,-1,10,0,13,0,0,6,1,40,110,110,1,0,2,0,0,0,0,0,0,0,2,0,0,17,7,0,0,0,0,0,0,1,0,1,0,0,0,0,0,0,0,0,0,0,0,0,0,0,0,0,0,0,0,0,0,0,1,0,1,1,0,0,1,0,0,0,0,0,0,0,0,0,0,0,0,0,0,0,0,0,0,0,2,2,2,0,0,1,0,0,0,0,0,100,1,0,2,109,109,139,139,139,139,0,90030,0,90300,90060,90100,0,5261,-1,0,0.4,1.1,1.4,1.1,1.1,1,1,1,1,0,0,0,-1,-1,256,2002,-1,100,-1,112,0,0,4240,5800,-1,5721,12013,-1,-1,-1,-1,-1,-1,-1,-1,-1,-1,-1,-1,0,2,0,0,0,1,1,1,0,0,-1,-1,0,0,0,0,0,0,-1,-1,-1,30,30,0,180,70,0.1,-1,-1,-1,-1,2.5,0,0,0,1,0,0,0,0,0,0,0,0,1,0,-1,-1,-1,-1,-1,-1,-1,-1,-1,0.1,0.4,-1,0,0,65,0.29,100,3001,-1,5002,-1,-1,0,0.9,0.6,0,-1,0,1,1,1,1,1,1,1,1,1,1,1,1,1,1,1,1,1,1,-1,0,-1,0,-1,-1,-1,-1,[0|0|0|0|0|0|0|0|0|0|0|0],
42600512,Erdtree Burial Watchdog (Impalers Catacombs),0,0,[0|0|0],42600,-1,0,90,2.4,1.2,300,0,1052,0,400,-1,-1,-1,0,0,-1,-1,1.2,-1,5400,5300,5360,7020,0,90400,90000,90010,-1,0,0,0,0,0,-1,-1,-1,-1,-1,-1,22,3000,3001,3002,3003,3004,3005,3006,3007,3008,3009,6001,6000,0,1,1,1,1,1,1,1,1,1,0.23076923,0,50,21,100,0,0,0,100,100,100,0,999,999,999,999,-1,-1,0,0,0,0,-1,-1,1,0,0,0,0,999,999,0,0,-1,10,0,12,0,0,6,3,40,139,139,0,0,2,0,0,0,0,0,0,0,2,0,0,17,7,0,0,0,0,0,0,1,0,1,0,0,0,0,0,0,0,0,0,1,0,0,0,0,0,0,0,0,0,0,0,0,0,0,0,1,0,0,1,0,0,0,0,0,0,1,0,0,0,0,0,0,0,0,0,0,0,0,2.4,1.2,0,1,0,0,0,0,0,0,0,100,1,0,2,117,117,139,139,139,139,90020,90030,90040,90300,90060,90100,0,-1,-1,0,0.4,0.65,0.65,0.9,0.65,0.6,0.6,0.6,0.6,0,0,0,-1,-1,256,-1,-1,300,10,999,0,0,4260,-1,13415,5800,13411,-1,13420,-1,-1,-1,-1,-1,-1,-1,-1,6921,4301,0,2,0,0,0,1,1,1,0,0,-1,-1,0,0,0,0,0,0,-1,-1,-1,0,0,0,180,50,0.1,-1,-1,-1,-1,1,0,0,0,1,0,0,0,0,0,0,0,0,1,0,-1,-1,-1,-1,-1,-1,-1,-1,-1,0.1,0.4,-1,0,0,80,0.29,100,-1,-1,-1,-1,-1,0,0.5,0.6,0,-1,0,1,1,1,1,1,1,1,1,1,1,1,1,1,1,1,1,1,1,-1,0,-1,0,-1,-1,-1,-1,[0|0|0|0|0|0|0|0|0|0|0|0],
42600940,Erdtree Burial Watchdog (Minor Erdtree Catacombs),0,0,[0|0|0],42600,-1,0,90,2.4,1.2,300,0,1052,0,400,-1,-1,-1,0,0,-1,-1,1.2,-1,5400,5300,5360,7070,0,90400,90000,90010,-1,0,0,0,0,0,-1,-1,-1,-1,-1,-1,22,3000,3001,3002,3003,3004,3005,3006,3007,3008,3009,6001,6000,0,1,1,1,1,1,1,1,1,1,0.23076923,0,50,21,100,0,0,0,100,100,100,0,999,999,999,999,-1,-1,0,0,0,0,-1,-1,1,0,0,0,0,999,999,0,0,-1,10,0,12,0,0,50,3,40,139,139,0,0,2,0,0,0,0,0,0,0,2,0,0,17,7,0,0,0,0,0,0,1,0,1,0,0,0,0,0,0,0,0,0,1,0,0,0,0,0,0,0,0,0,0,0,0,0,0,0,1,1,0,1,0,0,0,0,0,0,0,1,1,0,0,0,0,0,0,0,0,0,0,2.4,1.2,0,1,0,0,0,0,0,0,0,100,1,0,2,117,117,139,139,139,139,90020,90030,90040,90300,90060,90100,0,-1,-1,0,0.4,0.65,0.65,0.9,0.65,0.6,0.6,0.6,0.6,0,0,0,-1,-1,256,-1,-1,300,10,999,0,0,4260,-1,13415,5800,13411,13410,13420,-1,-1,-1,-1,-1,-1,-1,-1,6921,4301,0,2,0,0,0,1,1,1,0,0,-1,-1,0,0,0,0,0,0,-1,-1,-1,0,0,0,180,50,0.1,-1,-1,-1,-1,1,0,0,0,1,0,0,0,0,0,0,0,0,1,0,-1,-1,-1,-1,-1,-1,-1,-1,-1,0.1,0.4,-1,0,0,80,0.29,100,-1,-1,-1,-1,-1,0,0.5,0.6,0,-1,0,1,1,1,1,1,1,1,1,1,1,1,1,1,1,1,1,1,1,-1,0,-1,0,-1,-1,-1,-1,[0|0|0|0|0|0|0|0|0|0|0|0],
42601920,Erdtree Burial Watchdog (Cliffbottom Catacombs),0,0,[0|0|0],42600,-1,0,90,2.4,1.2,300,0,1052,0,400,-1,-1,-1,0,0,-1,-1,1.2,-1,5401,5300,5360,7060,0,90400,90000,90010,-1,0,0,0,0,0,-1,-1,-1,-1,-1,-1,22,3000,3001,3002,3003,3004,3005,3006,3007,3008,3009,6001,6000,0,1,1,1,1,1,1,1,1,1,0.23076923,0,50,21,100,0,0,0,100,100,100,0,999,999,999,999,-1,-1,0,0,0,0,-1,-1,1,0,0,0,0,999,999,0,0,-1,10,0,12,0,0,7,3,40,139,139,0,0,2,0,0,0,0,0,0,0,2,0,0,17,7,0,0,0,0,0,0,1,0,0,1,0,0,0,0,0,0,0,0,1,0,0,0,0,0,0,0,0,0,0,0,0,0,0,0,1,0,0,1,0,0,0,0,0,0,1,0,0,0,0,0,0,0,0,0,0,0,0,2.4,1.2,0,1,0,0,0,0,0,0,0,100,1,0,2,117,117,139,139,139,139,90020,90030,90040,90300,90060,90100,0,-1,-1,0,0.4,0.65,0.65,0.9,0.65,0.6,0.6,0.6,0.6,0,0,0,-1,-1,256,-1,-1,300,10,999,0,0,4260,-1,13415,5800,13411,-1,13420,-1,-1,-1,-1,-1,-1,-1,-1,6921,4301,0,2,0,0,0,1,1,1,0,0,-1,-1,0,0,0,0,0,0,-1,-1,-1,0,0,0,180,50,0.1,-1,-1,-1,-1,1,0,0,0,1,0,0,0,0,0,0,0,0,1,0,-1,-1,-1,-1,-1,-1,-1,-1,-1,0.1,0.4,-1,0,0,80,0.29,100,-1,-1,-1,-1,-1,0,0.5,0.6,0,-1,0,1,1,1,1,1,1,1,1,1,1,1,1,1,1,1,1,1,1,-1,0,-1,0,-1,-1,-1,-1,[0|0|0|0|0|0|0|0|0|0|0|0],
42601940,Erdtree Burial Watchdog (Minor Erdtree Catacombs),0,0,[0|0|0],42600,-1,0,90,2.4,1.2,300,0,1052,0,400,-1,-1,-1,0,0,-1,-1,1.2,-1,5401,5300,5360,7070,0,90400,90000,90010,-1,0,0,0,0,0,-1,-1,-1,-1,-1,-1,22,3000,3001,3002,3003,3004,3005,3006,3007,3008,3009,6001,6000,0,1,1,1,1,1,1,1,1,1,0.23076923,0,50,21,100,0,0,0,100,100,100,0,999,999,999,999,-1,-1,0,0,0,0,-1,-1,1,0,0,0,0,999,999,0,0,-1,10,0,12,0,0,50,3,40,139,139,0,0,2,0,0,0,0,0,0,0,2,0,0,17,7,0,0,0,0,0,0,1,0,0,1,0,0,0,0,0,0,0,0,1,0,0,0,0,0,0,0,0,0,0,0,0,0,0,0,1,1,0,1,0,0,0,0,0,0,0,1,1,0,0,0,0,0,0,0,0,0,0,2.4,1.2,0,1,0,0,0,0,0,0,0,100,1,0,2,117,117,139,139,139,139,90020,90030,90040,90300,90060,90100,0,-1,-1,0,0.4,0.65,0.65,0.9,0.65,0.6,0.6,0.6,0.6,0,0,0,-1,-1,256,-1,-1,300,10,999,0,0,4260,-1,13415,5800,13411,13410,13420,-1,-1,-1,-1,-1,-1,-1,-1,6921,4301,0,2,0,0,0,1,1,1,0,0,-1,-1,0,0,0,0,0,0,-1,-1,-1,0,0,0,180,50,0.1,-1,-1,-1,-1,1,0,0,0,1,0,0,0,0,0,0,0,0,1,0,-1,-1,-1,-1,-1,-1,-1,-1,-1,0.1,0.4,-1,0,0,80,0.29,100,-1,-1,-1,-1,-1,0,0.5,0.6,0,-1,0,1,1,1,1,1,1,1,1,1,1,1,1,1,1,1,1,1,1,-1,0,-1,0,-1,-1,-1,-1,[0|0|0|0|0|0|0|0|0|0|0|0],
42602932,Erdtree Burial Watchdog (Wyndham Catacombs),0,0,[0|0|0],42600,-1,0,90,2.4,1.2,300,0,1052,0,400,-1,-1,-1,0,0,-1,-1,1.2,-1,5400,5300,5360,7090,0,90400,90000,90010,-1,0,0,0,0,0,-1,-1,-1,-1,-1,-1,22,3000,3001,3002,3003,3004,3005,3006,3007,3008,3009,6001,6000,0,1,1,1,1,1,1,1,1,1,0.23076923,0,50,21,100,0,0,0,100,100,100,0,999,999,999,999,-1,-1,0,0,0,0,-1,-1,1,0,0,0,0,999,999,0,0,-1,10,0,12,0,0,7,3,40,139,139,0,0,2,0,0,0,0,0,0,0,2,0,0,17,7,0,0,0,0,0,0,1,0,1,0,0,0,0,0,0,0,0,0,0,0,0,0,0,0,0,0,0,0,0,0,0,0,0,0,1,0,0,1,0,0,0,0,0,0,0,1,0,0,0,0,0,0,0,0,0,0,0,2.4,1.2,0,1,0,0,0,0,0,0,0,100,1,0,2,117,117,139,139,139,139,90020,90030,90040,90300,90060,90100,0,-1,-1,0,0.4,0.65,0.65,0.9,0.65,0.6,0.6,0.6,0.6,0,0,0,-1,-1,256,-1,-1,300,10,999,0,0,4260,-1,13415,5800,-1,13410,13421,-1,-1,-1,-1,-1,-1,-1,-1,6921,4301,0,2,0,0,0,1,1,1,0,0,-1,-1,0,0,0,0,0,0,-1,-1,-1,0,0,0,180,50,0.1,-1,-1,-1,-1,1,0,0,0,1,0,0,0,0,0,0,0,0,1,0,-1,-1,-1,-1,-1,-1,-1,-1,-1,0.1,0.4,-1,0,0,80,0.29,100,-1,-1,-1,-1,-1,0,0.5,0.6,0,-1,0,1,1,1,1,1,1,1,1,1,1,1,1,1,1,1,1,1,1,-1,0,-1,0,-1,-1,-1,-1,[0|0|0|0|0|0|0|0|0|0|0|0],
42604152,Erdtree Burial Watchdog,0,0,[0|0|0],42600,-1,0,90,2.4,1.2,300,0,1052,0,400,426052000,-1,-1,0,0,-1,-1,1.2,-1,5400,5300,5360,7160,0,0,90000,90010,-1,0,0,0,0,0,-1,-1,-1,-1,-1,-1,22,3000,3001,3002,3003,3004,3005,3006,3007,3008,3009,6001,6000,0,1,1,1,1,1,1,1,1,1,0.23076923,0,50,21,100,0,0,0,100,100,100,0,999,999,999,999,-1,-1,0,0,0,0,-1,-1,1,0,0,0,0,999,999,0,0,-1,10,0,12,0,0,7,3,40,139,139,0,0,2,0,0,0,0,0,0,0,2,0,0,17,7,0,0,0,0,0,0,1,0,1,0,0,0,0,0,0,0,0,0,0,0,0,0,0,0,0,0,0,0,0,0,0,0,0,0,1,0,0,1,0,0,0,0,0,0,0,1,0,0,0,0,0,0,0,0,0,0,0,2.4,1.2,0,0,0,0,0,0,0,0,0,100,1,0,2,117,117,139,139,139,139,90020,90030,90040,90300,90060,90100,0,-1,-1,0,0.4,0.65,0.65,0.9,0.65,0.6,0.6,0.6,0.6,0,0,0,-1,-1,256,-1,-1,200,10,999,0,0,4260,-1,13415,5800,-1,13410,13422,-1,-1,-1,-1,-1,-1,-1,-1,6921,-1,0,2,0,0,0,1,1,1,0,0,-1,-1,0,0,0,0,0,0,-1,-1,-1,0,0,0,180,50,0.1,-1,-1,-1,-1,1,0,0,0,1,0,0,0,0,0,0,0,0,1,0,-1,-1,-1,-1,-1,-1,-1,-1,-1,0.1,0.4,-1,0,0,80,0.29,100,-1,-1,-1,-1,-1,0,0.5,0.6,0,-1,0,1,1,1,1,1,1,1,1,1,1,1,1,1,1,1,1,1,1,-1,0,-1,0,-1,-1,-1,-1,[0|0|0|0|0|0|0|0|0|0|0|0],
42604652,Erdtree Burial Watchdog,0,0,[0|0|0],42600,-1,0,90,2.4,1.2,300,0,1052,0,400,426052100,-1,-1,0,0,-1,-1,1.2,-1,5400,5300,5360,7160,0,0,90000,90010,-1,0,0,0,0,0,-1,-1,-1,-1,-1,-1,22,3000,3001,3002,3003,3004,3005,3006,3007,3008,3009,6001,6000,0,1,1,1,1,1,1,1,1,1,0.23076923,0,50,21,100,0,0,0,100,100,100,0,999,999,999,999,-1,-1,0,0,0,0,-1,-1,1,0,0,0,0,999,999,0,0,-1,10,0,12,0,0,7,3,40,139,139,0,0,2,0,0,0,0,0,0,0,2,0,0,17,7,0,0,0,0,0,0,1,0,1,0,0,0,0,0,0,0,0,0,1,0,0,0,0,0,0,0,0,0,0,0,0,0,0,0,1,0,0,1,0,0,0,0,0,0,0,1,0,0,0,0,0,0,0,0,0,0,0,2.4,1.2,0,0,0,0,0,0,0,0,0,100,1,0,2,117,117,139,139,139,139,90020,90030,90040,90300,90060,90100,0,-1,-1,0,0.4,0.65,0.65,0.9,0.65,0.6,0.6,0.6,0.6,0,0,0,-1,-1,256,-1,-1,200,10,999,0,0,4260,-1,13415,5800,13411,13410,13422,-1,-1,-1,-1,-1,-1,-1,-1,6921,-1,0,2,0,0,0,1,1,1,0,0,-1,-1,0,0,0,0,0,0,-1,-1,-1,0,0,0,180,50,0.1,-1,-1,-1,-1,1,0,0,0,1,0,0,0,0,0,0,0,0,1,0,-1,-1,-1,-1,-1,-1,-1,-1,-1,0.1,0.4,-1,0,0,80,0.29,100,-1,-1,-1,-1,-1,0,0.5,0.6,0,-1,0,1,1,1,1,1,1,1,1,1,1,1,1,1,1,1,1,1,1,-1,0,-1,0,-1,-1,-1,-1,[0|0|0|0|0|0|0|0|0|0|0|0],
42605152,Erdtree Burial Watchdog,0,0,[0|0|0],42600,-1,0,90,2.4,1.2,300,0,1052,0,400,426052200,-1,-1,0,0,-1,-1,1.2,-1,5401,5300,5360,7160,0,0,90000,90010,-1,0,0,0,0,0,-1,-1,-1,-1,-1,-1,22,3000,3001,3002,3003,3004,3005,3006,3007,3008,3009,6001,6000,0,1,1,1,1,1,1,1,1,1,0.23076923,0,50,21,100,0,0,0,100,100,100,0,999,999,999,999,-1,-1,0,0,0,0,-1,-1,1,0,0,0,0,999,999,0,0,-1,10,0,12,0,0,7,3,40,139,139,0,0,2,0,0,0,0,0,0,0,2,0,0,17,7,0,0,0,0,0,0,1,0,0,1,0,0,0,0,0,0,0,0,0,0,0,0,0,0,0,0,0,0,0,0,0,0,0,0,1,0,0,1,0,0,0,0,0,0,0,1,0,0,0,0,0,0,0,0,0,0,0,2.4,1.2,0,0,0,0,0,0,0,0,0,100,1,0,2,117,117,139,139,139,139,90020,90030,90040,90300,90060,90100,0,-1,-1,0,0.4,0.65,0.65,0.9,0.65,0.6,0.6,0.6,0.6,0,0,0,-1,-1,256,-1,-1,200,10,999,0,0,4260,-1,13415,5800,-1,13410,13422,-1,-1,-1,-1,-1,-1,-1,-1,6921,-1,0,2,0,0,0,1,1,1,0,0,-1,-1,0,0,0,0,0,0,-1,-1,-1,0,0,0,180,50,0.1,-1,-1,-1,-1,1,0,0,0,1,0,0,0,0,0,0,0,0,1,0,-1,-1,-1,-1,-1,-1,-1,-1,-1,0.1,0.4,-1,0,0,80,0.29,100,-1,-1,-1,-1,-1,0,0.5,0.6,0,-1,0,1,1,1,1,1,1,1,1,1,1,1,1,1,1,1,1,1,1,-1,0,-1,0,-1,-1,-1,-1,[0|0|0|0|0|0|0|0|0|0|0|0],
42800054,Giant Ant,0,0,[0|0|0],42800,1004,0,90,1.6,1.4,90,0,196,0,100,428000000,-1,-1,3,0,-1,-1,1.4,-1,5403,0,0,7180,0,0,0,0,-1,0,0,0,0,0,-1,-1,-1,-1,-1,-1,16,3000,3001,3002,3003,3004,3005,3006,3007,3008,3009,6001,6000,0,1,1,1,1,1,1,1,1,1.5,-0.3846154,0,50,21,100,0,0,0,100,100,100,0,252,252,154,999,-1,-1,0,0,0,0,-1,-1,1,0,0,0,0,63,999,0,0,-1,10,0,13,0,0,6,4,40,139,139,0,0,2,0,0,0,0,0,0,0,2,0,0,17,7,1,0,0,0,0,0,1,0,0,1,0,0,0,0,0,0,0,0,0,0,0,0,0,0,0,0,0,0,0,0,0,0,0,0,1,0,0,1,0,0,0,0,0,0,0,0,0,0,0,0,0,0,0,0,0,0,0,1.6,1.4,0,0,0,0,0,0,0,0,0,100,1,0,1,125,123,139,139,139,139,0,90030,0,5851,90060,90160,0,5261,-1,0,0.1,0.9,0.65,0.9,0.9,1,1.2,1,1,0,0,0,-1,-1,256,2004,-1,100,10,84,0,0,-1,5800,-1,15350,-1,-1,-1,-1,-1,-1,-1,-1,-1,-1,-1,-1,-1,0,-1,1,0,0,1,1,1,0,0,-1,-1,0,0,0,0,0,0,-1,-1,4280,40,20,0,180,50,0.1,-1,-1,-1,-1,2.5,0,0,0,1,0,0,0,0,0,0,0,0,1,0,-1,-1,-1,-1,-1,-1,-1,-1,2900,0.1,0.4,-1,0,0,40,0.29,100,3003,-1,5001,6000,-1,0,0.5,0.6,0,-1,0,1,1,1,1,1,1,1,1,1,1,1,1,1,1,1,1,1,1,-1,0,-1,0,-1,-1,-1,-1,[0|0|0|0|0|0|0|0|0|0|0|0],
42800056,Giant Ant,0,0,[0|0|0],42800,1004,0,90,1.6,1.4,90,0,196,0,100,428000000,-1,-1,3,0,-1,-1,1.4,-1,5403,0,0,7190,0,0,0,0,-1,0,0,0,0,0,-1,-1,-1,-1,-1,-1,16,3000,3001,3002,3003,3004,3005,3006,3007,3008,3009,6001,6000,0,1,1,1,1,1,1,1,1,1.5,-0.3846154,0,50,21,100,0,0,0,100,100,100,0,252,252,154,999,-1,-1,0,0,0,0,-1,-1,1,0,0,0,0,63,999,0,0,-1,10,0,13,0,0,6,4,40,139,139,0,0,2,0,0,0,0,0,0,0,2,0,0,17,7,1,0,0,0,0,0,1,0,0,1,0,0,0,0,0,0,0,0,0,0,0,0,0,0,0,0,0,0,0,0,0,0,0,0,1,0,0,1,0,0,0,0,0,0,0,0,0,0,0,0,0,0,0,0,0,0,0,1.6,1.4,0,0,0,0,0,0,0,0,0,100,1,0,1,125,123,139,139,139,139,0,90030,0,5851,90060,90160,0,5261,-1,0,0.1,0.9,0.65,0.9,0.9,1,1.2,1,1,0,0,0,-1,-1,256,2004,-1,100,10,84,0,0,-1,5800,-1,15350,-1,-1,-1,-1,-1,-1,-1,-1,-1,-1,-1,-1,-1,0,-1,1,0,0,1,1,1,0,0,-1,-1,0,0,0,0,0,0,-1,-1,4280,40,20,0,180,50,0.1,-1,-1,-1,-1,2.5,0,0,0,1,0,0,0,0,0,0,0,0,1,0,-1,-1,-1,-1,-1,-1,-1,-1,2900,0.1,0.4,-1,0,0,40,0.29,100,3003,-1,5001,6000,-1,0,0.5,0.6,0,-1,0,1,1,1,1,1,1,1,1,1,1,1,1,1,1,1,1,1,1,-1,0,-1,0,-1,-1,-1,-1,[0|0|0|0|0|0|0|0|0|0|0|0],
42800260,Giant Ant (Stinger- Large Abdomen) (Ainsel River),0,0,[0|0|0],42800,1004,0,90,1.6,1.4,90,0,196,0,100,428000200,-1,-1,3,0,-1,-1,1.4,-1,5401,0,5360,7050,0,0,0,0,-1,0,0,0,0,0,-1,-1,-1,-1,-1,-1,16,3000,3001,3002,3003,3004,3005,3006,3007,3008,3009,6001,6000,0,1,1,1,1,1,1,1,1,10,-0.3846154,0,50,21,100,0,0,0,100,100,100,0,252,252,154,999,-1,-1,0,0,0,0,-1,-1,1,0,0,0,0,63,999,0,0,-1,10,0,13,0,0,24,0,40,145,107,1,0,2,0,0,0,0,0,0,0,2,0,0,17,7,1,0,0,0,0,0,1,0,0,0,0,1,0,0,0,0,0,0,0,0,0,0,0,0,0,0,0,0,0,0,0,0,0,0,1,0,0,1,0,0,0,0,0,0,0,0,0,0,0,0,0,0,0,0,0,0,0,1.6,1.4,0,0,0,0,0,0,0,0,0,100,1,0,1,125,123,139,139,139,145,0,90030,0,5851,90060,90160,0,5261,-1,0,0.1,0.9,0.65,0.9,0.9,1,1.2,1,1,0,0,0,-1,-1,256,2004,-1,100,10,84,0,0,-1,5800,5890,15352,5841,-1,-1,-1,-1,-1,-1,-1,-1,-1,-1,-1,-1,0,-1,1,0,0,1,1,1,0,0,-1,-1,0,0,0,0,0,0,-1,-1,4280,40,20,0,180,50,0.1,-1,-1,-1,-1,2.5,0,0,0,1,0,0,0,0,0,0,0,0,1,0,-1,-1,-1,-1,-1,-1,-1,-1,2900,0.1,0.4,-1,0,0,40,0.29,100,3003,-1,5001,6000,-1,0,0.5,0.6,0,-1,0,1,1,1,1,1,1,1,1,1,1,1,1,1,1,1,1,1,1,-1,0,-1,0,-1,-1,-1,-1,[0|0|0|0|0|0|0|0|0|0|0|0],
42800354,Giant Ant (Replete),0,0,[0|0|0],42800,1004,0,90,1.6,1.4,90,0,196,0,100,-1,-1,-1,3,0,-1,-1,1.4,-1,5401,0,5360,7180,0,0,0,0,-1,0,0,0,0,0,-1,-1,-1,-1,-1,-1,16,3000,3001,3002,3003,3004,3005,3006,3007,3008,3009,6001,6000,0,1,1,1,1,1,1,1,1,10,-0.3846154,0,50,21,100,0,0,0,100,100,100,0,252,252,154,999,-1,-1,0,0,0,0,-1,-1,1,0,0,0,0,63,999,0,0,-1,10,0,13,0,0,6,0,40,145,107,1,0,2,0,0,0,0,0,0,0,2,0,0,17,7,1,0,0,0,0,0,1,0,0,0,0,0,1,0,0,0,0,0,0,0,0,0,0,0,0,0,0,0,0,0,0,0,0,0,1,0,0,1,0,0,0,0,0,0,0,0,0,0,0,0,0,0,0,0,0,0,0,1.6,1.4,0,0,0,0,0,0,0,0,0,100,1,0,1,125,123,139,139,139,145,0,90030,0,5851,90060,90160,0,5261,-1,0,0.1,0.9,0.65,0.9,0.9,1,1.2,1,1,0,0,0,-1,-1,256,2004,-1,100,10,84,0,0,-1,5800,5890,15353,5841,-1,-1,-1,-1,-1,-1,-1,-1,-1,-1,-1,-1,0,-1,1,0,0,1,1,1,0,0,-1,-1,0,0,0,0,0,0,-1,-1,4280,40,20,0,180,50,0.1,-1,-1,-1,-1,2.5,0,0,0,1,0,0,0,0,0,0,0,0,1,0,-1,-1,-1,-1,-1,-1,-1,-1,2900,0.1,0.4,-1,0,0,40,0.29,100,3003,-1,5001,6000,-1,0,0.5,0.6,0,-1,0,1,1,1,1,1,1,1,1,1,1,1,1,1,1,1,1,1,1,-1,0,-1,0,-1,-1,-1,-1,[0|0|0|0|0|0|0|0|0|0|0|0],
42800362,Giant Ant (Replete),0,0,[0|0|0],42800,1004,0,90,1.6,1.4,90,0,196,0,100,-1,-1,-1,3,0,-1,-1,1.4,-1,5401,0,5360,7110,0,0,0,0,-1,0,0,0,0,0,-1,-1,-1,-1,-1,-1,16,3000,3001,3002,3003,3004,3005,3006,3007,3008,3009,6001,6000,0,1,1,1,1,1,1,1,1,10,-0.3846154,0,50,21,100,0,0,0,100,100,100,0,252,252,154,999,-1,-1,0,0,0,0,-1,-1,1,0,0,0,0,63,999,0,0,-1,10,0,13,0,0,24,0,40,145,107,1,0,2,0,0,0,0,0,0,0,2,0,0,17,7,1,0,0,0,0,0,1,0,0,0,0,0,1,0,0,0,0,0,0,0,0,0,0,0,0,0,0,0,0,0,0,0,0,0,1,1,0,1,0,0,0,0,0,0,0,0,0,0,0,0,0,0,0,0,0,0,0,1.6,1.4,0,0,0,0,0,0,0,0,0,100,1,0,1,125,123,139,139,139,145,0,90030,0,5851,90060,90160,0,5261,-1,0,0.1,0.9,0.65,0.9,0.9,1,1.2,1,1,0,0,0,-1,-1,256,2004,-1,100,10,84,0,0,-1,5800,5890,15353,5841,-1,-1,-1,-1,-1,-1,-1,-1,-1,-1,-1,-1,0,-1,1,0,0,1,1,1,0,0,-1,-1,0,0,0,0,0,0,-1,-1,4280,40,20,0,180,50,0.1,-1,-1,-1,-1,2.5,0,0,0,1,0,0,0,0,0,0,0,0,1,0,-1,-1,-1,-1,-1,-1,-1,-1,2900,0.1,0.4,-1,0,0,40,0.29,100,3003,-1,5001,6000,-1,0,0.5,0.6,0,-1,0,1,1,1,1,1,1,1,1,1,1,1,1,1,1,1,1,1,1,-1,0,-1,0,-1,-1,-1,-1,[0|0|0|0|0|0|0|0|0|0|0|0],
42800562,Giant Ant,0,0,[0|0|0],42800,1004,0,90,1.6,1.4,90,3,196,0,100,428000600,-1,-1,3,0,-1,-1,1.4,-1,5402,0,0,7110,0,0,0,0,-1,0,0,0,0,0,-1,-1,-1,-1,-1,-1,16,3000,3001,3002,3003,3004,3005,3006,3007,3008,3009,6001,6000,0,1,1,1,1,1,1,1,1,1.5,-0.3846154,0,50,21,100,0,0,0,100,100,100,0,252,252,154,999,-1,-1,0,0,0,0,-1,-1,1,0,0,0,0,63,999,0,0,-1,10,0,13,0,0,24,4,40,139,139,0,0,2,0,0,0,0,0,0,0,2,0,0,17,7,1,0,0,0,0,0,1,0,0,1,0,0,0,1,0,0,0,0,0,0,0,0,0,0,0,0,0,0,0,0,0,0,0,0,1,0,0,1,0,0,0,0,0,0,0,0,0,0,0,0,0,0,0,0,0,0,0,1.6,1.4,0,0,0,0,0,0,0,0,0,100,1,0,1,125,123,139,139,139,139,0,90030,0,5851,90060,90160,0,5261,-1,0,0.1,0.9,0.65,0.9,0.9,1,1.2,1,1,0,0,0,-1,-1,256,2004,-1,100,10,84,0,0,-1,5800,-1,15356,-1,-1,-1,-1,-1,-1,-1,-1,-1,-1,-1,471,-1,0,-1,1,0,0,1,1,1,0,0,-1,-1,0,0,0,0,0,0,-1,-1,4280,40,20,0,180,50,0.1,-1,-1,-1,-1,2.5,0,0,0,1,0,0,0,0,0,0,0,0,1,0,-1,-1,-1,-1,-1,-1,-1,-1,2900,0.1,0.4,-1,0,0,40,0.29,100,3003,-1,5001,6000,-1,0,0.5,0.6,0,-1,0,1,1,1,1,1,1,1,1,1,1,1,1,1,1,1,1,1,1,-1,0,-1,0,-1,-1,-1,-1,[0|0|0|0|0|0|0|0|0|0|0|0],
42900032,Bloodhound Knight,0,0,[0|0|0],42900,1003,0,90,1.6,0.8,90,0,438,0,400,429000000,-1,10,0,0,-1,-1,0.8,-1,5400,0,13502,7090,0,0,0,0,-1,0,0,0,0,0,-1,-1,-1,-1,-1,-1,38,3000,3001,3002,3003,3004,3005,3006,3007,3008,3009,6001,6000,0,1,1,1,1,1,1,1,1,1.5,0,0,50,21,100,0,0,0,100,100,100,0,154,154,154,999,-1,-1,0,0,0,0,-1,-1,0,0,0,0,30,112,999,0,0,-1,10,0,11,0,0,6,4,40,110,110,0,0,2,0,0,0,0,0,0,0,0,0,0,17,7,0,0,0,0,0,0,1,0,1,0,0,0,0,0,0,0,0,0,1,0,0,0,0,0,0,0,0,0,0,0,0,0,0,0,1,0,0,1,0,0,0,0,0,0,0,0,0,0,0,0,0,0,0,0,0,0,0,1.6,0.8,0,0,0,0,0,0,0,0,0,100,1,0,2,106,109,139,106,139,106,0,90030,0,5851,90060,90161,90200,5262,-1,0,0.1,0.9,0.9,0.9,1,1,1,1.2,1,0,0,0,-1,-1,256,2003,-1,200,30,154,0,0,-1,5800,-1,-1,-1,-1,-1,-1,-1,-1,-1,-1,-1,-1,-1,-1,-1,0,-1,1,0,0,1,1,1,0,0,-1,-1,0,0,0,0,0,0,-1,-1,-1,40,30,0,180,50,0.2,-1,-1,-1,-1,1.8,0,0,0,1,0,0,0,0,0,0,0,0,1,0,-1,-1,-1,-1,-1,-1,-1,-1,-1,0.1,0.4,-1,0,0,65,0.29,100,3003,-1,5003,6002,-1,0,0.5,0.6,0,-1,0,1,1,1,1,1,1,1,1,1,1,1,1,1,1,1,1,1,1,-1,0,-1,0,-1,-1,-1,-1,[0|0|0|0|0|0|0|0|0|0|0|0],
42900038,Bloodhound Knight,0,0,[0|0|0],42900,1003,0,90,1.6,0.8,90,0,438,0,400,429000000,-1,10,0,0,-1,-1,0.8,-1,5400,0,13502,7110,0,0,0,0,-1,0,0,0,0,0,-1,-1,-1,-1,-1,-1,38,3000,3001,3002,3003,3004,3005,3006,3007,3008,3009,6001,6000,0,1,1,1,1,1,1,1,1,1.5,0,0,50,21,100,0,0,0,100,100,100,0,154,154,154,999,-1,-1,0,0,0,0,-1,-1,0,0,0,0,30,112,999,0,0,-1,10,0,11,0,0,6,4,40,110,110,0,0,2,0,0,0,0,0,0,0,0,0,0,17,7,0,0,0,0,0,0,1,0,1,0,0,0,0,0,0,0,0,0,1,0,0,0,0,0,0,0,0,0,0,0,0,0,0,0,1,0,0,1,0,0,0,0,0,0,0,0,0,0,0,0,0,0,0,0,0,0,0,1.6,0.8,0,0,0,0,0,0,0,0,0,100,1,0,2,106,109,139,106,139,106,0,90030,0,5851,90060,90161,90200,5262,-1,0,0.1,0.9,0.9,0.9,1,1,1,1.2,1,0,0,0,-1,-1,256,2003,-1,200,30,154,0,0,-1,5800,-1,-1,-1,-1,-1,-1,-1,-1,-1,-1,-1,-1,-1,-1,-1,0,-1,1,0,0,1,1,1,0,0,-1,-1,0,0,0,0,0,0,-1,-1,-1,40,30,0,180,50,0.2,-1,-1,-1,-1,1.8,0,0,0,1,0,0,0,0,0,0,0,0,1,0,-1,-1,-1,-1,-1,-1,-1,-1,-1,0.1,0.4,-1,0,0,65,0.29,100,3003,-1,5003,6002,-1,0,0.5,0.6,0,-1,0,1,1,1,1,1,1,1,1,1,1,1,1,1,1,1,1,1,1,-1,0,-1,0,-1,-1,-1,-1,[0|0|0|0|0|0|0|0|0|0|0|0],
42900100,Bloodhound Knight,0,0,[0|0|0],42900,1003,0,90,1.6,0.8,90,0,438,0,400,429000000,-1,10,0,0,-1,-1,0.8,-1,5400,0,13502,0,0,0,0,0,-1,0,0,0,0,0,-1,-1,-1,-1,-1,-1,38,3000,3001,3002,3003,3004,3005,3006,3007,3008,3009,6001,6000,0,1,1,1,1,1,1,1,1,1.5,0,0,50,21,100,0,0,0,100,100,100,0,154,154,154,999,-1,-1,0,0,0,0,-1,-1,0,0,0,0,30,112,999,0,0,-1,10,0,11,0,0,6,4,40,110,110,0,0,2,0,0,0,0,0,0,0,0,0,0,17,7,0,0,0,0,0,0,1,0,1,0,0,0,0,0,0,0,0,0,1,0,0,0,0,0,0,0,0,0,0,0,0,0,0,0,1,0,0,1,0,0,0,0,0,0,0,0,0,0,0,0,0,0,0,0,0,0,0,1.6,0.8,0,0,0,0,0,0,0,0,0,100,1,0,2,106,109,139,106,139,106,0,90030,0,5851,90060,90161,90200,5262,-1,0,0.1,0.9,0.9,0.9,1,1,1,1.2,1,0,0,0,-1,-1,256,2003,-1,200,30,154,0,0,-1,5800,-1,-1,-1,-1,-1,-1,-1,-1,-1,-1,-1,-1,-1,-1,-1,0,-1,1,0,0,1,1,1,0,0,-1,-1,0,0,0,0,0,0,-1,-1,-1,40,30,0,180,50,0.2,-1,-1,-1,-1,1.8,0,0,0,1,0,0,0,0,0,0,0,0,1,0,-1,-1,-1,-1,-1,-1,-1,-1,-1,0.1,0.4,-1,0,0,65,0.29,100,3003,-1,5003,6002,-1,0,0.5,0.6,0,-1,0,1,1,1,1,1,1,1,1,1,1,1,1,1,1,1,1,1,1,-1,0,-1,0,-1,-1,-1,-1,[0|0|0|0|0|0|0|0|0|0|0|0],
42900920,Bloodhound Knight (Boss),0,0,[0|0|0],42900,1003,0,90,1.6,0.8,90,0,438,0,400,-1,-1,10,0,0,-1,-1,0.8,-1,5400,0,13502,7060,0,90400,0,0,-1,0,0,0,0,0,-1,-1,-1,-1,-1,-1,38,3000,3001,3002,3003,3004,3005,3006,3007,3008,3009,6001,6000,0,1,1,1,1,1,1,1,1,1.5,0,0,50,21,100,0,0,0,100,100,100,0,154,154,154,999,-1,-1,0,0,0,0,-1,-1,0,0,0,0,30,112,999,0,0,-1,10,0,11,0,0,6,4,40,110,110,0,0,2,0,0,0,0,0,0,0,0,0,0,17,7,0,0,0,0,0,0,1,0,1,0,0,0,0,0,0,0,0,0,1,0,0,0,0,0,0,0,0,0,0,0,0,0,0,0,1,0,0,1,0,0,0,0,0,0,0,0,0,0,0,0,0,0,0,0,0,0,0,1.6,0.8,0,1,0,0,0,0,0,0,0,100,1,0,2,106,109,139,106,139,106,95000,90030,95010,5851,90060,90161,0,-1,-1,0,0.1,0.9,0.9,0.9,1,1,1,1.2,1,0,0,0,-1,-1,256,2003,-1,300,30,154,0,0,-1,5800,-1,-1,-1,-1,-1,-1,-1,-1,-1,-1,-1,4410,-1,-1,4301,0,-1,1,0,0,1,1,1,0,0,-1,-1,0,0,0,0,0,0,-1,-1,-1,40,30,0,180,50,0.2,-1,-1,-1,-1,1.8,0,0,0,1,0,0,0,0,0,0,0,0,1,0,-1,-1,-1,-1,-1,-1,-1,-1,-1,0.1,0.4,-1,0,0,65,0.29,100,3003,-1,5003,6002,-1,0,0.5,0.6,0,-1,0,1,1,1,1,1,1,1,1,1,1,1,1,1,1,1,1,1,1,-1,0,-1,0,-1,-1,-1,-1,[0|0|0|0|0|0|0|0|0|0|0|0],
42909024,Bloodhound Knight,0,0,[0|0|0],42900,1003,0,90,1.6,0.8,90,0,438,0,400,-1,-1,10,0,0,-1,-1,0.8,-1,5400,0,13502,7060,0,90400,90000,90010,-1,0,0,0,0,0,-1,-1,-1,-1,-1,-1,38,3000,3001,3002,3003,3004,3005,3006,3007,3008,3009,6001,6000,0,1,1,1,1,1,1,1,1,1.5,0,0,50,21,100,0,0,0,100,100,100,0,154,154,154,999,-1,-1,0,0,0,0,-1,-1,0,0,0,0,30,112,999,0,0,-1,10,0,11,0,0,6,4,40,110,110,0,0,2,0,0,0,0,0,0,0,0,0,0,17,7,0,0,0,0,0,0,1,0,1,0,0,0,0,0,0,0,0,0,1,0,0,0,0,0,0,0,0,0,0,0,0,0,0,0,1,0,0,1,0,0,0,0,0,0,0,0,0,0,0,0,0,0,0,0,0,0,0,1.6,0.8,0,0,0,0,0,0,0,0,0,100,1,0,2,106,109,139,106,139,106,90020,90030,90040,90300,90060,90161,90200,-1,-1,0,0.1,0.9,0.9,0.9,1,1,1,1.2,1,0,0,0,-1,-1,256,2003,-1,200,30,154,0,0,-1,5800,-1,14570,14593,-1,-1,-1,-1,-1,-1,-1,-1,-1,-1,-1,-1,0,-1,1,0,0,1,1,1,0,0,-1,-1,0,0,0,0,0,0,-1,-1,-1,40,30,0,180,50,0.2,-1,-1,-1,-1,1.8,0,0,0,1,0,0,0,0,0,0,0,0,1,0,-1,-1,-1,-1,-1,-1,-1,-1,-1,0.1,0.4,-1,0,0,65,0.29,100,3003,-1,5003,6002,-1,0,0.5,0.6,0,-1,0,1,1,1,1,1,1,1,1,1,1,1,1,1,1,1,1,1,1,-1,0,-1,0,-1,-1,-1,-1,[0|0|0|0|0|0|0|0|0|0|0|0],
43000032,Wandering Noble,0,0,[0|0|0],43000,1000,0,60,1.8,0.4,130,0,85,0,100,430030000,-1,10,0,0,-1,-1,0.4,-1,5400,0,0,7090,0,0,0,0,-1,0,0,0,0,0,-1,-1,-1,-1,-1,-1,18,3000,3001,3002,3003,3004,3005,3006,3007,3008,3009,6001,6000,0,1,1,1,1,1,1,1,1,1.5,-0.53846157,0,50,21,100,0,0,0,100,100,100,0,63,63,84,999,-1,-1,0,0,0,0,-1,-1,0,0,0,0,0,84,999,0,0,-1,10,0,11,0,0,60,3,40,110,110,0,0,2,0,0,0,0,0,0,0,0,0,0,22,7,0,0,0,0,0,0,0,0,1,0,0,0,0,0,0,0,0,0,0,0,1,0,0,0,0,0,0,0,0,0,0,0,0,0,1,0,0,1,0,0,0,0,0,0,0,0,0,0,0,0,0,0,0,0,0,0,0,1.8,0.4,0,0,0,0,0,0,0,0,0,100,1,0,1,109,109,139,139,139,139,0,90030,0,0,90060,90161,90200,5261,-1,0,0.4,1.1,1.1,1.1,1.1,1.2,1.2,1.2,1,0,10,0,-1,-1,128,2000,-1,100,30,84,0,0,-1,-1,-1,5065,-1,5800,-1,6000,-1,-1,-1,10103,-1,-1,-1,-1,-1,0,2,0,0,0,1,1,1,0,0,-1,-1,0,0,0,0,0,0,-1,-1,-1,0,0,0,180,50,0.1,-1,-1,-1,-1,1.8,0,0,0,1,0,0,0,0,0,0,0,0,1,0,-1,-1,-1,-1,-1,-1,-1,-1,-1,0.1,0.4,-1,0,0,30,0.29,100,3001,-1,5001,6001,-1,0,0.5,0.6,0,-1,0,1,1,1,1,1,1,1,1,1,1,1,1,1,1,1,1,1,1,-1,0,-1,0,-1,-1,-1,-1,[0|0|0|0|0|0|0|0|0|0|0|0],
43000112,Wandering Noble,0,0,[0|0|0],43000,1000,0,60,1.8,0.4,130,0,85,0,100,430000010,-1,10,0,0,-1,-1,0.4,-1,5400,0,0,7020,0,0,0,0,-1,0,0,0,0,0,-1,-1,-1,-1,-1,-1,18,3000,3001,3002,3003,3004,3005,3006,3007,3008,3009,6001,6000,0,1,1,1,1,1,1,1,1,1.5,-0.53846157,0,50,21,100,0,0,0,100,100,100,0,63,63,84,999,-1,-1,0,0,0,0,-1,-1,0,0,0,0,0,84,999,0,0,-1,10,0,11,0,0,6,3,40,110,110,0,0,2,0,0,0,0,0,0,0,0,0,0,22,7,0,0,0,0,0,0,0,0,1,0,0,0,0,0,0,0,0,0,0,0,0,0,0,0,0,0,0,0,0,0,0,0,0,0,1,0,0,1,0,0,1,0,0,0,0,0,0,0,0,0,0,0,0,0,0,0,0,1.8,0.4,0,0,0,0,0,0,0,0,0,100,1,0,1,109,109,139,139,139,139,0,90030,0,0,90060,90161,90200,5261,-1,0,0.4,1.1,1.1,1.1,1.1,1.2,1.2,1.2,1,0,10,0,-1,-1,128,2000,-1,100,30,84,0,0,-1,-1,-1,5065,-1,5800,-1,6000,-1,-1,-1,10103,-1,-1,-1,-1,-1,0,2,0,0,0,1,1,1,0,0,-1,-1,0,0,0,0,0,0,-1,-1,-1,0,0,0,180,50,0.1,-1,-1,-1,-1,1.8,0,0,0,1,0,0,0,0,0,0,0,0,1,0,-1,-1,-1,-1,-1,-1,-1,-1,-1,0.1,0.4,4301,0,0,30,0.29,100,3001,-1,5001,6001,-1,0,0.5,0.6,0,-1,0,1,1,1,1,1,1,1,1,1,1,1,1,1,1,1,1,1,1,-1,0,-1,0,-1,-1,-1,-1,[0|0|0|0|0|0|0|0|0|0|0|0],
43000133,Wandering Noble,0,0,[0|0|0],43000,1000,0,60,1.8,0.4,130,0,85,0,100,430030010,-1,10,0,0,-1,-1,0.4,-1,5400,0,0,7090,0,0,0,0,-1,0,0,0,0,0,-1,-1,-1,-1,-1,-1,18,3000,3001,3002,3003,3004,3005,3006,3007,3008,3009,6001,6000,0,1,1,1,1,1,1,1,1,1.5,-0.53846157,0,50,21,100,0,0,0,100,100,100,0,63,63,84,999,-1,-1,0,0,0,0,-1,-1,0,0,0,0,0,84,999,0,0,-1,10,0,11,0,0,60,3,40,110,110,0,0,2,0,0,0,0,0,0,0,0,0,0,22,7,0,0,0,0,0,0,0,0,1,0,0,0,0,0,0,0,0,0,0,0,0,0,0,0,0,0,0,0,0,0,0,0,0,0,1,0,0,1,0,0,1,0,0,0,0,0,0,0,0,0,0,0,0,0,0,0,0,1.8,0.4,0,0,0,0,0,0,0,0,0,100,1,0,1,109,109,139,139,139,139,0,90030,0,0,90060,90161,90200,5261,-1,0,0.4,1.1,1.1,1.1,1.1,1.2,1.2,1.2,1,0,10,0,-1,-1,128,2000,-1,100,30,84,0,0,-1,-1,-1,5065,-1,5800,-1,6000,-1,-1,-1,10103,-1,-1,-1,-1,-1,0,2,0,0,0,1,1,1,0,0,-1,-1,0,0,0,0,0,0,-1,-1,-1,0,0,0,180,50,0.1,-1,-1,-1,-1,1.8,0,0,0,1,0,0,0,0,0,0,0,0,1,0,-1,-1,-1,-1,-1,-1,-1,-1,-1,0.1,0.4,-1,0,0,30,0.29,100,3001,-1,5001,6001,-1,0,0.5,0.6,0,-1,0,1,1,1,1,1,1,1,1,1,1,1,1,1,1,1,1,1,1,-1,0,-1,0,-1,-1,-1,-1,[0|0|0|0|0|0|0|0|0|0|0|0],
43000152,Wandering Noble,0,0,[0|0|0],43000,1000,0,60,1.8,0.4,130,0,85,0,100,430030010,-1,10,0,0,-1,-1,0.4,-1,5400,0,0,7160,0,0,0,0,-1,0,0,0,0,0,-1,-1,-1,-1,-1,-1,18,3000,3001,3002,3003,3004,3005,3006,3007,3008,3009,6001,6000,0,1,1,1,1,1,1,1,1,1.5,-0.53846157,0,50,21,100,0,0,0,100,100,100,0,63,63,84,999,-1,-1,0,0,0,0,-1,-1,0,0,0,0,0,84,999,0,0,-1,10,0,11,0,0,63,3,40,110,110,0,0,2,0,0,0,0,0,0,0,0,0,0,22,7,0,0,0,0,0,0,0,0,1,0,0,0,0,0,0,0,0,0,0,0,0,0,0,0,0,0,0,0,0,0,0,0,0,0,1,0,0,1,0,0,1,0,0,0,0,0,0,0,0,0,0,0,0,0,0,0,0,1.8,0.4,0,0,0,0,0,0,0,0,0,100,1,0,1,109,109,139,139,139,139,0,90030,0,0,90060,90161,90200,5261,-1,0,0.4,1.1,1.1,1.1,1.1,1.2,1.2,1.2,1,0,10,0,-1,-1,128,2000,-1,100,30,84,0,0,-1,-1,-1,5065,-1,5800,-1,6000,-1,-1,-1,10103,-1,-1,-1,-1,-1,0,2,0,0,0,1,1,1,0,0,-1,-1,0,0,0,0,0,0,-1,-1,-1,0,0,0,180,50,0.1,-1,-1,-1,-1,1.8,0,0,0,1,0,0,0,0,0,0,0,0,1,0,-1,-1,-1,-1,-1,-1,-1,-1,-1,0.1,0.4,-1,0,0,30,0.29,100,3001,-1,5001,6001,-1,0,0.5,0.6,0,-1,0,1,1,1,1,1,1,1,1,1,1,1,1,1,1,1,1,1,1,-1,0,-1,0,-1,-1,-1,-1,[0|0|0|0|0|0|0|0|0|0|0|0],
43000212,Wandering Noble,0,0,[0|0|0],43000,1000,0,60,1.8,0.4,130,0,85,0,100,430000020,-1,10,0,0,-1,-1,0.4,-1,5400,0,0,7020,0,0,0,0,-1,0,0,0,0,0,-1,-1,-1,-1,-1,-1,18,3000,3001,3002,3003,3004,3005,3006,3007,3008,3009,6001,6000,0,1,1,1,1,1,1,1,1,1.5,-0.53846157,0,50,21,100,0,0,0,100,100,100,0,63,63,84,999,-1,-1,0,0,0,0,-1,-1,0,0,0,0,0,84,999,0,0,-1,10,0,11,0,0,6,3,40,110,110,0,0,2,0,0,0,0,0,0,0,0,0,0,22,7,0,0,0,0,0,0,0,0,1,0,0,0,0,0,0,0,0,0,0,0,0,0,0,0,0,0,0,0,0,0,0,0,0,0,1,0,0,1,0,0,0,1,0,0,0,0,0,0,0,0,0,0,0,0,0,0,0,1.8,0.4,0,0,0,0,0,0,0,0,0,100,1,0,1,109,109,139,139,139,139,0,90030,0,0,90060,90161,90200,5261,-1,0,0.4,1.1,1.1,1.1,1.1,1.2,1.2,1.2,1,0,10,0,-1,-1,128,2000,-1,100,30,84,0,0,-1,-1,-1,5065,-1,5800,-1,6000,-1,-1,-1,10103,-1,-1,-1,-1,-1,0,2,0,0,0,1,1,1,0,0,-1,-1,0,0,0,0,0,0,-1,-1,-1,0,0,0,180,50,0.1,-1,-1,-1,-1,1.8,0,0,0,1,0,0,0,0,0,0,0,0,1,0,-1,-1,-1,-1,-1,-1,-1,-1,-1,0.1,0.4,4301,0,0,30,0.29,100,3001,-1,5001,6001,-1,0,0.5,0.6,0,-1,0,1,1,1,1,1,1,1,1,1,1,1,1,1,1,1,1,1,1,-1,0,-1,0,-1,-1,-1,-1,[0|0|0|0|0|0|0|0|0|0|0|0],
43000230,Wandering Noble,0,0,[0|0|0],43000,1000,0,60,1.8,0.4,130,0,85,0,100,430030020,-1,10,0,0,-1,-1,0.4,-1,5400,0,0,7080,0,0,0,0,-1,0,0,0,0,0,-1,-1,-1,-1,-1,-1,18,3000,3001,3002,3003,3004,3005,3006,3007,3008,3009,6001,6000,0,1,1,1,1,1,1,1,1,1.5,-0.53846157,0,50,21,100,0,0,0,100,100,100,0,63,63,84,999,-1,-1,0,0,0,0,-1,-1,0,0,0,0,0,84,999,0,0,-1,10,0,11,0,0,6,3,40,110,110,0,0,2,0,0,0,0,0,0,0,0,0,0,22,7,0,0,0,0,0,0,0,0,1,0,0,0,0,0,0,0,0,0,0,0,0,0,0,0,0,0,0,0,0,0,0,0,0,0,1,0,0,1,0,0,0,1,0,0,0,0,0,0,0,0,0,0,0,0,0,0,0,1.8,0.4,0,0,0,0,0,0,0,0,0,100,1,0,1,109,109,139,139,139,139,0,90030,0,0,90060,90161,90200,5261,-1,0,0.4,1.1,1.1,1.1,1.1,1.2,1.2,1.2,1,0,10,0,-1,-1,128,2000,-1,100,30,84,0,0,-1,-1,-1,5065,-1,5800,-1,6000,-1,-1,-1,10103,-1,-1,-1,-1,-1,0,2,0,0,0,1,1,1,0,0,-1,-1,0,0,0,0,0,0,-1,-1,-1,0,0,0,180,50,0.1,-1,-1,-1,-1,1.8,0,0,0,1,0,0,0,0,0,0,0,0,1,0,-1,-1,-1,-1,-1,-1,-1,-1,-1,0.1,0.4,-1,0,0,30,0.29,100,3001,-1,5001,6001,-1,0,0.5,0.6,0,-1,0,1,1,1,1,1,1,1,1,1,1,1,1,1,1,1,1,1,1,-1,0,-1,0,-1,-1,-1,-1,[0|0|0|0|0|0|0|0|0|0|0|0],
43000233,Wandering Noble,0,0,[0|0|0],43000,1000,0,60,1.8,0.4,130,0,85,0,100,430030020,-1,10,0,0,-1,-1,0.4,-1,5400,0,0,7090,0,0,0,0,-1,0,0,0,0,0,-1,-1,-1,-1,-1,-1,18,3000,3001,3002,3003,3004,3005,3006,3007,3008,3009,6001,6000,0,1,1,1,1,1,1,1,1,1.5,-0.53846157,0,50,21,100,0,0,0,100,100,100,0,63,63,84,999,-1,-1,0,0,0,0,-1,-1,0,0,0,0,0,84,999,0,0,-1,10,0,11,0,0,60,3,40,110,110,0,0,2,0,0,0,0,0,0,0,0,0,0,22,7,0,0,0,0,0,0,0,0,1,0,0,0,0,0,0,0,0,0,0,0,0,0,0,0,0,0,0,0,0,0,0,0,0,0,1,0,0,1,0,0,0,1,0,0,0,0,0,0,0,0,0,0,0,0,0,0,0,1.8,0.4,0,0,0,0,0,0,0,0,0,100,1,0,1,109,109,139,139,139,139,0,90030,0,0,90060,90161,90200,5261,-1,0,0.4,1.1,1.1,1.1,1.1,1.2,1.2,1.2,1,0,10,0,-1,-1,128,2000,-1,100,30,84,0,0,-1,-1,-1,5065,-1,5800,-1,6000,-1,-1,-1,10103,-1,-1,-1,-1,-1,0,2,0,0,0,1,1,1,0,0,-1,-1,0,0,0,0,0,0,-1,-1,-1,0,0,0,180,50,0.1,-1,-1,-1,-1,1.8,0,0,0,1,0,0,0,0,0,0,0,0,1,0,-1,-1,-1,-1,-1,-1,-1,-1,-1,0.1,0.4,-1,0,0,30,0.29,100,3001,-1,5001,6001,-1,0,0.5,0.6,0,-1,0,1,1,1,1,1,1,1,1,1,1,1,1,1,1,1,1,1,1,-1,0,-1,0,-1,-1,-1,-1,[0|0|0|0|0|0|0|0|0|0|0|0],
43000252,Wandering Noble,0,0,[0|0|0],43000,1000,0,60,1.8,0.4,130,0,85,0,100,430030020,-1,10,0,0,-1,-1,0.4,-1,5400,0,0,7160,0,0,0,0,-1,0,0,0,0,0,-1,-1,-1,-1,-1,-1,18,3000,3001,3002,3003,3004,3005,3006,3007,3008,3009,6001,6000,0,1,1,1,1,1,1,1,1,1.5,-0.53846157,0,50,21,100,0,0,0,100,100,100,0,63,63,84,999,-1,-1,0,0,0,0,-1,-1,0,0,0,0,0,84,999,0,0,-1,10,0,11,0,0,63,3,40,110,110,0,0,2,0,0,0,0,0,0,0,0,0,0,22,7,0,0,0,0,0,0,0,0,1,0,0,0,0,0,0,0,0,0,0,0,0,0,0,0,0,0,0,0,0,0,0,0,0,0,1,0,0,1,0,0,0,1,0,0,0,0,0,0,0,0,0,0,0,0,0,0,0,1.8,0.4,0,0,0,0,0,0,0,0,0,100,1,0,1,109,109,139,139,139,139,0,90030,0,0,90060,90161,90200,5261,-1,0,0.4,1.1,1.1,1.1,1.1,1.2,1.2,1.2,1,0,10,0,-1,-1,128,2000,-1,100,30,84,0,0,-1,-1,-1,5065,-1,5800,-1,6000,-1,-1,-1,10103,-1,-1,-1,-1,-1,0,2,0,0,0,1,1,1,0,0,-1,-1,0,0,0,0,0,0,-1,-1,-1,0,0,0,180,50,0.1,-1,-1,-1,-1,1.8,0,0,0,1,0,0,0,0,0,0,0,0,1,0,-1,-1,-1,-1,-1,-1,-1,-1,-1,0.1,0.4,-1,0,0,30,0.29,100,3001,-1,5001,6001,-1,0,0.5,0.6,0,-1,0,1,1,1,1,1,1,1,1,1,1,1,1,1,1,1,1,1,1,-1,0,-1,0,-1,-1,-1,-1,[0|0|0|0|0|0|0|0|0|0|0|0],
43000800,Wandering Noble,0,0,[0|0|0],43000,1000,0,60,1.8,0.4,130,0,85,0,100,-1,-1,10,0,0,-1,-1,0.4,-1,5400,0,0,0,0,0,0,0,-1,0,0,0,0,0,-1,-1,-1,-1,-1,-1,18,3000,3001,3002,3003,3004,3005,3006,3007,3008,3009,6001,6000,0,1,1,1,1,1,1,1,1,1.5,-0.53846157,0,50,21,100,0,0,0,100,100,100,0,63,63,84,999,-1,-1,0,0,0,0,-1,-1,0,0,0,0,0,84,999,0,0,-1,10,0,11,0,0,6,3,40,110,110,0,0,2,0,0,0,0,0,0,0,0,0,0,22,7,0,0,0,0,0,0,0,0,1,0,0,0,0,0,0,0,0,0,0,0,1,0,0,0,0,0,0,0,0,0,0,0,0,0,1,0,0,1,0,0,0,0,0,0,0,0,0,0,0,0,0,0,0,0,0,0,0,1.8,0.4,0,0,0,0,0,0,0,0,0,100,1,0,1,109,109,139,139,139,139,0,90030,0,0,90060,90161,90200,5261,-1,0,0.4,1.1,1.1,1.1,1.1,1.2,1.2,1.2,1,0,10,0,-1,-1,128,2000,-1,100,30,84,0,0,-1,-1,-1,5065,-1,5800,-1,6000,-1,-1,-1,10103,-1,-1,-1,-1,-1,0,2,0,0,0,1,1,1,0,0,-1,-1,0,0,0,0,0,0,-1,-1,-1,0,0,0,180,50,0.1,-1,-1,-1,-1,1.8,0,0,0,1,0,0,0,0,0,0,0,0,1,0,-1,-1,-1,-1,-1,-1,-1,-1,-1,0.1,0.4,-1,0,0,30,0.29,100,3001,-1,5001,6001,-1,0,0.5,0.6,0,-1,0,1,1,1,1,1,1,1,1,1,1,1,1,1,1,1,1,1,1,-1,0,-1,0,-1,-1,-1,-1,[0|0|0|0|0|0|0|0|0|0|0|0],
43000900,Wandering Noble,0,0,[0|0|0],43000,1000,0,60,1.8,0.4,130,0,85,0,100,-1,-1,10,0,0,-1,-1,0.4,-1,5400,0,0,0,0,0,0,0,-1,0,0,0,0,0,-1,-1,-1,-1,-1,-1,18,3000,3001,3002,3003,3004,3005,3006,3007,3008,3009,6001,6000,0,1,1,1,1,1,1,1,1,1.5,-0.53846157,0,50,21,100,0,0,0,100,100,100,0,63,63,84,999,-1,-1,0,0,0,0,-1,-1,0,0,0,0,0,84,999,0,0,-1,10,0,11,0,0,6,3,40,110,110,0,0,2,0,0,0,0,0,0,0,0,0,0,22,7,0,0,0,0,0,0,0,0,1,0,0,0,0,0,0,0,0,0,0,0,1,0,0,0,0,1,0,0,0,0,0,0,0,0,1,0,0,1,0,0,0,0,0,0,0,0,0,0,0,0,0,0,0,0,0,0,0,1.8,0.4,0,0,0,0,0,0,0,0,0,100,1,0,1,109,109,139,139,139,139,0,90030,0,0,90060,90161,90200,5261,-1,0,0.4,1.1,1.1,1.1,1.1,1.2,1.2,1.2,1,0,10,0,-1,-1,128,2000,-1,100,30,84,0,0,-1,-1,-1,5065,-1,5800,-1,6000,-1,-1,-1,10103,-1,-1,-1,-1,-1,0,2,0,0,0,1,1,1,0,0,-1,-1,0,0,0,0,0,0,-1,-1,-1,0,0,0,180,50,0.1,-1,-1,-1,-1,1.8,0,0,0,1,0,0,0,0,0,0,0,0,1,0,-1,-1,-1,-1,-1,-1,-1,-1,-1,0.1,0.4,-1,0,0,30,0.29,100,3001,-1,5001,6001,-1,0,0.5,0.6,0,-1,0,1,1,1,1,1,1,1,1,1,1,1,1,1,1,1,1,1,1,-1,0,-1,0,-1,-1,-1,-1,[0|0|0|0|0|0|0|0|0|0|0|0],
43001012,Wandering Noble,0,0,[0|0|0],43000,1000,0,60,1.8,0.4,130,0,85,0,100,430000100,-1,10,0,0,-1,-1,0.4,-1,5400,0,0,7020,0,0,0,0,-1,0,0,0,0,0,-1,-1,-1,-1,-1,-1,18,3000,3001,3002,3003,3004,3005,3006,3007,3008,3009,6001,6000,0,1,1,1,1,1,1,1,1,1.5,-0.53846157,0,50,21,100,0,0,0,100,100,100,0,63,63,84,999,-1,-1,0,0,0,0,-1,-1,0,0,0,0,0,84,999,0,0,-1,10,0,11,0,0,6,3,40,110,110,0,0,2,0,0,0,0,0,0,0,0,0,0,22,7,0,0,0,0,0,0,0,0,0,1,0,0,0,0,0,1,1,1,0,0,0,1,0,0,0,0,0,0,0,0,0,0,0,0,1,0,0,1,0,0,0,0,0,0,0,0,0,0,0,0,0,0,0,0,0,0,0,1.8,0.4,0,0,0,0,0,0,0,0,0,100,1,0,1,109,109,139,139,139,139,0,90030,0,0,90060,90161,90200,5261,-1,0,0.4,1.1,1.1,1.1,1.1,1.2,1.2,1.2,1,0,10,0,-1,-1,128,2000,-1,100,30,84,0,0,-1,0,-1,5065,-1,5800,-1,6000,-1,-1,-1,10103,-1,-1,-1,-1,-1,0,2,0,0,0,1,1,1,0,0,-1,-1,0,0,0,0,0,0,-1,-1,-1,0,0,0,180,50,0.1,-1,-1,-1,-1,1.8,0,0,0,1,0,0,0,0,0,0,0,0,1,0,-1,-1,-1,-1,-1,-1,-1,-1,-1,0.1,0.4,4301,0,0,30,0.29,100,3001,-1,5001,6001,-1,0,0.5,0.6,0,-1,0,1,1,1,1,1,1,1,1,1,1,1,1,1,1,1,1,1,1,-1,0,-1,0,-1,-1,-1,-1,[0|0|0|0|0|0|0|0|0|0|0|0],
43001040,Wandering Noble,0,0,[0|0|0],43000,1000,0,60,1.8,0.4,130,0,85,0,100,430000100,-1,10,0,0,-1,-1,0.4,-1,5400,0,0,7070,0,0,0,0,-1,0,0,0,0,0,-1,-1,-1,-1,-1,-1,18,3000,3001,3002,3003,3004,3005,3006,3007,3008,3009,6001,6000,0,1,1,1,1,1,1,1,1,1.5,-0.53846157,0,50,21,100,0,0,0,100,100,100,0,63,63,84,999,-1,-1,0,0,0,0,-1,-1,0,0,0,0,0,84,999,0,0,-1,10,0,11,0,0,6,3,40,110,110,0,0,2,0,0,0,0,0,0,0,0,0,0,22,7,0,0,0,0,0,0,0,0,0,1,0,0,0,0,0,1,1,1,0,0,0,1,0,0,0,0,0,0,0,0,0,0,0,0,1,0,0,1,0,0,0,0,0,0,0,0,0,0,0,0,0,0,0,0,0,0,0,1.8,0.4,0,0,0,0,0,0,0,0,0,100,1,0,1,109,109,139,139,139,139,0,90030,0,0,90060,90161,90200,5261,-1,0,0.4,1.1,1.1,1.1,1.1,1.2,1.2,1.2,1,0,10,0,-1,-1,128,2000,-1,100,30,84,0,0,-1,0,-1,5065,-1,5800,-1,6000,-1,-1,-1,10103,-1,-1,-1,-1,-1,0,2,0,0,0,1,1,1,0,0,-1,-1,0,0,0,0,0,0,-1,-1,-1,0,0,0,180,50,0.1,-1,-1,-1,-1,1.8,0,0,0,1,0,0,0,0,0,0,0,0,1,0,-1,-1,-1,-1,-1,-1,-1,-1,-1,0.1,0.4,-1,0,0,30,0.29,100,3001,-1,5001,6001,-1,0,0.5,0.6,0,-1,0,1,1,1,1,1,1,1,1,1,1,1,1,1,1,1,1,1,1,-1,0,-1,0,-1,-1,-1,-1,[0|0|0|0|0|0|0|0|0|0|0|0],
43001230,Wandering Noble,0,0,[0|0|0],43000,1000,0,60,1.8,0.4,130,0,85,0,100,-1,-1,10,0,0,-1,-1,0.4,-1,5400,0,0,7080,0,0,0,0,-1,0,0,0,0,0,-1,-1,-1,-1,-1,-1,18,3000,3001,3002,3003,3004,3005,3006,3007,3008,3009,6001,6000,0,1,1,1,1,1,1,1,1,1.5,-0.53846157,0,50,21,100,0,0,0,100,100,100,0,63,63,84,999,-1,-1,0,0,0,0,-1,-1,0,0,0,0,0,84,999,0,0,-1,10,0,11,0,0,6,3,40,110,110,0,0,2,0,0,0,0,0,0,0,0,0,0,22,7,0,0,0,0,0,0,0,0,0,1,0,0,0,0,0,1,1,1,0,0,0,1,0,0,0,0,0,0,0,0,0,0,0,0,1,0,0,1,0,0,0,0,0,0,0,0,0,0,0,0,0,0,0,0,0,0,0,1.8,0.4,0,0,0,0,0,1,0,0,0,100,1,0,1,109,109,139,139,139,139,0,90030,0,0,90060,90161,90200,5261,-1,0,0.4,1.1,1.1,1.1,1.1,1.2,1.2,1.2,1,0,10,0,-1,-1,128,2000,-1,100,30,84,0,0,-1,0,-1,5065,-1,5800,-1,6000,-1,-1,-1,10103,-1,-1,-1,-1,-1,0,2,0,0,0,1,1,1,0,0,-1,-1,0,0,0,0,0,0,-1,-1,-1,0,0,0,180,50,0.1,-1,-1,-1,-1,1.8,0,0,0,1,0,0,0,0,0,0,0,0,1,0,-1,-1,-1,-1,-1,-1,-1,-1,-1,0.1,0.4,-1,0,0,30,0.29,100,3001,-1,5001,6001,-1,0,0.5,0.6,0,-1,0,1,1,1,1,1,1,1,1,1,1,1,1,1,1,1,1,1,1,-1,0,-1,0,-1,-1,-1,-1,[0|0|0|0|0|0|0|0|0|0|0|0],
43001240,Wandering Noble,0,0,[0|0|0],43000,1000,0,60,1.8,0.4,130,0,85,0,100,-1,-1,10,0,0,-1,-1,0.4,-1,5400,0,0,7070,0,0,0,0,-1,0,0,0,0,0,-1,-1,-1,-1,-1,-1,18,3000,3001,3002,3003,3004,3005,3006,3007,3008,3009,6001,6000,0,1,1,1,1,1,1,1,1,1.5,-0.53846157,0,50,21,100,0,0,0,100,100,100,0,63,63,84,999,-1,-1,0,0,0,0,-1,-1,0,0,0,0,0,84,999,0,0,-1,10,0,11,0,0,6,3,40,110,110,0,0,2,0,0,0,0,0,0,0,0,0,0,22,7,0,0,0,0,0,0,0,0,0,1,0,0,0,0,0,1,1,1,0,0,0,1,0,0,0,0,0,0,0,0,0,0,0,0,1,0,0,1,0,0,0,0,0,0,0,0,0,0,0,0,0,0,0,0,0,0,0,1.8,0.4,0,0,0,0,0,1,0,0,0,100,1,0,1,109,109,139,139,139,139,0,90030,0,0,90060,90161,90200,5261,-1,0,0.4,1.1,1.1,1.1,1.1,1.2,1.2,1.2,1,0,10,0,-1,-1,128,2000,-1,100,30,84,0,0,-1,0,-1,5065,-1,5800,-1,6000,-1,-1,-1,10103,-1,-1,-1,-1,-1,0,2,0,0,0,1,1,1,0,0,-1,-1,0,0,0,0,0,0,-1,-1,-1,0,0,0,180,50,0.1,-1,-1,-1,-1,1.8,0,0,0,1,0,0,0,0,0,0,0,0,1,0,-1,-1,-1,-1,-1,-1,-1,-1,-1,0.1,0.4,-1,0,0,30,0.29,100,3001,-1,5001,6001,-1,0,0.5,0.6,0,-1,0,1,1,1,1,1,1,1,1,1,1,1,1,1,1,1,1,1,1,-1,0,-1,0,-1,-1,-1,-1,[0|0|0|0|0|0|0|0|0|0|0|0],
43001800,Wandering Noble,0,0,[0|0|0],43000,1000,0,60,1.8,0.4,130,0,85,0,100,-1,-1,10,0,0,-1,-1,0.4,-1,5400,0,0,0,0,0,0,0,-1,0,0,0,0,0,-1,-1,-1,-1,-1,-1,18,3000,3001,3002,3003,3004,3005,3006,3007,3008,3009,6001,6000,0,1,1,1,1,1,1,1,1,1.5,-0.53846157,0,50,21,100,0,0,0,100,100,100,0,63,63,84,999,-1,-1,0,0,0,0,-1,-1,0,0,0,0,0,84,999,0,0,-1,10,0,11,0,0,6,3,40,110,110,0,0,2,0,0,0,0,0,0,0,0,0,0,22,7,0,0,0,0,0,0,0,0,0,1,0,0,0,0,0,1,1,1,0,0,0,1,0,0,0,0,0,0,0,0,0,0,0,0,1,0,0,1,0,0,0,0,0,0,0,0,0,0,0,0,0,0,0,0,0,0,0,1.8,0.4,0,0,0,0,0,0,0,0,0,100,1,0,1,109,109,139,139,139,139,0,90030,0,0,90060,90161,90200,5261,-1,0,0.4,1.1,1.1,1.1,1.1,1.2,1.2,1.2,1,0,10,0,-1,-1,128,2000,-1,100,30,84,0,0,-1,0,-1,5065,-1,5800,-1,6000,-1,-1,-1,10103,-1,-1,-1,-1,-1,0,2,0,0,0,1,1,1,0,0,-1,-1,0,0,0,0,0,0,-1,-1,-1,0,0,0,180,50,0.1,-1,-1,-1,-1,1.8,0,0,0,1,0,0,0,0,0,0,0,0,1,0,-1,-1,-1,-1,-1,-1,-1,-1,-1,0.1,0.4,-1,0,0,30,0.29,100,3001,-1,5001,6001,-1,0,0.5,0.6,0,-1,0,1,1,1,1,1,1,1,1,1,1,1,1,1,1,1,1,1,1,-1,0,-1,0,-1,-1,-1,-1,[0|0|0|0|0|0|0|0|0|0|0|0],
43001900,Wandering Noble,0,0,[0|0|0],43000,1000,0,60,1.8,0.4,130,0,85,0,100,-1,-1,10,0,0,-1,-1,0.4,-1,5400,0,0,0,0,0,0,0,-1,0,0,0,0,0,-1,-1,-1,-1,-1,-1,18,3000,3001,3002,3003,3004,3005,3006,3007,3008,3009,6001,6000,0,1,1,1,1,1,1,1,1,1.5,-0.53846157,0,50,21,100,0,0,0,100,100,100,0,63,63,84,999,-1,-1,0,0,0,0,-1,-1,0,0,0,0,0,84,999,0,0,-1,10,0,11,0,0,6,3,40,110,110,0,0,2,0,0,0,0,0,0,0,0,0,0,22,7,0,0,0,0,0,0,0,0,0,1,0,0,0,0,0,1,1,1,0,0,0,1,0,0,0,1,0,0,0,0,0,0,0,0,1,0,0,1,0,0,0,0,0,0,0,0,0,0,0,0,0,0,0,0,0,0,0,1.8,0.4,0,0,0,0,0,0,0,0,0,100,1,0,1,109,109,139,139,139,139,0,90030,0,0,90060,90161,90200,5261,-1,0,0.4,1.1,1.1,1.1,1.1,1.2,1.2,1.2,1,0,10,0,-1,-1,128,2000,-1,100,30,84,0,0,-1,0,-1,5065,-1,5800,-1,6000,-1,-1,-1,10103,-1,-1,-1,-1,-1,0,2,0,0,0,1,1,1,0,0,-1,-1,0,0,0,0,0,0,-1,-1,-1,0,0,0,180,50,0.1,-1,-1,-1,-1,1.8,0,0,0,1,0,0,0,0,0,0,0,0,1,0,-1,-1,-1,-1,-1,-1,-1,-1,-1,0.1,0.4,-1,0,0,30,0.29,100,3001,-1,5001,6001,-1,0,0.5,0.6,0,-1,0,1,1,1,1,1,1,1,1,1,1,1,1,1,1,1,1,1,1,-1,0,-1,0,-1,-1,-1,-1,[0|0|0|0|0|0|0|0|0|0|0|0],
43002009,Wandering Noble (Sorcerer),0,0,[0|0|0],43000,1000,0,60,1.8,0.4,130,0,85,0,100,-1,-1,10,0,0,-1,-1,0.4,-1,5402,0,0,0,0,0,0,0,-1,0,0,0,0,0,-1,-1,-1,-1,-1,-1,18,3000,3001,3002,3003,3004,3005,3006,3007,3008,3009,6001,6000,0,1,1,1,1,1,1,1,1,1.5,-0.53846157,0,50,21,100,0,0,0,100,100,100,0,63,63,84,999,-1,-1,0,0,0,0,-1,-1,0,0,0,0,0,84,999,0,0,-1,10,0,11,0,0,6,3,40,110,110,0,0,2,0,0,0,0,0,0,0,0,0,0,22,7,0,0,0,0,0,0,0,0,0,0,1,0,0,0,0,1,1,1,1,1,1,0,0,0,0,0,0,0,0,0,0,0,0,0,1,0,0,1,0,0,0,0,0,0,0,0,0,0,0,0,0,0,0,0,0,0,0,1.8,0.4,0,0,0,0,0,0,0,0,0,100,1,0,1,109,109,139,139,139,139,0,90030,0,0,90060,90161,90200,5261,-1,0,0.4,1.1,1.1,1.1,1.1,1.2,1.2,1.2,1,0,-20,0,-1,-1,128,2000,-1,100,30,84,0,0,-1,0,-1,5069,-1,5800,-1,6000,-1,-1,-1,10103,-1,-1,-1,-1,-1,0,-1,0,0,0,1,1,1,0,0,-1,-1,0,0,0,0,0,0,-1,-1,-1,0,0,0,180,50,0.1,-1,-1,-1,-1,1.8,0,0,0,1,0,0,0,0,0,0,0,0,1,0,-1,-1,-1,-1,-1,-1,-1,-1,-1,0.1,0.4,-1,0,0,30,0.29,100,3001,-1,5001,6001,-1,0,0.5,0.6,0,-1,0,1,1,1,1,1,1,1,1,1,1,1,1,1,1,1,1,1,1,-1,0,-1,0,-1,-1,-1,-1,[0|0|0|0|0|0|0|0|0|0|0|0],
43002032,Wandering Noble (Sorcerer),0,0,[0|0|0],43000,1000,0,60,1.8,0.4,130,0,85,0,100,430030200,-1,10,0,0,-1,-1,0.4,-1,5402,0,0,7090,0,0,0,0,-1,0,0,0,0,0,-1,-1,-1,-1,-1,-1,18,3000,3001,3002,3003,3004,3005,3006,3007,3008,3009,6001,6000,0,1,1,1,1,1,1,1,1,1.5,-0.53846157,0,50,21,100,0,0,0,100,100,100,0,63,63,84,999,-1,-1,0,0,0,0,-1,-1,0,0,0,0,0,84,999,0,0,-1,10,0,11,0,0,61,3,40,110,110,0,0,2,0,0,0,0,0,0,0,0,0,0,22,7,0,0,0,0,0,0,0,0,0,0,1,0,0,0,0,1,1,1,1,1,1,0,0,0,0,0,0,0,0,0,0,0,0,0,1,0,0,1,0,0,0,0,0,0,0,0,0,0,0,0,0,0,0,0,0,0,0,1.8,0.4,0,0,0,0,0,0,0,0,0,100,1,0,1,109,109,139,139,139,139,0,90030,0,0,90060,90161,90200,5261,-1,0,0.4,1.1,1.1,1.1,1.1,1.2,1.2,1.2,1,0,-20,0,-1,-1,128,2000,-1,100,30,84,0,0,-1,0,-1,5069,-1,5800,-1,6000,-1,-1,-1,10103,-1,-1,-1,-1,-1,0,-1,0,0,0,1,1,1,0,0,-1,-1,0,0,0,0,0,0,-1,-1,-1,0,0,0,180,50,0.1,-1,-1,-1,-1,1.8,0,0,0,1,0,0,0,0,0,0,0,0,1,0,-1,-1,-1,-1,-1,-1,-1,-1,-1,0.1,0.4,-1,0,0,30,0.29,100,3001,-1,5001,6001,-1,0,0.5,0.6,0,-1,0,1,1,1,1,1,1,1,1,1,1,1,1,1,1,1,1,1,1,-1,0,-1,0,-1,-1,-1,-1,[0|0|0|0|0|0|0|0|0|0|0|0],
43002800,Wandering Noble (Sorcerer),0,0,[0|0|0],43000,1000,0,60,1.8,0.4,130,0,85,0,100,-1,-1,10,0,0,-1,-1,0.4,-1,5402,0,0,0,0,0,0,0,-1,0,0,0,0,0,-1,-1,-1,-1,-1,-1,18,3000,3001,3002,3003,3004,3005,3006,3007,3008,3009,6001,6000,0,1,1,1,1,1,1,1,1,1.5,-0.53846157,0,50,21,100,0,0,0,100,100,100,0,63,63,84,999,-1,-1,0,0,0,0,-1,-1,0,0,0,0,0,84,999,0,0,-1,10,0,11,0,0,6,3,40,110,110,0,0,2,0,0,0,0,0,0,0,0,0,0,22,7,0,0,0,0,0,0,0,0,0,0,1,0,0,0,0,1,1,1,1,1,1,0,0,0,0,0,0,0,0,0,0,0,0,0,1,0,0,1,0,0,0,0,0,0,0,0,0,0,0,0,0,0,0,0,0,0,0,1.8,0.4,0,0,0,0,0,0,0,0,0,100,1,0,1,109,109,139,139,139,139,0,90030,0,0,90060,90161,90200,5261,-1,0,0.4,1.1,1.1,1.1,1.1,1.2,1.2,1.2,1,0,-20,0,-1,-1,128,2000,-1,100,30,84,0,0,-1,0,-1,5069,-1,5800,-1,6000,-1,-1,-1,10103,-1,-1,-1,-1,-1,0,-1,0,0,0,1,1,1,0,0,-1,-1,0,0,0,0,0,0,-1,-1,-1,0,0,0,180,50,0.1,-1,-1,-1,-1,1.8,0,0,0,1,0,0,0,0,0,0,0,0,1,0,-1,-1,-1,-1,-1,-1,-1,-1,-1,0.1,0.4,-1,0,0,30,0.29,100,3001,-1,5001,6001,-1,0,0.5,0.6,0,-1,0,1,1,1,1,1,1,1,1,1,1,1,1,1,1,1,1,1,1,-1,0,-1,0,-1,-1,-1,-1,[0|0|0|0|0|0|0|0|0|0|0|0],
43002900,Wandering Noble (Sorcerer),0,0,[0|0|0],43000,1000,0,60,1.8,0.4,130,0,85,0,100,-1,-1,10,0,0,-1,-1,0.4,-1,5402,0,0,0,0,0,0,0,-1,0,0,0,0,0,-1,-1,-1,-1,-1,-1,18,3000,3001,3002,3003,3004,3005,3006,3007,3008,3009,6001,6000,0,1,1,1,1,1,1,1,1,1.5,-0.53846157,0,50,21,100,0,0,0,100,100,100,0,63,63,84,999,-1,-1,0,0,0,0,-1,-1,0,0,0,0,0,84,999,0,0,-1,10,0,11,0,0,6,3,40,110,110,0,0,2,0,0,0,0,0,0,0,0,0,0,22,7,0,0,0,0,0,0,0,0,0,0,1,0,0,0,0,1,1,1,1,1,1,0,0,0,0,1,0,0,0,0,0,0,0,0,1,0,0,1,0,0,0,0,0,0,0,0,0,0,0,0,0,0,0,0,0,0,0,1.8,0.4,0,0,0,0,0,0,0,0,0,100,1,0,1,109,109,139,139,139,139,0,90030,0,0,90060,90161,90200,5261,-1,0,0.4,1.1,1.1,1.1,1.1,1.2,1.2,1.2,1,0,-20,0,-1,-1,128,2000,-1,100,30,84,0,0,-1,0,-1,5069,-1,5800,-1,6000,-1,-1,-1,10103,-1,-1,-1,-1,-1,0,-1,0,0,0,1,1,1,0,0,-1,-1,0,0,0,0,0,0,-1,-1,-1,0,0,0,180,50,0.1,-1,-1,-1,-1,1.8,0,0,0,1,0,0,0,0,0,0,0,0,1,0,-1,-1,-1,-1,-1,-1,-1,-1,-1,0.1,0.4,-1,0,0,30,0.29,100,3001,-1,5001,6001,-1,0,0.5,0.6,0,-1,0,1,1,1,1,1,1,1,1,1,1,1,1,1,1,1,1,1,1,-1,0,-1,0,-1,-1,-1,-1,[0|0|0|0|0|0|0|0|0|0|0|0],
43003032,Wandering Noble (Banner),0,0,[0|0|0],43000,1000,0,60,1.8,0.4,130,0,85,0,100,430030300,-1,10,0,0,-1,-1,0.4,-1,5402,0,0,7090,0,0,0,0,-1,0,0,0,0,0,-1,-1,-1,-1,-1,-1,18,3000,3001,3002,3003,3004,3005,3006,3007,3008,3009,6001,6000,0,1,1,1,1,1,1,1,1,1.5,-0.53846157,0,50,21,100,0,0,0,100,100,100,0,63,63,84,999,-1,-1,0,0,0,0,-1,-1,0,0,0,0,0,84,999,0,0,-1,10,0,11,0,0,60,3,40,110,110,0,0,2,0,0,0,0,0,0,0,0,0,0,22,7,0,0,0,0,0,0,0,0,0,0,0,1,0,0,0,1,0,0,0,0,0,0,1,1,0,0,0,0,0,0,0,0,0,0,1,0,0,1,0,0,0,0,0,0,0,0,0,0,0,0,0,0,0,0,0,0,0,1.8,0.4,0,0,0,0,0,0,0,0,0,100,1,0,1,109,109,139,139,139,139,0,90030,0,0,90060,90161,90200,5261,-1,0,0.4,1.1,1.1,1.1,1.1,1.2,1.2,1.2,1,0,-30,0,-1,-1,128,2000,-1,100,30,84,0,0,-1,0,-1,5065,-1,5800,-1,6000,-1,-1,-1,10103,-1,-1,-1,-1,-1,0,-1,0,0,0,1,1,1,0,0,-1,-1,0,0,0,0,0,0,-1,-1,-1,0,0,0,180,100,0.1,-1,-1,-1,-1,1.8,0,0,0,1,0,0,0,0,0,0,0,0,1,0,-1,-1,-1,-1,-1,-1,-1,-1,-1,0.1,0.4,-1,0,0,30,0.29,100,3001,-1,5001,6001,-1,0,0.5,0.6,0,-1,0,1,1,1,1,1,1,1,1,1,1,1,1,1,1,1,1,1,1,-1,0,-1,0,-1,-1,-1,-1,[0|0|0|0|0|0|0|0|0|0|0|0],
43003040,Wandering Noble (Banner),0,0,[0|0|0],43000,1000,0,60,1.8,0.4,130,0,85,0,100,430000300,-1,10,0,0,-1,-1,0.4,-1,5402,0,0,7070,0,0,0,0,-1,0,0,0,0,0,-1,-1,-1,-1,-1,-1,18,3000,3001,3002,3003,3004,3005,3006,3007,3008,3009,6001,6000,0,1,1,1,1,1,1,1,1,1.5,-0.53846157,0,50,21,100,0,0,0,100,100,100,0,63,63,84,999,-1,-1,0,0,0,0,-1,-1,0,0,0,0,0,84,999,0,0,-1,10,0,11,0,0,48,3,40,110,110,0,0,2,0,0,0,0,0,0,0,0,0,0,22,7,0,0,0,0,0,0,0,0,0,0,0,1,0,0,0,1,0,0,0,0,0,0,1,1,0,0,0,0,0,0,0,0,0,0,1,0,0,1,0,0,0,0,0,0,0,0,0,0,0,0,0,0,0,0,0,0,0,1.8,0.4,0,0,0,0,0,0,0,0,0,100,1,0,1,109,109,139,139,139,139,0,90030,0,0,90060,90161,90200,5261,-1,0,0.4,1.1,1.1,1.1,1.1,1.2,1.2,1.2,1,0,-30,0,-1,-1,128,2000,-1,100,30,84,0,0,-1,0,-1,5065,-1,5800,-1,6000,-1,-1,-1,10103,-1,-1,-1,-1,-1,0,-1,0,0,0,1,1,1,0,0,-1,-1,0,0,0,0,0,0,-1,-1,-1,0,0,0,180,100,0.1,-1,-1,-1,-1,1.8,0,0,0,1,0,0,0,0,0,0,0,0,1,0,-1,-1,-1,-1,-1,-1,-1,-1,-1,0.1,0.4,-1,0,0,30,0.29,100,3001,-1,5001,6001,-1,0,0.5,0.6,0,-1,0,1,1,1,1,1,1,1,1,1,1,1,1,1,1,1,1,1,1,-1,0,-1,0,-1,-1,-1,-1,[0|0|0|0|0|0|0|0|0|0|0|0],
43003800,Wandering Noble (Banner),0,0,[0|0|0],43000,1000,0,60,1.8,0.4,130,0,85,0,100,-1,-1,10,0,0,-1,-1,0.4,-1,5402,0,0,0,0,0,0,0,-1,0,0,0,0,0,-1,-1,-1,-1,-1,-1,18,3000,3001,3002,3003,3004,3005,3006,3007,3008,3009,6001,6000,0,1,1,1,1,1,1,1,1,1.5,-0.53846157,0,50,21,100,0,0,0,100,100,100,0,63,63,84,999,-1,-1,0,0,0,0,-1,-1,0,0,0,0,0,84,999,0,0,-1,10,0,11,0,0,6,3,40,110,110,0,0,2,0,0,0,0,0,0,0,0,0,0,22,7,0,0,0,0,0,0,0,0,0,0,0,1,0,0,0,1,0,0,0,0,0,0,1,1,0,0,0,0,0,0,0,0,0,0,1,0,0,1,0,0,0,0,0,0,0,0,0,0,0,0,0,0,0,0,0,0,0,1.8,0.4,0,0,0,0,0,0,0,0,0,100,1,0,1,109,109,139,139,139,139,0,90030,0,0,90060,90161,90200,5261,-1,0,0.4,1.1,1.1,1.1,1.1,1.2,1.2,1.2,1,0,-30,0,-1,-1,128,2000,-1,100,30,84,0,0,-1,8802,-1,5065,-1,5800,-1,6000,-1,-1,-1,10103,-1,-1,-1,-1,-1,0,-1,0,0,0,1,1,1,0,0,-1,-1,0,0,0,0,0,0,-1,-1,-1,0,0,0,180,100,0.1,-1,-1,-1,-1,1.8,0,0,0,1,0,0,0,0,0,0,0,0,1,0,-1,-1,-1,-1,-1,-1,-1,-1,-1,0.1,0.4,-1,0,0,30,0.29,100,3001,-1,5001,6001,-1,0,0.5,0.6,0,-1,0,1,1,1,1,1,1,1,1,1,1,1,1,1,1,1,1,1,1,-1,0,-1,0,-1,-1,-1,-1,[0|0|0|0|0|0|0|0|0|0|0|0],
43003900,Wandering Noble (Banner),0,0,[0|0|0],43000,1000,0,60,1.8,0.4,130,0,85,0,100,-1,-1,10,0,0,-1,-1,0.4,-1,5402,0,0,0,0,0,0,0,-1,0,0,0,0,0,-1,-1,-1,-1,-1,-1,18,3000,3001,3002,3003,3004,3005,3006,3007,3008,3009,6001,6000,0,1,1,1,1,1,1,1,1,1.5,-0.53846157,0,50,21,100,0,0,0,100,100,100,0,63,63,84,999,-1,-1,0,0,0,0,-1,-1,0,0,0,0,0,84,999,0,0,-1,10,0,11,0,0,6,3,40,110,110,0,0,2,0,0,0,0,0,0,0,0,0,0,22,7,0,0,0,0,0,0,0,0,0,0,0,1,0,0,0,1,0,0,0,0,0,0,1,1,0,1,0,0,0,0,0,0,0,0,1,0,0,1,0,0,0,0,0,0,0,0,0,0,0,0,0,0,0,0,0,0,0,1.8,0.4,0,0,0,0,0,0,0,0,0,100,1,0,1,109,109,139,139,139,139,0,90030,0,0,90060,90161,90200,5261,-1,0,0.4,1.1,1.1,1.1,1.1,1.2,1.2,1.2,1,0,-30,0,-1,-1,128,2000,-1,100,30,84,0,0,-1,0,-1,5065,-1,5800,-1,6000,-1,-1,-1,10103,-1,-1,-1,-1,-1,0,-1,0,0,0,1,1,1,0,0,-1,-1,0,0,0,0,0,0,-1,-1,-1,0,0,0,180,100,0.1,-1,-1,-1,-1,1.8,0,0,0,1,0,0,0,0,0,0,0,0,1,0,-1,-1,-1,-1,-1,-1,-1,-1,-1,0.1,0.4,-1,0,0,30,0.29,100,3001,-1,5001,6001,-1,0,0.5,0.6,0,-1,0,1,1,1,1,1,1,1,1,1,1,1,1,1,1,1,1,1,1,-1,0,-1,0,-1,-1,-1,-1,[0|0|0|0|0|0|0|0|0|0|0|0],
43004100,Wandering Noble (Chest),0,0,[0|0|0],43000,1000,0,60,1.8,0.4,130,0,85,0,100,-1,-1,10,0,0,-1,-1,0.4,-1,5404,0,0,0,0,0,0,0,-1,0,0,0,0,0,-1,-1,-1,-1,-1,-1,18,3000,3001,3002,3003,3004,3005,3006,3007,3008,3009,6001,6000,0,1,1,1,1,1,1,1,1,1.5,-0.53846157,0,50,21,100,0,0,0,100,100,100,0,63,63,84,999,-1,-1,0,0,0,0,-1,-1,0,0,0,0,0,84,999,0,0,-1,10,0,11,0,0,6,3,40,110,110,0,0,2,0,0,0,0,0,0,0,0,0,0,22,7,0,0,0,0,0,0,0,0,0,0,0,0,0,1,0,0,0,0,0,0,1,0,0,0,0,0,0,0,0,0,0,0,0,0,1,0,0,1,0,0,0,0,0,0,0,0,0,0,0,0,0,0,0,0,0,0,0,1.8,0.4,0,0,0,0,0,0,0,0,0,100,0,0,1,109,109,139,139,139,139,0,90030,0,0,90060,90161,90200,5261,-1,0,0.4,1.1,1.1,1.1,1.1,1.2,1.2,1.2,1,0,10,0,-1,-1,128,2000,-1,100,30,84,0,0,-1,0,10101,5065,-1,5800,-1,6000,-1,-1,-1,10103,-1,-1,-1,-1,-1,0,2,0,0,0,1,1,1,0,0,-1,-1,0,0,0,0,0,0,-1,-1,-1,0,0,0,180,50,0.1,-1,-1,-1,-1,1.8,0,0,0,1,0,0,0,0,0,0,0,0,1,0,-1,-1,-1,-1,-1,-1,-1,-1,-1,0.1,0.4,-1,0,0,30,0.29,100,3001,-1,5001,6001,-1,0,0.5,0.6,0,-1,0,1,1,1,1,1,1,1,1,1,1,1,1,1,1,1,1,1,1,-1,0,-1,0,-1,-1,-1,-1,[0|0|0|0|0|0|0|0|0|0|0|0],
43004800,Wandering Noble,0,0,[0|0|0],43000,1000,0,60,1.8,0.4,130,0,85,0,100,430000400,-1,10,0,0,-1,-1,0.4,-1,5404,0,0,0,0,0,0,0,-1,0,0,0,0,0,-1,-1,-1,-1,-1,-1,18,3000,3001,3002,3003,3004,3005,3006,3007,3008,3009,6001,6000,0,1,1,1,1,1,1,1,1,1.5,-0.53846157,0,50,21,100,0,0,0,100,100,100,0,63,63,84,999,-1,-1,0,0,0,0,-1,-1,0,0,0,0,0,84,999,0,0,-1,10,0,11,0,0,6,3,40,110,110,0,0,2,0,0,0,0,0,0,0,0,0,0,22,7,0,0,0,0,0,0,0,0,0,0,0,0,0,1,0,0,0,0,0,0,1,0,0,0,0,0,0,0,0,0,0,0,0,0,1,0,0,1,0,0,0,0,0,0,0,0,0,0,0,0,0,0,0,0,0,0,0,1.8,0.4,0,0,0,0,0,0,0,0,0,100,0,0,1,109,109,139,139,139,139,0,90030,0,0,90060,90161,90200,5261,-1,0,0.4,1.1,1.1,1.1,1.1,1.2,1.2,1.2,1,0,10,0,-1,-1,128,2000,-1,100,30,84,0,0,-1,0,10101,5065,-1,5800,-1,6000,-1,-1,-1,10103,-1,-1,-1,-1,-1,0,2,0,0,0,1,1,1,0,0,-1,-1,0,0,0,0,0,0,-1,-1,-1,0,0,0,180,50,0.1,-1,-1,-1,-1,1.8,0,0,0,1,0,0,0,0,0,0,0,0,1,0,-1,-1,-1,-1,-1,-1,-1,-1,-1,0.1,0.4,-1,0,0,30,0.29,100,3001,-1,5001,6001,-1,0,0.5,0.6,0,-1,0,1,1,1,1,1,1,1,1,1,1,1,1,1,1,1,1,1,1,-1,0,-1,0,-1,-1,-1,-1,[0|0|0|0|0|0|0|0|0|0|0|0],
43004900,Wandering Noble,0,0,[0|0|0],43000,1000,0,60,1.8,0.4,130,0,85,0,100,430000400,-1,10,0,0,-1,-1,0.4,-1,5404,0,0,0,0,0,0,0,-1,0,0,0,0,0,-1,-1,-1,-1,-1,-1,18,3000,3001,3002,3003,3004,3005,3006,3007,3008,3009,6001,6000,0,1,1,1,1,1,1,1,1,1.5,-0.53846157,0,50,21,100,0,0,0,100,100,100,0,63,63,84,999,-1,-1,0,0,0,0,-1,-1,0,0,0,0,0,84,999,0,0,-1,10,0,11,0,0,6,3,40,110,110,0,0,2,0,0,0,0,0,0,0,0,0,0,22,7,0,0,0,0,0,0,0,0,0,0,0,0,0,1,0,0,0,0,0,0,1,0,0,0,0,1,0,0,0,0,0,0,0,0,1,0,0,1,0,0,0,0,0,0,0,0,0,0,0,0,0,0,0,0,0,0,0,1.8,0.4,0,0,0,0,0,0,0,0,0,100,0,0,1,109,109,139,139,139,139,0,90030,0,0,90060,90161,90200,5261,-1,0,0.4,1.1,1.1,1.1,1.1,1.2,1.2,1.2,1,0,10,0,-1,-1,128,2000,-1,100,30,84,0,0,-1,0,10101,5065,-1,5800,-1,6000,-1,-1,-1,10103,-1,-1,-1,-1,-1,0,2,0,0,0,1,1,1,0,0,-1,-1,0,0,0,0,0,0,-1,-1,-1,0,0,0,180,50,0.1,-1,-1,-1,-1,1.8,0,0,0,1,0,0,0,0,0,0,0,0,1,0,-1,-1,-1,-1,-1,-1,-1,-1,-1,0.1,0.4,-1,0,0,30,0.29,100,3001,-1,5001,6001,-1,0,0.5,0.6,0,-1,0,1,1,1,1,1,1,1,1,1,1,1,1,1,1,1,1,1,1,-1,0,-1,0,-1,-1,-1,-1,[0|0|0|0|0|0|0|0|0|0|0|0],
43005006,Wandering Noble,0,0,[0|0|0],43000,1000,0,60,1.8,0.4,130,0,85,0,100,430000500,-1,10,0,0,-1,-1,0.4,-1,5405,0,0,7000,0,0,0,0,-1,0,0,0,0,0,-1,-1,-1,-1,-1,-1,18,3000,3001,3002,3003,3004,3005,3006,3007,3008,3009,6001,6000,0,1,1,1,1,1,1,1,1,1.5,-0.53846157,0,50,21,100,0,0,0,100,100,100,0,63,63,84,999,-1,-1,0,0,0,0,-1,-1,0,0,0,0,0,84,999,0,0,-1,10,0,11,0,0,6,3,40,110,110,0,0,2,0,0,0,0,0,0,0,0,0,0,22,7,0,0,0,0,0,0,0,0,0,0,0,0,0,0,1,0,0,0,0,0,1,0,0,0,0,0,0,0,0,0,0,0,0,0,1,0,0,1,0,0,0,0,0,0,0,0,0,0,0,0,0,0,0,0,0,0,0,1.8,0.4,0,0,0,0,0,0,0,0,0,100,1,0,1,109,109,139,139,139,139,0,90030,0,0,90060,90161,90200,-1,-1,0,0.4,1.1,1.1,1.1,1.1,1.2,1.2,1.2,1,0,10,0,-1,-1,128,2000,-1,100,30,84,0,0,-1,0,-1,5065,-1,5800,10100,6000,-1,-1,-1,10103,-1,-1,-1,-1,-1,0,2,0,0,0,1,1,1,0,0,-1,-1,0,0,0,0,0,0,-1,-1,-1,0,0,0,180,50,0.1,-1,-1,-1,-1,1.8,0,0,0,1,0,0,0,0,0,0,0,0,1,0,-1,-1,-1,-1,-1,-1,-1,-1,-1,0.1,0.4,-1,0,0,30,0.29,100,3001,-1,5001,6001,-1,0,0.5,0.6,0,-1,0,1,1,1,1,1,1,1,1,1,1,1,1,1,1,1,1,1,1,-1,0,-1,0,-1,-1,-1,-1,[0|0|0|0|0|0|0|0|0|0|0|0],
43005040,Wandering Noble,0,0,[0|0|0],43000,1000,0,60,1.8,0.4,130,0,85,0,100,430000500,-1,10,0,0,-1,-1,0.4,-1,5405,0,0,7070,0,0,0,0,-1,0,0,0,0,0,-1,-1,-1,-1,-1,-1,18,3000,3001,3002,3003,3004,3005,3006,3007,3008,3009,6001,6000,0,1,1,1,1,1,1,1,1,1.5,-0.53846157,0,50,21,100,0,0,0,100,100,100,0,63,63,84,999,-1,-1,0,0,0,0,-1,-1,0,0,0,0,0,84,999,0,0,-1,10,0,11,0,0,48,3,40,110,110,0,0,2,0,0,0,0,0,0,0,0,0,0,22,7,0,0,0,0,0,0,0,0,0,0,0,0,0,0,1,0,0,0,0,0,1,0,0,0,0,0,0,0,0,0,0,0,0,0,1,0,0,1,0,0,0,0,0,0,0,0,0,0,0,0,0,0,0,0,0,0,0,1.8,0.4,0,0,0,0,0,0,0,0,0,100,1,0,1,109,109,139,139,139,139,0,90030,0,0,90060,90161,90200,5261,-1,0,0.4,1.1,1.1,1.1,1.1,1.2,1.2,1.2,1,0,10,0,-1,-1,128,2000,-1,100,30,84,0,0,-1,0,-1,5065,-1,5800,10100,6000,-1,-1,-1,10103,-1,-1,-1,-1,-1,0,2,0,0,0,1,1,1,0,0,-1,-1,0,0,0,0,0,0,-1,-1,-1,0,0,0,180,50,0.1,-1,-1,-1,-1,1.8,0,0,0,1,0,0,0,0,0,0,0,0,1,0,-1,-1,-1,-1,-1,-1,-1,-1,-1,0.1,0.4,-1,0,0,30,0.29,100,3001,-1,5001,6001,-1,0,0.5,0.6,0,-1,0,1,1,1,1,1,1,1,1,1,1,1,1,1,1,1,1,1,1,-1,0,-1,0,-1,-1,-1,-1,[0|0|0|0|0|0|0|0|0|0|0|0],
43005112,Wandering Noble,0,0,[0|0|0],43000,1000,0,60,1.8,0.4,130,0,85,0,100,430000510,-1,10,0,0,-1,-1,0.4,-1,5405,0,0,7020,0,0,0,0,-1,0,0,0,0,0,-1,-1,-1,-1,-1,-1,18,3000,3001,3002,3003,3004,3005,3006,3007,3008,3009,6001,6000,0,1,1,1,1,1,1,1,1,1.5,-0.53846157,0,50,21,100,0,0,0,100,100,100,0,63,63,84,999,-1,-1,0,0,0,0,-1,-1,0,0,0,0,0,84,999,0,0,-1,10,0,11,0,0,6,3,40,110,110,0,0,2,0,0,0,0,0,0,0,0,0,0,22,7,0,0,0,0,0,0,0,0,0,0,0,0,0,0,1,0,0,0,0,0,0,0,0,0,0,0,0,0,0,0,0,0,0,0,1,0,0,1,0,0,1,0,0,0,0,0,0,0,0,0,0,0,0,0,0,0,0,1.8,0.4,0,0,0,0,0,0,0,0,0,100,1,0,1,109,109,139,139,139,139,0,90030,0,0,90060,90161,90200,5261,-1,0,0.4,1.1,1.1,1.1,1.1,1.2,1.2,1.2,1,0,10,0,-1,-1,128,2000,-1,100,30,84,0,0,-1,0,-1,5065,-1,5800,10100,6000,-1,-1,-1,10103,-1,-1,-1,-1,-1,0,2,0,0,0,1,1,1,0,0,-1,-1,0,0,0,0,0,0,-1,-1,-1,0,0,0,180,50,0.1,-1,-1,-1,-1,1.8,0,0,0,1,0,0,0,0,0,0,0,0,1,0,-1,-1,-1,-1,-1,-1,-1,-1,-1,0.1,0.4,4301,0,0,30,0.29,100,3001,-1,5001,6001,-1,0,0.5,0.6,0,-1,0,1,1,1,1,1,1,1,1,1,1,1,1,1,1,1,1,1,1,-1,0,-1,0,-1,-1,-1,-1,[0|0|0|0|0|0|0|0|0|0|0|0],
43005130,Wandering Noble,0,0,[0|0|0],43000,1000,0,60,1.8,0.4,130,0,85,0,100,430030510,-1,10,0,0,-1,-1,0.4,-1,5405,0,0,7080,0,0,0,0,-1,0,0,0,0,0,-1,-1,-1,-1,-1,-1,18,3000,3001,3002,3003,3004,3005,3006,3007,3008,3009,6001,6000,0,1,1,1,1,1,1,1,1,1.5,-0.53846157,0,50,21,100,0,0,0,100,100,100,0,63,63,84,999,-1,-1,0,0,0,0,-1,-1,0,0,0,0,0,84,999,0,0,-1,10,0,11,0,0,6,3,40,110,110,0,0,2,0,0,0,0,0,0,0,0,0,0,22,7,0,0,0,0,0,0,0,0,0,0,0,0,0,0,1,0,0,0,0,0,0,0,0,0,0,0,0,0,0,0,0,0,0,0,1,0,0,1,0,0,1,0,0,0,0,0,0,0,0,0,0,0,0,0,0,0,0,1.8,0.4,0,0,0,0,0,0,0,0,0,100,1,0,1,109,109,139,139,139,139,0,90030,0,0,90060,90161,90200,5261,-1,0,0.4,1.1,1.1,1.1,1.1,1.2,1.2,1.2,1,0,10,0,-1,-1,128,2000,-1,100,30,84,0,0,-1,0,-1,5065,-1,5800,10100,6000,-1,-1,-1,10103,-1,-1,-1,-1,-1,0,2,0,0,0,1,1,1,0,0,-1,-1,0,0,0,0,0,0,-1,-1,-1,0,0,0,180,50,0.1,-1,-1,-1,-1,1.8,0,0,0,1,0,0,0,0,0,0,0,0,1,0,-1,-1,-1,-1,-1,-1,-1,-1,-1,0.1,0.4,-1,0,0,30,0.29,100,3001,-1,5001,6001,-1,0,0.5,0.6,0,-1,0,1,1,1,1,1,1,1,1,1,1,1,1,1,1,1,1,1,1,-1,0,-1,0,-1,-1,-1,-1,[0|0|0|0|0|0|0|0|0|0|0|0],
43005212,Wandering Noble,0,0,[0|0|0],43000,1000,0,60,1.8,0.4,130,0,85,0,100,430000520,-1,10,0,0,-1,-1,0.4,-1,5405,0,0,7020,0,0,0,0,-1,0,0,0,0,0,-1,-1,-1,-1,-1,-1,18,3000,3001,3002,3003,3004,3005,3006,3007,3008,3009,6001,6000,0,1,1,1,1,1,1,1,1,1.5,-0.53846157,0,50,21,100,0,0,0,100,100,100,0,63,63,84,999,-1,-1,0,0,0,0,-1,-1,0,0,0,0,0,84,999,0,0,-1,10,0,11,0,0,6,3,40,110,110,0,0,2,0,0,0,0,0,0,0,0,0,0,22,7,0,0,0,0,0,0,0,0,0,0,0,0,0,0,1,0,0,0,0,0,0,0,0,0,0,0,0,0,0,0,0,0,0,0,1,0,0,1,0,0,0,1,0,0,0,0,0,0,0,0,0,0,0,0,0,0,0,1.8,0.4,0,0,0,0,0,0,0,0,0,100,1,0,1,109,109,139,139,139,139,0,90030,0,0,90060,90161,90200,5261,-1,0,0.4,1.1,1.1,1.1,1.1,1.2,1.2,1.2,1,0,10,0,-1,-1,128,2000,-1,100,30,84,0,0,-1,0,-1,5065,-1,5800,10100,6000,-1,-1,-1,10103,-1,-1,-1,-1,-1,0,2,0,0,0,1,1,1,0,0,-1,-1,0,0,0,0,0,0,-1,-1,-1,0,0,0,180,50,0.1,-1,-1,-1,-1,1.8,0,0,0,1,0,0,0,0,0,0,0,0,1,0,-1,-1,-1,-1,-1,-1,-1,-1,-1,0.1,0.4,4301,0,0,30,0.29,100,3001,-1,5001,6001,-1,0,0.5,0.6,0,-1,0,1,1,1,1,1,1,1,1,1,1,1,1,1,1,1,1,1,1,-1,0,-1,0,-1,-1,-1,-1,[0|0|0|0|0|0|0|0|0|0|0|0],
43005233,Wandering Noble,0,0,[0|0|0],43000,1000,0,60,1.8,0.4,130,0,85,0,100,430030520,-1,10,0,0,-1,-1,0.4,-1,5405,0,0,7090,0,0,0,0,-1,0,0,0,0,0,-1,-1,-1,-1,-1,-1,18,3000,3001,3002,3003,3004,3005,3006,3007,3008,3009,6001,6000,0,1,1,1,1,1,1,1,1,1.5,-0.53846157,0,50,21,100,0,0,0,100,100,100,0,63,63,84,999,-1,-1,0,0,0,0,-1,-1,0,0,0,0,0,84,999,0,0,-1,10,0,11,0,0,60,3,40,110,110,0,0,2,0,0,0,0,0,0,0,0,0,0,22,7,0,0,0,0,0,0,0,0,0,0,0,0,0,0,1,0,0,0,0,0,0,0,0,0,0,0,0,0,0,0,0,0,0,0,1,0,0,1,0,0,0,1,0,0,0,0,0,0,0,0,0,0,0,0,0,0,0,1.8,0.4,0,0,0,0,0,0,0,0,0,100,1,0,1,109,109,139,139,139,139,0,90030,0,0,90060,90161,90200,5261,-1,0,0.4,1.1,1.1,1.1,1.1,1.2,1.2,1.2,1,0,10,0,-1,-1,128,2000,-1,100,30,84,0,0,-1,0,-1,5065,-1,5800,10100,6000,-1,-1,-1,10103,-1,-1,-1,-1,-1,0,2,0,0,0,1,1,1,0,0,-1,-1,0,0,0,0,0,0,-1,-1,-1,0,0,0,180,50,0.1,-1,-1,-1,-1,1.8,0,0,0,1,0,0,0,0,0,0,0,0,1,0,-1,-1,-1,-1,-1,-1,-1,-1,-1,0.1,0.4,-1,0,0,30,0.29,100,3001,-1,5001,6001,-1,0,0.5,0.6,0,-1,0,1,1,1,1,1,1,1,1,1,1,1,1,1,1,1,1,1,1,-1,0,-1,0,-1,-1,-1,-1,[0|0|0|0|0|0|0|0|0|0|0|0],
43006012,Wandering Noble (Poisoned),0,0,[0|0|0],43000,1000,0,60,1.8,0.4,130,0,85,0,100,430000600,-1,10,0,0,-1,-1,0.4,-1,5400,0,0,7020,0,0,0,0,-1,0,0,0,0,0,-1,-1,-1,-1,-1,-1,18,3000,3001,3002,3003,3004,3005,3006,3007,3008,3009,6001,6000,0,1,1,1,1,1,1,1,1,1.5,-0.53846157,0,50,21,100,0,0,0,100,100,100,0,63,63,84,999,-1,-1,0,0,0,0,-1,-1,0,0,0,0,0,84,999,0,0,-1,10,0,11,0,0,6,3,40,110,110,0,0,2,0,0,0,0,0,0,0,0,0,0,22,7,0,0,0,0,0,0,0,0,0,0,0,0,0,0,0,0,0,0,0,0,1,0,0,0,0,0,0,0,0,0,0,0,0,0,1,0,0,1,0,0,0,0,0,0,0,0,0,0,0,0,0,0,0,0,0,0,0,1.8,0.4,0,0,0,0,0,0,0,0,0,100,0,0,1,109,109,139,139,139,139,0,90030,0,0,90060,90161,90200,5261,-1,0,0.4,1.1,1.1,1.1,1.1,1.2,1.2,1.2,1,0,10,0,-1,-1,128,2000,-1,100,30,84,0,0,-1,-1,10101,5065,-1,5800,-1,6000,10290,-1,-1,10103,-1,-1,-1,-1,-1,0,2,0,0,0,1,1,1,0,0,-1,-1,0,0,0,0,0,0,-1,-1,-1,0,0,0,180,50,0.1,-1,-1,-1,-1,1.8,0,0,0,1,0,0,0,0,0,0,0,0,1,0,-1,-1,-1,-1,-1,-1,-1,-1,-1,0.1,0.4,4301,0,0,30,0.29,100,3001,-1,5001,6001,-1,0,0.5,0.6,0,-1,0,1,1,1,1,1,1,1,1,1,1,1,1,1,1,1,1,1,1,-1,0,-1,0,-1,-1,-1,-1,[0|0|0|0|0|0|0|0|0|0|0|0],
43006052,Wandering Noble (Poisoned),0,0,[0|0|0],43000,1000,0,60,1.8,0.4,130,0,85,0,100,430030600,-1,10,0,0,-1,-1,0.4,-1,5400,0,0,7160,0,0,0,0,-1,0,0,0,0,0,-1,-1,-1,-1,-1,-1,18,3000,3001,3002,3003,3004,3005,3006,3007,3008,3009,6001,6000,0,1,1,1,1,1,1,1,1,1.5,-0.53846157,0,50,21,100,0,0,0,100,100,100,0,63,63,84,999,-1,-1,0,0,0,0,-1,-1,0,0,0,0,0,84,999,0,0,-1,10,0,11,0,0,63,3,40,110,110,0,0,2,0,0,0,0,0,0,0,0,0,0,22,7,0,0,0,0,0,0,0,0,0,0,0,0,0,0,0,0,0,0,0,0,1,0,0,0,0,0,0,0,0,0,0,0,0,0,1,0,0,1,0,0,0,0,0,0,0,0,0,0,0,0,0,0,0,0,0,0,0,1.8,0.4,0,0,0,0,0,0,0,0,0,100,0,0,1,109,109,139,139,139,139,0,90030,0,0,90060,90161,90200,5261,-1,0,0.4,1.1,1.1,1.1,1.1,1.2,1.2,1.2,1,0,10,0,-1,-1,128,2000,-1,100,30,84,0,0,-1,-1,10101,5065,-1,5800,-1,6000,10290,-1,-1,10103,-1,-1,-1,-1,-1,0,2,0,0,0,1,1,1,0,0,-1,-1,0,0,0,0,0,0,-1,-1,-1,0,0,0,180,50,0.1,-1,-1,-1,-1,1.8,0,0,0,1,0,0,0,0,0,0,0,0,1,0,-1,-1,-1,-1,-1,-1,-1,-1,-1,0.1,0.4,-1,0,0,30,0.29,100,3001,-1,5001,6001,-1,0,0.5,0.6,0,-1,0,1,1,1,1,1,1,1,1,1,1,1,1,1,1,1,1,1,1,-1,0,-1,0,-1,-1,-1,-1,[0|0|0|0|0|0|0|0|0|0|0|0],
43006112,Wandering Noble (Poisoned),0,0,[0|0|0],43000,1000,0,60,1.8,0.4,130,0,85,0,100,430000610,-1,10,0,0,-1,-1,0.4,-1,5400,0,0,7020,0,0,0,0,-1,0,0,0,0,0,-1,-1,-1,-1,-1,-1,18,3000,3001,3002,3003,3004,3005,3006,3007,3008,3009,6001,6000,0,1,1,1,1,1,1,1,1,1.5,-0.53846157,0,50,21,100,0,0,0,100,100,100,0,63,63,84,999,-1,-1,0,0,0,0,-1,-1,0,0,0,0,0,84,999,0,0,-1,10,0,11,0,0,6,3,40,110,110,0,0,2,0,0,0,0,0,0,0,0,0,0,22,7,0,0,0,0,0,0,0,0,0,0,0,0,0,0,0,0,0,0,0,0,0,0,0,0,0,0,0,0,0,0,0,0,0,0,1,0,0,1,0,0,1,0,0,0,0,0,0,0,0,0,0,0,0,0,0,0,0,1.8,0.4,0,0,0,0,0,0,0,0,0,100,0,0,1,109,109,139,139,139,139,0,90030,0,0,90060,90161,90200,5261,-1,0,0.4,1.1,1.1,1.1,1.1,1.2,1.2,1.2,1,0,10,0,-1,-1,128,2000,-1,100,30,84,0,0,-1,-1,10101,5065,-1,5800,-1,6000,10290,-1,-1,10103,-1,-1,-1,-1,-1,0,2,0,0,0,1,1,1,0,0,-1,-1,0,0,0,0,0,0,-1,-1,-1,0,0,0,180,50,0.1,-1,-1,-1,-1,1.8,0,0,0,1,0,0,0,0,0,0,0,0,1,0,-1,-1,-1,-1,-1,-1,-1,-1,-1,0.1,0.4,4301,0,0,30,0.29,100,3001,-1,5001,6001,-1,0,0.5,0.6,0,-1,0,1,1,1,1,1,1,1,1,1,1,1,1,1,1,1,1,1,1,-1,0,-1,0,-1,-1,-1,-1,[0|0|0|0|0|0|0|0|0|0|0|0],
43006212,Wandering Noble (Poisoned),0,0,[0|0|0],43000,1000,0,60,1.8,0.4,130,0,85,0,100,430000620,-1,10,0,0,-1,-1,0.4,-1,5400,0,0,7020,0,0,0,0,-1,0,0,0,0,0,-1,-1,-1,-1,-1,-1,18,3000,3001,3002,3003,3004,3005,3006,3007,3008,3009,6001,6000,0,1,1,1,1,1,1,1,1,1.5,-0.53846157,0,50,21,100,0,0,0,100,100,100,0,63,63,84,999,-1,-1,0,0,0,0,-1,-1,0,0,0,0,0,84,999,0,0,-1,10,0,11,0,0,6,3,40,110,110,0,0,2,0,0,0,0,0,0,0,0,0,0,22,7,0,0,0,0,0,0,0,0,0,0,0,0,0,0,0,0,0,0,0,0,0,0,0,0,0,0,0,0,0,0,0,0,0,0,1,0,0,1,0,0,0,1,0,0,0,0,0,0,0,0,0,0,0,0,0,0,0,1.8,0.4,0,0,0,0,0,0,0,0,0,100,0,0,1,109,109,139,139,139,139,0,90030,0,0,90060,90161,90200,5261,-1,0,0.4,1.1,1.1,1.1,1.1,1.2,1.2,1.2,1,0,10,0,-1,-1,128,2000,-1,100,30,84,0,0,-1,-1,10101,5065,-1,5800,-1,6000,10290,-1,-1,10103,-1,-1,-1,-1,-1,0,2,0,0,0,1,1,1,0,0,-1,-1,0,0,0,0,0,0,-1,-1,-1,0,0,0,180,50,0.1,-1,-1,-1,-1,1.8,0,0,0,1,0,0,0,0,0,0,0,0,1,0,-1,-1,-1,-1,-1,-1,-1,-1,-1,0.1,0.4,4301,0,0,30,0.29,100,3001,-1,5001,6001,-1,0,0.5,0.6,0,-1,0,1,1,1,1,1,1,1,1,1,1,1,1,1,1,1,1,1,1,-1,0,-1,0,-1,-1,-1,-1,[0|0|0|0|0|0|0|0|0|0|0|0],
43006352,Wandering Noble (Poisoned),0,0,[0|0|0],43000,1000,0,60,1.8,0.4,130,-1.4,85,0,100,-1,-1,10,0,0,-1,-1,0.4,-1,5400,0,0,7160,0,0,0,0,-1,0,0,0,0,0,-1,-1,-1,-1,-1,-1,18,3000,3001,3002,3003,3004,3005,3006,3007,3008,3009,6001,6000,0,1,1,1,1,1,1,1,1,1.5,-1,0,50,21,100,0,0,0,100,100,100,0,63,63,84,999,-1,-1,0,0,0,0,-1,-1,1,0,0,0,0,84,999,0,0,-1,10,0,11,0,0,6,3,40,110,110,0,0,2,0,0,0,0,0,0,0,0,0,0,22,7,0,0,0,0,0,0,0,0,0,0,0,0,0,0,0,0,0,0,0,0,1,0,0,0,0,0,0,0,0,0,0,0,0,0,1,0,0,1,0,0,0,0,0,0,0,0,0,0,0,0,0,0,0,0,0,0,0,1.8,0.4,0,0,0,0,0,1,0,0,0,100,0,0,1,109,109,139,139,139,139,0,90030,0,90300,90060,90100,0,5261,-1,0,0.4,1.1,1.1,1.1,1.1,1.2,1.2,1.2,1,0,10,0,-1,-1,128,2000,-1,100,30,84,0,0,-1,-1,10101,5065,-1,5800,-1,-1,10290,-1,-1,10103,-1,10105,-1,-1,4300,0,2,0,0,0,1,1,1,0,0,-1,-1,0,0,0,0,0,0,-1,-1,-1,0,0,0,180,50,0.1,-1,-1,-1,-1,1.8,0,0,0,1,0,0,0,0,0,0,0,0,1,0,-1,-1,-1,-1,-1,-1,-1,-1,-1,0.1,0.4,-1,0,0,-1,0.29,100,3001,-1,5001,6001,-1,0,0.5,0.6,0,-1,0,1,1,1,1,1,1,1,1,1,1,1,1,1,1,1,1,1,1,-1,0,-1,0,-1,-1,-1,-1,[0|0|0|0|0|0|0|0|0|0|0|0],
43006738,Wandering Noble (Poisoned),0,0,[0|0|0],43000,1000,0,60,1.8,0.4,130,0,85,0,100,430000610,-1,10,0,0,-1,-1,0.4,-1,5400,0,0,7110,0,0,0,0,-1,0,0,0,0,0,-1,-1,-1,-1,-1,-1,18,3000,3001,3002,3003,3004,3005,3006,3007,3008,3009,6001,6000,0,1,1,1,1,1,1,1,1,1.5,-0.53846157,0,50,21,100,0,0,0,100,100,100,0,63,63,84,999,-1,-1,0,0,0,0,-1,-1,0,0,0,0,0,84,999,0,0,-1,10,0,11,0,0,6,3,40,110,110,0,0,2,0,0,0,0,0,0,0,0,0,0,22,7,0,0,0,0,0,0,0,0,0,0,0,0,0,0,0,0,0,0,0,0,0,0,0,0,0,0,0,0,0,0,0,0,0,0,1,0,0,1,0,0,1,0,0,0,0,0,0,0,0,0,0,0,0,0,0,0,0,1.8,0.4,0,0,0,0,0,0,0,0,0,100,1,0,1,109,109,139,139,139,139,0,90030,0,0,90060,90161,90200,5261,-1,0,0.4,1.1,1.1,1.1,1.1,1.2,1.2,1.2,1,0,10,0,-1,-1,128,2000,-1,100,30,84,0,0,-1,-1,-1,5065,-1,5800,-1,6000,10291,-1,10112,10103,-1,-1,-1,-1,-1,0,2,0,0,0,1,1,1,0,0,-1,-1,0,0,0,0,0,0,-1,-1,-1,0,0,0,180,50,0.1,-1,-1,-1,-1,1.8,0,0,0,1,0,0,0,0,0,0,0,0,1,0,-1,-1,-1,-1,-1,-1,-1,-1,-1,0.1,0.4,-1,0,0,30,0.29,100,3001,-1,5001,6001,-1,0,0.5,0.6,0,-1,0,1,1,1,1,1,1,1,1,1,1,1,1,1,1,1,1,1,1,-1,0,-1,0,-1,-1,-1,-1,[0|0|0|0|0|0|0|0|0|0|0|0],
43007010,Wandering Noble,0,0,[0|0|0],43000,-1,0,60,1.8,0.4,130,0,85,0,100,-1,-1,10,0,0,-1,-1,0.4,-1,5400,0,0,7010,0,0,90000,90010,-1,0,0,0,0,0,-1,-1,-1,-1,-1,-1,18,3000,3001,3002,3003,3004,3005,3006,3007,3008,3009,6001,6000,0,1,1,1,1,1,1,1,1,1.5,-0.53846157,0,50,21,100,0,0,0,100,100,100,0,999,999,999,999,-1,-1,0,0,0,0,-1,-1,1,0,0,0,0,999,999,0,0,-1,10,0,11,0,0,0,3,0,110,110,0,0,2,0,0,0,0,0,0,0,0,0,0,22,7,0,0,0,0,0,0,0,0,0,0,0,0,0,0,0,0,0,0,0,0,1,0,0,0,0,0,0,0,0,0,0,0,0,0,1,0,0,1,0,0,0,0,0,0,0,0,0,0,0,0,0,0,0,0,0,0,0,0,0,0,0,0,0,0,0,0,0,0,100,0,0,1,109,109,139,139,139,139,90020,90030,90040,90300,90060,90100,0,-1,-1,0,0.4,1.1,1.1,1.1,1.1,1.2,1.2,1.2,1,0,10,0,-1,-1,128,-1,-1,100,30,999,0,0,-1,-1,-1,5065,-1,5800,-1,-1,10126,35,-1,-1,10104,-1,-1,-1,-1,0,2,0,0,0,1,1,1,0,0,-1,-1,0,0,0,0,0,0,-1,-1,-1,0,0,0,180,100,0.1,-1,-1,-1,-1,1.8,0,0,0,1,0,0,0,0,0,0,0,0,1,0,-1,-1,-1,-1,-1,-1,-1,-1,-1,0.1,0.4,4302,0,0,30,0.29,100,-1,-1,-1,-1,-1,0,0.5,0.6,0,-1,0,1,1,1,1,1,1,1,1,1,1,1,1,1,1,1,1,1,1,-1,0,-1,0,-1,-1,-1,-1,[0|0|0|0|0|0|0|0|0|0|0|0],
43007012,Wandering Noble,0,0,[0|0|0],43000,-1,0,60,1.8,0.4,130,0,85,0,100,-1,-1,10,0,0,-1,-1,0.4,-1,5400,0,0,7020,0,0,90000,90010,-1,0,0,0,0,0,-1,-1,-1,-1,-1,-1,18,3000,3001,3002,3003,3004,3005,3006,3007,3008,3009,6001,6000,0,1,1,1,1,1,1,1,1,1.5,-0.53846157,0,50,21,100,0,0,0,100,100,100,0,999,999,999,999,-1,-1,0,0,0,0,-1,-1,1,0,0,0,0,999,999,0,0,-1,10,0,11,0,0,0,3,0,110,110,0,0,2,0,0,0,0,0,0,0,0,0,0,22,7,0,0,0,0,0,0,0,0,0,0,0,0,0,0,0,0,0,0,0,0,1,0,0,0,0,0,0,0,0,0,0,0,0,0,1,0,0,1,0,0,0,0,0,0,0,0,0,0,0,0,0,0,0,0,0,0,0,0,0,0,0,0,0,0,0,0,0,0,100,0,0,1,109,109,139,139,139,139,90020,90030,90040,90300,90060,90100,0,-1,-1,0,0.4,1.1,1.1,1.1,1.1,1.2,1.2,1.2,1,0,10,0,-1,-1,128,-1,-1,100,30,999,0,0,-1,-1,-1,5065,-1,5800,-1,-1,10126,35,-1,-1,10104,-1,-1,-1,-1,0,2,0,0,0,1,1,1,0,0,-1,-1,0,0,0,0,0,0,-1,-1,-1,0,0,0,180,100,0.1,-1,-1,-1,-1,1.8,0,0,0,1,0,0,0,0,0,0,0,0,1,0,-1,-1,-1,-1,-1,-1,-1,-1,-1,0.1,0.4,4302,0,0,30,0.29,100,-1,-1,-1,-1,-1,0,0.5,0.6,0,-1,0,1,1,1,1,1,1,1,1,1,1,1,1,1,1,1,1,1,1,-1,0,-1,0,-1,-1,-1,-1,[0|0|0|0|0|0|0|0|0|0|0|0],
43007020,Wandering Noble,0,0,[0|0|0],43000,-1,0,60,1.8,0.4,130,0,85,0,100,-1,-1,10,0,0,-1,-1,0.4,-1,5400,0,0,7060,0,0,90000,90010,-1,0,0,0,0,0,-1,-1,-1,-1,-1,-1,18,3000,3001,3002,3003,3004,3005,3006,3007,3008,3009,6001,6000,0,1,1,1,1,1,1,1,1,1.5,-0.53846157,0,50,21,100,0,0,0,100,100,100,0,999,999,999,999,-1,-1,0,0,0,0,-1,-1,1,0,0,0,0,999,999,0,0,-1,10,0,11,0,0,0,3,0,110,110,0,0,2,0,0,0,0,0,0,0,0,0,0,22,7,0,0,0,0,0,0,0,0,0,0,0,0,0,0,0,0,0,0,0,0,1,0,0,0,0,0,0,0,0,0,0,0,0,0,1,0,0,1,0,0,0,0,0,0,0,0,0,0,0,0,0,0,0,0,0,0,0,0,0,0,0,0,0,0,0,0,0,0,100,0,0,1,109,109,139,139,139,139,90020,90030,90040,90300,90060,90100,0,-1,-1,0,0.4,1.1,1.1,1.1,1.1,1.2,1.2,1.2,1,0,10,0,-1,-1,128,-1,-1,100,30,999,0,0,-1,-1,-1,5065,-1,5800,-1,-1,10126,35,-1,-1,10104,-1,-1,-1,-1,0,2,0,0,0,1,1,1,0,0,-1,-1,0,0,0,0,0,0,-1,-1,-1,0,0,0,180,100,0.1,-1,-1,-1,-1,1.8,0,0,0,1,0,0,0,0,0,0,0,0,1,0,-1,-1,-1,-1,-1,-1,-1,-1,-1,0.1,0.4,4302,0,0,30,0.29,100,-1,-1,-1,-1,-1,0,0.5,0.6,0,-1,0,1,1,1,1,1,1,1,1,1,1,1,1,1,1,1,1,1,1,-1,0,-1,0,-1,-1,-1,-1,[0|0|0|0|0|0|0|0|0|0|0|0],
43007030,Wandering Noble,0,0,[0|0|0],43000,-1,0,60,1.8,0.4,130,0,85,0,100,-1,-1,10,0,0,-1,-1,0.4,-1,5400,0,0,7080,0,0,90000,90010,-1,0,0,0,0,0,-1,-1,-1,-1,-1,-1,18,3000,3001,3002,3003,3004,3005,3006,3007,3008,3009,6001,6000,0,1,1,1,1,1,1,1,1,1.5,-0.53846157,0,50,21,100,0,0,0,100,100,100,0,999,999,999,999,-1,-1,0,0,0,0,-1,-1,1,0,0,0,0,999,999,0,0,-1,10,0,11,0,0,0,3,0,110,110,0,0,2,0,0,0,0,0,0,0,0,0,0,22,7,0,0,0,0,0,0,0,0,0,0,0,0,0,0,0,0,0,0,0,0,1,0,0,0,0,0,0,0,0,0,0,0,0,0,1,0,0,1,0,0,0,0,0,0,0,0,0,0,0,0,0,0,0,0,0,0,0,0,0,0,0,0,0,0,0,0,0,0,100,0,0,1,109,109,139,139,139,139,90020,90030,90040,90300,90060,90100,0,-1,-1,0,0.4,1.1,1.1,1.1,1.1,1.2,1.2,1.2,1,0,10,0,-1,-1,128,-1,-1,100,30,999,0,0,-1,-1,-1,5065,-1,5800,-1,-1,10126,35,-1,-1,10104,-1,-1,-1,-1,0,2,0,0,0,1,1,1,0,0,-1,-1,0,0,0,0,0,0,-1,-1,-1,0,0,0,180,100,0.1,-1,-1,-1,-1,1.8,0,0,0,1,0,0,0,0,0,0,0,0,1,0,-1,-1,-1,-1,-1,-1,-1,-1,-1,0.1,0.4,4302,0,0,30,0.29,100,-1,-1,-1,-1,-1,0,0.5,0.6,0,-1,0,1,1,1,1,1,1,1,1,1,1,1,1,1,1,1,1,1,1,-1,0,-1,0,-1,-1,-1,-1,[0|0|0|0|0|0|0|0|0|0|0|0],
43007040,Wandering Noble,0,0,[0|0|0],43000,-1,0,60,1.8,0.4,130,0,85,0,100,-1,-1,10,0,0,-1,-1,0.4,-1,5400,0,0,7070,0,0,90000,90010,-1,0,0,0,0,0,-1,-1,-1,-1,-1,-1,18,3000,3001,3002,3003,3004,3005,3006,3007,3008,3009,6001,6000,0,1,1,1,1,1,1,1,1,1.5,-0.53846157,0,50,21,100,0,0,0,100,100,100,0,999,999,999,999,-1,-1,0,0,0,0,-1,-1,1,0,0,0,0,999,999,0,0,-1,10,0,11,0,0,0,3,0,110,110,0,0,2,0,0,0,0,0,0,0,0,0,0,22,7,0,0,0,0,0,0,0,0,0,0,0,0,0,0,0,0,0,0,0,0,1,0,0,0,0,0,0,0,0,0,0,0,0,0,1,0,0,1,0,0,0,0,0,0,0,0,0,0,0,0,0,0,0,0,0,0,0,0,0,0,0,0,0,0,0,0,0,0,100,0,0,1,109,109,139,139,139,139,90020,90030,90040,90300,90060,90100,0,-1,-1,0,0.4,1.1,1.1,1.1,1.1,1.2,1.2,1.2,1,0,10,0,-1,-1,128,-1,-1,100,30,999,0,0,-1,-1,-1,5065,-1,5800,-1,-1,10126,35,-1,-1,10104,-1,-1,-1,-1,0,2,0,0,0,1,1,1,0,0,-1,-1,0,0,0,0,0,0,-1,-1,-1,0,0,0,180,100,0.1,-1,-1,-1,-1,1.8,0,0,0,1,0,0,0,0,0,0,0,0,1,0,-1,-1,-1,-1,-1,-1,-1,-1,-1,0.1,0.4,4302,0,0,30,0.29,100,-1,-1,-1,-1,-1,0,0.5,0.6,0,-1,0,1,1,1,1,1,1,1,1,1,1,1,1,1,1,1,1,1,1,-1,0,-1,0,-1,-1,-1,-1,[0|0|0|0|0|0|0|0|0|0|0|0],
43007052,Wandering Noble,0,0,[0|0|0],43000,-1,0,60,1.8,0.4,130,0,85,0,100,-1,-1,10,0,0,-1,-1,0.4,-1,5400,0,0,7160,0,0,90000,90010,-1,0,0,0,0,0,-1,-1,-1,-1,-1,-1,18,3000,3001,3002,3003,3004,3005,3006,3007,3008,3009,6001,6000,0,1,1,1,1,1,1,1,1,1.5,-0.53846157,0,50,21,100,0,0,0,100,100,100,0,999,999,999,999,-1,-1,0,0,0,0,-1,-1,1,0,0,0,0,999,999,0,0,-1,10,0,11,0,0,0,3,0,110,110,0,0,2,0,0,0,0,0,0,0,0,0,0,22,7,0,0,0,0,0,0,0,0,0,0,0,0,0,0,0,0,0,0,0,0,1,0,0,0,0,0,0,0,0,0,0,0,0,0,1,0,0,1,0,0,0,0,0,0,0,0,0,0,0,0,0,0,0,0,0,0,0,0,0,0,0,0,0,0,0,0,0,0,100,0,0,1,109,109,139,139,139,139,90020,90030,90040,90300,90060,90100,0,-1,-1,0,0.4,1.1,1.1,1.1,1.1,1.2,1.2,1.2,1,0,10,0,-1,-1,128,-1,-1,100,30,999,0,0,-1,-1,-1,5065,-1,5800,-1,-1,10126,35,-1,-1,10104,-1,-1,-1,-1,0,2,0,0,0,1,1,1,0,0,-1,-1,0,0,0,0,0,0,-1,-1,-1,0,0,0,180,100,0.1,-1,-1,-1,-1,1.8,0,0,0,1,0,0,0,0,0,0,0,0,1,0,-1,-1,-1,-1,-1,-1,-1,-1,-1,0.1,0.4,4302,0,0,30,0.29,100,-1,-1,-1,-1,-1,0,0.5,0.6,0,-1,0,1,1,1,1,1,1,1,1,1,1,1,1,1,1,1,1,1,1,-1,0,-1,0,-1,-1,-1,-1,[0|0|0|0|0|0|0|0|0|0|0|0],
43007100,Wandering Noble,0,0,[0|0|0],43000,-1,0,60,0.5,0.4,130,0,85,0,100,-1,-1,10,0,0,-1,-1,0.4,-1,5400,0,0,0,0,0,90000,90010,-1,0,0,0,0,0,-1,-1,-1,-1,-1,-1,18,3000,3001,3002,3003,3004,3005,3006,3007,3008,3009,6001,6000,0,1,1,1,1,1,1,1,1,1.5,-0.53846157,0,50,21,100,0,0,0,100,100,100,0,999,999,999,999,-1,-1,0,0,0,0,-1,-1,1,0,0,0,0,999,999,0,0,-1,10,0,11,0,0,0,3,0,110,110,0,0,2,0,0,0,0,0,0,0,0,0,0,22,7,0,0,0,0,0,0,0,0,0,0,0,0,0,0,0,0,0,0,0,0,1,0,0,0,0,0,0,0,0,0,0,0,0,0,1,0,0,1,0,0,0,0,0,0,0,0,0,0,0,0,0,0,0,0,0,0,0,0,0,0,0,0,0,0,0,0,0,0,100,0,0,1,109,109,139,139,139,139,90020,90030,90040,90300,90060,90100,0,-1,-1,0,0.4,1.1,1.1,1.1,1.1,1.2,1.2,1.2,1,0,10,0,-1,-1,128,-1,-1,100,30,999,0,0,-1,-1,-1,5065,-1,5800,440,-1,10126,35,-1,-1,10104,-1,-1,-1,-1,0,2,0,0,0,1,1,1,0,0,-1,-1,0,0,0,0,0,0,-1,-1,-1,0,0,0,180,100,0.1,-1,-1,-1,-1,1.8,0,0,0,1,0,0,0,0,0,0,0,0,1,0,-1,-1,-1,-1,-1,-1,-1,-1,-1,0.1,0.4,4302,0,0,30,0.29,100,-1,-1,-1,-1,-1,0,0.5,0.6,0,-1,0,1,1,1,1,1,1,1,1,1,1,1,1,1,1,1,1,1,1,-1,0,-1,0,-1,-1,-1,-1,[0|0|0|0|0|0|0|0|0|0|0|0],
43007110,Wandering Noble,0,0,[0|0|0],43000,-1,0,60,0.5,0.4,130,0,85,0,100,-1,-1,10,0,0,-1,-1,0.4,-1,5400,0,0,7010,0,0,90000,90010,-1,0,0,0,0,0,-1,-1,-1,-1,-1,-1,18,3000,3001,3002,3003,3004,3005,3006,3007,3008,3009,6001,6000,0,1,1,1,1,1,1,1,1,1.5,-0.53846157,0,50,21,100,0,0,0,100,100,100,0,999,999,999,999,-1,-1,0,0,0,0,-1,-1,1,0,0,0,0,999,999,0,0,-1,10,0,11,0,0,0,3,0,110,110,0,0,2,0,0,0,0,0,0,0,0,0,0,22,7,0,0,0,0,0,0,0,0,0,0,0,0,0,0,0,0,0,0,0,0,1,0,0,0,0,0,0,0,0,0,0,0,0,0,1,0,0,1,0,0,0,0,0,0,0,0,0,0,0,0,0,0,0,0,0,0,0,0,0,0,0,0,0,0,0,0,0,0,100,0,0,1,109,109,139,139,139,139,90020,90030,90040,90300,90060,90100,0,-1,-1,0,0.4,1.1,1.1,1.1,1.1,1.2,1.2,1.2,1,0,10,0,-1,-1,128,-1,-1,100,30,999,0,0,-1,-1,-1,5065,-1,5800,440,-1,10126,35,-1,-1,10104,-1,-1,-1,-1,0,2,0,0,0,1,1,1,0,0,-1,-1,0,0,0,0,0,0,-1,-1,-1,0,0,0,180,100,0.1,-1,-1,-1,-1,1.8,0,0,0,1,0,0,0,0,0,0,0,0,1,0,-1,-1,-1,-1,-1,-1,-1,-1,-1,0.1,0.4,4302,0,0,30,0.29,100,-1,-1,-1,-1,-1,0,0.5,0.6,0,-1,0,1,1,1,1,1,1,1,1,1,1,1,1,1,1,1,1,1,1,-1,0,-1,0,-1,-1,-1,-1,[0|0|0|0|0|0|0|0|0|0|0|0],
43007112,Wandering Noble,0,0,[0|0|0],43000,-1,0,60,0.5,0.4,130,0,85,0,100,-1,-1,10,0,0,-1,-1,0.4,-1,5400,0,0,7020,0,0,90000,90010,-1,0,0,0,0,0,-1,-1,-1,-1,-1,-1,18,3000,3001,3002,3003,3004,3005,3006,3007,3008,3009,6001,6000,0,1,1,1,1,1,1,1,1,1.5,-0.53846157,0,50,21,100,0,0,0,100,100,100,0,999,999,999,999,-1,-1,0,0,0,0,-1,-1,1,0,0,0,0,999,999,0,0,-1,10,0,11,0,0,0,3,0,110,110,0,0,2,0,0,0,0,0,0,0,0,0,0,22,7,0,0,0,0,0,0,0,0,0,0,0,0,0,0,0,0,0,0,0,0,1,0,0,0,0,0,0,0,0,0,0,0,0,0,1,0,0,1,0,0,0,0,0,0,0,0,0,0,0,0,0,0,0,0,0,0,0,0,0,0,0,0,0,0,0,0,0,0,100,0,0,1,109,109,139,139,139,139,90020,90030,90040,90300,90060,90100,0,-1,-1,0,0.4,1.1,1.1,1.1,1.1,1.2,1.2,1.2,1,0,10,0,-1,-1,128,-1,-1,100,30,999,0,0,-1,-1,-1,5065,-1,5800,440,-1,10126,35,-1,-1,10104,-1,-1,-1,-1,0,2,0,0,0,1,1,1,0,0,-1,-1,0,0,0,0,0,0,-1,-1,-1,0,0,0,180,100,0.1,-1,-1,-1,-1,1.8,0,0,0,1,0,0,0,0,0,0,0,0,1,0,-1,-1,-1,-1,-1,-1,-1,-1,-1,0.1,0.4,4302,0,0,30,0.29,100,-1,-1,-1,-1,-1,0,0.5,0.6,0,-1,0,1,1,1,1,1,1,1,1,1,1,1,1,1,1,1,1,1,1,-1,0,-1,0,-1,-1,-1,-1,[0|0|0|0|0|0|0|0|0|0|0|0],
43007120,Wandering Noble,0,0,[0|0|0],43000,-1,0,60,0.5,0.4,130,0,85,0,100,-1,-1,10,0,0,-1,-1,0.4,-1,5400,0,0,7060,0,0,90000,90010,-1,0,0,0,0,0,-1,-1,-1,-1,-1,-1,18,3000,3001,3002,3003,3004,3005,3006,3007,3008,3009,6001,6000,0,1,1,1,1,1,1,1,1,1.5,-0.53846157,0,50,21,100,0,0,0,100,100,100,0,999,999,999,999,-1,-1,0,0,0,0,-1,-1,1,0,0,0,0,999,999,0,0,-1,10,0,11,0,0,0,3,0,110,110,0,0,2,0,0,0,0,0,0,0,0,0,0,22,7,0,0,0,0,0,0,0,0,0,0,0,0,0,0,0,0,0,0,0,0,1,0,0,0,0,0,0,0,0,0,0,0,0,0,1,0,0,1,0,0,0,0,0,0,0,0,0,0,0,0,0,0,0,0,0,0,0,0,0,0,0,0,0,0,0,0,0,0,100,0,0,1,109,109,139,139,139,139,90020,90030,90040,90300,90060,90100,0,-1,-1,0,0.4,1.1,1.1,1.1,1.1,1.2,1.2,1.2,1,0,10,0,-1,-1,128,-1,-1,100,30,999,0,0,-1,-1,-1,5065,-1,5800,440,-1,10126,35,-1,-1,10104,-1,-1,-1,-1,0,2,0,0,0,1,1,1,0,0,-1,-1,0,0,0,0,0,0,-1,-1,-1,0,0,0,180,100,0.1,-1,-1,-1,-1,1.8,0,0,0,1,0,0,0,0,0,0,0,0,1,0,-1,-1,-1,-1,-1,-1,-1,-1,-1,0.1,0.4,4302,0,0,30,0.29,100,-1,-1,-1,-1,-1,0,0.5,0.6,0,-1,0,1,1,1,1,1,1,1,1,1,1,1,1,1,1,1,1,1,1,-1,0,-1,0,-1,-1,-1,-1,[0|0|0|0|0|0|0|0|0|0|0|0],
43007130,Wandering Noble,0,0,[0|0|0],43000,-1,0,60,0.5,0.4,130,0,85,0,100,-1,-1,10,0,0,-1,-1,0.4,-1,5400,0,0,7080,0,0,90000,90010,-1,0,0,0,0,0,-1,-1,-1,-1,-1,-1,18,3000,3001,3002,3003,3004,3005,3006,3007,3008,3009,6001,6000,0,1,1,1,1,1,1,1,1,1.5,-0.53846157,0,50,21,100,0,0,0,100,100,100,0,999,999,999,999,-1,-1,0,0,0,0,-1,-1,1,0,0,0,0,999,999,0,0,-1,10,0,11,0,0,0,3,0,110,110,0,0,2,0,0,0,0,0,0,0,0,0,0,22,7,0,0,0,0,0,0,0,0,0,0,0,0,0,0,0,0,0,0,0,0,1,0,0,0,0,0,0,0,0,0,0,0,0,0,1,0,0,1,0,0,0,0,0,0,0,0,0,0,0,0,0,0,0,0,0,0,0,0,0,0,0,0,0,0,0,0,0,0,100,0,0,1,109,109,139,139,139,139,90020,90030,90040,90300,90060,90100,0,-1,-1,0,0.4,1.1,1.1,1.1,1.1,1.2,1.2,1.2,1,0,10,0,-1,-1,128,-1,-1,100,30,999,0,0,-1,-1,-1,5065,-1,5800,440,-1,10126,35,-1,-1,10104,-1,-1,-1,-1,0,2,0,0,0,1,1,1,0,0,-1,-1,0,0,0,0,0,0,-1,-1,-1,0,0,0,180,100,0.1,-1,-1,-1,-1,1.8,0,0,0,1,0,0,0,0,0,0,0,0,1,0,-1,-1,-1,-1,-1,-1,-1,-1,-1,0.1,0.4,4302,0,0,30,0.29,100,-1,-1,-1,-1,-1,0,0.5,0.6,0,-1,0,1,1,1,1,1,1,1,1,1,1,1,1,1,1,1,1,1,1,-1,0,-1,0,-1,-1,-1,-1,[0|0|0|0|0|0|0|0|0|0|0|0],
43007150,Wandering Noble,0,0,[0|0|0],43000,-1,0,60,0.5,0.4,130,0,85,0,100,-1,-1,10,0,0,-1,-1,0.4,-1,5400,0,0,7120,0,0,90000,90010,-1,0,0,0,0,0,-1,-1,-1,-1,-1,-1,18,3000,3001,3002,3003,3004,3005,3006,3007,3008,3009,6001,6000,0,1,1,1,1,1,1,1,1,1.5,-0.53846157,0,50,21,100,0,0,0,100,100,100,0,999,999,999,999,-1,-1,0,0,0,0,-1,-1,1,0,0,0,0,999,999,0,0,-1,10,0,11,0,0,0,3,0,110,110,0,0,2,0,0,0,0,0,0,0,0,0,0,22,7,0,0,0,0,0,0,0,0,0,0,0,0,0,0,0,0,0,0,0,0,1,0,0,0,0,0,0,0,0,0,0,0,0,0,1,0,0,1,0,0,0,0,0,0,0,0,0,0,0,0,0,0,0,0,0,0,0,0,0,0,0,0,0,0,0,0,0,0,100,0,0,1,109,109,139,139,139,139,90020,90030,90040,90300,90060,90100,0,-1,-1,0,0.4,1.1,1.1,1.1,1.1,1.2,1.2,1.2,1,0,10,0,-1,-1,128,-1,-1,100,30,999,0,0,-1,-1,-1,5065,-1,5800,440,-1,10126,35,-1,-1,10104,-1,-1,-1,-1,0,2,0,0,0,1,1,1,0,0,-1,-1,0,0,0,0,0,0,-1,-1,-1,0,0,0,180,100,0.1,-1,-1,-1,-1,1.8,0,0,0,1,0,0,0,0,0,0,0,0,1,0,-1,-1,-1,-1,-1,-1,-1,-1,-1,0.1,0.4,4302,0,0,30,0.29,100,-1,-1,-1,-1,-1,0,0.5,0.6,0,-1,0,1,1,1,1,1,1,1,1,1,1,1,1,1,1,1,1,1,1,-1,0,-1,0,-1,-1,-1,-1,[0|0|0|0|0|0|0|0|0|0|0|0],
43009010,Wandering Noble (Stranded Soul),0,0,[0|0|0],43000,-1,0,60,0.1,0.1,130,0,85,0,100,-1,-1,10,0,0,-1,-1,0.4,-1,5400,0,0,7010,0,0,90000,90010,-1,0,0,0,0,0,-1,-1,-1,-1,-1,-1,18,3000,3001,3002,3003,3004,3005,3006,3007,3008,3009,6001,6000,0,1,1,1,1,1,1,1,1,1.5,-0.53846157,0,50,21,100,0,0,0,100,100,100,0,999,999,999,999,-1,-1,0,0,0,0,-1,-1,0,0,0,0,0,999,999,0,0,-1,10,0,11,0,0,0,3,40,110,110,0,0,2,0,0,0,0,0,0,0,0,0,0,22,7,0,0,0,0,0,0,0,0,0,0,0,0,0,0,0,0,0,0,0,0,0,1,0,0,0,0,0,0,0,0,0,0,0,0,1,1,0,1,0,0,0,0,0,0,0,0,0,0,0,0,0,0,0,0,0,0,0,0.1,0.1,0,0,0,0,0,0,0,0,0,100,1,0,1,109,109,139,139,139,139,90020,90030,90040,90300,90060,90100,0,-1,-1,0,0.4,1.1,1.1,1.1,1.1,1.2,1.2,1.2,1,0,10,0,-1,-1,128,-1,-1,100,30,999,0,0,-1,0,-1,5065,18696,5800,440,6000,-1,-1,-1,10103,-1,-1,-1,18699,-1,0,2,0,0,0,1,1,1,0,0,-1,-1,0,0,0,0,0,0,900,-1,-1,0,0,0,180,50,0.1,-1,-1,-1,-1,1.8,0,0,0,1,0,0,0,0,0,0,0,0,1,0,-1,-1,-1,-1,-1,-1,-1,-1,-1,0.1,0.4,-1,0,0,30,0.29,100,-1,-1,-1,-1,-1,0,0.5,0.6,0,-1,0,1,1,1,1,1,1,1,1,1,1,1,1,1,1,1,1,1,1,-1,0,-1,0,-1,-1,-1,-1,[0|0|0|0|0|0|0|0|0|0|0|0],
43009012,Wandering Noble (Stranded Soul),0,0,[0|0|0],43000,-1,0,60,0.1,0.1,130,0,85,0,100,-1,-1,10,0,0,-1,-1,0.4,-1,5400,0,0,7020,0,0,90000,90010,-1,0,0,0,0,0,-1,-1,-1,-1,-1,-1,18,3000,3001,3002,3003,3004,3005,3006,3007,3008,3009,6001,6000,0,1,1,1,1,1,1,1,1,1.5,-0.53846157,0,50,21,100,0,0,0,100,100,100,0,999,999,999,999,-1,-1,0,0,0,0,-1,-1,0,0,0,0,0,999,999,0,0,-1,10,0,11,0,0,0,3,40,110,110,0,0,2,0,0,0,0,0,0,0,0,0,0,22,7,0,0,0,0,0,0,0,0,0,0,0,0,0,0,0,0,0,0,0,0,1,0,0,0,0,0,0,0,0,0,0,0,0,0,1,1,0,1,0,0,0,0,0,0,0,0,0,0,0,0,0,0,0,0,0,0,0,0.1,0.1,0,0,0,0,0,0,0,0,0,100,1,0,1,109,109,139,139,139,139,90020,90030,90040,90300,90060,90100,0,-1,-1,0,0.4,1.1,1.1,1.1,1.1,1.2,1.2,1.2,1,0,10,0,-1,-1,128,-1,-1,100,30,999,0,0,-1,-1,-1,5065,18696,5800,440,6000,-1,-1,-1,10103,-1,-1,-1,18699,-1,0,2,0,0,0,1,1,1,0,0,-1,-1,0,0,0,0,0,0,900,-1,-1,0,0,0,180,50,0.1,-1,-1,-1,-1,1.8,0,0,0,1,0,0,0,0,0,0,0,0,1,0,-1,-1,-1,-1,-1,-1,-1,-1,-1,0.1,0.4,-1,0,0,30,0.29,100,-1,-1,-1,-1,-1,0,0.5,0.6,0,-1,0,1,1,1,1,1,1,1,1,1,1,1,1,1,1,1,1,1,1,-1,0,-1,0,-1,-1,-1,-1,[0|0|0|0|0|0|0|0|0|0|0|0],
43009110,Wandering Noble (Stranded Soul),0,0,[0|0|0],43000,-1,0,60,0.1,0.1,130,0,85,0,100,-1,-1,10,0,0,-1,-1,0.4,-1,5402,0,0,7010,0,0,90000,90010,-1,0,0,0,0,0,-1,-1,-1,-1,-1,-1,18,3000,3001,3002,3003,3004,3005,3006,3007,3008,3009,6001,6000,0,1,1,1,1,1,1,1,1,1.5,-0.53846157,0,50,21,100,0,0,0,100,100,100,0,999,999,999,999,-1,-1,0,0,0,0,-1,-1,0,0,0,0,0,999,999,0,0,-1,10,0,11,0,0,0,3,40,110,110,0,0,2,0,0,0,0,0,0,0,0,0,0,22,7,0,0,0,0,0,0,0,0,0,0,0,0,0,0,0,0,0,0,0,0,0,0,1,1,0,0,0,0,0,0,0,0,0,0,1,1,0,1,0,0,0,0,0,0,0,0,0,0,0,0,0,0,0,0,0,0,0,0.1,0.1,0,0,0,0,0,0,0,0,0,100,1,0,1,109,109,139,139,139,139,90020,90030,90040,90300,90060,90100,0,-1,-1,0,0.4,1.1,1.1,1.1,1.1,1.2,1.2,1.2,1,0,-30,0,-1,-1,128,-1,-1,100,30,999,0,0,-1,0,-1,5065,18696,5800,440,6000,-1,-1,-1,10103,-1,-1,-1,18699,-1,0,-1,0,0,0,1,1,1,0,0,-1,-1,0,0,0,0,0,0,900,-1,-1,0,0,0,180,100,0.1,-1,-1,-1,-1,1.8,0,0,0,1,0,0,0,0,0,0,0,0,1,0,-1,-1,-1,-1,-1,-1,-1,-1,-1,0.1,0.4,-1,0,0,30,0.29,100,-1,-1,-1,-1,-1,0,0.5,0.6,0,-1,0,1,1,1,1,1,1,1,1,1,1,1,1,1,1,1,1,1,1,-1,0,-1,0,-1,-1,-1,-1,[0|0|0|0|0|0|0|0|0|0|0|0],
43009120,Wandering Noble (Stranded Soul),0,0,[0|0|0],43000,-1,0,60,0.1,0.1,130,0,85,0,100,-1,-1,10,0,0,-1,-1,0.4,-1,5400,0,0,7060,0,0,90000,90010,-1,0,0,0,0,0,-1,-1,-1,-1,-1,-1,18,3000,3001,3002,3003,3004,3005,3006,3007,3008,3009,6001,6000,0,1,1,1,1,1,1,1,1,1.5,-0.53846157,0,50,21,100,0,0,0,100,100,100,0,999,999,999,999,-1,-1,0,0,0,0,-1,-1,0,0,0,0,0,999,999,0,0,-1,10,0,11,0,0,0,3,40,110,110,0,0,2,0,0,0,0,0,0,0,0,0,0,22,7,0,0,0,0,0,0,0,0,0,0,0,0,0,0,0,0,0,0,0,0,0,1,0,0,0,0,0,0,0,0,0,0,0,0,1,1,0,1,0,0,0,0,0,0,0,0,0,0,0,0,0,0,0,0,0,0,0,0.1,0.1,0,0,0,0,0,0,0,0,0,100,1,0,1,109,109,139,139,139,139,90020,90030,90040,90300,90060,90100,0,-1,-1,0,0.4,1.1,1.1,1.1,1.1,1.2,1.2,1.2,1,0,10,0,-1,-1,128,-1,-1,100,30,999,0,0,-1,0,-1,5065,18696,5800,440,6000,-1,-1,-1,10103,-1,-1,-1,18699,-1,0,2,0,0,0,1,1,1,0,0,-1,-1,0,0,0,0,0,0,900,-1,-1,0,0,0,180,50,0.1,-1,-1,-1,-1,1.8,0,0,0,1,0,0,0,0,0,0,0,0,1,0,-1,-1,-1,-1,-1,-1,-1,-1,-1,0.1,0.4,-1,0,0,30,0.29,100,-1,-1,-1,-1,-1,0,0.5,0.6,0,-1,0,1,1,1,1,1,1,1,1,1,1,1,1,1,1,1,1,1,1,-1,0,-1,0,-1,-1,-1,-1,[0|0|0|0|0|0|0|0|0|0|0|0],
43009130,Wandering Noble (Stranded Soul),0,0,[0|0|0],43000,-1,0,60,0.1,0.1,130,0,85,0,100,-1,-1,10,0,0,-1,-1,0.4,-1,5400,0,0,7080,0,0,90000,90010,-1,0,0,0,0,0,-1,-1,-1,-1,-1,-1,18,3000,3001,3002,3003,3004,3005,3006,3007,3008,3009,6001,6000,0,1,1,1,1,1,1,1,1,1.5,-0.53846157,0,50,21,100,0,0,0,100,100,100,0,999,999,999,999,-1,-1,0,0,0,0,-1,-1,0,0,0,0,0,999,999,0,0,-1,10,0,11,0,0,0,3,40,110,110,0,0,2,0,0,0,0,0,0,0,0,0,0,22,7,0,0,0,0,0,0,0,0,0,0,0,0,0,0,0,0,0,0,0,0,0,1,0,0,0,0,0,0,0,0,0,0,0,0,1,1,0,1,0,0,0,0,0,0,0,0,0,0,0,0,0,0,0,0,0,0,0,0.1,0.1,0,0,0,0,0,0,0,0,0,100,1,0,1,109,109,139,139,139,139,90020,90030,90040,90300,90060,90100,0,-1,-1,0,0.4,1.1,1.1,1.1,1.1,1.2,1.2,1.2,1,0,10,0,-1,-1,128,-1,-1,100,30,999,0,0,-1,0,-1,5065,18696,5800,440,6000,-1,-1,-1,10103,-1,-1,-1,18699,-1,0,2,0,0,0,1,1,1,0,0,-1,-1,0,0,0,0,0,0,900,-1,-1,0,0,0,180,50,0.1,-1,-1,-1,-1,1.8,0,0,0,1,0,0,0,0,0,0,0,0,1,0,-1,-1,-1,-1,-1,-1,-1,-1,-1,0.1,0.4,-1,0,0,30,0.29,100,-1,-1,-1,-1,-1,0,0.5,0.6,0,-1,0,1,1,1,1,1,1,1,1,1,1,1,1,1,1,1,1,1,1,-1,0,-1,0,-1,-1,-1,-1,[0|0|0|0|0|0|0|0|0|0|0|0],
43009132,Wandering Noble (Stranded Soul),0,0,[0|0|0],43000,-1,0,60,0.1,0.1,130,0,85,0,100,-1,-1,10,0,0,-1,-1,0.4,-1,5400,0,0,7090,0,0,90000,90010,-1,0,0,0,0,0,-1,-1,-1,-1,-1,-1,18,3000,3001,3002,3003,3004,3005,3006,3007,3008,3009,6001,6000,0,1,1,1,1,1,1,1,1,1.5,-0.53846157,0,50,21,100,0,0,0,100,100,100,0,999,999,999,999,-1,-1,0,0,0,0,-1,-1,0,0,0,0,0,999,999,0,0,-1,10,0,11,0,0,0,3,40,110,110,0,0,2,0,0,0,0,0,0,0,0,0,0,22,7,0,0,0,0,0,0,0,0,0,0,0,0,0,0,0,0,0,0,0,0,0,1,0,0,0,0,0,0,0,0,0,0,0,0,1,1,0,1,0,0,0,0,0,0,0,0,0,0,0,0,0,0,0,0,0,0,0,0.1,0.1,0,0,0,0,0,0,0,0,0,100,1,0,1,109,109,139,139,139,139,90020,90030,90040,90300,90060,90100,0,-1,-1,0,0.4,1.1,1.1,1.1,1.1,1.2,1.2,1.2,1,0,10,0,-1,-1,128,-1,-1,100,30,999,0,0,-1,0,-1,5065,18696,5800,440,6000,-1,-1,-1,10103,-1,-1,-1,18699,-1,0,2,0,0,0,1,1,1,0,0,-1,-1,0,0,0,0,0,0,900,-1,-1,0,0,0,180,50,0.1,-1,-1,-1,-1,1.8,0,0,0,1,0,0,0,0,0,0,0,0,1,0,-1,-1,-1,-1,-1,-1,-1,-1,-1,0.1,0.4,-1,0,0,30,0.29,100,-1,-1,-1,-1,-1,0,0.5,0.6,0,-1,0,1,1,1,1,1,1,1,1,1,1,1,1,1,1,1,1,1,1,-1,0,-1,0,-1,-1,-1,-1,[0|0|0|0|0|0|0|0|0|0|0|0],
43009140,Wandering Noble (Stranded Soul),0,0,[0|0|0],43000,-1,0,60,0.1,0.1,130,0,85,0,100,-1,-1,10,0,0,-1,-1,0.4,-1,5400,0,0,7070,0,0,90000,90010,-1,0,0,0,0,0,-1,-1,-1,-1,-1,-1,18,3000,3001,3002,3003,3004,3005,3006,3007,3008,3009,6001,6000,0,1,1,1,1,1,1,1,1,1.5,-0.53846157,0,50,21,100,0,0,0,100,100,100,0,999,999,999,999,-1,-1,0,0,0,0,-1,-1,0,0,0,0,0,999,999,0,0,-1,10,0,11,0,0,0,3,40,110,110,0,0,2,0,0,0,0,0,0,0,0,0,0,22,7,0,0,0,0,0,0,0,0,0,0,0,0,0,0,0,0,0,0,0,0,0,1,0,0,0,0,0,0,0,0,0,0,0,0,1,1,0,1,0,0,0,0,0,0,0,0,0,0,0,0,0,0,0,0,0,0,0,0.1,0.1,0,0,0,0,0,0,0,0,0,100,1,0,1,109,109,139,139,139,139,90020,90030,90040,90300,90060,90100,0,-1,-1,0,0.4,1.1,1.1,1.1,1.1,1.2,1.2,1.2,1,0,10,0,-1,-1,128,-1,-1,100,30,999,0,0,-1,0,-1,5065,18696,5800,440,6000,-1,-1,-1,10103,-1,-1,-1,18699,-1,0,2,0,0,0,1,1,1,0,0,-1,-1,0,0,0,0,0,0,900,-1,-1,0,0,0,180,50,0.1,-1,-1,-1,-1,1.8,0,0,0,1,0,0,0,0,0,0,0,0,1,0,-1,-1,-1,-1,-1,-1,-1,-1,-1,0.1,0.4,-1,0,0,30,0.29,100,-1,-1,-1,-1,-1,0,0.5,0.6,0,-1,0,1,1,1,1,1,1,1,1,1,1,1,1,1,1,1,1,1,1,-1,0,-1,0,-1,-1,-1,-1,[0|0|0|0|0|0|0|0|0|0|0|0],
43009150,Wandering Noble (Stranded Soul),0,0,[0|0|0],43000,-1,0,60,0.1,0.1,130,0,85,0,100,-1,-1,10,0,0,-1,-1,0.4,-1,5400,0,0,7120,0,0,90000,90010,-1,0,0,0,0,0,-1,-1,-1,-1,-1,-1,18,3000,3001,3002,3003,3004,3005,3006,3007,3008,3009,6001,6000,0,1,1,1,1,1,1,1,1,1.5,-0.53846157,0,50,21,100,0,0,0,100,100,100,0,999,999,999,999,-1,-1,0,0,0,0,-1,-1,0,0,0,0,0,999,999,0,0,-1,10,0,11,0,0,0,3,40,110,110,0,0,2,0,0,0,0,0,0,0,0,0,0,22,7,0,0,0,0,0,0,0,0,0,0,0,0,0,0,0,0,0,0,0,0,0,1,0,0,0,0,0,0,0,0,0,0,0,0,1,1,0,1,0,0,0,0,0,0,0,0,0,0,0,0,0,0,0,0,0,0,0,0.1,0.1,0,0,0,0,0,0,0,0,0,100,1,0,1,109,109,139,139,139,139,90020,90030,90040,90300,90060,90100,0,-1,-1,0,0.4,1.1,1.1,1.1,1.1,1.2,1.2,1.2,1,0,10,0,-1,-1,128,-1,-1,100,30,999,0,0,-1,0,-1,5065,18696,5800,440,6000,-1,-1,-1,10103,-1,-1,-1,18699,-1,0,2,0,0,0,1,1,1,0,0,-1,-1,0,0,0,0,0,0,900,-1,-1,0,0,0,180,50,0.1,-1,-1,-1,-1,1.8,0,0,0,1,0,0,0,0,0,0,0,0,1,0,-1,-1,-1,-1,-1,-1,-1,-1,-1,0.1,0.4,-1,0,0,30,0.29,100,-1,-1,-1,-1,-1,0,0.5,0.6,0,-1,0,1,1,1,1,1,1,1,1,1,1,1,1,1,1,1,1,1,1,-1,0,-1,0,-1,-1,-1,-1,[0|0|0|0|0|0|0|0|0|0|0|0],
43009212,Wandering Noble (Stranded Soul),0,0,[0|0|0],43000,-1,170000,60,0.1,0.1,130,0,85,0,100,-1,-1,10,0,0,-1,-1,0.4,-1,5402,0,0,7020,0,0,90000,90010,-1,0,0,0,0,0,-1,-1,-1,-1,-1,-1,18,3000,3001,3002,3003,3004,3005,3006,3007,3008,3009,6001,6000,0,1,1,1,1,1,1,1,1,1.5,-0.53846157,0,50,21,100,0,0,0,100,100,100,0,999,999,999,999,-1,-1,0,0,0,0,-1,-1,0,0,0,0,0,999,999,0,0,-1,10,0,11,0,0,0,3,40,110,110,0,0,2,0,0,0,0,0,0,0,0,0,0,22,7,0,0,0,0,0,0,0,0,0,0,0,0,0,0,0,0,0,0,1,1,1,0,0,0,0,0,0,0,0,0,0,0,0,0,1,1,0,1,0,0,0,0,0,0,0,0,0,0,0,0,0,0,0,0,0,0,0,0.1,0.1,0,0,0,0,0,0,0,0,0,100,0,0,1,109,109,139,139,139,139,90020,90030,90040,90300,90060,90100,0,-1,-1,0,0.4,1.1,1.1,1.1,1.1,1.2,1.2,1.2,1,0,-20,0,-1,-1,128,-1,-1,100,30,999,0,0,-1,0,-1,5069,18696,5800,440,6000,-1,-1,-1,10103,-1,-1,-1,18699,-1,0,-1,0,0,0,1,1,1,0,0,-1,-1,0,0,0,0,0,0,900,-1,-1,0,0,0,180,50,0.1,-1,-1,-1,-1,1.8,0,0,0,1,0,0,0,0,0,0,0,0,1,0,-1,-1,-1,-1,-1,-1,-1,-1,-1,0.1,0.4,-1,0,0,30,0.29,100,-1,-1,-1,-1,-1,0,0.5,0.6,0,-1,0,1,1,1,1,1,1,1,1,1,1,1,1,1,1,1,1,1,1,-1,0,-1,0,-1,-1,-1,-1,[0|0|0|0|0|0|0|0|0|0|0|0],
43009220,Wandering Noble (Stranded Soul),0,0,[0|0|0],43000,-1,170000,60,0.1,0.1,130,0,85,0,100,-1,-1,10,0,0,-1,-1,0.4,-1,5402,0,0,7060,0,0,90000,90010,-1,0,0,0,0,0,-1,-1,-1,-1,-1,-1,18,3000,3001,3002,3003,3004,3005,3006,3007,3008,3009,6001,6000,0,1,1,1,1,1,1,1,1,1.5,-0.53846157,0,50,21,100,0,0,0,100,100,100,0,999,999,999,999,-1,-1,0,0,0,0,-1,-1,0,0,0,0,0,999,999,0,0,-1,10,0,11,0,0,0,3,40,110,110,0,0,2,0,0,0,0,0,0,0,0,0,0,22,7,0,0,0,0,0,0,0,0,0,0,0,0,0,0,0,0,0,0,1,1,1,0,0,0,0,0,0,0,0,0,0,0,0,0,1,1,0,1,0,0,0,0,0,0,0,0,0,0,0,0,0,0,0,0,0,0,0,0.1,0.1,0,0,0,0,0,0,0,0,0,100,0,0,1,109,109,139,139,139,139,90020,90030,90040,90300,90060,90100,0,-1,-1,0,0.4,1.1,1.1,1.1,1.1,1.2,1.2,1.2,1,0,-20,0,-1,-1,128,-1,-1,100,30,999,0,0,-1,0,-1,5069,18696,5800,440,6000,-1,-1,-1,10103,-1,-1,-1,18699,-1,0,-1,0,0,0,1,1,1,0,0,-1,-1,0,0,0,0,0,0,900,-1,-1,0,0,0,180,50,0.1,-1,-1,-1,-1,1.8,0,0,0,1,0,0,0,0,0,0,0,0,1,0,-1,-1,-1,-1,-1,-1,-1,-1,-1,0.1,0.4,-1,0,0,30,0.29,100,-1,-1,-1,-1,-1,0,0.5,0.6,0,-1,0,1,1,1,1,1,1,1,1,1,1,1,1,1,1,1,1,1,1,-1,0,-1,0,-1,-1,-1,-1,[0|0|0|0|0|0|0|0|0|0|0|0],
43009232,Wandering Noble (Stranded Soul),0,0,[0|0|0],43000,-1,170000,60,0.1,0.1,130,0,85,0,100,-1,-1,10,0,0,-1,-1,0.4,-1,5402,0,0,7090,0,0,90000,90010,-1,0,0,0,0,0,-1,-1,-1,-1,-1,-1,18,3000,3001,3002,3003,3004,3005,3006,3007,3008,3009,6001,6000,0,1,1,1,1,1,1,1,1,1.5,-0.53846157,0,50,21,100,0,0,0,100,100,100,0,999,999,999,999,-1,-1,0,0,0,0,-1,-1,0,0,0,0,0,999,999,0,0,-1,10,0,11,0,0,0,3,40,110,110,0,0,2,0,0,0,0,0,0,0,0,0,0,22,7,0,0,0,0,0,0,0,0,0,0,0,0,0,0,0,0,0,0,1,1,1,0,0,0,0,0,0,0,0,0,0,0,0,0,1,1,0,1,0,0,0,0,0,0,0,0,0,0,0,0,0,0,0,0,0,0,0,0.1,0.1,0,0,0,0,0,0,0,0,0,100,0,0,1,109,109,139,139,139,139,90020,90030,90040,90300,90060,90100,0,-1,-1,0,0.4,1.1,1.1,1.1,1.1,1.2,1.2,1.2,1,0,-20,0,-1,-1,128,-1,-1,100,30,999,0,0,-1,0,-1,5069,18696,5800,440,6000,-1,-1,-1,10103,-1,-1,-1,18699,-1,0,-1,0,0,0,1,1,1,0,0,-1,-1,0,0,0,0,0,0,900,-1,-1,0,0,0,180,50,0.1,-1,-1,-1,-1,1.8,0,0,0,1,0,0,0,0,0,0,0,0,1,0,-1,-1,-1,-1,-1,-1,-1,-1,-1,0.1,0.4,-1,0,0,30,0.29,100,-1,-1,-1,-1,-1,0,0.5,0.6,0,-1,0,1,1,1,1,1,1,1,1,1,1,1,1,1,1,1,1,1,1,-1,0,-1,0,-1,-1,-1,-1,[0|0|0|0|0|0|0|0|0|0|0|0],
43009240,Wandering Noble (Stranded Soul),0,0,[0|0|0],43000,-1,170000,60,0.1,0.1,130,0,85,0,100,-1,-1,10,0,0,-1,-1,0.4,-1,5402,0,0,7070,0,0,90000,90010,-1,0,0,0,0,0,-1,-1,-1,-1,-1,-1,18,3000,3001,3002,3003,3004,3005,3006,3007,3008,3009,6001,6000,0,1,1,1,1,1,1,1,1,1.5,-0.53846157,0,50,21,100,0,0,0,100,100,100,0,999,999,999,999,-1,-1,0,0,0,0,-1,-1,0,0,0,0,0,999,999,0,0,-1,10,0,11,0,0,0,3,40,110,110,0,0,2,0,0,0,0,0,0,0,0,0,0,22,7,0,0,0,0,0,0,0,0,0,0,0,0,0,0,0,0,0,0,1,1,1,0,0,0,0,0,0,0,0,0,0,0,0,0,1,1,0,1,0,0,0,0,0,0,0,0,0,0,0,0,0,0,0,0,0,0,0,0.1,0.1,0,0,0,0,0,0,0,0,0,100,0,0,1,109,109,139,139,139,139,90020,90030,90040,90300,90060,90100,0,-1,-1,0,0.4,1.1,1.1,1.1,1.1,1.2,1.2,1.2,1,0,-20,0,-1,-1,128,-1,-1,100,30,999,0,0,-1,0,-1,5069,18696,5800,440,6000,-1,-1,-1,10103,-1,-1,-1,18699,-1,0,-1,0,0,0,1,1,1,0,0,-1,-1,0,0,0,0,0,0,900,-1,-1,0,0,0,180,50,0.1,-1,-1,-1,-1,1.8,0,0,0,1,0,0,0,0,0,0,0,0,1,0,-1,-1,-1,-1,-1,-1,-1,-1,-1,0.1,0.4,-1,0,0,30,0.29,100,-1,-1,-1,-1,-1,0,0.5,0.6,0,-1,0,1,1,1,1,1,1,1,1,1,1,1,1,1,1,1,1,1,1,-1,0,-1,0,-1,-1,-1,-1,[0|0|0|0|0|0|0|0|0|0|0|0],
43009250,Wandering Noble (Stranded Soul),0,0,[0|0|0],43000,-1,170000,60,0.1,0.1,130,0,85,0,100,-1,-1,10,0,0,-1,-1,0.4,-1,5402,0,0,7120,0,0,90000,90010,-1,0,0,0,0,0,-1,-1,-1,-1,-1,-1,18,3000,3001,3002,3003,3004,3005,3006,3007,3008,3009,6001,6000,0,1,1,1,1,1,1,1,1,1.5,-0.53846157,0,50,21,100,0,0,0,100,100,100,0,999,999,999,999,-1,-1,0,0,0,0,-1,-1,0,0,0,0,0,999,999,0,0,-1,10,0,11,0,0,0,3,40,110,110,0,0,2,0,0,0,0,0,0,0,0,0,0,22,7,0,0,0,0,0,0,0,0,0,0,0,0,0,0,0,0,0,0,1,1,1,0,0,0,0,0,0,0,0,0,0,0,0,0,1,1,0,1,0,0,0,0,0,0,0,0,0,0,0,0,0,0,0,0,0,0,0,0.1,0.1,0,0,0,0,0,0,0,0,0,100,0,0,1,109,109,139,139,139,139,90020,90030,90040,90300,90060,90100,0,-1,-1,0,0.4,1.1,1.1,1.1,1.1,1.2,1.2,1.2,1,0,-20,0,-1,-1,128,-1,-1,100,30,999,0,0,-1,0,-1,5069,18696,5800,440,6000,-1,-1,-1,10103,-1,-1,-1,18699,-1,0,-1,0,0,0,1,1,1,0,0,-1,-1,0,0,0,0,0,0,900,-1,-1,0,0,0,180,50,0.1,-1,-1,-1,-1,1.8,0,0,0,1,0,0,0,0,0,0,0,0,1,0,-1,-1,-1,-1,-1,-1,-1,-1,-1,0.1,0.4,-1,0,0,30,0.29,100,-1,-1,-1,-1,-1,0,0.5,0.6,0,-1,0,1,1,1,1,1,1,1,1,1,1,1,1,1,1,1,1,1,1,-1,0,-1,0,-1,-1,-1,-1,[0|0|0|0|0|0|0|0|0|0|0|0],
43009252,Wandering Noble (Stranded Soul),0,0,[0|0|0],43000,-1,170000,60,0.1,0.1,130,0,85,0,100,-1,-1,10,0,0,-1,-1,0.4,-1,5402,0,0,7160,0,0,90000,90010,-1,0,0,0,0,0,-1,-1,-1,-1,-1,-1,18,3000,3001,3002,3003,3004,3005,3006,3007,3008,3009,6001,6000,0,1,1,1,1,1,1,1,1,1.5,-0.53846157,0,50,21,100,0,0,0,100,100,100,0,999,999,999,999,-1,-1,0,0,0,0,-1,-1,0,0,0,0,0,999,999,0,0,-1,10,0,11,0,0,0,3,40,110,110,0,0,2,0,0,0,0,0,0,0,0,0,0,22,7,0,0,0,0,0,0,0,0,0,0,0,0,0,0,0,0,0,0,1,1,1,0,0,0,0,0,0,0,0,0,0,0,0,0,1,1,0,1,0,0,0,0,0,0,0,0,0,0,0,0,0,0,0,0,0,0,0,0.1,0.1,0,0,0,0,0,0,0,0,0,100,0,0,1,109,109,139,139,139,139,90020,90030,90040,90300,90060,90100,0,-1,-1,0,0.4,1.1,1.1,1.1,1.1,1.2,1.2,1.2,1,0,-20,0,-1,-1,128,-1,-1,100,30,999,0,0,-1,0,-1,5069,18696,5800,440,6000,-1,-1,-1,10103,-1,-1,-1,18699,-1,0,-1,0,0,0,1,1,1,0,0,-1,-1,0,0,0,0,0,0,900,-1,-1,0,0,0,180,50,0.1,-1,-1,-1,-1,1.8,0,0,0,1,0,0,0,0,0,0,0,0,1,0,-1,-1,-1,-1,-1,-1,-1,-1,-1,0.1,0.4,-1,0,0,30,0.29,100,-1,-1,-1,-1,-1,0,0.5,0.6,0,-1,0,1,1,1,1,1,1,1,1,1,1,1,1,1,1,1,1,1,1,-1,0,-1,0,-1,-1,-1,-1,[0|0|0|0|0|0|0|0|0|0|0|0],
43009320,Wandering Noble (Stranded Soul),0,0,[0|0|0],43000,-1,0,60,0.1,0.1,130,0,85,0,100,-1,-1,10,0,0,-1,-1,0.4,-1,5402,0,0,7060,0,0,90000,90010,-1,0,0,0,0,0,-1,-1,-1,-1,-1,-1,18,3000,3001,3002,3003,3004,3005,3006,3007,3008,3009,6001,6000,0,1,1,1,1,1,1,1,1,1.5,-0.53846157,0,50,21,100,0,0,0,100,100,100,0,999,999,999,999,-1,-1,0,0,0,0,-1,-1,0,0,0,0,0,999,999,0,0,-1,10,0,11,0,0,0,3,40,110,110,0,0,2,0,0,0,0,0,0,0,0,0,0,22,7,0,0,0,0,0,0,0,0,0,0,0,0,0,0,0,0,0,0,0,0,0,0,1,1,0,0,0,0,0,0,0,0,0,0,1,1,0,1,0,0,0,0,0,0,0,0,0,0,0,0,0,0,0,0,0,0,0,0.1,0.1,0,0,0,0,0,0,0,0,0,100,1,0,1,109,109,139,139,139,139,90020,90030,90040,90300,90060,90100,0,-1,-1,0,0.4,1.1,1.1,1.1,1.1,1.2,1.2,1.2,1,0,-30,0,-1,-1,128,-1,-1,100,30,999,0,0,-1,0,-1,5065,18696,5800,440,6000,-1,-1,-1,10103,-1,-1,-1,18699,-1,0,-1,0,0,0,1,1,1,0,0,-1,-1,0,0,0,0,0,0,900,-1,-1,0,0,0,180,100,0.1,-1,-1,-1,-1,1.8,0,0,0,1,0,0,0,0,0,0,0,0,1,0,-1,-1,-1,-1,-1,-1,-1,-1,-1,0.1,0.4,-1,0,0,30,0.29,100,-1,-1,-1,-1,-1,0,0.5,0.6,0,-1,0,1,1,1,1,1,1,1,1,1,1,1,1,1,1,1,1,1,1,-1,0,-1,0,-1,-1,-1,-1,[0|0|0|0|0|0|0|0|0|0|0|0],
43009330,Wandering Noble (Stranded Soul),0,0,[0|0|0],43000,-1,0,60,0.1,0.1,130,0,85,0,100,-1,-1,10,0,0,-1,-1,0.4,-1,5402,0,0,7080,0,0,90000,90010,-1,0,0,0,0,0,-1,-1,-1,-1,-1,-1,18,3000,3001,3002,3003,3004,3005,3006,3007,3008,3009,6001,6000,0,1,1,1,1,1,1,1,1,1.5,-0.53846157,0,50,21,100,0,0,0,100,100,100,0,999,999,999,999,-1,-1,0,0,0,0,-1,-1,0,0,0,0,0,999,999,0,0,-1,10,0,11,0,0,0,3,40,110,110,0,0,2,0,0,0,0,0,0,0,0,0,0,22,7,0,0,0,0,0,0,0,0,0,0,0,0,0,0,0,0,0,0,0,0,0,0,1,1,0,0,0,0,0,0,0,0,0,0,1,1,0,1,0,0,0,0,0,0,0,0,0,0,0,0,0,0,0,0,0,0,0,0.1,0.1,0,0,0,0,0,0,0,0,0,100,1,0,1,109,109,139,139,139,139,90020,90030,90040,90300,90060,90100,0,-1,-1,0,0.4,1.1,1.1,1.1,1.1,1.2,1.2,1.2,1,0,-30,0,-1,-1,128,-1,-1,100,30,999,0,0,-1,0,-1,5065,18696,5800,440,6000,-1,-1,-1,10103,-1,-1,-1,18699,-1,0,-1,0,0,0,1,1,1,0,0,-1,-1,0,0,0,0,0,0,900,-1,-1,0,0,0,180,100,0.1,-1,-1,-1,-1,1.8,0,0,0,1,0,0,0,0,0,0,0,0,1,0,-1,-1,-1,-1,-1,-1,-1,-1,-1,0.1,0.4,-1,0,0,30,0.29,100,-1,-1,-1,-1,-1,0,0.5,0.6,0,-1,0,1,1,1,1,1,1,1,1,1,1,1,1,1,1,1,1,1,1,-1,0,-1,0,-1,-1,-1,-1,[0|0|0|0|0|0|0|0|0|0|0|0],
43009332,Wandering Noble (Stranded Soul),0,0,[0|0|0],43000,-1,0,60,0.1,0.1,130,0,85,0,100,-1,-1,10,0,0,-1,-1,0.4,-1,5402,0,0,7090,0,0,90000,90010,-1,0,0,0,0,0,-1,-1,-1,-1,-1,-1,18,3000,3001,3002,3003,3004,3005,3006,3007,3008,3009,6001,6000,0,1,1,1,1,1,1,1,1,1.5,-0.53846157,0,50,21,100,0,0,0,100,100,100,0,999,999,999,999,-1,-1,0,0,0,0,-1,-1,0,0,0,0,0,999,999,0,0,-1,10,0,11,0,0,0,3,40,110,110,0,0,2,0,0,0,0,0,0,0,0,0,0,22,7,0,0,0,0,0,0,0,0,0,0,0,0,0,0,0,0,0,0,0,0,0,0,1,1,0,0,0,0,0,0,0,0,0,0,1,1,0,1,0,0,0,0,0,0,0,0,0,0,0,0,0,0,0,0,0,0,0,0.1,0.1,0,0,0,0,0,0,0,0,0,100,1,0,1,109,109,139,139,139,139,90020,90030,90040,90300,90060,90100,0,-1,-1,0,0.4,1.1,1.1,1.1,1.1,1.2,1.2,1.2,1,0,-30,0,-1,-1,128,-1,-1,100,30,999,0,0,-1,0,-1,5065,18696,5800,440,6000,-1,-1,-1,10103,-1,-1,-1,18699,-1,0,-1,0,0,0,1,1,1,0,0,-1,-1,0,0,0,0,0,0,900,-1,-1,0,0,0,180,100,0.1,-1,-1,-1,-1,1.8,0,0,0,1,0,0,0,0,0,0,0,0,1,0,-1,-1,-1,-1,-1,-1,-1,-1,-1,0.1,0.4,-1,0,0,30,0.29,100,-1,-1,-1,-1,-1,0,0.5,0.6,0,-1,0,1,1,1,1,1,1,1,1,1,1,1,1,1,1,1,1,1,1,-1,0,-1,0,-1,-1,-1,-1,[0|0|0|0|0|0|0|0|0|0|0|0],
43009340,Wandering Noble (Stranded Soul),0,0,[0|0|0],43000,-1,0,60,0.1,0.1,130,0,85,0,100,-1,-1,10,0,0,-1,-1,0.4,-1,5402,0,0,7070,0,0,90000,90010,-1,0,0,0,0,0,-1,-1,-1,-1,-1,-1,18,3000,3001,3002,3003,3004,3005,3006,3007,3008,3009,6001,6000,0,1,1,1,1,1,1,1,1,1.5,-0.53846157,0,50,21,100,0,0,0,100,100,100,0,999,999,999,999,-1,-1,0,0,0,0,-1,-1,0,0,0,0,0,999,999,0,0,-1,10,0,11,0,0,0,3,40,110,110,0,0,2,0,0,0,0,0,0,0,0,0,0,22,7,0,0,0,0,0,0,0,0,0,0,0,0,0,0,0,0,0,0,0,0,0,0,1,1,0,0,0,0,0,0,0,0,0,0,1,1,0,1,0,0,0,0,0,0,0,0,0,0,0,0,0,0,0,0,0,0,0,0.1,0.1,0,0,0,0,0,0,0,0,0,100,1,0,1,109,109,139,139,139,139,90020,90030,90040,90300,90060,90100,0,-1,-1,0,0.4,1.1,1.1,1.1,1.1,1.2,1.2,1.2,1,0,-30,0,-1,-1,128,-1,-1,100,30,999,0,0,-1,0,-1,5065,18696,5800,440,6000,-1,-1,-1,10103,-1,-1,-1,18699,-1,0,-1,0,0,0,1,1,1,0,0,-1,-1,0,0,0,0,0,0,900,-1,-1,0,0,0,180,100,0.1,-1,-1,-1,-1,1.8,0,0,0,1,0,0,0,0,0,0,0,0,1,0,-1,-1,-1,-1,-1,-1,-1,-1,-1,0.1,0.4,-1,0,0,30,0.29,100,-1,-1,-1,-1,-1,0,0.5,0.6,0,-1,0,1,1,1,1,1,1,1,1,1,1,1,1,1,1,1,1,1,1,-1,0,-1,0,-1,-1,-1,-1,[0|0|0|0|0|0|0|0|0|0|0|0],
43009350,Wandering Noble (Stranded Soul),0,0,[0|0|0],43000,-1,0,60,0.1,0.1,130,0,85,0,100,-1,-1,10,0,0,-1,-1,0.4,-1,5402,0,0,7120,0,0,90000,90010,-1,0,0,0,0,0,-1,-1,-1,-1,-1,-1,18,3000,3001,3002,3003,3004,3005,3006,3007,3008,3009,6001,6000,0,1,1,1,1,1,1,1,1,1.5,-0.53846157,0,50,21,100,0,0,0,100,100,100,0,999,999,999,999,-1,-1,0,0,0,0,-1,-1,0,0,0,0,0,999,999,0,0,-1,10,0,11,0,0,0,3,40,110,110,0,0,2,0,0,0,0,0,0,0,0,0,0,22,7,0,0,0,0,0,0,0,0,0,0,0,0,0,0,0,0,0,0,0,0,0,0,1,1,0,0,0,0,0,0,0,0,0,0,1,1,0,1,0,0,0,0,0,0,0,0,0,0,0,0,0,0,0,0,0,0,0,0.1,0.1,0,0,0,0,0,0,0,0,0,100,1,0,1,109,109,139,139,139,139,90020,90030,90040,90300,90060,90100,0,-1,-1,0,0.4,1.1,1.1,1.1,1.1,1.2,1.2,1.2,1,0,-30,0,-1,-1,128,-1,-1,100,30,999,0,0,-1,0,-1,5065,18696,5800,440,6000,-1,-1,-1,10103,-1,-1,-1,18699,-1,0,-1,0,0,0,1,1,1,0,0,-1,-1,0,0,0,0,0,0,900,-1,-1,0,0,0,180,100,0.1,-1,-1,-1,-1,1.8,0,0,0,1,0,0,0,0,0,0,0,0,1,0,-1,-1,-1,-1,-1,-1,-1,-1,-1,0.1,0.4,-1,0,0,30,0.29,100,-1,-1,-1,-1,-1,0,0.5,0.6,0,-1,0,1,1,1,1,1,1,1,1,1,1,1,1,1,1,1,1,1,1,-1,0,-1,0,-1,-1,-1,-1,[0|0|0|0|0|0|0|0|0|0|0|0],
43009352,Wandering Noble (Stranded Soul),0,0,[0|0|0],43000,-1,0,60,0.1,0.1,130,0,85,0,100,-1,-1,10,0,0,-1,-1,0.4,-1,5402,0,0,7160,0,0,90000,90010,-1,0,0,0,0,0,-1,-1,-1,-1,-1,-1,18,3000,3001,3002,3003,3004,3005,3006,3007,3008,3009,6001,6000,0,1,1,1,1,1,1,1,1,1.5,-0.53846157,0,50,21,100,0,0,0,100,100,100,0,999,999,999,999,-1,-1,0,0,0,0,-1,-1,0,0,0,0,0,999,999,0,0,-1,10,0,11,0,0,0,3,40,110,110,0,0,2,0,0,0,0,0,0,0,0,0,0,22,7,0,0,0,0,0,0,0,0,0,0,0,0,0,0,0,0,0,0,0,0,0,0,1,1,0,0,0,0,0,0,0,0,0,0,1,1,0,1,0,0,0,0,0,0,0,0,0,0,0,0,0,0,0,0,0,0,0,0.1,0.1,0,0,0,0,0,0,0,0,0,100,1,0,1,109,109,139,139,139,139,90020,90030,90040,90300,90060,90100,0,-1,-1,0,0.4,1.1,1.1,1.1,1.1,1.2,1.2,1.2,1,0,-30,0,-1,-1,128,-1,-1,100,30,999,0,0,-1,0,-1,5065,18696,5800,440,6000,-1,-1,-1,10103,-1,-1,-1,18699,-1,0,-1,0,0,0,1,1,1,0,0,-1,-1,0,0,0,0,0,0,900,-1,-1,0,0,0,180,100,0.1,-1,-1,-1,-1,1.8,0,0,0,1,0,0,0,0,0,0,0,0,1,0,-1,-1,-1,-1,-1,-1,-1,-1,-1,0.1,0.4,-1,0,0,30,0.29,100,-1,-1,-1,-1,-1,0,0.5,0.6,0,-1,0,1,1,1,1,1,1,1,1,1,1,1,1,1,1,1,1,1,1,-1,0,-1,0,-1,-1,-1,-1,[0|0|0|0|0|0|0|0|0|0|0|0],
43009366,Wandering Noble (Stranded Soul),0,0,[0|0|0],43000,-1,0,60,0.1,0.1,130,0,85,0,100,-1,-1,10,0,0,-1,-1,0.4,-1,5402,0,0,7110,0,0,90000,90010,-1,0,0,0,0,0,-1,-1,-1,-1,-1,-1,18,3000,3001,3002,3003,3004,3005,3006,3007,3008,3009,6001,6000,0,1,1,1,1,1,1,1,1,1.5,-0.53846157,0,50,21,100,0,0,0,100,100,100,0,999,999,999,999,-1,-1,0,0,0,0,-1,-1,0,0,0,0,0,999,999,0,0,-1,10,0,11,0,0,0,3,40,110,110,0,0,2,0,0,0,0,0,0,0,0,0,0,22,7,0,0,0,0,0,0,0,0,0,0,0,0,0,0,0,0,0,0,0,0,0,0,1,1,0,0,0,0,0,0,0,0,0,0,1,1,0,1,0,0,0,0,0,0,0,0,0,0,0,0,0,0,0,0,0,0,0,0.1,0.1,0,0,0,0,0,0,0,0,0,100,1,0,1,109,109,139,139,139,139,90020,90030,90040,90300,90060,90100,0,-1,-1,0,0.4,1.1,1.1,1.1,1.1,1.2,1.2,1.2,1,0,-30,0,-1,-1,128,-1,-1,100,30,999,0,0,-1,0,-1,5065,18696,5800,440,6000,-1,-1,-1,10103,-1,-1,-1,18699,-1,0,-1,0,0,0,1,1,1,0,0,-1,-1,0,0,0,0,0,0,900,-1,-1,0,0,0,180,100,0.1,-1,-1,-1,-1,1.8,0,0,0,1,0,0,0,0,0,0,0,0,1,0,-1,-1,-1,-1,-1,-1,-1,-1,-1,0.1,0.4,-1,0,0,30,0.29,100,-1,-1,-1,-1,-1,0,0.5,0.6,0,-1,0,1,1,1,1,1,1,1,1,1,1,1,1,1,1,1,1,1,1,-1,0,-1,0,-1,-1,-1,-1,[0|0|0|0|0|0|0|0|0|0|0|0],
43110009,Godrick Soldier,0,0,[0|0|0],43100,1001,0,140,1.9,0.4,130,0,192,0,100,-1,-1,10,0,0,-1,-1,0.4,-1,5400,0,0,0,0,0,0,0,-1,80,40,40,40,0,-1,-1,-1,-1,-1,-1,30,3000,3001,3002,3003,3004,3005,3006,3007,3008,3009,6001,6000,0,1,1,1,1,1,1,1,1,1.5,-0.53846157,0,90,21,100,0,0,0,100,100,100,0,84,84,112,999,-1,-1,0,0,0,0,-1,4310,0,0,0,0,30,112,999,0,0,-1,10,0,11,0,0,6,3,40,110,110,0,0,2,0,0,0,0,0,0,0,0,0,0,22,7,0,0,0,0,0,0,0,0,0,0,0,0,0,0,0,0,0,0,1,0,0,0,0,0,0,0,0,0,0,0,0,1,0,0,1,0,0,1,0,0,0,0,0,0,0,0,0,0,0,1,1,0,0,0,0,0,0,1.9,0.4,0,0,0,0,0,0,0,0,0,100,1,0,1,144,109,139,144,139,144,0,90030,0,0,90060,90161,90200,5261,-1,0,0.4,1,0.9,1,1.1,1,1,1.2,1,40,0,0,-1,-1,128,2001,-1,100,30,112,0,0,-1,0,-1,13065,5815,-1,5800,-1,13277,13292,-1,19401,-1,-1,-1,-1,-1,0,2,0,0,0,1,1,1,0,0,-1,-1,0,0,0,0,0,0,-1,-1,4310,0,0,0,180,100,0.1,-1,-1,4310,-1,1.8,0,0,0,1,0,0,0,0,0,0,0,0,1,0,-1,-1,-1,-1,-1,-1,-1,-1,-1,0.1,0.4,-1,0,0,30,0.29,100,3002,-1,5002,6002,-1,0,0.5,0.6,0,-1,0,1,1,1,1,1,1,1,1,1,1,1,1,1,1,1,1,1,1,-1,0,-1,0,-1,-1,-1,-1,[0|0|0|0|0|0|0|0|0|0|0|0],
43110912,Godrick Soldier,0,0,[0|0|0],43100,1001,0,140,1.9,0.4,130,0,192,0,100,-1,-1,10,0,0,-1,-1,0.4,-1,5400,0,0,7020,0,0,0,0,-1,80,40,40,40,0,-1,-1,-1,-1,-1,-1,30,3000,3001,3002,3003,3004,3005,3006,3007,3008,3009,6001,6000,0,1,1,1,1,1,1,1,1,1.5,-0.53846157,0,90,21,100,0,0,0,100,100,100,0,84,84,112,999,-1,-1,0,0,0,0,-1,4310,0,0,0,0,30,112,999,0,0,-1,10,0,11,0,0,6,3,40,110,110,0,0,2,0,0,0,0,0,0,0,0,0,0,22,7,0,0,0,0,0,0,0,0,0,0,0,0,0,0,0,0,0,0,1,0,0,0,0,0,0,0,0,0,0,0,0,1,0,0,1,0,0,1,0,0,0,0,0,0,0,0,0,0,0,1,1,0,0,0,0,0,0,1.9,0.4,0,0,0,0,0,0,0,0,0,100,1,0,1,144,109,139,144,139,144,0,90030,0,0,90060,90161,90200,5261,-1,0,0.4,1,0.9,1,1.1,1,1,1.2,1,40,0,0,-1,-1,128,2001,-1,100,30,112,0,0,-1,0,-1,13065,5815,-1,5800,-1,13277,13292,-1,19401,-1,-1,-1,-1,-1,0,2,0,0,0,1,1,1,0,0,-1,-1,0,0,0,0,0,0,-1,-1,4310,0,0,0,180,100,0.1,-1,-1,4310,-1,1.8,0,0,0,1,0,0,0,0,0,0,0,0,1,0,-1,-1,-1,-1,-1,-1,-1,-1,-1,0.1,0.4,-1,0,0,30,0.29,100,3002,-1,5002,6002,-1,0,0.5,0.6,0,-1,0,1,1,1,1,1,1,1,1,1,1,1,1,1,1,1,1,1,1,-1,0,-1,0,-1,-1,-1,-1,[0|0|0|0|0|0|0|0|0|0|0|0],
43110914,Godrick Soldier (Stormveil Castle),0,0,[0|0|0],43100,1001,0,140,1.9,0.4,130,0,192,0,100,-1,-1,10,0,0,-1,-1,0.4,-1,5400,0,0,7030,0,0,0,0,-1,80,40,40,40,0,-1,-1,-1,-1,-1,-1,30,3000,3001,3002,3003,3004,3005,3006,3007,3008,3009,6001,6000,0,1,1,1,1,1,1,1,1,1.5,-0.53846157,0,90,21,100,0,0,0,100,100,100,0,84,84,112,999,-1,-1,0,0,0,0,-1,4310,0,0,0,0,30,112,999,0,0,-1,10,0,11,0,0,6,3,40,110,110,0,0,2,0,0,0,0,0,0,0,0,0,0,22,7,0,0,0,0,0,0,0,0,0,0,0,0,0,0,0,0,0,0,1,0,0,0,0,0,0,0,0,0,0,0,0,1,0,0,1,0,0,1,0,0,0,0,0,0,0,0,0,0,0,1,1,0,0,0,0,0,0,1.9,0.4,0,0,0,0,0,0,0,0,0,100,1,0,1,144,109,139,144,139,144,0,90030,0,0,90060,90161,90200,5261,-1,0,0.4,1,0.9,1,1.1,1,1,1.2,1,40,0,0,-1,-1,128,2001,-1,100,30,112,0,0,-1,0,-1,13065,5815,-1,5800,-1,13277,13292,-1,19401,-1,-1,-1,-1,-1,0,2,0,0,0,1,1,1,0,0,-1,-1,0,0,0,0,0,0,-1,-1,4310,0,0,0,180,100,0.1,-1,-1,4310,-1,1.8,0,0,0,1,0,0,0,0,0,0,0,0,1,0,-1,-1,-1,-1,-1,-1,-1,-1,-1,0.1,0.4,-1,0,0,30,0.29,100,3002,-1,5002,6002,-1,0,0.5,0.6,0,-1,0,1,1,1,1,1,1,1,1,1,1,1,1,1,1,1,1,1,1,-1,0,-1,0,-1,-1,-1,-1,[0|0|0|0|0|0|0|0|0|0|0|0],
43111140,Godrick Soldier,0,0,[0|0|0],43100,1001,0,140,1.9,0.4,130,0,192,0,100,-1,-1,10,0,0,-1,-1,0.4,-1,5403,0,0,7070,0,0,0,0,-1,80,40,40,40,0,-1,-1,-1,-1,-1,-1,30,3000,3001,3002,3003,3004,3005,3006,3007,3008,3009,6001,6000,0,1,1,1,1,1,1,1,1,1.5,-0.53846157,0,90,21,100,0,0,0,100,100,100,0,84,84,112,999,-1,-1,0,0,0,0,-1,4310,0,0,0,0,30,112,999,0,0,-1,10,0,11,0,0,48,3,40,110,110,0,0,2,0,0,0,0,0,0,0,0,0,0,22,7,0,0,0,0,0,0,0,0,0,0,0,0,0,0,0,0,0,0,0,0,1,0,0,0,0,0,0,0,0,0,0,1,0,0,1,0,0,1,0,0,0,0,0,0,0,0,0,0,0,1,1,0,0,0,0,0,0,1.9,0.4,0,0,0,0,0,0,0,0,0,100,1,0,1,144,109,139,144,139,144,0,90030,0,0,90060,90161,90200,5261,-1,0,0.4,1,0.9,1,1.1,1,1,1.2,1,40,0,0,-1,-1,128,2001,-1,100,30,112,0,0,-1,0,13061,13065,5815,13055,5800,-1,13277,13292,-1,19401,-1,-1,-1,-1,-1,0,2,0,0,0,1,1,1,0,0,-1,-1,0,0,0,0,0,0,-1,-1,4310,0,0,0,180,100,0.1,-1,-1,4310,-1,1.8,0,0,0,1,0,0,0,0,0,0,0,0,1,0,-1,-1,-1,-1,-1,-1,-1,-1,-1,0.1,0.4,-1,0,0,30,0.29,100,3002,-1,5002,6002,-1,0,0.5,0.6,0,-1,0,1,1,1,1,1,1,1,1,1,1,1,1,1,1,1,1,1,1,-1,0,-1,0,-1,-1,-1,-1,[0|0|0|0|0|0|0|0|0|0|0|0],
43111212,Godrick Soldier,0,0,[0|0|0],43100,1001,0,140,1.9,0.4,130,0,192,0,100,431100020,-1,10,0,0,-1,-1,0.4,-1,5400,0,0,7020,0,0,0,0,-1,80,40,40,40,0,-1,-1,-1,-1,-1,-1,30,3000,3001,3002,3003,3004,3005,3006,3007,3008,3009,6001,6000,0,1,1,1,1,1,1,1,1,1.5,-0.53846157,0,90,21,100,0,0,0,100,100,100,0,84,84,112,999,-1,-1,0,0,0,0,-1,4310,0,0,0,0,30,112,999,0,0,-1,10,0,11,0,0,48,3,40,110,110,0,0,2,0,0,0,0,0,0,0,0,0,0,22,7,0,0,0,0,0,0,0,0,0,0,0,0,0,0,0,0,0,0,1,0,0,0,0,0,0,0,0,0,0,0,0,1,0,0,1,0,0,1,0,0,0,0,0,0,0,0,0,0,0,1,1,0,0,0,1,0,0,1.9,0.4,0,0,0,0,0,0,0,0,0,100,1,0,1,144,109,139,144,139,144,0,90030,0,0,90060,90161,90200,5261,-1,0,0.4,1,0.9,1,1.1,1,1,1.2,1,40,0,0,-1,-1,128,2001,-1,100,30,112,0,0,-1,0,13053,13065,5815,-1,5800,-1,13277,13292,-1,19401,-1,-1,-1,-1,-1,0,2,0,0,0,1,1,1,0,0,-1,-1,0,0,0,0,0,0,-1,-1,4310,0,0,0,180,100,0.1,-1,-1,4310,-1,1.8,0,0,0,1,0,0,0,0,0,0,0,0,1,0,-1,-1,-1,-1,-1,-1,-1,-1,-1,0.1,0.4,-1,0,0,30,0.29,100,3002,-1,5002,6002,-1,0,0.5,0.6,0,-1,0,1,1,1,1,1,1,1,1,1,1,1,1,1,1,1,1,1,1,-1,0,-1,0,-1,-1,-1,-1,[0|0|0|0|0|0|0|0|0|0|0|0],
43111312,Godrick Soldier,0,0,[0|0|0],43100,1001,0,140,1.9,0.4,130,0,192,0,100,431100030,-1,10,0,0,-1,-1,0.4,-1,5400,0,0,7020,0,0,0,0,-1,80,40,40,40,0,-1,-1,-1,-1,-1,-1,30,3000,3001,3002,3003,3004,3005,3006,3007,3008,3009,6001,6000,0,1,1,1,1,1,1,1,1,1.5,-0.53846157,0,90,21,100,0,0,0,100,100,100,0,84,84,112,999,-1,-1,0,0,0,0,-1,4310,0,0,0,0,30,112,999,0,0,-1,10,0,11,0,0,48,3,40,110,110,0,0,2,0,0,0,0,0,0,0,0,0,0,22,7,0,0,0,0,0,0,0,0,0,0,0,0,0,0,0,0,0,0,1,0,0,0,0,0,0,0,0,0,0,0,0,1,0,0,1,0,0,1,0,0,0,0,0,0,0,0,0,0,0,1,1,0,0,0,0,0,0,1.9,0.4,0,0,0,0,0,0,0,0,0,100,1,0,1,144,109,139,144,139,144,0,90030,0,0,90060,90161,90200,5261,-1,0,0.4,1,0.9,1,1.1,1,1,1.2,1,40,0,0,-1,-1,128,2001,-1,100,30,112,0,0,-1,0,13054,13065,5815,-1,5800,-1,13277,13292,-1,19401,-1,-1,-1,-1,-1,0,2,0,0,0,1,1,1,0,0,-1,-1,0,0,0,0,0,0,-1,-1,4310,0,0,0,180,100,0.1,-1,-1,4310,-1,1.8,0,0,0,1,0,0,0,0,0,0,0,0,1,0,-1,-1,-1,-1,-1,-1,-1,-1,-1,0.1,0.4,-1,0,0,30,0.29,100,3002,-1,5002,6002,-1,0,0.5,0.6,0,-1,0,1,1,1,1,1,1,1,1,1,1,1,1,1,1,1,1,1,1,-1,0,-1,0,-1,-1,-1,-1,[0|0|0|0|0|0|0|0|0|0|0|0],
43111313,Godrick Soldier,0,0,[0|0|0],43100,1001,0,140,1.9,0.4,130,0,192,0,100,431100030,-1,10,0,0,-1,-1,0.4,-1,5400,0,0,7030,0,0,0,0,-1,80,40,40,40,0,-1,-1,-1,-1,-1,-1,30,3000,3001,3002,3003,3004,3005,3006,3007,3008,3009,6001,6000,0,1,1,1,1,1,1,1,1,1.5,-0.53846157,0,90,21,100,0,0,0,100,100,100,0,84,84,112,999,-1,-1,0,0,0,0,-1,4310,0,0,0,0,30,112,999,0,0,-1,10,0,11,0,0,48,3,40,110,110,0,0,2,0,0,0,0,0,0,0,0,0,0,22,7,0,0,0,0,0,0,0,0,0,0,0,0,0,0,0,0,0,0,1,0,0,0,0,0,0,0,0,0,0,0,0,1,0,0,1,0,0,1,0,0,0,0,0,0,0,0,0,0,0,1,1,0,0,0,0,0,0,1.9,0.4,0,0,0,0,0,0,0,0,0,100,1,0,1,144,109,139,144,139,144,0,90030,0,0,90060,90161,90200,5261,-1,0,0.4,1,0.9,1,1.1,1,1,1.2,1,40,0,0,-1,-1,128,2001,-1,100,30,112,0,0,-1,0,13054,13065,5815,-1,5800,-1,13277,13292,-1,19401,-1,-1,-1,-1,-1,0,2,0,0,0,1,1,1,0,0,-1,-1,0,0,0,0,0,0,-1,-1,4310,0,0,0,180,100,0.1,-1,-1,4310,-1,1.8,0,0,0,1,0,0,0,0,0,0,0,0,1,0,-1,-1,-1,-1,-1,-1,-1,-1,-1,0.1,0.4,-1,0,0,30,0.29,100,3002,-1,5002,6002,-1,0,0.5,0.6,0,-1,0,1,1,1,1,1,1,1,1,1,1,1,1,1,1,1,1,1,1,-1,0,-1,0,-1,-1,-1,-1,[0|0|0|0|0|0|0|0|0|0|0|0],
43111412,Godrick Soldier,0,0,[0|0|0],43100,1001,0,140,1.9,0.4,130,0,192,0,100,431100050,-1,10,0,0,-1,-1,0.4,-1,5403,0,0,7020,0,0,0,0,-1,80,40,40,40,0,-1,-1,-1,-1,-1,-1,30,3000,3001,3002,3003,3004,3005,3006,3007,3008,3009,6001,6000,0,1,1,1,1,1,1,1,1,1.5,-0.53846157,0,90,21,100,0,0,0,100,100,100,0,84,84,112,999,-1,-1,0,0,0,0,-1,4310,0,0,0,0,30,112,999,0,0,-1,10,0,11,0,0,48,3,40,110,110,0,0,2,0,0,0,0,0,0,0,0,0,0,22,7,0,0,0,0,0,0,0,0,0,0,0,0,0,0,0,0,0,0,0,0,1,0,0,0,0,0,0,0,0,0,0,1,0,0,1,0,0,1,0,0,0,0,0,0,0,0,0,0,0,1,1,0,0,0,0,0,0,1.9,0.4,0,0,0,0,0,0,0,0,0,100,1,0,1,144,109,139,144,139,144,0,90030,0,0,90060,90161,90200,5261,-1,0,0.4,1,0.9,1,1.1,1,1,1.2,1,40,0,0,-1,-1,128,2001,-1,100,30,112,0,0,-1,0,13061,13065,5815,13055,5800,-1,13277,13292,-1,19401,-1,-1,-1,-1,-1,0,2,0,0,0,1,1,1,0,0,-1,-1,0,0,0,0,0,0,-1,-1,4310,0,0,0,180,100,0.1,-1,-1,4310,-1,1.8,0,0,0,1,0,0,0,0,0,0,0,0,1,0,-1,-1,-1,-1,-1,-1,-1,-1,-1,0.1,0.4,-1,0,0,30,0.29,100,3002,-1,5002,6002,-1,0,0.5,0.6,0,-1,0,1,1,1,1,1,1,1,1,1,1,1,1,1,1,1,1,1,1,-1,0,-1,0,-1,-1,-1,-1,[0|0|0|0|0|0|0|0|0|0|0|0],
43112012,Godrick Soldier,0,0,[0|0|0],43100,1001,0,140,1.9,0.4,130,0,192,0,100,431100100,-1,10,0,0,-1,-1,0.4,-1,5401,0,0,7020,0,0,0,0,-1,80,40,40,40,0,-1,-1,-1,-1,-1,-1,30,3000,3001,3002,3003,3004,3005,3006,3007,3008,3009,6001,6000,0,1,1,1,1,1,1,1,1,1.5,-0.53846157,0,90,21,100,0,0,0,100,100,100,0,84,84,112,999,-1,-1,0,0,0,0,-1,4310,0,0,0,0,30,112,999,0,0,-1,10,0,11,0,0,48,3,40,110,110,0,0,2,0,0,0,0,0,0,0,0,0,0,22,7,0,0,0,0,0,0,0,0,0,0,0,0,0,0,0,0,0,0,1,0,0,0,0,0,0,0,0,0,0,0,0,1,0,0,1,0,0,1,0,0,0,0,0,0,0,0,0,0,0,0,0,0,0,1,0,0,0,1.9,0.4,0,0,0,0,0,0,0,0,0,100,1,0,1,144,109,139,144,139,144,0,90030,0,0,90060,90161,90200,5261,-1,0,0.4,1,0.9,1,1.1,1,1,1.2,1,40,0,0,-1,-1,128,2001,-1,100,30,112,0,0,-1,0,-1,13065,5815,13069,5800,-1,13277,13292,-1,19401,-1,-1,-1,-1,-1,0,2,0,0,0,1,1,1,0,0,-1,-1,0,0,0,0,0,0,-1,-1,4310,0,0,0,180,100,0.1,-1,-1,4310,-1,1.8,0,0,0,1,0,0,0,0,0,0,0,0,1,0,-1,-1,-1,-1,-1,-1,-1,-1,-1,0.1,0.4,-1,0,0,30,0.29,100,3002,-1,5002,6002,-1,0,0.5,0.6,0,-1,0,1,1,1,1,1,1,1,1,1,1,1,1,1,1,1,1,1,1,-1,0,-1,0,-1,-1,-1,-1,[0|0|0|0|0|0|0|0|0|0|0|0],
43112112,Godrick Soldier,0,0,[0|0|0],43100,1001,0,140,1.9,0.4,130,0,192,0,100,431100110,-1,10,0,0,-1,-1,0.4,-1,5405,0,0,7020,0,0,0,0,-1,80,40,40,40,0,-1,-1,-1,-1,-1,-1,30,3000,3001,3002,3003,3004,3005,3006,3007,3008,3009,6001,6000,0,1,1,1,1,1,1,1,1,1.5,-0.53846157,0,90,21,100,0,0,0,100,100,100,0,84,84,112,999,-1,-1,0,0,0,0,-1,4310,0,0,0,0,30,112,999,0,0,-1,10,0,11,0,0,48,3,40,110,110,0,0,2,0,0,0,0,0,0,0,0,0,0,22,7,0,0,0,0,0,0,0,0,0,0,0,0,0,0,0,0,0,0,0,0,1,0,0,0,0,0,0,0,0,0,0,1,0,0,1,0,0,1,0,0,0,0,0,0,0,0,0,0,0,0,0,0,0,1,0,0,0,1.9,0.4,0,0,0,0,0,0,0,0,0,100,1,0,1,144,109,139,144,139,144,0,90030,0,0,90060,90161,90200,5261,-1,0,0.4,1,0.9,1,1.1,1,1,1.2,1,40,0,0,-1,-1,128,2001,-1,100,30,112,0,0,-1,0,13061,13065,5815,13069,5800,13055,13277,13292,-1,19401,-1,-1,-1,-1,-1,0,2,0,0,0,1,1,1,0,0,-1,-1,0,0,0,0,0,0,-1,-1,4310,0,0,0,180,100,0.1,-1,-1,4310,-1,1.8,0,0,0,1,0,0,0,0,0,0,0,0,1,0,-1,-1,-1,-1,-1,-1,-1,-1,-1,0.1,0.4,-1,0,0,30,0.29,100,3002,-1,5002,6002,-1,0,0.5,0.6,0,-1,0,1,1,1,1,1,1,1,1,1,1,1,1,1,1,1,1,1,1,-1,0,-1,0,-1,-1,-1,-1,[0|0|0|0|0|0|0|0|0|0|0|0],
43112212,Godrick Soldier,0,0,[0|0|0],43100,1001,0,140,1.9,0.4,130,0,192,0,100,431100100,-1,10,0,0,-1,-1,0.4,-1,5401,0,0,7020,0,0,0,0,-1,80,40,40,40,0,-1,-1,-1,-1,-1,-1,30,3000,3001,3002,3003,3004,3005,3006,3007,3008,3009,6001,6000,0,1,1,1,1,1,1,1,1,1.5,-0.53846157,0,90,21,100,0,0,0,100,100,100,0,84,84,112,999,-1,-1,0,0,0,0,-1,4310,0,0,0,0,30,112,999,0,0,-1,10,0,11,0,0,48,3,40,110,110,0,0,2,0,0,0,0,0,0,0,0,0,0,22,7,0,0,0,0,0,0,0,0,0,0,0,0,0,0,0,0,0,0,1,0,0,0,0,0,0,0,0,0,0,0,0,1,0,0,1,0,0,1,0,0,0,0,0,0,0,1,0,0,0,0,0,0,0,1,1,0,0,1.9,0.4,0,0,0,0,0,0,0,0,0,100,1,0,1,144,109,139,144,139,144,0,90030,0,0,90060,90161,90200,5261,-1,0,0.4,1,0.9,1,1.1,1,1,1.2,1,40,0,0,-1,-1,128,2001,-1,100,30,112,0,0,-1,0,13053,13065,5815,13069,5800,-1,13277,13292,-1,19401,-1,-1,-1,-1,-1,0,2,0,0,0,1,1,1,0,0,-1,-1,0,0,0,0,0,0,-1,-1,4310,0,0,0,180,100,0.1,-1,-1,4310,-1,1.8,0,0,0,1,0,0,0,0,0,0,0,0,1,0,-1,-1,-1,-1,-1,-1,-1,-1,-1,0.1,0.4,-1,0,0,30,0.29,100,3002,-1,5002,6002,-1,0,0.5,0.6,0,-1,0,1,1,1,1,1,1,1,1,1,1,1,1,1,1,1,1,1,1,-1,0,-1,0,-1,-1,-1,-1,[0|0|0|0|0|0|0|0|0|0|0|0],
43112412,Godrick Soldier,0,0,[0|0|0],43100,1001,0,140,1.9,0.4,130,0,192,0,100,431100120,-1,10,0,0,-1,-1,0.4,-1,5405,0,0,7020,0,0,0,0,-1,80,40,40,40,0,-1,-1,-1,-1,-1,-1,30,3000,3001,3002,3003,3004,3005,3006,3007,3008,3009,6001,6000,0,1,1,1,1,1,1,1,1,1.5,-0.53846157,0,90,21,100,0,0,0,100,100,100,0,84,84,112,999,-1,-1,0,0,0,0,-1,4310,0,0,0,0,30,112,999,0,0,-1,10,0,11,0,0,48,3,40,110,110,0,0,2,0,0,0,0,0,0,0,0,0,0,22,7,0,0,0,0,0,0,0,0,0,1,0,0,0,0,0,0,0,0,0,0,1,0,0,0,0,0,0,0,0,0,0,1,0,0,1,0,0,1,0,0,0,0,0,0,0,0,0,0,0,0,0,0,0,1,0,0,0,1.9,0.4,0,0,0,0,0,0,0,0,0,100,1,0,1,144,109,139,144,139,144,0,90030,0,0,90060,90161,90200,5261,-1,0,0.4,1,0.9,1,1.1,1,1,1.2,1,40,0,0,-1,-1,128,2001,-1,100,30,112,0,0,-1,0,13061,13065,5815,13069,5800,13055,13277,13292,-1,19401,-1,-1,-1,-1,-1,0,2,0,0,0,1,1,1,0,0,-1,-1,0,0,0,0,0,0,-1,-1,4310,0,0,0,180,100,0.1,-1,-1,4310,-1,1.8,0,0,0,1,0,0,0,0,0,0,0,0,1,0,-1,-1,-1,-1,-1,-1,-1,-1,-1,0.1,0.4,-1,0,0,30,0.29,100,3002,-1,5002,6002,-1,0,0.5,0.6,0,-1,0,1,1,1,1,1,1,1,1,1,1,1,1,1,1,1,1,1,1,-1,0,-1,0,-1,-1,-1,-1,[0|0|0|0|0|0|0|0|0|0|0|0],
43113012,Godrick Soldier,0,0,[0|0|0],43100,1001,0,140,1.9,0.4,130,0,192,0,100,431100200,-1,10,0,0,-1,-1,0.4,-1,5402,0,0,7020,0,0,0,0,-1,80,40,40,40,0,-1,-1,-1,-1,-1,-1,30,3000,3001,3002,3003,3004,3005,3006,3007,3008,3009,6001,6000,0,1,1,1,1,1,1,1,1,1.5,-0.53846157,0,90,21,100,0,0,0,100,100,100,0,84,84,112,999,-1,-1,0,0,0,0,-1,4310,0,0,0,0,30,112,999,0,0,-1,10,0,11,0,0,48,3,40,110,110,0,0,2,0,0,0,0,0,0,0,0,0,0,22,7,0,0,0,0,0,0,0,0,0,0,0,0,0,0,0,0,0,0,0,0,0,0,0,0,0,0,0,0,0,0,0,1,0,0,1,0,0,1,0,0,0,0,0,0,0,0,0,0,0,0,0,1,1,0,0,0,0,1.9,0.4,0,0,0,0,0,0,0,0,0,100,1,0,1,144,109,139,144,139,144,0,90030,0,0,90060,90161,90200,5261,-1,0,0.4,1,0.9,1,1.1,1,1,1.2,1,40,0,0,-1,-1,128,2001,-1,100,30,112,0,0,-1,0,-1,13065,5815,-1,5800,-1,13277,13292,-1,19401,-1,-1,-1,-1,-1,0,2,0,0,0,1,1,1,0,0,-1,-1,0,0,0,0,0,0,-1,-1,4310,0,0,0,180,100,0.1,-1,-1,4310,-1,1.8,0,0,0,1,0,0,0,0,0,0,0,0,1,0,-1,-1,-1,-1,-1,-1,-1,-1,-1,0.1,0.4,-1,0,0,30,0.29,100,3002,-1,5002,6002,-1,0,0.5,0.6,0,-1,0,1,1,1,1,1,1,1,1,1,1,1,1,1,1,1,1,1,1,-1,0,-1,0,-1,-1,-1,-1,[0|0|0|0|0|0|0|0|0|0|0|0],
43113040,Godrick Soldier,0,0,[0|0|0],43100,1001,0,140,1.9,0.4,130,0,192,0,100,-1,-1,10,0,0,-1,-1,0.4,-1,5402,0,0,7070,0,0,0,0,-1,80,40,40,40,0,-1,-1,-1,-1,-1,-1,30,3000,3001,3002,3003,3004,3005,3006,3007,3008,3009,6001,6000,0,1,1,1,1,1,1,1,1,1.5,-0.53846157,0,90,21,100,0,0,0,100,100,100,0,84,84,112,999,-1,-1,0,0,0,0,-1,4310,0,0,0,0,30,112,999,0,0,-1,10,0,11,0,0,48,3,40,110,110,0,0,2,0,0,0,0,0,0,0,0,0,0,22,7,0,0,0,0,0,0,0,0,0,0,0,0,0,0,0,0,0,0,0,0,0,0,0,0,0,0,0,0,0,0,0,1,0,0,1,0,0,1,0,0,0,0,0,0,0,0,0,0,0,0,0,1,1,0,0,0,0,1.9,0.4,0,0,0,0,0,0,0,0,0,100,1,0,1,144,109,139,144,139,144,0,90030,0,0,90060,90161,90200,5261,-1,0,0.4,1,0.9,1,1.1,1,1,1.2,1,40,0,0,-1,-1,128,2001,-1,100,30,112,0,0,-1,0,-1,13065,5815,-1,5800,-1,13277,13292,-1,19401,-1,-1,-1,-1,-1,0,2,0,0,0,1,1,1,0,0,-1,-1,0,0,0,0,0,0,-1,-1,4310,0,0,0,180,100,0.1,-1,-1,4310,-1,1.8,0,0,0,1,0,0,0,0,0,0,0,0,1,0,-1,-1,-1,-1,-1,-1,-1,-1,-1,0.1,0.4,-1,0,0,30,0.29,100,3002,-1,5002,6002,-1,0,0.5,0.6,0,-1,0,1,1,1,1,1,1,1,1,1,1,1,1,1,1,1,1,1,1,-1,0,-1,0,-1,-1,-1,-1,[0|0|0|0|0|0|0|0|0|0|0|0],
43113906,Soldier of Godrick (Boss),0,0,[0|0|0],43100,1001,0,140,1.9,0.4,130,0,192,0,100,-1,-1,10,0,0,-1,-1,0.4,-1,5402,0,0,7000,0,90400,0,0,-1,80,40,40,40,0,-1,-1,-1,-1,-1,-1,30,3000,3001,3002,3003,3004,3005,3006,3007,3008,3009,6001,6000,0,1,1,1,1,1,1,1,1,1.5,-1,0,90,21,100,0,0,0,100,100,100,0,84,84,112,999,-1,-1,0,0,0,0,-1,4310,0,0,0,0,30,112,999,0,0,-1,10,0,11,0,0,6,3,40,110,110,0,0,2,0,0,0,0,0,0,0,0,0,0,22,7,0,0,0,0,0,0,0,0,0,0,0,0,0,0,0,0,0,0,0,0,0,0,0,0,0,0,0,0,0,0,0,1,0,0,1,0,0,1,0,0,0,0,0,0,0,0,0,0,0,0,0,1,1,0,0,0,0,1.9,0.4,0,1,0,0,0,0,0,0,0,100,1,0,1,144,109,139,144,139,144,95000,90030,95010,95020,90060,90161,0,-1,-1,0,0.4,1,0.9,1,1.1,1,1,1.2,1,40,0,0,-1,-1,128,2001,-1,300,30,112,0,0,-1,0,-1,13065,5815,102304,5800,-1,13277,13292,-1,19401,-1,4410,-1,-1,4301,0,2,0,0,0,1,1,1,0,0,-1,-1,0,0,0,0,0,0,-1,-1,4310,0,0,0,180,100,0.1,-1,-1,4310,-1,1.8,0,0,0,1,0,0,0,0,0,0,0,0,1,0,-1,-1,-1,-1,-1,-1,-1,-1,-1,0.1,0.4,-1,0,0,15,99,100,3002,-1,5002,6002,-1,0,0.5,0.6,0,-1,0,1,1,1,1,1,1,1,1,1,1,1,1,1,1,1,1,1,1,-1,0,-1,0,-1,-1,-1,-1,[0|0|0|0|0|0|0|0|0|0|0|0],
43114012,Godrick Soldier,0,0,[0|0|0],43100,1001,0,140,1.9,0.4,130,0,192,0,100,431100300,-1,10,0,0,-1,-1,0.4,-1,5404,0,0,7020,0,0,0,0,-1,80,40,40,40,0,-1,-1,-1,-1,-1,-1,30,3000,3001,3002,3003,3004,3005,3006,3007,3008,3009,6001,6000,0,1,1,1,1,1,1,1,1,1.5,-0.53846157,0,90,21,100,0,0,0,100,100,100,0,84,84,112,999,-1,-1,0,0,0,0,-1,4310,0,0,0,0,55,112,999,0,0,-1,10,0,11,0,0,48,3,40,110,110,0,0,2,0,0,0,0,0,0,0,0,0,0,22,7,0,0,0,0,0,0,0,0,0,0,0,0,1,0,0,0,0,0,0,1,0,0,0,0,0,0,0,0,0,0,0,1,0,0,1,0,0,1,0,0,0,0,0,0,0,0,0,0,0,0,0,0,0,0,0,0,0,1.9,0.4,0,0,0,0,0,0,0,0,0,100,1,0,1,144,109,139,144,139,144,0,90030,0,0,90060,90161,90200,5261,-1,0,0.4,1,0.9,1,1.1,1,1,1.2,1,40,0,0,-1,-1,128,2001,-1,100,30,112,0,0,-1,0,-1,-1,5815,-1,5800,-1,13277,13292,-1,19401,-1,-1,-1,-1,-1,0,2,0,0,0,1,1,1,0,0,-1,-1,0,0,0,0,0,0,-1,-1,4310,0,0,0,180,100,0.1,-1,-1,4310,-1,1.8,0,0,0,1,0,0,0,0,0,0,0,0,1,0,-1,-1,-1,-1,-1,-1,-1,-1,-1,0.1,0.4,-1,0,0,30,0.29,100,3002,-1,5002,6002,-1,0,0.5,0.6,0,-1,0,1,1,1,1,1,1,1,1,1,1,1,1,1,1,1,1,1,1,-1,0,-1,0,-1,-1,-1,-1,[0|0|0|0|0|0|0|0|0|0|0|0],
43114090,Godrick Soldier,0,0,[0|0|0],43100,1001,0,140,1.9,0.4,130,0,390,0,100,-1,-1,10,0,0,-1,-1,0.4,-1,5404,0,0,7010,0,0,0,0,-1,80,40,40,40,0,-1,-1,-1,-1,-1,-1,30,3000,3001,3002,3003,3004,3005,3006,3007,3008,3009,6001,6000,0,1,1,1,1,1,1,1,1,1.5,-0.53846157,0,90,21,100,0,0,0,100,100,100,0,84,84,112,999,-1,-1,0,0,0,0,-1,4310,0,0,0,0,55,112,999,0,0,-1,10,0,11,0,0,6,3,40,110,110,0,0,2,0,0,0,0,0,0,0,0,0,0,22,7,0,0,0,0,0,0,0,0,0,0,0,0,1,0,0,0,0,0,0,1,0,0,0,0,0,0,0,0,0,0,0,1,0,0,1,0,0,1,0,0,0,0,0,0,0,0,0,0,0,0,0,0,0,0,0,0,0,1.9,0.4,0,0,0,0,0,0,0,0,0,100,1,0,1,144,109,139,144,139,144,0,90030,0,0,90060,90161,90200,5261,-1,0,0.4,1,0.9,1,1.1,1,1,1.2,1,40,0,0,-1,-1,128,2001,-1,100,30,112,0,0,-1,4350,-1,-1,5815,-1,5800,-1,13277,13292,-1,19401,-1,-1,-1,-1,-1,0,2,0,0,0,1,1,1,0,0,-1,-1,0,0,0,0,0,0,-1,-1,4310,0,0,0,180,100,0.1,-1,-1,4310,-1,1.8,0,0,0,1,0,0,0,0,0,0,0,0,1,0,-1,-1,-1,-1,-1,-1,-1,-1,-1,0.1,0.4,-1,0,0,30,0.29,100,3002,-1,5002,6002,-1,0,0.5,0.6,0,-1,0,1,1,1,1,1,1,1,1,1,1,1,1,1,1,1,1,1,1,-1,0,-1,0,-1,-1,-1,-1,[0|0|0|0|0|0|0|0|0|0|0|0],
43130035,Leyndell Soldier,0,0,[0|0|0],43100,1001,0,140,1.9,0.4,130,0,192,0,100,431300000,-1,10,0,0,-1,-1,0.4,-1,5400,0,0,7130,0,0,0,0,-1,80,40,40,40,0,-1,-1,-1,-1,-1,-1,30,3000,3001,3002,3003,3004,3005,3006,3007,3008,3009,6001,6000,0,1,1,1,1,1,1,1,1,1.5,-0.53846157,0,90,21,100,0,0,0,100,100,100,0,84,84,112,999,-1,-1,0,0,0,0,-1,4310,1,0,0,0,30,112,999,0,0,-1,10,0,11,0,0,6,3,40,110,110,0,0,2,0,0,0,0,0,0,0,0,0,0,22,7,0,0,0,0,0,0,0,0,0,0,0,0,0,0,0,0,0,0,1,0,0,0,0,0,0,0,0,0,0,0,0,1,0,0,1,0,0,1,0,0,0,0,0,0,0,0,1,0,0,1,1,0,0,0,0,0,0,1.9,0.4,0,0,0,0,0,0,0,0,0,100,1,0,1,144,109,139,144,139,144,0,90030,0,0,90060,90161,90200,5261,-1,0,0.4,1,0.9,1,1.1,1,1,1,0.8,40,0,0,-1,-1,128,2001,-1,100,30,112,0,0,-1,0,-1,13065,5815,-1,5800,-1,13281,13292,-1,19403,-1,-1,-1,-1,-1,0,2,0,0,0,1,1,1,0,0,-1,-1,0,0,0,0,0,0,-1,-1,4310,0,0,0,180,100,0.1,-1,-1,4310,-1,1.8,0,0,0,1,0,0,0,0,0,0,0,0,1,0,-1,-1,-1,-1,-1,-1,-1,-1,-1,0.1,0.4,-1,0,0,30,0.29,100,3002,-1,5002,6002,-1,0,0.5,0.6,0,-1,0,1,1,1,1,1,1,1,1,1,1,1,1,1,1,1,1,1,1,-1,0,-1,0,-1,-1,-1,-1,[0|0|0|0|0|0|0|0|0|0|0|0],
43130134,Leyndell Soldier (Leyndell),0,0,[0|0|0],43100,1001,0,140,1.9,0.4,130,0,192,0,100,431334510,-1,10,0,0,-1,-1,0.4,-1,5403,0,0,7100,0,0,0,0,-1,80,40,40,40,0,-1,-1,-1,-1,-1,-1,30,3000,3001,3002,3003,3004,3005,3006,3007,3008,3009,6001,6000,0,1,1,1,1,1,1,1,1,1.5,-0.53846157,0,90,21,100,0,0,0,100,100,100,0,84,84,112,999,-1,-1,0,0,0,0,-1,4310,0,0,0,0,30,112,999,0,0,-1,10,0,11,0,0,6,3,40,110,110,0,0,2,0,0,0,0,0,0,0,0,0,0,22,7,0,0,0,0,0,0,0,0,0,0,0,0,0,0,0,0,0,0,0,0,1,0,0,0,0,0,0,0,0,0,0,1,0,0,1,0,0,1,0,0,0,0,0,0,0,0,1,0,0,1,1,0,0,0,0,0,0,1.9,0.4,0,0,0,0,0,0,0,0,0,100,1,0,1,144,109,139,144,139,144,0,90030,0,0,90060,90161,90200,5261,-1,0,0.4,1,0.9,1,1.1,1,1,1,0.8,40,0,0,-1,-1,128,2001,-1,100,30,112,0,0,-1,0,13061,13065,5815,-1,5800,13055,13281,13292,-1,19403,-1,-1,-1,-1,-1,0,2,0,0,0,1,1,1,0,0,-1,-1,0,0,0,0,0,0,-1,-1,4310,0,0,0,180,100,0.1,-1,-1,4310,-1,1.8,0,0,0,1,0,0,0,0,0,0,0,0,1,0,-1,-1,-1,-1,-1,-1,-1,-1,-1,0.1,0.4,-1,0,0,30,0.29,100,3002,-1,5002,6002,-1,0,0.5,0.6,0,-1,0,1,1,1,1,1,1,1,1,1,1,1,1,1,1,1,1,1,1,-1,0,-1,0,-1,-1,-1,-1,[0|0|0|0|0|0|0|0|0|0|0|0],
43130232,Leyndell Soldier,0,0,[0|0|0],43100,1001,0,140,1.9,0.4,130,0,192,0,100,431300020,-1,10,0,0,-1,-1,0.4,-1,5400,0,0,7090,0,0,0,0,-1,80,40,40,40,0,-1,-1,-1,-1,-1,-1,30,3000,3001,3002,3003,3004,3005,3006,3007,3008,3009,6001,6000,0,1,1,1,1,1,1,1,1,1.5,-0.53846157,0,90,21,100,0,0,0,100,100,100,0,84,84,112,999,-1,-1,0,0,0,0,-1,4310,0,0,0,0,30,112,999,0,0,-1,10,0,11,0,0,48,3,40,110,110,0,0,2,0,0,0,0,0,0,0,0,0,0,22,7,0,0,0,0,0,0,0,0,0,0,0,0,0,0,0,0,0,0,1,0,0,0,0,0,0,0,0,0,0,0,0,1,0,0,1,0,0,1,0,0,0,0,0,0,0,0,1,0,0,1,1,0,0,0,1,0,0,1.9,0.4,0,0,0,0,0,0,0,0,0,100,1,0,1,144,109,139,144,139,144,0,90030,0,0,90060,90161,90200,5261,-1,0,0.4,1,0.9,1,1.1,1,1,1,0.8,40,0,0,-1,-1,128,2001,-1,100,30,112,0,0,-1,0,13053,13065,5815,-1,5800,-1,13281,13292,-1,19403,-1,-1,-1,-1,-1,0,2,0,0,0,1,1,1,0,0,-1,-1,0,0,0,0,0,0,-1,-1,4310,0,0,0,180,100,0.1,-1,-1,4310,-1,1.8,0,0,0,1,0,0,0,0,0,0,0,0,1,0,-1,-1,-1,-1,-1,-1,-1,-1,-1,0.1,0.4,-1,0,0,30,0.29,100,3002,-1,5002,6002,-1,0,0.5,0.6,0,-1,0,1,1,1,1,1,1,1,1,1,1,1,1,1,1,1,1,1,1,-1,0,-1,0,-1,-1,-1,-1,[0|0|0|0|0|0|0|0|0|0|0|0],
43130335,Leyndell Soldier,0,0,[0|0|0],43100,1001,0,140,1.9,0.4,130,0,192,0,100,431300530,-1,10,0,0,-1,-1,0.4,-1,5400,0,0,7130,0,0,0,0,-1,80,40,40,40,0,-1,-1,-1,-1,-1,-1,30,3000,3001,3002,3003,3004,3005,3006,3007,3008,3009,6001,6000,0,1,1,1,1,1,1,1,1,1.5,-0.53846157,0,90,21,100,0,0,0,100,100,100,0,84,84,112,999,-1,-1,0,0,0,0,-1,4310,1,0,0,0,30,112,999,0,0,-1,10,0,11,0,0,6,3,40,110,110,0,0,2,0,0,0,0,0,0,0,0,0,0,22,7,0,0,0,0,0,0,0,0,0,0,0,0,0,0,0,0,0,0,1,0,0,0,0,0,0,0,0,0,0,0,0,1,0,0,1,0,0,1,0,0,0,0,0,0,0,0,1,0,0,1,1,0,0,0,0,0,0,1.9,0.4,0,0,0,0,0,0,0,0,0,100,1,0,1,144,109,139,144,139,144,0,90030,0,0,90060,90161,90200,5261,-1,0,0.4,1,0.9,1,1.1,1,1,1,0.8,40,0,0,-1,-1,128,2001,-1,100,30,112,0,0,-1,0,13054,13065,5815,-1,5800,-1,13281,13292,-1,19403,-1,-1,-1,-1,-1,0,2,0,0,0,1,1,1,0,0,-1,-1,0,0,0,0,0,0,-1,-1,4310,0,0,0,180,100,0.1,-1,-1,4310,-1,1.8,0,0,0,1,0,0,0,0,0,0,0,0,1,0,-1,-1,-1,-1,-1,-1,-1,-1,-1,0.1,0.4,-1,0,0,30,0.29,100,3002,-1,5002,6002,-1,0,0.5,0.6,0,-1,0,1,1,1,1,1,1,1,1,1,1,1,1,1,1,1,1,1,1,-1,0,-1,0,-1,-1,-1,-1,[0|0|0|0|0|0|0|0|0|0|0|0],
43130435,Leyndell Soldier,0,0,[0|0|0],43100,-1,0,140,1.9,0.4,130,0,192,0,100,-1,-1,10,0,0,-1,-1,0.4,-1,5400,0,0,7130,0,0,90000,90010,-1,80,40,40,40,0,-1,-1,-1,-1,-1,-1,30,3000,3001,3002,3003,3004,3005,3006,3007,3008,3009,6001,6000,0,1,1,1,1,1,1,1,1,1.5,-0.53846157,0,90,21,100,0,0,0,100,100,100,0,999,999,999,999,-1,-1,0,0,0,0,-1,4310,0,0,0,0,30,999,999,0,0,-1,10,0,11,0,0,6,3,40,110,110,0,0,2,0,0,0,0,0,0,0,0,0,0,22,7,0,0,0,0,0,0,0,0,0,0,0,0,0,0,0,0,0,0,1,0,0,0,0,0,0,0,0,0,0,0,0,1,0,0,1,0,0,1,0,0,0,0,0,0,0,0,1,0,0,1,1,0,0,0,0,0,0,1.9,0.4,0,0,0,0,0,0,0,0,0,100,1,0,1,144,109,139,144,139,144,90020,90030,90040,90300,90060,90161,90200,-1,-1,0,0.4,1,0.9,1,1.1,1,1,1,0.8,40,0,0,-1,-1,128,-1,-1,100,30,999,0,0,-1,0,-1,13065,5815,-1,5800,-1,13281,13292,-1,19403,-1,-1,-1,-1,-1,0,2,0,0,0,1,1,1,0,0,-1,-1,0,0,0,0,0,0,-1,-1,4310,0,0,0,180,100,0.1,-1,-1,4310,-1,1.8,0,0,0,1,0,0,0,0,0,0,0,0,1,0,-1,-1,-1,-1,-1,-1,-1,-1,-1,0.1,0.4,-1,0,0,30,0.29,100,-1,-1,-1,-1,-1,0,0.5,0.6,0,-1,0,1,1,1,1,1,1,1,1,1,1,1,1,1,1,1,1,1,1,-1,0,-1,0,-1,-1,-1,-1,[0|0|0|0|0|0|0|0|0|0|0|0],
43130535,Leyndell Soldier,0,0,[0|0|0],43100,-1,0,140,1.9,0.4,130,0,192,0,100,-1,-1,10,0,0,-1,-1,0.4,-1,5400,0,0,7130,0,0,90000,90010,-1,80,40,40,40,0,-1,-1,-1,-1,-1,-1,30,3000,3001,3002,3003,3004,3005,3006,3007,3008,3009,6001,6000,0,1,1,1,1,1,1,1,1,1.5,-0.53846157,0,90,21,100,0,0,0,100,100,100,0,999,999,999,999,-1,-1,0,0,0,0,-1,4310,0,0,0,0,30,999,999,0,0,-1,10,0,11,0,0,6,3,40,110,110,0,0,2,0,0,0,0,0,0,0,0,0,0,22,7,0,0,0,0,0,0,0,0,0,0,0,0,0,0,0,0,0,0,1,0,0,0,0,0,0,0,0,0,0,0,0,1,0,0,1,0,0,1,0,0,0,0,0,0,0,0,1,0,0,1,1,0,0,0,0,0,0,1.9,0.4,0,0,0,0,0,0,0,0,0,100,1,0,1,144,109,139,144,139,144,90020,90030,90040,90300,90060,90161,90200,-1,-1,0,0.4,1,0.9,1,1.1,1,1,1,0.8,40,0,0,-1,-1,128,-1,-1,100,30,999,0,0,-1,0,13054,13065,5815,-1,5800,-1,13281,13292,-1,19403,-1,-1,-1,-1,-1,0,2,0,0,0,1,1,1,0,0,-1,-1,0,0,0,0,0,0,-1,-1,4310,0,0,0,180,100,0.1,-1,-1,4310,-1,1.8,0,0,0,1,0,0,0,0,0,0,0,0,1,0,-1,-1,-1,-1,-1,-1,-1,-1,-1,0.1,0.4,-1,0,0,30,0.29,100,-1,-1,-1,-1,-1,0,0.5,0.6,0,-1,0,1,1,1,1,1,1,1,1,1,1,1,1,1,1,1,1,1,1,-1,0,-1,0,-1,-1,-1,-1,[0|0|0|0|0|0|0|0|0|0|0|0],
43131034,Leyndell Soldier (Leyndell),0,0,[0|0|0],43100,1001,0,140,1.9,0.4,130,0,192,0,100,431334100,-1,10,0,0,-1,-1,0.4,-1,5401,0,0,7100,0,0,0,0,-1,80,40,40,40,0,-1,-1,-1,-1,-1,-1,30,3000,3001,3002,3003,3004,3005,3006,3007,3008,3009,6001,6000,0,1,1,1,1,1,1,1,1,1.5,-0.53846157,0,90,21,100,0,0,0,100,100,100,0,84,84,112,999,-1,-1,0,0,0,0,-1,4310,0,0,0,0,30,112,999,0,0,-1,10,0,11,0,0,6,3,40,110,110,0,0,2,0,0,0,0,0,0,0,0,0,0,22,7,0,0,0,0,0,0,0,0,0,0,0,0,0,0,0,0,0,0,1,0,0,0,0,0,0,0,0,0,0,0,0,1,0,0,1,0,0,1,0,0,0,0,0,0,0,0,1,0,0,0,0,0,0,1,0,0,0,1.9,0.4,0,0,0,0,0,0,0,0,0,100,1,0,1,144,109,139,144,139,144,0,90030,0,0,90060,90161,90200,5261,-1,0,0.4,1,0.9,1,1.1,1,1,1,0.8,40,0,0,-1,-1,128,2001,-1,100,30,112,0,0,-1,0,-1,13065,5815,13069,5800,-1,13281,13292,-1,19403,-1,-1,-1,-1,-1,0,2,0,0,0,1,1,1,0,0,-1,-1,0,0,0,0,0,0,-1,-1,4310,0,0,0,180,100,0.1,-1,-1,4310,-1,1.8,0,0,0,1,0,0,0,0,0,0,0,0,1,0,-1,-1,-1,-1,-1,-1,-1,-1,-1,0.1,0.4,-1,0,0,30,0.29,100,3002,-1,5002,6002,-1,0,0.5,0.6,0,-1,0,1,1,1,1,1,1,1,1,1,1,1,1,1,1,1,1,1,1,-1,0,-1,0,-1,-1,-1,-1,[0|0|0|0|0|0|0|0|0|0|0|0],
43131132,Leyndell Soldier,0,0,[0|0|0],43100,1001,0,140,1.9,0.4,130,0,192,0,100,431300610,-1,10,0,0,-1,-1,0.4,-1,5405,0,0,7090,0,0,0,0,-1,80,40,40,40,0,-1,-1,-1,-1,-1,-1,30,3000,3001,3002,3003,3004,3005,3006,3007,3008,3009,6001,6000,0,1,1,1,1,1,1,1,1,1.5,-0.53846157,0,90,21,100,0,0,0,100,100,100,0,84,84,112,999,-1,-1,0,0,0,0,-1,4310,0,0,0,0,30,112,999,0,0,-1,10,0,11,0,0,48,3,40,110,110,0,0,2,0,0,0,0,0,0,0,0,0,0,22,7,0,0,0,0,0,0,0,0,0,0,0,0,0,0,0,0,0,0,0,0,1,0,0,0,0,0,0,0,0,0,0,1,0,0,1,0,0,1,0,0,0,0,0,0,0,0,1,0,0,0,0,0,0,1,0,0,0,1.9,0.4,0,0,0,0,0,0,0,0,0,100,1,0,1,144,109,139,144,139,144,0,90030,0,0,90060,90161,90200,5261,-1,0,0.4,1,0.9,1,1.1,1,1,1,0.8,40,0,0,-1,-1,128,2001,-1,100,30,112,0,0,-1,0,13061,13065,5815,13069,5800,13055,13281,13292,-1,19403,-1,-1,-1,-1,-1,0,2,0,0,0,1,1,1,0,0,-1,-1,0,0,0,0,0,0,-1,-1,4310,0,0,0,180,100,0.1,-1,-1,4310,-1,1.8,0,0,0,1,0,0,0,0,0,0,0,0,1,0,-1,-1,-1,-1,-1,-1,-1,-1,-1,0.1,0.4,-1,0,0,30,0.29,100,3002,-1,5002,6002,-1,0,0.5,0.6,0,-1,0,1,1,1,1,1,1,1,1,1,1,1,1,1,1,1,1,1,1,-1,0,-1,0,-1,-1,-1,-1,[0|0|0|0|0|0|0|0|0|0|0|0],
43133035,Leyndell Soldier,0,0,[0|0|0],43100,1001,0,140,1.9,0.4,130,0,192,0,100,431300300,-1,10,0,0,-1,-1,0.4,-1,5404,0,0,7130,0,0,0,0,-1,80,40,40,40,0,-1,-1,-1,-1,-1,-1,30,3000,3001,3002,3003,3004,3005,3006,3007,3008,3009,6001,6000,0,1,1,1,1,1,1,1,1,1.5,-0.53846157,0,90,21,100,0,0,0,100,100,100,0,84,84,112,999,-1,-1,0,0,0,0,-1,4310,1,0,0,0,55,112,999,0,0,-1,10,0,11,0,0,6,3,40,110,110,0,0,2,0,0,0,0,0,0,0,0,0,0,22,7,0,0,0,0,0,0,0,0,0,0,0,0,1,0,0,0,0,0,0,1,0,0,0,0,0,0,0,0,0,0,0,1,0,0,1,0,0,1,0,0,0,0,0,0,0,0,1,0,0,0,0,0,0,0,0,0,0,1.9,0.4,0,0,0,0,0,0,0,0,0,100,1,0,1,144,109,139,144,139,144,0,90030,0,0,90060,90161,90200,5261,-1,0,0.4,1,0.9,1,1.1,1,1,1,0.8,40,0,0,-1,-1,128,2001,-1,100,30,112,0,0,-1,0,-1,-1,5815,-1,5800,-1,13281,13292,-1,19403,-1,-1,-1,-1,-1,0,2,0,0,0,1,1,1,0,0,-1,-1,0,0,0,0,0,0,-1,-1,4310,0,0,0,180,100,0.1,-1,-1,4310,-1,1.8,0,0,0,1,0,0,0,0,0,0,0,0,1,0,-1,-1,-1,-1,-1,-1,-1,-1,-1,0.1,0.4,-1,0,0,30,0.29,100,3002,-1,5002,6002,-1,0,0.5,0.6,0,-1,0,1,1,1,1,1,1,1,1,1,1,1,1,1,1,1,1,1,1,-1,0,-1,0,-1,-1,-1,-1,[0|0|0|0|0|0|0|0|0|0|0|0],
43133135,Leyndell Soldier,0,0,[0|0|0],43100,-1,0,140,1.9,0.4,130,0,192,0,100,-1,-1,10,0,0,-1,-1,0.4,-1,5404,0,0,7130,0,0,90000,90010,-1,80,40,40,40,0,-1,-1,-1,-1,-1,-1,30,3000,3001,3002,3003,3004,3005,3006,3007,3008,3009,6001,6000,0,1,1,1,1,1,1,1,1,1.5,-0.53846157,0,90,21,100,0,0,0,100,100,100,0,999,999,999,999,-1,-1,0,0,0,0,-1,4310,0,0,0,0,55,999,999,0,0,-1,10,0,11,0,0,6,3,40,110,110,0,0,2,0,0,0,0,0,0,0,0,0,0,22,7,0,0,0,0,0,0,0,0,0,0,0,0,1,0,0,0,0,0,0,1,0,0,0,0,0,0,0,0,0,0,0,1,0,0,1,0,0,1,0,0,0,0,0,0,0,0,1,0,0,0,0,0,0,0,0,0,0,1.9,0.4,0,0,0,0,0,0,0,0,0,100,1,0,1,144,109,139,144,139,144,90020,90030,90040,90300,90060,90161,90200,-1,-1,0,0.4,1,0.9,1,1.1,1,1,1,0.8,40,0,0,-1,-1,128,-1,-1,100,30,999,0,0,-1,0,-1,-1,5815,-1,5800,-1,13281,13292,-1,19403,-1,-1,-1,-1,-1,0,2,0,0,0,1,1,1,0,0,-1,-1,0,0,0,0,0,0,-1,-1,4310,0,0,0,180,100,0.1,-1,-1,4310,-1,1.8,0,0,0,1,0,0,0,0,0,0,0,0,1,0,-1,-1,-1,-1,-1,-1,-1,-1,-1,0.1,0.4,-1,0,0,30,0.29,100,-1,-1,-1,-1,-1,0,0.5,0.6,0,-1,0,1,1,1,1,1,1,1,1,1,1,1,1,1,1,1,1,1,1,-1,0,-1,0,-1,-1,-1,-1,[0|0|0|0|0|0|0|0|0|0|0|0],
43134032,Leyndell Soldier,0,0,[0|0|0],43100,1001,0,140,1.9,0.4,130,0,192,0,100,431300000,-1,10,0,0,-1,-1,0.4,-1,5400,0,0,7090,0,0,0,0,-1,80,40,40,40,0,-1,-1,-1,-1,-1,-1,30,3000,3001,3002,3003,3004,3005,3006,3007,3008,3009,6001,6000,0,1,1,1,1,1,1,1,1,1.5,-0.53846157,0,90,21,100,0,0,0,100,100,100,0,84,84,112,999,-1,-1,0,0,0,0,-1,4310,0,0,0,0,30,999,999,0,0,-1,10,0,11,0,0,6,3,40,110,110,0,1,2,0,0,0,0,0,0,0,0,0,0,22,7,0,0,0,0,0,0,0,0,0,0,0,0,0,0,0,0,0,0,1,0,0,0,0,0,0,0,0,0,0,0,0,1,0,0,1,0,0,1,0,0,0,0,0,0,1,0,1,0,0,1,1,0,0,0,0,0,0,1.9,0.4,0,0,0,0,0,0,0,0,0,100,1,0,1,144,109,139,144,139,144,0,90030,0,90300,90060,90161,90200,5261,-1,0,0.4,1,0.9,1,1.1,1,1,1,0.8,40,0,0,-1,-1,128,2001,-1,100,30,112,0,0,-1,0,-1,13065,5815,-1,5800,-1,13281,13292,-1,19403,-1,-1,-1,-1,-1,0,2,0,0,0,1,1,1,0,0,-1,-1,0,0,0,0,0,0,-1,-1,4310,0,0,0,180,100,0.1,-1,-1,4310,-1,1.8,0,0,0,1,0,0,0,0,0,0,0,0,1,0,-1,-1,-1,-1,-1,-1,-1,-1,-1,0.1,0.4,-1,0,0,30,0.29,100,3002,-1,5002,-1,-1,0,0.5,0.6,0,-1,0,1,1,1,1,1,1,1,1,1,1,1,1,1,1,1,1,1,1,-1,0,-1,0,-1,-1,-1,-1,[0|0|0|0|0|0|0|0|0|0|0|0],
43134132,Leyndell Soldier,0,0,[0|0|0],43100,1001,0,140,1.9,0.4,130,0,192,0,100,431300510,-1,10,0,0,-1,-1,0.4,-1,5403,0,0,7090,0,0,0,0,-1,80,40,40,40,0,-1,-1,-1,-1,-1,-1,30,3000,3001,3002,3003,3004,3005,3006,3007,3008,3009,6001,6000,0,1,1,1,1,1,1,1,1,1.5,-0.53846157,0,90,21,100,0,0,0,100,100,100,0,84,84,112,999,-1,-1,0,0,0,0,-1,4310,0,0,0,0,30,999,999,0,0,-1,10,0,11,0,0,6,3,40,110,110,0,1,2,0,0,0,0,0,0,0,0,0,0,22,7,0,0,0,0,0,0,0,0,0,0,0,0,0,0,0,0,0,0,0,0,1,0,0,0,0,0,0,0,0,0,0,1,0,0,1,0,0,1,0,0,0,0,0,0,1,0,1,0,0,1,1,0,0,0,0,0,0,1.9,0.4,0,0,0,0,0,0,0,0,0,100,1,0,1,144,109,139,144,139,144,0,90030,0,90300,90060,90161,90200,5261,-1,0,0.4,1,0.9,1,1.1,1,1,1,0.8,40,0,0,-1,-1,128,2001,-1,100,30,112,0,0,-1,0,13061,13065,5815,-1,5800,13055,13281,13292,-1,19403,-1,-1,-1,-1,-1,0,2,0,0,0,1,1,1,0,0,-1,-1,0,0,0,0,0,0,-1,-1,4310,0,0,0,180,100,0.1,-1,-1,4310,-1,1.8,0,0,0,1,0,0,0,0,0,0,0,0,1,0,-1,-1,-1,-1,-1,-1,-1,-1,-1,0.1,0.4,-1,0,0,30,0.29,100,3002,-1,5002,-1,-1,0,0.5,0.6,0,-1,0,1,1,1,1,1,1,1,1,1,1,1,1,1,1,1,1,1,1,-1,0,-1,0,-1,-1,-1,-1,[0|0|0|0|0|0|0|0|0|0|0|0],
43134332,Leyndell Soldier,0,0,[0|0|0],43100,1001,0,140,1.9,0.4,130,0,192,0,100,431300530,-1,10,0,0,-1,-1,0.4,-1,5400,0,0,7090,0,0,0,0,-1,80,40,40,40,0,-1,-1,-1,-1,-1,-1,30,3000,3001,3002,3003,3004,3005,3006,3007,3008,3009,6001,6000,0,1,1,1,1,1,1,1,1,1.5,-0.53846157,0,90,21,100,0,0,0,100,100,100,0,84,84,112,999,-1,-1,0,0,0,0,-1,4310,0,0,0,0,30,999,999,0,0,-1,10,0,11,0,0,6,3,40,110,110,0,1,2,0,0,0,0,0,0,0,0,0,0,22,7,0,0,0,0,0,0,0,0,0,0,0,0,0,0,0,0,0,0,1,0,0,0,0,0,0,0,0,0,0,0,0,1,0,0,1,0,0,1,0,0,0,0,0,0,1,0,1,0,0,1,1,0,0,0,0,0,0,1.9,0.4,0,0,0,0,0,0,0,0,0,100,1,0,1,144,109,139,144,139,144,0,90030,0,90300,90060,90161,90200,5261,-1,0,0.4,1,0.9,1,1.1,1,1,1,0.8,40,0,0,-1,-1,128,2001,-1,100,30,112,0,0,-1,0,13054,13065,5815,-1,5800,-1,13281,13292,-1,19403,-1,-1,-1,-1,-1,0,2,0,0,0,1,1,1,0,0,-1,-1,0,0,0,0,0,0,-1,-1,4310,0,0,0,180,100,0.1,-1,-1,4310,-1,1.8,0,0,0,1,0,0,0,0,0,0,0,0,1,0,-1,-1,-1,-1,-1,-1,-1,-1,-1,0.1,0.4,-1,0,0,30,0.29,100,3002,-1,5002,-1,-1,0,0.5,0.6,0,-1,0,1,1,1,1,1,1,1,1,1,1,1,1,1,1,1,1,1,1,-1,0,-1,0,-1,-1,-1,-1,[0|0|0|0|0|0|0|0|0|0|0|0],
43135132,Leyndell Soldier,0,0,[0|0|0],43100,1001,0,140,1.9,0.4,130,0,192,0,100,431300610,-1,10,0,0,-1,-1,0.4,-1,5405,0,0,7090,0,0,0,0,-1,80,40,40,40,0,-1,-1,-1,-1,-1,-1,30,3000,3001,3002,3003,3004,3005,3006,3007,3008,3009,6001,6000,0,1,1,1,1,1,1,1,1,1.5,-0.53846157,0,90,21,100,0,0,0,100,100,100,0,84,84,112,999,-1,-1,0,0,0,0,-1,4310,0,0,0,0,30,999,999,0,0,-1,10,0,11,0,0,6,3,40,110,110,0,1,2,0,0,0,0,0,0,0,0,0,0,22,7,0,0,0,0,0,0,0,0,0,0,0,0,0,0,0,0,0,0,0,0,1,0,0,0,0,0,0,0,0,0,0,1,0,0,1,0,0,1,0,0,0,0,0,0,1,0,1,0,0,0,0,0,0,1,0,0,0,1.9,0.4,0,0,0,0,0,0,0,0,0,100,1,0,1,144,109,139,144,139,144,0,90030,0,90300,90060,90161,90200,5261,-1,0,0.4,1,0.9,1,1.1,1,1,1,0.8,40,0,0,-1,-1,128,2001,-1,100,30,112,0,0,-1,0,13061,13065,5815,13069,5800,13055,13281,13292,-1,19403,-1,-1,-1,-1,-1,0,2,0,0,0,1,1,1,0,0,-1,-1,0,0,0,0,0,0,-1,-1,4310,0,0,0,180,100,0.1,-1,-1,4310,-1,1.8,0,0,0,1,0,0,0,0,0,0,0,0,1,0,-1,-1,-1,-1,-1,-1,-1,-1,-1,0.1,0.4,-1,0,0,30,0.29,100,3002,-1,5002,-1,-1,0,0.5,0.6,0,-1,0,1,1,1,1,1,1,1,1,1,1,1,1,1,1,1,1,1,1,-1,0,-1,0,-1,-1,-1,-1,[0|0|0|0|0|0|0|0|0|0|0|0],
43137032,Leyndell Soldier,0,0,[0|0|0],43100,1001,0,140,1.9,0.4,130,0,192,0,100,431300300,-1,10,0,0,-1,-1,0.4,-1,5404,0,0,7090,0,0,0,0,-1,80,40,40,40,0,-1,-1,-1,-1,-1,-1,30,3000,3001,3002,3003,3004,3005,3006,3007,3008,3009,6001,6000,0,1,1,1,1,1,1,1,1,1.5,-0.53846157,0,90,21,100,0,0,0,100,100,100,0,84,84,112,999,-1,-1,0,0,0,0,-1,4310,0,0,0,0,55,999,999,0,0,-1,10,0,11,0,0,6,3,40,110,110,0,1,2,0,0,0,0,0,0,0,0,0,0,22,7,0,0,0,0,0,0,0,0,0,0,0,0,1,0,0,0,0,0,0,1,0,0,0,0,0,0,0,0,0,0,0,1,0,0,1,0,0,1,0,0,0,0,0,0,1,0,1,0,0,0,0,0,0,0,0,0,0,1.9,0.4,0,0,0,0,0,0,0,0,0,100,1,0,1,144,109,139,144,139,144,0,90030,0,90300,90060,90161,90200,5261,-1,0,0.4,1,0.9,1,1.1,1,1,1,0.8,40,0,0,-1,-1,128,2001,-1,100,30,112,0,0,-1,0,-1,-1,5815,-1,5800,-1,13281,13292,-1,19403,-1,-1,-1,-1,-1,0,2,0,0,0,1,1,1,0,0,-1,-1,0,0,0,0,0,0,-1,-1,4310,0,0,0,180,100,0.1,-1,-1,4310,-1,1.8,0,0,0,1,0,0,0,0,0,0,0,0,1,0,-1,-1,-1,-1,-1,-1,-1,-1,-1,0.1,0.4,-1,0,0,30,0.29,100,3002,-1,5002,-1,-1,0,0.5,0.6,0,-1,0,1,1,1,1,1,1,1,1,1,1,1,1,1,1,1,1,1,1,-1,0,-1,0,-1,-1,-1,-1,[0|0|0|0|0|0|0|0|0|0|0|0],
43140042,Radahn Soldier,0,0,[0|0|0],43100,-1,0,140,1.9,0.4,130,0,192,0,100,431400000,-1,10,0,0,-1,-1,0.4,-1,5400,0,0,7150,0,0,90000,90010,-1,80,40,40,40,0,-1,-1,-1,-1,-1,-1,30,3000,3001,3002,3003,3004,3005,3006,3007,3008,3009,6001,6000,0,1,1,1,1,1,1,1,1,1.5,-0.53846157,0,90,21,100,0,0,0,100,100,100,0,999,999,999,999,-1,-1,0,0,0,0,-1,4310,1,0,0,0,30,112,999,0,0,-1,10,0,11,0,0,48,3,40,110,110,0,0,2,0,0,0,0,0,0,0,0,0,0,22,7,0,0,0,0,0,0,0,0,0,0,0,0,0,0,0,0,0,0,1,0,0,0,0,0,0,0,0,0,0,0,0,1,0,0,1,0,0,1,0,0,0,0,0,0,0,0,1,0,0,1,1,0,0,0,0,0,0,1.9,0.4,0,0,0,0,0,0,0,0,0,100,1,0,1,144,109,139,144,139,144,90020,90030,90040,0,90060,90161,90200,5261,-1,0,0.4,1,0.9,1,1.1,1,0.8,1.2,1,40,0,0,-1,-1,128,-1,-1,100,30,999,0,0,-1,0,-1,13065,5815,-1,5800,-1,13285,13292,-1,-1,19402,-1,-1,-1,-1,0,2,0,0,0,1,1,1,0,0,-1,-1,0,0,0,0,0,0,-1,-1,4310,0,0,0,180,100,0.1,-1,-1,4310,-1,1.8,0,0,0,1,0,0,0,0,0,0,0,0,1,0,-1,-1,-1,-1,-1,-1,-1,-1,-1,0.1,0.4,-1,0,0,30,0.29,100,-1,-1,-1,6002,-1,0,0.5,0.6,0,-1,0,1,1,1,1,1,1,1,1,1,1,1,1,1,1,1,1,1,1,-1,0,-1,0,-1,-1,-1,-1,[0|0|0|0|0|0|0|0|0|0|0|0],
43140242,Radahn Soldier,0,0,[0|0|0],43100,-1,0,140,1.9,0.4,130,0,192,0,100,431400020,-1,10,0,0,-1,-1,0.4,-1,5400,0,0,7150,0,0,90000,90010,-1,80,40,40,40,0,-1,-1,-1,-1,-1,-1,30,3000,3001,3002,3003,3004,3005,3006,3007,3008,3009,6001,6000,0,1,1,1,1,1,1,1,1,1.5,-0.53846157,0,90,21,100,0,0,0,100,100,100,0,999,999,999,999,-1,-1,0,0,0,0,-1,4310,1,0,0,0,30,112,999,0,0,-1,10,0,11,0,0,48,3,40,110,110,0,0,2,0,0,0,0,0,0,0,0,0,0,22,7,0,0,0,0,0,0,0,0,0,0,0,0,0,0,0,0,0,0,1,0,0,0,0,0,0,0,0,0,0,0,0,1,0,0,1,0,0,1,0,0,0,0,0,0,0,0,1,0,0,1,1,0,0,0,1,0,0,1.9,0.4,0,0,0,0,0,0,0,0,0,100,1,0,1,144,109,139,144,139,144,90020,90030,90040,0,90060,90161,90200,5261,-1,0,0.4,1,0.9,1,1.1,1,0.8,1.2,1,40,0,0,-1,-1,128,-1,-1,100,30,999,0,0,-1,0,13053,13065,5815,-1,5800,-1,13285,13292,-1,-1,19402,-1,-1,-1,-1,0,2,0,0,0,1,1,1,0,0,-1,-1,0,0,0,0,0,0,-1,-1,4310,0,0,0,180,100,0.1,-1,-1,4310,-1,1.8,0,0,0,1,0,0,0,0,0,0,0,0,1,0,-1,-1,-1,-1,-1,-1,-1,-1,-1,0.1,0.4,-1,0,0,30,0.29,100,-1,-1,-1,6002,-1,0,0.5,0.6,0,-1,0,1,1,1,1,1,1,1,1,1,1,1,1,1,1,1,1,1,1,-1,0,-1,0,-1,-1,-1,-1,[0|0|0|0|0|0|0|0|0|0|0|0],
43140342,Radahn Soldier,0,0,[0|0|0],43100,-1,0,140,1.9,0.4,130,0,192,0,100,431400530,-1,10,0,0,-1,-1,0.4,-1,5400,0,0,7150,0,0,90000,90010,-1,80,40,40,40,0,-1,-1,-1,-1,-1,-1,30,3000,3001,3002,3003,3004,3005,3006,3007,3008,3009,6001,6000,0,1,1,1,1,1,1,1,1,1.5,-0.53846157,0,90,21,100,0,0,0,100,100,100,0,999,999,999,999,-1,-1,0,0,0,0,-1,4310,1,0,0,0,30,112,999,0,0,-1,10,0,11,0,0,48,3,40,110,110,0,0,2,0,0,0,0,0,0,0,0,0,0,22,7,0,0,0,0,0,0,0,0,0,0,0,0,0,0,0,0,0,0,1,0,0,0,0,0,0,0,0,0,0,0,0,1,0,0,1,0,0,1,0,0,0,0,0,0,0,0,1,0,0,1,1,0,0,0,0,0,0,1.9,0.4,0,0,0,0,0,0,0,0,0,100,1,0,1,144,109,139,144,139,144,90020,90030,90040,0,90060,90161,90200,5261,-1,0,0.4,1,0.9,1,1.1,1,0.8,1.2,1,40,0,0,-1,-1,128,-1,-1,100,30,999,0,0,-1,0,13054,13065,5815,-1,5800,-1,13285,13292,-1,-1,19402,-1,-1,-1,-1,0,2,0,0,0,1,1,1,0,0,-1,-1,0,0,0,0,0,0,-1,-1,4310,0,0,0,180,100,0.1,-1,-1,4310,-1,1.8,0,0,0,1,0,0,0,0,0,0,0,0,1,0,-1,-1,-1,-1,-1,-1,-1,-1,-1,0.1,0.4,-1,0,0,30,0.29,100,-1,-1,-1,6002,-1,0,0.5,0.6,0,-1,0,1,1,1,1,1,1,1,1,1,1,1,1,1,1,1,1,1,1,-1,0,-1,0,-1,-1,-1,-1,[0|0|0|0|0|0|0|0|0|0|0|0],
43140440,Radahn Soldier,0,0,[0|0|0],43100,1002,0,140,1.9,0.4,130,0,192,0,100,-1,-1,10,0,0,-1,-1,0.4,-1,5400,0,0,7070,0,0,0,0,-1,80,40,40,40,0,-1,-1,-1,-1,-1,-1,30,3000,3001,3002,3003,3004,3005,3006,3007,3008,3009,6001,6000,0,1,1,1,1,1,1,1,1,1.5,-0.53846157,0,90,21,100,0,0,0,100,100,100,0,112,112,112,999,-1,-1,0,0,0,0,-1,4310,0,0,0,0,30,112,999,0,0,-1,10,0,11,0,0,28,3,40,110,110,0,0,2,0,0,0,0,0,0,0,0,0,0,22,7,0,0,0,0,0,0,0,0,0,0,0,0,0,0,0,0,0,0,1,0,0,0,0,0,0,0,0,0,0,0,0,1,0,0,1,0,0,1,0,0,0,0,0,0,0,0,1,0,0,1,1,0,0,0,0,0,0,1.9,0.4,0,0,0,0,0,0,0,0,0,100,1,0,1,144,109,139,144,139,144,0,90030,0,0,90060,90161,90200,5261,-1,0,0.4,1,0.9,1,1.1,1,0.8,1.2,1,40,0,0,-1,-1,128,2002,-1,100,30,112,0,0,-1,0,13054,13065,5815,-1,5800,-1,13285,13292,-1,-1,19402,-1,-1,-1,-1,0,2,0,0,0,1,1,1,0,0,-1,-1,0,0,0,0,0,0,-1,-1,4310,0,0,0,180,100,0.1,-1,-1,4310,-1,1.8,0,0,0,1,0,0,0,0,0,0,0,0,1,0,-1,-1,-1,-1,-1,-1,-1,-1,-1,0.1,0.4,-1,0,0,30,0.29,100,3002,-1,5002,6002,-1,0,0.5,0.6,0,-1,0,1,1,1,1,1,1,1,1,1,1,1,1,1,1,1,1,1,1,-1,0,-1,0,-1,-1,-1,-1,[0|0|0|0|0|0|0|0|0|0|0|0],
43140542,Radahn Soldier,0,0,[0|0|0],43100,-1,0,140,1.9,0.4,130,0,192,0,100,-1,-1,10,0,0,-1,-1,0.4,-1,5400,0,0,7150,0,0,90000,90010,-1,80,40,40,40,0,-1,-1,-1,-1,-1,-1,30,3000,3001,3002,3003,3004,3005,3006,3007,3008,3009,6001,6000,0,1,1,1,1,1,1,1,1,1.5,-0.53846157,0,90,21,100,0,0,0,100,100,100,0,999,999,999,999,-1,-1,0,0,0,0,-1,4310,1,0,0,0,30,999,999,0,0,-1,10,0,11,0,0,48,3,40,143,143,0,0,2,0,0,0,0,0,0,0,0,0,0,22,7,0,0,0,0,0,0,0,0,0,0,0,0,0,0,0,0,0,0,1,0,0,0,0,0,0,0,0,0,0,0,0,1,0,0,1,0,0,1,0,0,0,0,0,0,0,0,1,0,0,1,1,0,0,0,0,0,0,1.9,0.4,0,0,0,0,0,0,0,0,0,100,1,0,1,144,142,139,144,139,144,90020,90030,90040,90300,90060,90161,90200,5261,-1,0,0.4,1,0.9,1,1.1,1,0.8,1.2,1,40,0,0,-1,-1,128,-1,-1,100,30,999,0,0,-1,0,-1,13065,5815,-1,5800,-1,13285,13293,4300,13284,19402,-1,-1,-1,-1,0,2,0,0,0,1,1,1,0,0,-1,-1,0,0,0,0,0,0,-1,-1,4310,0,0,0,180,100,0.1,-1,-1,4310,-1,1.8,0,0,0,1,0,0,0,0,0,0,0,0,1,0,-1,-1,-1,-1,-1,-1,-1,-1,-1,0.1,0.4,-1,0,0,30,0.29,100,-1,-1,-1,-1,-1,0,0.5,0.6,0,-1,0,1,1,1,1,1,1,1,1,1,1,1,1,1,1,1,1,1,1,-1,0,-1,0,-1,-1,-1,-1,[0|0|0|0|0|0|0|0|0|0|0|0],
43140642,Radahn Soldier,0,0,[0|0|0],43100,-1,0,140,1.9,0.4,130,0,192,0,100,-1,-1,10,0,0,-1,-1,0.4,-1,5400,0,0,7150,0,0,90000,90010,-1,80,40,40,40,0,-1,-1,-1,-1,-1,-1,30,3000,3001,3002,3003,3004,3005,3006,3007,3008,3009,6001,6000,0,1,1,1,1,1,1,1,1,1.5,-0.53846157,0,90,21,100,0,0,0,100,100,100,0,999,999,999,999,-1,-1,0,0,0,0,-1,4310,1,0,0,0,30,999,999,0,0,-1,10,0,11,0,0,48,3,40,143,143,0,0,2,0,0,0,0,0,0,0,0,0,0,22,7,0,0,0,0,0,0,0,0,0,0,0,0,0,0,0,0,0,0,1,0,0,0,0,0,0,0,0,0,0,0,0,1,0,0,1,0,0,1,0,0,0,0,0,0,0,0,1,0,0,1,1,0,0,0,0,0,0,1.9,0.4,0,0,0,0,0,0,0,0,0,100,1,0,1,144,142,139,144,139,144,90020,90030,90040,90300,90060,90161,90200,5261,-1,0,0.4,1,0.9,1,1.1,1,0.8,1.2,1,40,0,0,-1,-1,128,-1,-1,100,30,999,0,0,-1,0,-1,13065,5815,-1,5800,-1,13285,13293,4300,13284,19402,-1,-1,-1,-1,0,2,0,0,0,1,1,1,0,0,-1,-1,0,0,0,0,0,0,-1,-1,4310,0,0,0,180,100,0.1,-1,-1,4310,-1,1.8,0,0,0,1,0,0,0,0,0,0,0,0,1,0,-1,-1,-1,-1,-1,-1,-1,-1,-1,0.1,0.4,-1,0,0,30,0.29,100,-1,-1,-1,-1,-1,0,0.5,0.6,0,-1,0,1,1,1,1,1,1,1,1,1,1,1,1,1,1,1,1,1,1,-1,0,-1,0,-1,-1,-1,-1,[0|0|0|0|0|0|0|0|0|0|0|0],
43141042,Radahn Soldier,0,0,[0|0|0],43100,-1,0,140,1.9,0.4,130,0,192,0,100,431400100,-1,10,0,0,-1,-1,0.4,-1,5401,0,0,7150,0,0,90000,90010,-1,80,40,40,40,0,-1,-1,-1,-1,-1,-1,30,3000,3001,3002,3003,3004,3005,3006,3007,3008,3009,6001,6000,0,1,1,1,1,1,1,1,1,1.5,-0.53846157,0,90,21,100,0,0,0,100,100,100,0,999,999,999,999,-1,-1,0,0,0,0,-1,4310,1,0,0,0,30,112,999,0,0,-1,10,0,11,0,0,48,3,40,110,110,0,0,2,0,0,0,0,0,0,0,0,0,0,22,7,0,0,0,0,0,0,0,0,0,0,0,0,0,0,0,0,0,0,1,0,0,0,0,0,0,0,0,0,0,0,0,1,0,0,1,0,0,1,0,0,0,0,0,0,0,0,1,0,0,0,0,0,0,1,0,0,0,1.9,0.4,0,0,0,0,0,0,0,0,0,100,1,0,1,144,109,139,144,139,144,90020,90030,90040,0,90060,90161,90200,5261,-1,0,0.4,1,0.9,1,1.1,1,0.8,1.2,1,40,0,0,-1,-1,128,-1,-1,100,30,999,0,0,-1,0,-1,13065,5815,13069,5800,-1,13285,13292,-1,-1,19402,-1,-1,-1,-1,0,2,0,0,0,1,1,1,0,0,-1,-1,0,0,0,0,0,0,-1,-1,4310,0,0,0,180,100,0.1,-1,-1,4310,-1,1.8,0,0,0,1,0,0,0,0,0,0,0,0,1,0,-1,-1,-1,-1,-1,-1,-1,-1,-1,0.1,0.4,-1,0,0,30,0.29,100,-1,-1,-1,6002,-1,0,0.5,0.6,0,-1,0,1,1,1,1,1,1,1,1,1,1,1,1,1,1,1,1,1,1,-1,0,-1,0,-1,-1,-1,-1,[0|0|0|0|0|0|0|0|0|0|0|0],
43141340,Radahn Soldier,0,0,[0|0|0],43100,1002,0,140,1.9,0.4,130,0,192,0,100,431400120,-1,10,0,0,-1,-1,0.4,-1,5401,0,0,7070,0,0,0,0,-1,80,40,40,40,0,-1,-1,-1,-1,-1,-1,30,3000,3001,3002,3003,3004,3005,3006,3007,3008,3009,6001,6000,0,1,1,1,1,1,1,1,1,1.5,-0.53846157,0,90,21,100,0,0,0,100,100,100,0,112,112,112,999,-1,-1,0,0,0,0,-1,4310,0,0,0,0,30,112,999,0,0,-1,10,0,11,0,0,48,3,40,110,110,0,0,2,0,0,0,0,0,0,0,0,0,0,22,7,0,0,0,0,0,0,0,0,0,0,0,0,0,0,0,0,0,0,1,0,0,0,0,0,0,0,0,0,0,0,0,1,0,0,1,0,0,1,0,0,0,0,0,0,0,0,1,0,0,0,0,0,0,1,0,0,0,1.9,0.4,0,0,0,0,0,0,0,0,0,100,1,0,1,144,109,139,144,139,144,0,90030,0,0,90060,90161,90200,5261,-1,0,0.4,1,0.9,1,1.1,1,0.8,1.2,1,40,0,0,-1,-1,128,2002,-1,100,30,112,0,0,-1,0,13054,13065,5815,13069,5800,-1,13285,13292,-1,-1,19402,-1,-1,-1,-1,0,2,0,0,0,1,1,1,0,0,-1,-1,0,0,0,0,0,0,-1,-1,4310,0,0,0,180,100,0.1,-1,-1,4310,-1,1.8,0,0,0,1,0,0,0,0,0,0,0,0,1,0,-1,-1,-1,-1,-1,-1,-1,-1,-1,0.1,0.4,-1,0,0,30,0.29,100,3002,-1,5002,6002,-1,0,0.5,0.6,0,-1,0,1,1,1,1,1,1,1,1,1,1,1,1,1,1,1,1,1,1,-1,0,-1,0,-1,-1,-1,-1,[0|0|0|0|0|0|0|0|0|0|0|0],
43141342,Radahn Soldier,0,0,[0|0|0],43100,-1,0,140,1.9,0.4,130,0,192,0,100,431400120,-1,10,0,0,-1,-1,0.4,-1,5401,0,0,7150,0,0,90000,90010,-1,80,40,40,40,0,-1,-1,-1,-1,-1,-1,30,3000,3001,3002,3003,3004,3005,3006,3007,3008,3009,6001,6000,0,1,1,1,1,1,1,1,1,1.5,-0.53846157,0,90,21,100,0,0,0,100,100,100,0,999,999,999,999,-1,-1,0,0,0,0,-1,4310,1,0,0,0,30,112,999,0,0,-1,10,0,11,0,0,48,3,40,110,110,0,0,2,0,0,0,0,0,0,0,0,0,0,22,7,0,0,0,0,0,0,0,0,0,0,0,0,0,0,0,0,0,0,1,0,0,0,0,0,0,0,0,0,0,0,0,1,0,0,1,0,0,1,0,0,0,0,0,0,0,0,1,0,0,0,0,0,0,1,0,0,0,1.9,0.4,0,0,0,0,0,0,0,0,0,100,1,0,1,144,109,139,144,139,144,90020,90030,90040,0,90060,90161,90200,5261,-1,0,0.4,1,0.9,1,1.1,1,0.8,1.2,1,40,0,0,-1,-1,128,-1,-1,100,30,999,0,0,-1,0,13054,13065,5815,13069,5800,-1,13285,13292,-1,-1,19402,-1,-1,-1,-1,0,2,0,0,0,1,1,1,0,0,-1,-1,0,0,0,0,0,0,-1,-1,4310,0,0,0,180,100,0.1,-1,-1,4310,-1,1.8,0,0,0,1,0,0,0,0,0,0,0,0,1,0,-1,-1,-1,-1,-1,-1,-1,-1,-1,0.1,0.4,-1,0,0,30,0.29,100,-1,-1,-1,6002,-1,0,0.5,0.6,0,-1,0,1,1,1,1,1,1,1,1,1,1,1,1,1,1,1,1,1,1,-1,0,-1,0,-1,-1,-1,-1,[0|0|0|0|0|0|0|0|0|0|0|0],
43141442,Radahn Soldier,0,0,[0|0|0],43100,-1,0,140,1.9,0.4,130,0,192,0,100,-1,-1,10,0,0,-1,-1,0.4,-1,5401,0,0,7150,0,0,90000,90010,-1,80,40,40,40,0,-1,-1,-1,-1,-1,-1,30,3000,3001,3002,3003,3004,3005,3006,3007,3008,3009,6001,6000,0,1,1,1,1,1,1,1,1,1.5,-0.53846157,0,90,21,100,0,0,0,100,100,100,0,999,999,999,999,-1,-1,0,0,0,0,-1,4310,1,0,0,0,30,999,999,0,0,-1,10,0,11,0,0,48,3,40,143,143,0,0,2,0,0,0,0,0,0,0,0,0,0,22,7,0,0,0,0,0,0,0,0,0,0,0,0,0,0,0,0,0,0,1,0,0,0,0,0,0,0,0,0,0,0,0,1,0,0,1,0,0,1,0,0,0,0,0,0,0,0,1,0,0,0,0,0,0,1,0,0,0,1.9,0.4,0,0,0,0,0,0,0,0,0,100,1,0,1,144,142,139,144,139,144,90020,90030,90040,90300,90060,90161,90200,5261,-1,0,0.4,1,0.9,1,1.1,1,0.8,1.2,1,40,0,0,-1,-1,128,-1,-1,100,30,999,0,0,-1,0,-1,13065,5815,13069,5800,-1,13285,13293,4300,13284,19402,-1,-1,-1,-1,0,2,0,0,0,1,1,1,0,0,-1,-1,0,0,0,0,0,0,-1,-1,4310,0,0,0,180,100,0.1,-1,-1,4310,-1,1.8,0,0,0,1,0,0,0,0,0,0,0,0,1,0,-1,-1,-1,-1,-1,-1,-1,-1,-1,0.1,0.4,-1,0,0,30,0.29,100,-1,-1,-1,-1,-1,0,0.5,0.6,0,-1,0,1,1,1,1,1,1,1,1,1,1,1,1,1,1,1,1,1,1,-1,0,-1,0,-1,-1,-1,-1,[0|0|0|0|0|0|0|0|0|0|0|0],
43142042,Radahn Soldier,0,0,[0|0|0],43100,-1,0,140,1.9,0.4,130,0,192,0,100,431400200,-1,10,0,0,-1,-1,0.4,-1,5402,0,0,7150,0,0,90000,90010,-1,80,40,40,40,0,-1,-1,-1,-1,-1,-1,30,3000,3001,3002,3003,3004,3005,3006,3007,3008,3009,6001,6000,0,1,1,1,1,1,1,1,1,1.5,-0.53846157,0,90,21,100,0,0,0,100,100,100,0,999,999,999,999,-1,-1,0,0,0,0,-1,4310,1,0,0,0,30,112,999,0,0,-1,10,0,11,0,0,48,3,40,110,110,0,0,2,0,0,0,0,0,0,0,0,0,0,22,7,0,0,0,0,0,0,0,0,0,0,0,0,0,0,0,0,0,0,0,0,0,0,0,0,0,0,0,0,0,0,0,1,0,0,1,0,0,1,0,0,0,0,0,0,0,0,1,0,0,0,0,1,1,0,0,0,0,1.9,0.4,0,0,0,0,0,0,0,0,0,100,1,0,1,144,109,139,144,139,144,90020,90030,90040,0,90060,90161,90200,5261,-1,0,0.4,1,0.9,1,1.1,1,0.8,1.2,1,40,0,0,-1,-1,128,-1,-1,100,30,999,0,0,-1,0,-1,13065,5815,-1,5800,-1,13285,13292,-1,-1,19402,-1,-1,-1,-1,0,2,0,0,0,1,1,1,0,0,-1,-1,0,0,0,0,0,0,-1,-1,4310,0,0,0,180,100,0.1,-1,-1,4310,-1,1.8,0,0,0,1,0,0,0,0,0,0,0,0,1,0,-1,-1,-1,-1,-1,-1,-1,-1,-1,0.1,0.4,-1,0,0,30,0.29,100,-1,-1,-1,6002,-1,0,0.5,0.6,0,-1,0,1,1,1,1,1,1,1,1,1,1,1,1,1,1,1,1,1,1,-1,0,-1,0,-1,-1,-1,-1,[0|0|0|0|0|0|0|0|0|0|0|0],
43142142,Radahn Soldier,0,0,[0|0|0],43100,-1,0,140,1.9,0.4,130,0,192,0,100,-1,-1,10,0,0,-1,-1,0.4,-1,5402,0,0,7150,0,0,90000,90010,-1,80,40,40,40,0,-1,-1,-1,-1,-1,-1,30,3000,3001,3002,3003,3004,3005,3006,3007,3008,3009,6001,6000,0,1,1,1,1,1,1,1,1,1.5,-0.53846157,0,90,21,100,0,0,0,100,100,100,0,999,999,999,999,-1,-1,0,0,0,0,-1,4310,1,0,0,0,30,999,999,0,0,-1,10,0,11,0,0,48,3,40,143,143,0,0,2,0,0,0,0,0,0,0,0,0,0,22,7,0,0,0,0,0,0,0,0,0,0,0,0,0,0,0,0,0,0,0,0,0,0,0,0,0,0,0,0,0,0,0,1,0,0,1,0,0,1,0,0,0,0,0,0,0,0,1,0,0,0,0,1,1,0,0,0,0,1.9,0.4,0,0,0,0,0,0,0,0,0,100,1,0,1,144,142,139,144,139,144,90020,90030,90040,90300,90060,90161,90200,5261,-1,0,0.4,1,0.9,1,1.1,1,0.8,1.2,1,40,0,0,-1,-1,128,-1,-1,100,30,999,0,0,-1,0,-1,13065,5815,-1,5800,-1,13285,13293,4300,13284,19402,-1,-1,-1,-1,0,2,0,0,0,1,1,1,0,0,-1,-1,0,0,0,0,0,0,-1,-1,4310,0,0,0,180,100,0.1,-1,-1,4310,-1,1.8,0,0,0,1,0,0,0,0,0,0,0,0,1,0,-1,-1,-1,-1,-1,-1,-1,-1,-1,0.1,0.4,-1,0,0,30,0.29,100,-1,-1,-1,-1,-1,0,0.5,0.6,0,-1,0,1,1,1,1,1,1,1,1,1,1,1,1,1,1,1,1,1,1,-1,0,-1,0,-1,-1,-1,-1,[0|0|0|0|0|0|0|0|0|0|0|0],
43142242,Radahn Soldier,0,0,[0|0|0],43100,1002,0,140,1.9,0.4,130,0,192,0,100,431400200,-1,10,0,0,-1,-1,0.4,-1,5402,0,0,7150,0,0,0,0,-1,80,40,40,40,0,-1,-1,-1,-1,-1,-1,30,3000,3001,3002,3003,3004,3005,3006,3007,3008,3009,6001,6000,0,1,1,1,1,1,1,1,1,1.5,-0.53846157,0,90,21,100,0,0,0,100,100,100,0,112,112,112,999,-1,-1,0,0,0,0,-1,4310,0,0,0,0,30,112,999,0,0,-1,10,0,11,0,0,6,3,40,110,110,0,0,2,0,0,0,0,0,0,0,0,0,0,22,7,0,0,0,0,0,0,0,0,0,0,0,0,0,0,0,0,0,0,0,0,0,0,0,0,0,0,0,0,0,0,0,1,0,0,1,0,0,1,0,0,0,0,0,0,0,0,1,0,0,0,0,1,1,0,0,0,0,1.9,0.4,0,0,0,0,0,0,0,0,0,100,1,0,1,144,109,139,144,139,144,0,90030,0,0,90060,90161,90200,5261,-1,0,0.4,1,0.9,1,1.1,1,0.8,1.2,1,40,0,0,-1,-1,128,2002,-1,100,30,112,0,0,-1,0,-1,13065,5815,-1,5800,-1,13285,13292,-1,-1,19402,-1,-1,-1,-1,0,2,0,0,0,1,1,1,0,0,-1,-1,0,0,0,0,0,0,-1,-1,4310,0,0,0,180,100,0.1,-1,-1,4310,-1,1.8,0,0,0,1,0,0,0,0,0,0,0,0,1,0,-1,-1,-1,-1,-1,-1,-1,-1,-1,0.1,0.4,-1,0,0,30,0.29,100,3002,-1,5002,6002,-1,0,0.5,0.6,0,-1,0,1,1,1,1,1,1,1,1,1,1,1,1,1,1,1,1,1,1,-1,0,-1,0,-1,-1,-1,-1,[0|0|0|0|0|0|0|0|0|0|0|0],
43143042,Radahn Soldier,0,0,[0|0|0],43100,-1,0,140,1.9,0.4,130,0,192,0,100,431400300,-1,10,0,0,-1,-1,0.4,-1,5404,0,0,7150,0,0,90000,90010,-1,80,40,40,40,0,-1,-1,-1,-1,-1,-1,30,3000,3001,3002,3003,3004,3005,3006,3007,3008,3009,6001,6000,0,1,1,1,1,1,1,1,1,1.5,-0.53846157,0,90,21,100,0,0,0,100,100,100,0,999,999,999,999,-1,-1,0,0,0,0,-1,4310,1,0,0,0,55,112,999,0,0,-1,10,0,11,0,0,48,3,40,110,110,0,0,2,0,0,0,0,0,0,0,0,0,0,22,7,0,0,0,0,0,0,0,0,0,0,0,0,1,0,0,0,0,0,0,1,0,0,0,0,0,0,0,0,0,0,0,1,0,0,1,0,0,1,0,0,0,0,0,0,0,0,1,0,0,0,0,0,0,0,0,0,0,1.9,0.4,0,0,0,0,0,0,0,0,0,100,1,0,1,144,109,139,144,139,144,90020,90030,90040,0,90060,90161,90200,5261,-1,0,0.4,1,0.9,1,1.1,1,0.8,1.2,1,40,0,0,-1,-1,128,-1,-1,100,30,999,0,0,-1,0,-1,-1,5815,-1,5800,-1,13285,13292,-1,-1,19402,-1,-1,-1,-1,0,2,0,0,0,1,1,1,0,0,-1,-1,0,0,0,0,0,0,-1,-1,4310,0,0,0,180,100,0.1,-1,-1,4310,-1,1.8,0,0,0,1,0,0,0,0,0,0,0,0,1,0,-1,-1,-1,-1,-1,-1,-1,-1,-1,0.1,0.4,-1,0,0,30,0.29,100,-1,-1,-1,6002,-1,0,0.5,0.6,0,-1,0,1,1,1,1,1,1,1,1,1,1,1,1,1,1,1,1,1,1,-1,0,-1,0,-1,-1,-1,-1,[0|0|0|0|0|0|0|0|0|0|0|0],
43143142,Radahn Soldier,0,0,[0|0|0],43100,-1,0,140,1.9,0.4,130,0,192,0,100,-1,-1,10,0,0,-1,-1,0.4,-1,5404,0,0,7150,0,0,90000,90010,-1,80,40,40,40,0,-1,-1,-1,-1,-1,-1,30,3000,3001,3002,3003,3004,3005,3006,3007,3008,3009,6001,6000,0,1,1,1,1,1,1,1,1,1.5,-0.53846157,0,90,21,100,0,0,0,100,100,100,0,999,999,999,999,-1,-1,0,0,0,0,-1,4310,1,0,0,0,55,999,999,0,0,-1,10,0,11,0,0,48,3,40,143,143,0,0,2,0,0,0,0,0,0,0,0,0,0,22,7,0,0,0,0,0,0,0,0,0,0,0,0,1,0,0,0,0,0,0,1,0,0,0,0,0,0,0,0,0,0,0,1,0,0,1,0,0,1,0,0,0,0,0,0,0,0,1,0,0,0,0,0,0,0,0,0,0,1.9,0.4,0,0,0,0,0,0,0,0,0,100,1,0,1,144,142,139,144,139,144,90020,90030,90040,90300,90060,90161,90200,5261,-1,0,0.4,1,0.9,1,1.1,1,0.8,1.2,1,40,0,0,-1,-1,128,-1,-1,100,30,999,0,0,-1,0,-1,-1,5815,-1,5800,-1,13285,13293,4300,13284,19402,-1,-1,-1,-1,0,2,0,0,0,1,1,1,0,0,-1,-1,0,0,0,0,0,0,-1,-1,4310,0,0,0,180,100,0.1,-1,-1,4310,-1,1.8,0,0,0,1,0,0,0,0,0,0,0,0,1,0,-1,-1,-1,-1,-1,-1,-1,-1,-1,0.1,0.4,-1,0,0,30,0.29,100,-1,-1,-1,-1,-1,0,0.5,0.6,0,-1,0,1,1,1,1,1,1,1,1,1,1,1,1,1,1,1,1,1,1,-1,0,-1,0,-1,-1,-1,-1,[0|0|0|0|0|0|0|0|0|0|0|0],
43143242,Radahn Soldier,0,0,[0|0|0],43100,1002,0,140,1.9,0.4,130,0,192,0,100,431400300,-1,10,0,0,-1,-1,0.4,-1,5404,0,0,7150,0,0,0,0,-1,80,40,40,40,0,-1,-1,-1,-1,-1,-1,30,3000,3001,3002,3003,3004,3005,3006,3007,3008,3009,6001,6000,0,1,1,1,1,1,1,1,1,1.5,-0.53846157,0,90,21,100,0,0,0,100,100,100,0,112,112,112,999,-1,-1,0,0,0,0,-1,4310,0,0,0,0,55,112,999,0,0,-1,10,0,11,0,0,6,3,40,110,110,0,0,2,0,0,0,0,0,0,0,0,0,0,22,7,0,0,0,0,0,0,0,0,0,0,0,0,1,0,0,0,0,0,0,1,0,0,0,0,0,0,0,0,0,0,0,1,0,0,1,0,0,1,0,0,0,0,0,0,0,0,1,0,0,0,0,0,0,0,0,0,0,1.9,0.4,0,0,0,0,0,0,0,0,0,100,1,0,1,144,109,139,144,139,144,0,90030,0,0,90060,90161,90200,5261,-1,0,0.4,1,0.9,1,1.1,1,0.8,1.2,1,40,0,0,-1,-1,128,2002,-1,100,30,112,0,0,-1,0,-1,-1,5815,-1,5800,-1,13285,13292,-1,-1,19402,-1,-1,-1,-1,0,2,0,0,0,1,1,1,0,0,-1,-1,0,0,0,0,0,0,-1,-1,4310,0,0,0,180,100,0.1,-1,-1,4310,-1,1.8,0,0,0,1,0,0,0,0,0,0,0,0,1,0,-1,-1,-1,-1,-1,-1,-1,-1,-1,0.1,0.4,-1,0,0,30,0.29,100,3002,-1,5002,6002,-1,0,0.5,0.6,0,-1,0,1,1,1,1,1,1,1,1,1,1,1,1,1,1,1,1,1,1,-1,0,-1,0,-1,-1,-1,-1,[0|0|0|0|0|0|0|0|0|0|0|0],
43150052,Mausoleum Soldier,0,0,[0|0|0],43100,-1,0,140,1.9,0.4,130,0,192,0,100,431552000,-1,10,0,0,-1,-1,0.4,-1,5400,0,0,7160,0,0,90000,90010,-1,80,40,40,40,0,-1,-1,-1,-1,-1,-1,30,3000,3001,3002,3003,3004,3005,3006,3007,3008,3009,6001,6000,0,1,1,1,1,1,1,1,1,1.5,-0.53846157,0,90,21,100,0,0,0,100,100,100,0,999,999,999,999,-1,-1,0,0,0,0,-1,4310,1,0,0,0,30,999,999,0,0,-1,10,0,11,0,0,6,3,40,139,139,0,0,2,0,0,0,0,0,0,0,0,0,0,22,7,0,0,0,0,0,0,0,0,0,0,0,0,0,0,0,0,0,0,1,0,0,0,0,0,0,0,0,0,0,0,0,1,0,0,1,0,0,1,0,0,0,0,0,0,0,0,1,0,0,1,1,0,0,0,0,0,0,1.9,0.4,0,0,0,0,0,0,0,0,0,100,1,0,1,144,142,139,139,139,144,90020,90030,90040,90300,90060,90100,0,-1,-1,0,0.4,1,0.9,1,1.1,1,1,1.2,1.2,40,0,0,-1,-1,128,-1,-1,100,30,999,0,0,-1,0,-1,13065,5815,-1,5800,-1,13282,13293,4300,13284,19401,-1,-1,-1,-1,0,2,0,0,0,1,1,1,0,0,-1,-1,0,0,0,0,0,0,-1,-1,4310,0,0,0,180,100,0.1,-1,-1,4310,-1,1.8,0,0,0,1,0,0,0,0,0,0,0,0,1,0,-1,-1,-1,-1,-1,-1,-1,-1,-1,0.1,0.4,-1,0,0,30,0.29,100,-1,-1,-1,-1,-1,0,0.5,0.6,0,-1,0,1,1,1,1,1,1,1,1,1,1,1,1,1,1,1,1,1,1,-1,0,-1,0,-1,-1,-1,-1,[0|0|0|0|0|0|0|0|0|0|0|0],
43150266,Mausoleum Soldier,0,0,[0|0|0],43100,-1,0,140,1.9,0.4,130,0,192,0,100,431566000,-1,10,0,0,-1,-1,0.4,-1,5400,0,0,7110,0,0,90000,90010,-1,80,40,40,40,0,-1,-1,-1,-1,-1,-1,30,3000,3001,3002,3003,3004,3005,3006,3007,3008,3009,6001,6000,0,1,1,1,1,1,1,1,1,1.5,-0.53846157,0,90,21,100,0,0,0,100,100,100,0,999,999,999,999,-1,-1,0,0,0,0,-1,4310,1,0,0,0,30,999,999,0,0,-1,10,0,11,0,0,6,3,40,139,139,0,0,2,0,0,0,0,0,0,0,0,0,0,22,7,0,0,0,0,0,0,0,0,0,0,0,0,0,0,0,0,0,0,1,0,0,0,0,0,0,0,0,0,0,0,0,1,0,0,1,0,0,1,0,0,0,0,0,0,0,0,1,0,0,1,1,0,0,0,1,0,0,1.9,0.4,0,0,0,0,0,0,0,0,0,100,1,0,1,144,142,139,139,139,144,90020,90030,90040,90300,90060,90100,0,-1,-1,0,0.4,1,0.9,1,1.1,1,1,1.2,1.2,40,0,0,-1,-1,128,-1,-1,100,30,999,0,0,-1,0,13053,13065,5815,-1,5800,-1,13282,13293,4300,13284,19401,-1,-1,-1,-1,0,2,0,0,0,1,1,1,0,0,-1,-1,0,0,0,0,0,0,-1,-1,4310,0,0,0,180,100,0.1,-1,-1,4310,-1,1.8,0,0,0,1,0,0,0,0,0,0,0,0,1,0,-1,-1,-1,-1,-1,-1,-1,-1,-1,0.1,0.4,-1,0,0,30,0.29,100,-1,-1,-1,-1,-1,0,0.5,0.6,0,-1,0,1,1,1,1,1,1,1,1,1,1,1,1,1,1,1,1,1,1,-1,0,-1,0,-1,-1,-1,-1,[0|0|0|0|0|0|0|0|0|0|0|0],
43151052,Mausoleum Soldier,0,0,[0|0|0],43100,-1,0,140,1.9,0.4,130,0,192,0,100,431552100,-1,10,0,0,-1,-1,0.4,-1,5401,0,0,7160,0,0,90000,90010,-1,80,40,40,40,0,-1,-1,-1,-1,-1,-1,30,3000,3001,3002,3003,3004,3005,3006,3007,3008,3009,6001,6000,0,1,1,1,1,1,1,1,1,1.5,-0.53846157,0,90,21,100,0,0,0,100,100,100,0,999,999,999,999,-1,-1,0,0,0,0,-1,4310,1,0,0,0,30,999,999,0,0,-1,10,0,11,0,0,6,3,40,139,139,0,0,2,0,0,0,0,0,0,0,0,0,0,22,7,0,0,0,0,0,0,0,0,0,0,0,0,0,0,0,0,0,0,1,0,0,0,0,0,0,0,0,0,0,0,0,1,0,0,1,0,0,1,0,0,0,0,0,0,0,0,1,0,0,0,0,0,0,1,0,0,0,1.9,0.4,0,0,0,0,0,0,0,0,0,100,1,0,1,144,142,139,139,139,144,90020,90030,90040,90300,90060,90100,0,-1,-1,0,0.4,1,0.9,1,1.1,1,1,1.2,1.2,40,0,0,-1,-1,128,-1,-1,100,30,999,0,0,-1,0,-1,13065,5815,13069,5800,-1,13282,13293,4300,13284,19401,-1,-1,-1,-1,0,2,0,0,0,1,1,1,0,0,-1,-1,0,0,0,0,0,0,-1,-1,4310,0,0,0,180,100,0.1,-1,-1,4310,-1,1.8,0,0,0,1,0,0,0,0,0,0,0,0,1,0,-1,-1,-1,-1,-1,-1,-1,-1,-1,0.1,0.4,-1,0,0,30,0.29,100,-1,-1,-1,-1,-1,0,0.5,0.6,0,-1,0,1,1,1,1,1,1,1,1,1,1,1,1,1,1,1,1,1,1,-1,0,-1,0,-1,-1,-1,-1,[0|0|0|0|0|0|0|0|0|0|0|0],
43151266,Mausoleum Soldier,0,0,[0|0|0],43100,-1,0,140,1.9,0.4,130,0,192,0,100,431566100,-1,10,0,0,-1,-1,0.4,-1,5401,0,0,7110,0,0,90000,90010,-1,80,40,40,40,0,-1,-1,-1,-1,-1,-1,30,3000,3001,3002,3003,3004,3005,3006,3007,3008,3009,6001,6000,0,1,1,1,1,1,1,1,1,1.5,-0.53846157,0,90,21,100,0,0,0,100,100,100,0,999,999,999,999,-1,-1,0,0,0,0,-1,4310,1,0,0,0,30,999,999,0,0,-1,10,0,11,0,0,6,3,40,139,139,0,0,2,0,0,0,0,0,0,0,0,0,0,22,7,0,0,0,0,0,0,0,0,0,0,0,0,0,0,0,0,0,0,1,0,0,0,0,0,0,0,0,0,0,0,0,1,0,0,1,0,0,1,0,0,0,0,0,0,0,0,1,0,0,0,0,0,0,1,1,0,0,1.9,0.4,0,0,0,0,0,0,0,0,0,100,1,0,1,144,142,139,139,139,144,90020,90030,90040,90300,90060,90100,0,-1,-1,0,0.4,1,0.9,1,1.1,1,1,1.2,1.2,40,0,0,-1,-1,128,-1,-1,100,30,999,0,0,-1,0,13053,13065,5815,13069,5800,-1,13282,13293,4300,13284,19401,-1,-1,-1,-1,0,2,0,0,0,1,1,1,0,0,-1,-1,0,0,0,0,0,0,-1,-1,4310,0,0,0,180,100,0.1,-1,-1,4310,-1,1.8,0,0,0,1,0,0,0,0,0,0,0,0,1,0,-1,-1,-1,-1,-1,-1,-1,-1,-1,0.1,0.4,-1,0,0,30,0.29,100,-1,-1,-1,-1,-1,0,0.5,0.6,0,-1,0,1,1,1,1,1,1,1,1,1,1,1,1,1,1,1,1,1,1,-1,0,-1,0,-1,-1,-1,-1,[0|0|0|0|0|0|0|0|0|0|0|0],
43152052,Mausoleum Soldier,0,0,[0|0|0],43100,-1,0,140,1.9,0.4,130,0,192,0,100,431552200,-1,10,0,0,-1,-1,0.4,-1,5402,0,0,7160,0,0,90000,90010,-1,80,40,40,40,0,-1,-1,-1,-1,-1,-1,30,3000,3001,3002,3003,3004,3005,3006,3007,3008,3009,6001,6000,0,1,1,1,1,1,1,1,1,1.5,-0.53846157,0,90,21,100,0,0,0,100,100,100,0,999,999,999,999,-1,-1,0,0,0,0,-1,4310,1,0,0,0,30,999,999,0,0,-1,10,0,11,0,0,6,3,40,139,139,0,0,2,0,0,0,0,0,0,0,0,0,0,22,7,0,0,0,0,0,0,0,0,0,0,0,0,0,0,0,0,0,0,0,0,0,0,0,0,0,0,0,0,0,0,0,1,0,0,1,0,0,1,0,0,0,0,0,0,0,0,1,0,0,0,0,1,1,0,0,0,0,1.9,0.4,0,0,0,0,0,0,0,0,0,100,1,0,1,144,142,139,139,139,144,90020,90030,90040,90300,90060,90100,0,-1,-1,0,0.4,1,0.9,1,1.1,1,1,1.2,1.2,40,0,0,-1,-1,128,-1,-1,100,30,999,0,0,-1,0,-1,13065,5815,-1,5800,-1,13282,13293,4300,13284,19401,-1,-1,-1,-1,0,2,0,0,0,1,1,1,0,0,-1,-1,0,0,0,0,0,0,-1,-1,4310,0,0,0,180,100,0.1,-1,-1,4310,-1,1.8,0,0,0,1,0,0,0,0,0,0,0,0,1,0,-1,-1,-1,-1,-1,-1,-1,-1,-1,0.1,0.4,-1,0,0,30,0.29,100,-1,-1,-1,-1,-1,0,0.5,0.6,0,-1,0,1,1,1,1,1,1,1,1,1,1,1,1,1,1,1,1,1,1,-1,0,-1,0,-1,-1,-1,-1,[0|0|0|0|0|0|0|0|0|0|0|0],
43153052,Mausoleum Soldier,0,0,[0|0|0],43100,-1,0,140,1.9,0.4,130,0,192,0,100,431552300,-1,10,0,0,-1,-1,0.4,-1,5404,0,0,7160,0,0,90000,90010,-1,80,40,40,40,0,-1,-1,-1,-1,-1,-1,30,3000,3001,3002,3003,3004,3005,3006,3007,3008,3009,6001,6000,0,1,1,1,1,1,1,1,1,1.5,-0.53846157,0,90,21,100,0,0,0,100,100,100,0,999,999,999,999,-1,-1,0,0,0,0,-1,4310,1,0,0,0,55,999,999,0,0,-1,10,0,11,0,0,6,3,40,139,139,0,0,2,0,0,0,0,0,0,0,0,0,0,22,7,0,0,0,0,0,0,0,0,0,0,0,0,1,0,0,0,0,0,0,1,0,0,0,0,0,0,0,0,0,0,0,1,0,0,1,0,0,1,0,0,0,0,0,0,0,0,1,0,0,0,0,0,0,0,0,0,0,1.9,0.4,0,0,0,0,0,0,0,0,0,100,1,0,1,144,142,139,139,139,144,90020,90030,90040,90300,90060,90100,0,-1,-1,0,0.4,1,0.9,1,1.1,1,1,1.2,1.2,40,0,0,-1,-1,128,-1,-1,100,30,999,0,0,-1,0,-1,-1,5815,-1,5800,-1,13282,13293,4300,13284,19401,-1,-1,-1,-1,0,2,0,0,0,1,1,1,0,0,-1,-1,0,0,0,0,0,0,-1,-1,4310,0,0,0,180,100,0.1,-1,-1,4310,-1,1.8,0,0,0,1,0,0,0,0,0,0,0,0,1,0,-1,-1,-1,-1,-1,-1,-1,-1,-1,0.1,0.4,-1,0,0,30,0.29,100,-1,-1,-1,-1,-1,0,0.5,0.6,0,-1,0,1,1,1,1,1,1,1,1,1,1,1,1,1,1,1,1,1,1,-1,0,-1,0,-1,-1,-1,-1,[0|0|0|0|0|0|0|0|0|0|0|0],
43210012,Vulgar Militia,0,0,[0|0|0],43210,-1,0,90,1.2,0.3,130,0,153,0,100,432100000,-1,10,0,0,-1,-1,0.3,-1,5400,11965,0,7020,0,0,90000,0,-1,100,0,0,0,0,-1,-1,-1,-1,-1,-1,16,3000,3001,3002,3003,3004,3005,3006,3007,3008,3009,6001,6000,0,1,1,1,1,1,1,1,1,1.5,-0.53846157,0,50,21,100,0,0,0,100,100,100,0,999,84,112,999,-1,-1,0,0,0,0,-1,-1,0,0,0,0,0,112,999,0,0,-1,10,0,11,0,0,6,3,40,110,110,0,0,2,0,0,0,0,0,0,0,0,0,0,17,7,0,0,0,0,0,0,0,0,1,0,0,0,0,0,0,0,0,0,0,0,0,0,0,0,0,0,0,0,0,0,0,0,0,0,1,0,0,1,0,0,0,0,0,0,0,0,0,0,0,0,0,0,0,0,0,0,0,1.2,0.3,0,0,0,0,0,0,0,0,0,100,1,0,1,108,109,139,139,139,139,0,90030,0,0,90060,90161,90200,5261,-1,0,0,1,1,1,1.1,1,1,1.2,1,0,0,0,-1,-1,64,2001,-1,100,30,84,0,0,4320,5800,-1,-1,-1,-1,-1,-1,-1,-1,-1,-1,-1,-1,-1,152,-1,0,2,0,0,0,1,1,1,0,0,-1,-1,0,0,0,0,0,0,-1,-1,4320,0,0,0,180,50,0.1,-1,-1,4320,-1,1.8,0,0,0,1,0,0,0,0,0,0,0,0,0.6,0,-1,-1,-1,-1,-1,-1,-1,-1,-1,0.1,0.4,-1,0,0,30,0.29,100,3002,-1,5001,6002,-1,0,0.5,0.6,0,-1,0,1,1,1,1,1,1,1,1,1,1,1,1,1,1,1,1,1,1,-1,0,-1,0,-1,-1,-1,-1,[0|0|0|0|0|0|0|0|0|0|0|0],
43210142,Vulgar Militia,0,0,[0|0|0],43210,-1,0,90,1.2,0.3,130,0,153,0,100,432100100,-1,10,0,0,-1,-1,0.3,-1,5400,11965,0,7150,0,0,90000,0,-1,100,0,0,0,0,-1,-1,-1,-1,-1,-1,16,3000,3001,3002,3003,3004,3005,3006,3007,3008,3009,6001,6000,0,1,1,1,1,1,1,1,1,1.5,-0.46153846,0,50,21,100,0,0,0,100,100,100,0,999,84,112,999,-1,-1,0,0,0,0,-1,-1,0,0,0,0,0,112,999,0,0,-1,10,0,11,0,0,6,3,40,110,110,0,0,2,0,0,0,0,0,0,0,0,0,0,17,7,0,0,0,0,0,0,0,0,1,0,0,0,0,0,0,0,0,0,0,0,0,0,0,0,0,0,0,0,0,0,0,0,0,0,1,0,0,1,0,0,0,0,0,0,0,0,0,0,0,0,0,0,0,0,0,0,0,1.2,0.3,0,0,0,0,0,0,0,0,0,100,1,0,1,108,109,139,139,139,139,0,90030,0,0,90060,90161,90200,5261,-1,0,0,1,1,1,1.1,1,1,1.2,1,0,0,0,-1,-1,64,2001,-1,100,30,84,0,0,4320,5800,-1,-1,11975,-1,-1,-1,-1,-1,-1,-1,-1,-1,-1,152,-1,0,2,0,0,0,1,1,1,0,0,-1,-1,0,0,0,0,0,0,-1,-1,4320,0,0,0,180,50,0.1,-1,-1,4320,-1,1.8,0,0,0,1,0,0,0,0,0,0,0,0,0.6,0,-1,-1,-1,-1,-1,-1,-1,-1,-1,0.1,0.4,-1,0,0,35,0.29,100,3002,-1,5001,6002,-1,0,0.5,0.6,0,-1,0,1,1,1,1,1,1,1,1,1,1,1,1,1,1,1,1,1,1,-1,0,-1,0,-1,-1,-1,-1,[0|0|0|0|0|0|0|0|0|0|0|0],
43210152,Vulgar Militia,0,0,[0|0|0],43210,-1,0,90,1.2,0.3,130,0,153,0,100,432100100,-1,10,0,0,-1,-1,0.3,-1,5400,11965,0,7160,0,0,90000,0,-1,100,0,0,0,0,-1,-1,-1,-1,-1,-1,16,3000,3001,3002,3003,3004,3005,3006,3007,3008,3009,6001,6000,0,1,1,1,1,1,1,1,1,1.5,-0.46153846,0,50,21,100,0,0,0,100,100,100,0,999,84,112,999,-1,-1,0,0,0,0,-1,-1,0,0,0,0,0,112,999,0,0,-1,10,0,11,0,0,6,3,40,110,110,0,0,2,0,0,0,0,0,0,0,0,0,0,17,7,0,0,0,0,0,0,0,0,1,0,0,0,0,0,0,0,0,0,0,0,0,0,0,0,0,0,0,0,0,0,0,0,0,0,1,0,0,1,0,0,0,0,0,0,0,0,0,0,0,0,0,0,0,0,0,0,0,1.2,0.3,0,0,0,0,0,0,0,0,0,100,1,0,1,108,109,139,139,139,139,0,90030,0,0,90060,90161,90200,5261,-1,0,0,1,1,1,1.1,1,1,1.2,1,0,0,0,-1,-1,64,2001,-1,100,30,84,0,0,4320,5800,-1,-1,11975,-1,-1,-1,-1,-1,-1,-1,-1,-1,-1,152,-1,0,2,0,0,0,1,1,1,0,0,-1,-1,0,0,0,0,0,0,-1,-1,4320,0,0,0,180,50,0.1,-1,-1,4320,-1,1.8,0,0,0,1,0,0,0,0,0,0,0,0,0.6,0,-1,-1,-1,-1,-1,-1,-1,-1,-1,0.1,0.4,-1,0,0,35,0.29,100,3002,-1,5001,6002,-1,0,0.5,0.6,0,-1,0,1,1,1,1,1,1,1,1,1,1,1,1,1,1,1,1,1,1,-1,0,-1,0,-1,-1,-1,-1,[0|0|0|0|0|0|0|0|0|0|0|0],
43211012,Vulgar Militia,0,0,[0|0|0],43210,-1,0,90,1.2,0.3,130,0,153,0,100,432100200,-1,10,0,0,-1,-1,0.3,-1,5400,11965,0,7020,0,0,90000,0,-1,100,0,0,0,0,-1,-1,-1,-1,-1,-1,16,3000,3001,3002,3003,3004,3005,3006,3007,3008,3009,6001,6000,0,1,1,1,1,1,1,1,1,1.5,-0.53846157,0,50,21,100,0,0,0,100,100,100,0,999,84,112,999,-1,-1,0,0,0,0,-1,-1,0,0,0,0,0,112,999,0,0,-1,10,0,11,0,0,6,3,40,110,110,0,0,2,0,0,0,0,0,0,0,0,0,0,17,7,0,0,0,0,0,0,0,0,0,1,0,0,0,0,0,0,0,0,0,0,0,0,0,0,0,0,0,0,0,0,0,0,0,0,1,0,0,1,0,0,0,0,0,0,0,0,0,0,0,0,0,0,0,0,0,0,0,1.2,0.3,0,0,0,0,0,0,0,0,0,100,1,0,1,108,109,139,139,139,139,0,90030,0,0,90060,90161,90200,5261,-1,0,0,1,1,1,1.1,1,1,1.2,1,0,0,0,-1,-1,64,2001,-1,100,30,84,0,0,4320,5800,-1,-1,-1,-1,-1,-1,-1,-1,-1,-1,-1,-1,-1,152,-1,0,2,0,0,0,1,1,1,0,0,-1,-1,0,0,0,0,0,0,-1,-1,4320,0,0,0,180,50,0.1,-1,-1,4320,-1,1.8,0,0,0,1,0,0,0,0,0,0,0,0,0.6,0,-1,-1,-1,-1,-1,-1,-1,-1,-1,0.1,0.4,-1,0,0,30,0.29,100,3002,-1,5001,6002,-1,0,0.5,0.6,0,-1,0,1,1,1,1,1,1,1,1,1,1,1,1,1,1,1,1,1,1,-1,0,-1,0,-1,-1,-1,-1,[0|0|0|0|0|0|0|0|0|0|0|0],
43211142,Vulgar Militia,0,0,[0|0|0],43210,-1,0,90,1.2,0.3,130,0,153,0,100,432100300,-1,10,0,0,-1,-1,0.3,-1,5400,11965,0,7150,0,0,90000,0,-1,100,0,0,0,0,-1,-1,-1,-1,-1,-1,16,3000,3001,3002,3003,3004,3005,3006,3007,3008,3009,6001,6000,0,1,1,1,1,1,1,1,1,1.5,-0.46153846,0,50,21,100,0,0,0,100,100,100,0,999,84,112,999,-1,-1,0,0,0,0,-1,-1,0,0,0,0,0,112,999,0,0,-1,10,0,11,0,0,6,3,40,110,110,0,0,2,0,0,0,0,0,0,0,0,0,0,17,7,0,0,0,0,0,0,0,0,0,1,0,0,0,0,0,0,0,0,0,0,0,0,0,0,0,0,0,0,0,0,0,0,0,0,1,0,0,1,0,0,0,0,0,0,0,0,0,0,0,0,0,0,0,0,0,0,0,1.2,0.3,0,0,0,0,0,0,0,0,0,100,1,0,1,108,109,139,139,139,139,0,90030,0,0,90060,90161,90200,5261,-1,0,0,1,1,1,1.1,1,1,1.2,1,0,0,0,-1,-1,64,2001,-1,100,30,84,0,0,4320,5800,-1,-1,11975,-1,-1,-1,-1,-1,-1,-1,-1,-1,-1,152,-1,0,2,0,0,0,1,1,1,0,0,-1,-1,0,0,0,0,0,0,-1,-1,4320,0,0,0,180,50,0.1,-1,-1,4320,-1,1.8,0,0,0,1,0,0,0,0,0,0,0,0,0.6,0,-1,-1,-1,-1,-1,-1,-1,-1,-1,0.1,0.4,-1,0,0,35,0.29,100,3002,-1,5001,6002,-1,0,0.5,0.6,0,-1,0,1,1,1,1,1,1,1,1,1,1,1,1,1,1,1,1,1,1,-1,0,-1,0,-1,-1,-1,-1,[0|0|0|0|0|0|0|0|0|0|0|0],
43211152,Vulgar Militia,0,0,[0|0|0],43210,-1,0,90,1.2,0.3,130,0,153,0,100,432100300,-1,10,0,0,-1,-1,0.3,-1,5400,11965,0,7160,0,0,90000,0,-1,100,0,0,0,0,-1,-1,-1,-1,-1,-1,16,3000,3001,3002,3003,3004,3005,3006,3007,3008,3009,6001,6000,0,1,1,1,1,1,1,1,1,1.5,-0.46153846,0,50,21,100,0,0,0,100,100,100,0,999,84,112,999,-1,-1,0,0,0,0,-1,-1,0,0,0,0,0,112,999,0,0,-1,10,0,11,0,0,6,3,40,110,110,0,0,2,0,0,0,0,0,0,0,0,0,0,17,7,0,0,0,0,0,0,0,0,0,1,0,0,0,0,0,0,0,0,0,0,0,0,0,0,0,0,0,0,0,0,0,0,0,0,1,0,0,1,0,0,0,0,0,0,0,0,0,0,0,0,0,0,0,0,0,0,0,1.2,0.3,0,0,0,0,0,0,0,0,0,100,1,0,1,108,109,139,139,139,139,0,90030,0,0,90060,90161,90200,5261,-1,0,0,1,1,1,1.1,1,1,1.2,1,0,0,0,-1,-1,64,2001,-1,100,30,84,0,0,4320,5800,-1,-1,11975,-1,-1,-1,-1,-1,-1,-1,-1,-1,-1,152,-1,0,2,0,0,0,1,1,1,0,0,-1,-1,0,0,0,0,0,0,-1,-1,4320,0,0,0,180,50,0.1,-1,-1,4320,-1,1.8,0,0,0,1,0,0,0,0,0,0,0,0,0.6,0,-1,-1,-1,-1,-1,-1,-1,-1,-1,0.1,0.4,-1,0,0,35,0.29,100,3002,-1,5001,6002,-1,0,0.5,0.6,0,-1,0,1,1,1,1,1,1,1,1,1,1,1,1,1,1,1,1,1,1,-1,0,-1,0,-1,-1,-1,-1,[0|0|0|0|0|0|0|0|0|0|0|0],
43212012,Vulgar Militia,0,0,[0|0|0],43210,-1,0,90,1.2,0.3,130,0,153,0,100,432100400,-1,10,0,0,-1,-1,0.3,-1,5401,11965,0,7020,0,0,90000,0,-1,100,0,0,0,0,-1,-1,-1,-1,-1,-1,16,3000,3001,3002,3003,3004,3005,3006,3007,3008,3009,6001,6000,0,1,1,1,1,1,1,1,1,1.5,-0.53846157,0,50,21,100,0,0,0,100,100,100,0,999,84,112,999,-1,-1,0,0,0,0,-1,-1,0,0,0,0,0,112,999,0,0,-1,10,0,11,0,0,6,3,40,110,110,0,0,2,0,0,0,0,0,0,0,0,0,0,17,7,0,0,0,0,0,0,0,0,0,0,1,1,0,0,0,0,0,0,0,0,0,0,0,0,0,0,0,0,0,0,0,0,0,0,1,0,0,1,0,0,0,0,0,0,0,0,0,0,0,0,0,0,0,0,0,0,0,1.2,0.3,0,0,0,0,0,0,0,0,0,100,1,0,1,108,109,139,139,139,139,0,90030,0,0,90060,90161,90200,5261,-1,0,0,1,1,1,1.1,1,1,1.2,1,0,0,0,-1,-1,64,2001,-1,100,30,84,0,0,4320,5800,-1,-1,-1,-1,-1,-1,-1,-1,-1,-1,-1,-1,-1,152,-1,0,2,0,0,0,1,1,1,0,0,-1,-1,0,0,0,0,0,0,-1,-1,4320,0,0,0,180,50,0.1,-1,-1,4320,-1,1.8,0,0,0,1,0,0,0,0,0,0,0,0,0.6,0,-1,-1,-1,-1,-1,-1,-1,-1,-1,0.1,0.4,-1,0,0,30,0.29,100,3002,-1,5001,6002,-1,0,0.5,0.6,0,-1,0,1,1,1,1,1,1,1,1,1,1,1,1,1,1,1,1,1,1,-1,0,-1,0,-1,-1,-1,-1,[0|0|0|0|0|0|0|0|0|0|0|0],
43212040,Vulgar Militia,0,0,[0|0|0],43210,-1,0,90,1.2,0.3,130,0,153,0,100,432100400,-1,10,0,0,-1,-1,0.3,-1,5401,11965,0,7070,0,0,90000,0,-1,100,0,0,0,0,-1,-1,-1,-1,-1,-1,16,3000,3001,3002,3003,3004,3005,3006,3007,3008,3009,6001,6000,0,1,1,1,1,1,1,1,1,1.5,-0.53846157,0,50,21,100,0,0,0,100,100,100,0,999,84,112,999,-1,-1,0,0,0,0,-1,-1,0,0,0,0,0,112,999,0,0,-1,10,0,11,0,0,6,3,40,110,110,0,0,2,0,0,0,0,0,0,0,0,0,0,17,7,0,0,0,0,0,0,0,0,0,0,1,1,0,0,0,0,0,0,0,0,0,0,0,0,0,0,0,0,0,0,0,0,0,0,1,0,0,1,0,0,0,0,0,0,0,0,0,0,0,0,0,0,0,0,0,0,0,1.2,0.3,0,0,0,0,0,0,0,0,0,100,1,0,1,108,109,139,139,139,139,0,90030,0,0,90060,90161,90200,5261,-1,0,0,1,1,1,1.1,1,1,1.2,1,0,0,0,-1,-1,64,2001,-1,100,30,84,0,0,4320,5800,-1,-1,-1,-1,-1,-1,-1,-1,-1,-1,-1,-1,-1,152,-1,0,2,0,0,0,1,1,1,0,0,-1,-1,0,0,0,0,0,0,-1,-1,4320,0,0,0,180,50,0.1,-1,-1,4320,-1,1.8,0,0,0,1,0,0,0,0,0,0,0,0,0.6,0,-1,-1,-1,-1,-1,-1,-1,-1,-1,0.1,0.4,-1,0,0,30,0.29,100,3002,-1,5001,6002,-1,0,0.5,0.6,0,-1,0,1,1,1,1,1,1,1,1,1,1,1,1,1,1,1,1,1,1,-1,0,-1,0,-1,-1,-1,-1,[0|0|0|0|0|0|0|0|0|0|0|0],
43212142,Vulgar Militia,0,0,[0|0|0],43210,-1,0,90,1.2,0.3,130,0,153,0,100,432100500,-1,10,0,0,-1,-1,0.3,-1,5401,11965,0,7150,0,0,90000,0,-1,100,0,0,0,0,-1,-1,-1,-1,-1,-1,16,3000,3001,3002,3003,3004,3005,3006,3007,3008,3009,6001,6000,0,1,1,1,1,1,1,1,1,1.5,-0.46153846,0,50,21,100,0,0,0,100,100,100,0,999,84,112,999,-1,-1,0,0,0,0,-1,-1,0,0,0,0,0,112,999,0,0,-1,10,0,11,0,0,6,3,40,110,110,0,0,2,0,0,0,0,0,0,0,0,0,0,17,7,0,0,0,0,0,0,0,0,0,0,1,1,0,0,0,0,0,0,0,0,0,0,0,0,0,0,0,0,0,0,0,0,0,0,1,0,0,1,0,0,0,0,0,0,0,0,0,0,0,0,0,0,0,0,0,0,0,1.2,0.3,0,0,0,0,0,0,0,0,0,100,1,0,1,108,109,139,139,139,139,0,90030,0,0,90060,90161,90200,5261,-1,0,0,1,1,1,1.1,1,1,1.2,0.8,0,0,0,-1,-1,64,2001,-1,100,30,84,0,0,4320,5800,-1,-1,11975,-1,-1,-1,-1,-1,-1,-1,-1,-1,-1,152,-1,0,2,0,0,0,1,1,1,0,0,-1,-1,0,0,0,0,0,0,-1,-1,4320,0,0,0,180,50,0.1,-1,-1,4320,-1,1.8,0,0,0,1,0,0,0,0,0,0,0,0,0.6,0,-1,-1,-1,-1,-1,-1,-1,-1,-1,0.1,0.4,-1,0,0,35,0.29,100,3002,-1,5001,6002,-1,0,0.5,0.6,0,-1,0,1,1,1,1,1,1,1,1,1,1,1,1,1,1,1,1,1,1,-1,0,-1,0,-1,-1,-1,-1,[0|0|0|0|0|0|0|0|0|0|0|0],
43212152,Vulgar Militia,0,0,[0|0|0],43210,-1,0,90,1.2,0.3,130,0,153,0,100,432100500,-1,10,0,0,-1,-1,0.3,-1,5401,11965,0,7160,0,0,90000,0,-1,100,0,0,0,0,-1,-1,-1,-1,-1,-1,16,3000,3001,3002,3003,3004,3005,3006,3007,3008,3009,6001,6000,0,1,1,1,1,1,1,1,1,1.5,-0.46153846,0,50,21,100,0,0,0,100,100,100,0,999,84,112,999,-1,-1,0,0,0,0,-1,-1,0,0,0,0,0,112,999,0,0,-1,10,0,11,0,0,6,3,40,110,110,0,0,2,0,0,0,0,0,0,0,0,0,0,17,7,0,0,0,0,0,0,0,0,0,0,1,1,0,0,0,0,0,0,0,0,0,0,0,0,0,0,0,0,0,0,0,0,0,0,1,0,0,1,0,0,0,0,0,0,0,0,0,0,0,0,0,0,0,0,0,0,0,1.2,0.3,0,0,0,0,0,0,0,0,0,100,1,0,1,108,109,139,139,139,139,0,90030,0,0,90060,90161,90200,5261,-1,0,0,1,1,1,1.1,1,1,1.2,0.8,0,0,0,-1,-1,64,2001,-1,100,30,84,0,0,4320,5800,-1,-1,11975,-1,-1,-1,-1,-1,-1,-1,-1,-1,-1,152,-1,0,2,0,0,0,1,1,1,0,0,-1,-1,0,0,0,0,0,0,-1,-1,4320,0,0,0,180,50,0.1,-1,-1,4320,-1,1.8,0,0,0,1,0,0,0,0,0,0,0,0,0.6,0,-1,-1,-1,-1,-1,-1,-1,-1,-1,0.1,0.4,-1,0,0,35,0.29,100,3002,-1,5001,6002,-1,0,0.5,0.6,0,-1,0,1,1,1,1,1,1,1,1,1,1,1,1,1,1,1,1,1,1,-1,0,-1,0,-1,-1,-1,-1,[0|0|0|0|0|0|0|0|0|0|0|0],
43400032,Mad Pumpkin Head,0,0,[0|0|0],43400,1002,0,35,3.5,1,130,0,582,0,400,434000040,-1,10,0,0,-1,-1,0.7,-1,5400,0,5360,7090,0,0,0,0,-1,100,0,0,0,0,-1,-1,-1,-1,-1,-1,16,3000,3001,3002,3003,3004,3005,3006,3007,3008,3009,6001,6000,0,1,1,1,1,1,1,1,1,0.2,0,0,50,21,100,0,0,0,100,100,100,0,112,112,84,999,-1,-1,0,0,0,0,-1,-1,1,0,0,0,0,154,999,0,0,-1,10,0,13,0,0,48,3,40,129,112,1,0,2,0,0,0,0,0,0,0,2,0,0,17,7,0,0,0,0,0,0,0,0,1,0,0,1,0,0,0,0,0,0,0,0,1,0,0,0,0,0,0,0,0,0,0,0,0,0,1,0,0,1,0,0,0,0,0,0,0,0,0,0,0,0,0,0,0,0,0,0,0,3.5,1,0,0,0,0,0,0,1,0,0,100,1,0,2,109,109,139,139,139,139,0,90030,0,0,90060,90161,90200,5262,-1,0,0.4,1,1.1,0.9,1,1,1,1.2,1,0,0,0,-1,-1,256,2002,-1,200,30,84,0,0,-1,5890,13250,13266,-1,5731,13245,-1,-1,-1,-1,-1,-1,-1,-1,-1,-1,0,-1,0,0,0,1,1,1,0,0,-1,-1,0,0,0,0,0,0,-1,-1,-1,0,0,0,180,150,0.1,-1,-1,-1,4340,2.5,0,0,0,1,0,0,0,0,0,0,0,0,1,0,300001,-1,-1,-1,-1,-1,-1,-1,-1,0.1,0.4,-1,0,0,65,0.29,100,3001,-1,5001,6003,-1,0,0.5,0.6,0,-1,0,1,1,1,1,1,1,1,1,1,1,1,1,1,1,1,1,1,1,-1,0,-1,0,-1,-1,-1,-1,[0|0|0|0|0|0|0|0|0|0|0|0],
43400040,Mad Pumpkin Head,0,0,[0|0|0],43400,1002,0,35,3.5,1,130,0,582,0,400,434000030,-1,10,0,0,-1,-1,0.7,-1,5400,0,5360,7070,0,0,0,0,-1,100,0,0,0,0,-1,-1,-1,-1,-1,-1,16,3000,3001,3002,3003,3004,3005,3006,3007,3008,3009,6001,6000,0,1,1,1,1,1,1,1,1,0.2,0,0,50,21,100,0,0,0,100,100,100,0,112,112,84,999,-1,-1,0,0,0,0,-1,-1,1,0,0,0,0,154,999,0,0,-1,10,0,13,0,0,48,3,40,129,112,1,0,2,0,0,0,0,0,0,0,2,0,0,17,7,0,0,0,0,0,0,0,0,1,0,0,1,0,0,0,0,0,0,0,0,0,1,0,0,0,0,0,0,0,0,0,0,0,0,1,0,0,1,0,0,0,0,0,0,0,0,0,0,0,0,0,0,0,0,0,0,0,3.5,1,0,0,0,0,0,0,1,0,0,100,1,0,2,109,109,139,139,139,139,0,90030,0,0,90060,90161,90200,5262,-1,0,0.4,1,1.1,0.9,1,1,1,1.2,1,0,0,0,-1,-1,256,2002,-1,200,30,84,0,0,-1,5890,13250,13267,-1,5731,13245,-1,-1,-1,-1,-1,-1,-1,-1,-1,-1,0,-1,0,0,0,1,1,1,0,0,-1,-1,0,0,0,0,0,0,-1,-1,-1,0,0,0,180,150,0.1,-1,-1,-1,4340,2.5,0,0,0,1,0,0,0,0,0,0,0,0,1,0,300001,-1,-1,-1,-1,-1,-1,-1,-1,0.1,0.4,-1,0,0,65,0.29,100,3001,-1,5001,6003,-1,0,0.5,0.6,0,-1,0,1,1,1,1,1,1,1,1,1,1,1,1,1,1,1,1,1,1,-1,0,-1,0,-1,-1,-1,-1,[0|0|0|0|0|0|0|0|0|0|0|0],
43400910,Mad Pumpkin Head (Boss),0,0,[0|0|0],43400,1002,0,35,3.5,1,130,0,582,0,400,-1,-1,10,0,0,-1,-1,0.7,-1,5400,0,5360,7010,0,90400,0,0,-1,100,0,0,0,0,-1,-1,-1,-1,-1,-1,16,3000,3001,3002,3003,3004,3005,3006,3007,3008,3009,6001,6000,0,1,1,1,1,1,1,1,1,0.2,0,0,50,21,100,0,0,0,100,100,100,0,112,112,84,999,-1,-1,0,0,0,0,-1,-1,1,0,0,0,0,154,999,0,0,-1,10,0,13,0,0,6,3,40,129,112,1,0,2,0,0,0,0,0,0,0,2,0,0,17,7,0,0,0,0,0,0,0,0,1,0,0,0,0,0,0,0,0,0,0,0,0,0,0,0,0,0,0,0,0,0,0,0,0,0,1,0,0,1,0,0,0,0,0,0,0,0,0,0,0,0,0,0,0,0,0,0,0,3.5,1,0,1,0,0,0,0,1,0,0,100,1,0,2,109,109,139,139,139,139,95000,90030,95010,95020,90060,90161,0,-1,-1,0,0.4,1,1.1,0.9,1,1,1,1.2,1,0,0,0,-1,-1,256,2002,-1,300,30,84,0,0,-1,5890,13251,13255,102304,5731,13245,-1,-1,-1,-1,-1,-1,4410,-1,-1,4301,0,-1,0,0,0,1,1,1,0,0,-1,-1,0,0,0,0,0,0,-1,-1,-1,0,0,0,180,150,0.1,-1,-1,-1,4340,2.5,0,0,0,1,0,0,0,0,0,0,0,0,1,0,300001,-1,-1,-1,-1,-1,-1,-1,-1,0.1,0.4,-1,0,0,65,0.29,100,3001,-1,5001,6003,-1,0,0.5,0.6,0,-1,0,1,1,1,1,1,1,1,1,1,1,1,1,1,1,1,1,1,1,-1,0,-1,0,-1,-1,-1,-1,[0|0|0|0|0|0|0|0|0|0|0|0],
43400940,Mad Pumpkin Head (Flail),0,0,[0|0|0],43400,1002,0,35,3.5,1,130,0,582,0,400,-1,-1,10,0,0,-1,-1,0.7,-1,5400,0,5360,7070,0,90400,0,0,-1,100,0,0,0,0,-1,-1,-1,-1,-1,-1,16,3000,3001,3002,3003,3004,3005,3006,3007,3008,3009,6001,6000,0,1,1,1,1,1,1,1,1,0.2,0,0,50,21,100,0,0,0,100,100,100,0,112,112,84,999,-1,-1,0,0,0,0,-1,-1,1,0,0,0,0,154,999,0,0,-1,10,0,13,0,0,48,3,40,129,112,1,0,2,0,0,0,0,0,0,0,2,0,0,17,7,0,0,0,0,0,0,0,0,1,0,0,1,0,0,0,0,0,0,0,0,0,1,0,0,0,0,0,0,0,0,0,0,0,0,1,1,0,1,0,0,0,0,0,0,0,0,0,0,0,0,0,0,0,0,0,0,0,3.5,1,0,1,0,0,0,0,1,0,0,100,1,0,2,109,109,139,139,139,139,95000,90030,95010,95020,90060,90161,0,-1,-1,0,0.4,1,1.1,0.9,1,1,1,1.2,1,0,0,0,-1,-1,256,2002,-1,300,30,84,0,0,-1,5890,13250,13267,102304,5731,13245,13244,-1,-1,-1,-1,-1,4410,-1,-1,4301,0,-1,0,0,0,1,1,1,0,0,-1,-1,0,0,0,0,0,0,-1,-1,-1,0,0,0,180,150,0.1,-1,-1,-1,4340,2.5,0,0,0,1,0,0,0,0,0,0,0,0,1,0,300001,-1,-1,-1,-1,-1,-1,-1,-1,0.1,0.4,-1,0,0,65,0.29,100,3001,-1,5001,6003,-1,0,0.5,0.6,0,-1,0,1,1,1,1,1,1,1,1,1,1,1,1,1,1,1,1,1,1,-1,0,-1,0,-1,-1,-1,-1,[0|0|0|0|0|0|0|0|0|0|0|0],
43401940,Mad Pumpkin Head (Hammer),0,0,[0|0|0],43400,1002,0,35,3.5,1,130,0,582,0,400,-1,-1,10,0,0,-1,-1,0.7,-1,5401,0,5360,7070,0,90400,0,0,-1,100,0,0,0,0,-1,-1,-1,-1,-1,-1,16,3000,3001,3002,3003,3004,3005,3006,3007,3008,3009,6001,6000,0,1,1,1,1,1,1,1,1,0.2,0,0,50,21,100,0,0,0,100,100,100,0,112,112,84,999,-1,-1,0,0,0,0,-1,-1,1,0,0,0,0,154,999,0,0,-1,10,0,13,0,0,48,3,40,129,112,1,0,2,0,0,0,0,0,0,0,2,0,0,17,7,0,0,0,0,0,0,0,0,0,1,0,0,0,0,0,0,0,0,0,0,0,0,0,0,0,0,0,0,0,0,0,0,0,0,1,1,0,1,0,0,0,0,0,0,0,0,0,0,0,0,0,0,0,0,0,0,0,3.5,1,0,1,0,0,0,0,1,0,0,100,1,0,2,109,109,139,139,139,139,95000,90030,95010,95020,90060,90161,0,-1,-1,0,0.4,1,1.1,0.9,1,1,1,1.2,1,0,0,0,-1,-1,256,2002,-1,300,30,84,0,0,-1,5890,13251,-1,102304,5731,13245,13244,-1,-1,-1,-1,-1,4410,-1,-1,4301,0,-1,0,0,0,1,1,1,0,0,-1,-1,0,0,0,0,0,0,-1,-1,-1,0,0,0,180,150,0.1,-1,-1,-1,4340,2.5,0,0,0,1,0,0,0,0,0,0,0,0,1,0,-1,-1,-1,-1,-1,-1,-1,-1,-1,0.1,0.4,-1,0,0,65,0.29,100,3001,-1,5001,6003,-1,0,0.5,0.6,0,-1,0,1,1,1,1,1,1,1,1,1,1,1,1,1,1,1,1,1,1,-1,0,-1,0,-1,-1,-1,-1,[0|0|0|0|0|0|0|0|0|0|0|0],
43511000,Godrick Knight,0,0,[0|0|0],43500,1002,0,120,2,0.5,150,0,576,0,400,-1,-1,10,0,0,-1,-1,0.6,-1,5401,0,14461,0,0,0,0,0,-1,90,70,70,50,0,-1,-1,-1,-1,-1,-1,38,3000,3001,3002,3003,3004,3005,3006,3007,3008,3009,6001,6000,0,1,1,1,1,1,1,1,1,1.5,0,0,120,21,100,0,0,0,100,100,100,0,112,112,154,999,-1,-1,0,0,0,0,-1,4350,0,0,0,0,70,112,999,70,70,-1,10,0,12,0,0,6,3,40,110,110,0,0,2,0,70,70,70,70,0,0,0,0,0,22,7,0,0,0,0,0,0,0,0,0,1,1,0,0,0,0,0,0,0,0,0,0,0,0,0,0,0,0,0,0,0,0,0,1,0,1,0,0,1,0,0,0,0,0,0,0,0,0,0,0,0,0,0,0,0,0,0,0,2,0.5,0,0,0,0,0,0,0,0,0,100,1,0,1,106,109,139,106,139,106,0,90030,0,5851,90060,90161,0,5262,-1,35,0.4,0.9,0.65,0.9,1,0.8,0.8,1,0.8,70,0,0,-1,-1,256,2002,-1,200,30,154,70,0,-1,5800,-1,-1,14480,-1,-1,-1,-1,14494,-1,-1,-1,-1,-1,-1,-1,0,-1,0,0,0,1,1,1,0,0,-1,-1,0,0,0,0,0,0,-1,-1,4350,0,0,0,180,50,0.1,-1,-1,4350,4350,2.5,0,0,0,1,0,0,0,0,0,0,0,0,1,0,-1,-1,-1,-1,-1,-1,-1,-1,-1,0.1,0.4,-1,0,0,65,0.29,100,3003,-1,5003,6002,-1,0,0.5,0.6,0,-1,0,1,1,1,1,1,1,1,1,1,1,1,1,1,1,1,1,1,1,-1,0,-1,0,-1,-1,-1,-1,[0|0|0|0|0|0|0|0|0|0|0|0],
43530036,Leyndell Knight,0,0,[0|0|0],43500,1002,0,120,2,0.5,150,0,576,0,3000,-1,-1,10,0,0,-1,-1,0.6,-1,5400,0,14461,7090,0,0,0,0,-1,90,70,70,50,0,-1,-1,-1,-1,-1,-1,25,3000,3001,3002,3003,3004,3005,3006,3007,3008,3009,6001,6000,0,1,1,1,1,1,1,1,1,1.5,0,0,120,21,100,0,0,0,100,100,100,0,112,112,154,999,-1,-1,0,0,0,0,-1,4350,0,0,0,0,70,112,999,70,70,-1,10,0,12,0,0,8,3,40,110,110,0,0,2,0,70,70,70,70,0,0,0,0,0,22,7,0,0,0,0,0,0,0,0,1,1,0,0,0,0,0,0,0,0,0,0,0,0,0,0,0,0,0,0,0,0,0,0,0,0,1,0,0,1,0,0,0,0,0,0,0,0,0,0,0,0,0,0,0,0,0,0,0,2,0.5,0,0,0,0,0,0,0,0,0,100,1,0,1,106,109,139,106,139,106,0,90030,0,5851,90060,90161,0,5262,-1,35,0.4,0.9,0.65,0.9,1,0.8,0.8,0.6,0.8,80,0,0,-1,-1,256,2002,-1,200,30,154,70,0,-1,5800,-1,-1,14480,-1,-1,14477,-1,14494,-1,-1,-1,-1,-1,-1,-1,0,-1,0,0,0,1,1,1,0,0,-1,-1,0,0,0,0,0,0,-1,-1,4350,0,0,0,180,50,0.1,-1,-1,4350,4350,2.5,0,0,0,1,0,0,0,0,0,0,0,0,1,0,-1,-1,-1,-1,-1,-1,-1,-1,-1,0.1,0.4,-1,0,0,65,0.29,100,3003,-1,5003,6002,-1,0,0.5,0.6,0,-1,0,1,1,1,1,1,1,1,1,1,1,1,1,1,1,1,1,1,1,-1,0,-1,0,-1,-1,-1,-1,[0|0|0|0|0|0|0|0|0|0|0|0],
43530235,Leyndell Knight,0,0,[0|0|0],43500,-1,0,120,2,0.5,150,0,576,0,3000,-1,-1,10,0,0,-1,-1,0.6,-1,5400,0,14461,7130,0,0,90000,90010,-1,90,70,70,50,0,-1,-1,-1,-1,-1,-1,25,3000,3001,3002,3003,3004,3005,3006,3007,3008,3009,6001,6000,0,1,1,1,1,1,1,1,1,1.5,0,0,120,21,100,0,0,0,100,100,100,0,999,999,999,999,-1,-1,0,0,0,0,-1,4350,1,0,0,0,70,999,999,70,70,-1,10,0,12,0,0,6,3,40,143,143,0,0,2,0,70,70,70,70,0,0,0,0,0,22,7,0,0,0,0,0,0,0,0,1,1,0,0,0,0,0,0,0,0,0,0,0,0,0,0,0,0,0,0,0,0,0,0,0,0,1,0,0,1,0,0,0,0,0,0,0,0,0,0,0,0,0,0,0,0,0,0,0,2,0.5,0,0,0,0,0,0,0,0,0,100,1,0,1,142,142,139,139,139,139,90020,90030,90040,90300,90060,90161,0,-1,-1,35,0.4,0.9,0.65,0.9,1,0.8,0.8,0.6,0.8,80,0,0,-1,-1,256,-1,-1,200,30,999,70,0,-1,5800,-1,-1,14480,-1,-1,14477,-1,-1,14479,15032,4302,-1,-1,-1,-1,0,-1,0,0,0,1,1,1,0,0,-1,-1,0,0,0,0,0,0,-1,-1,4350,0,0,0,180,50,0.1,-1,-1,4350,4350,2.5,0,0,0,1,0,0,0,0,0,0,0,0,1,0,-1,-1,-1,-1,-1,-1,-1,-1,-1,0.1,0.4,-1,0,0,65,0.29,100,-1,-1,-1,-1,-1,0,0.5,0.6,0,-1,0,1,1,1,1,1,1,1,1,1,1,1,1,1,1,1,1,1,1,-1,0,-1,0,-1,-1,-1,-1,[0|0|0|0|0|0|0|0|0|0|0|0],
43530534,Leyndell Knight (Leyndell),0,0,[0|0|0],43500,1002,0,120,2,0.5,150,0,576,0,3000,435300000,-1,10,0,0,-1,-1,0.6,-1,5400,0,14461,7100,0,0,0,0,-1,90,70,70,50,0,-1,-1,-1,-1,-1,-1,25,3000,3001,3002,3003,3004,3005,3006,3007,3008,3009,6001,6000,0,1,1,1,1,1,1,1,1,1.5,0,0,120,21,100,0,0,0,100,100,100,0,112,112,154,999,-1,-1,0,0,0,0,-1,4350,0,0,0,0,70,112,999,70,70,-1,10,0,12,0,0,6,3,40,110,110,0,0,2,0,70,70,70,70,0,0,0,0,0,22,7,0,0,0,0,0,0,0,0,1,1,0,0,0,0,0,0,0,0,0,0,0,0,0,0,0,0,0,0,0,0,0,0,0,0,1,0,0,1,0,0,0,0,0,0,0,0,0,0,0,0,0,0,0,0,0,0,0,2,0.5,0,0,0,0,0,0,0,0,0,100,1,0,1,106,109,139,106,139,106,0,90030,0,5851,90060,90161,0,5262,-1,35,0.4,0.9,0.65,0.9,1,0.8,0.8,0.6,0.8,80,0,0,-1,-1,256,2002,-1,200,30,154,70,0,-1,5800,-1,-1,14480,-1,-1,14477,-1,14494,-1,-1,-1,-1,-1,-1,-1,0,-1,0,0,0,1,1,1,0,0,-1,-1,0,0,0,0,0,0,-1,-1,4350,0,0,0,180,50,0.1,-1,-1,4350,4350,2.5,0,0,0,1,0,0,0,0,0,0,0,0,1,0,-1,-1,-1,-1,-1,-1,-1,-1,-1,0.1,0.4,-1,0,0,65,0.29,100,3003,-1,5003,6002,-1,0,0.5,0.6,0,-1,0,1,1,1,1,1,1,1,1,1,1,1,1,1,1,1,1,1,1,-1,0,-1,0,-1,-1,-1,-1,[0|0|0|0|0|0|0|0|0|0|0|0],
43531032,Leyndell Knight,0,0,[0|0|0],43500,1002,0,120,2,0.5,150,0,576,0,3000,435300100,-1,10,0,0,-1,-1,0.6,-1,5401,0,14461,7090,0,0,0,0,-1,90,70,70,50,0,-1,-1,-1,-1,-1,-1,38,3000,3001,3002,3003,3004,3005,3006,3007,3008,3009,6001,6000,0,1,1,1,1,1,1,1,1,1.5,0,0,120,21,100,0,0,0,100,100,100,0,112,112,154,999,-1,-1,0,0,0,0,-1,4350,0,0,0,0,70,112,999,70,70,-1,10,0,12,0,0,48,3,40,110,110,0,0,2,0,70,70,70,70,0,0,0,0,0,22,7,0,0,0,0,0,0,0,0,0,1,1,0,0,0,0,0,0,0,0,0,0,0,0,0,0,0,0,0,0,0,0,0,1,0,1,0,0,1,0,0,0,0,0,0,0,0,0,0,0,0,0,0,0,0,0,0,0,2,0.5,0,0,0,0,0,0,0,0,0,100,1,0,1,106,109,139,106,139,106,0,90030,0,5851,90060,90161,0,5262,-1,35,0.4,0.9,0.65,0.9,1,0.8,0.8,0.6,0.8,80,0,0,-1,-1,256,2002,-1,200,30,154,70,0,-1,5800,-1,-1,14480,-1,-1,-1,-1,14494,-1,-1,-1,-1,-1,-1,-1,0,-1,0,0,0,1,1,1,0,0,-1,-1,0,0,0,0,0,0,-1,-1,4350,0,0,0,180,50,0.1,-1,-1,4350,4350,2.5,0,0,0,1,0,0,0,0,0,0,0,0,1,0,-1,-1,-1,-1,-1,-1,-1,-1,-1,0.1,0.4,-1,0,0,65,0.29,100,3003,-1,5003,6002,-1,0,0.5,0.6,0,-1,0,1,1,1,1,1,1,1,1,1,1,1,1,1,1,1,1,1,1,-1,0,-1,0,-1,-1,-1,-1,[0|0|0|0|0|0|0|0|0|0|0|0],
43531036,Leyndell Knight,0,0,[0|0|0],43500,1002,0,120,2,0.5,150,0,576,0,3000,-1,-1,10,0,0,-1,-1,0.6,-1,5401,0,14461,7090,0,0,0,0,-1,90,70,70,50,0,-1,-1,-1,-1,-1,-1,38,3000,3001,3002,3003,3004,3005,3006,3007,3008,3009,6001,6000,0,1,1,1,1,1,1,1,1,1.5,0,0,120,21,100,0,0,0,100,100,100,0,112,112,154,999,-1,-1,0,0,0,0,-1,4350,0,0,0,0,70,112,999,70,70,-1,10,0,12,0,0,8,3,40,110,110,0,0,2,0,70,70,70,70,0,0,0,0,0,22,7,0,0,0,0,0,0,0,0,0,1,1,0,0,0,0,0,0,0,0,0,0,0,0,0,0,0,0,0,0,0,0,0,1,0,1,0,0,1,0,0,0,0,0,0,0,0,0,0,0,0,0,0,0,0,0,0,0,2,0.5,0,0,0,0,0,0,0,0,0,100,1,0,1,106,109,139,106,139,106,0,90030,0,5851,90060,90161,0,5262,-1,35,0.4,0.9,0.65,0.9,1,0.8,0.8,0.6,0.8,80,0,0,-1,-1,256,2002,-1,200,30,154,70,0,-1,5800,-1,-1,14480,-1,-1,-1,-1,14494,-1,-1,-1,-1,-1,-1,-1,0,-1,0,0,0,1,1,1,0,0,-1,-1,0,0,0,0,0,0,-1,-1,4350,0,0,0,180,50,0.1,-1,-1,4350,4350,2.5,0,0,0,1,0,0,0,0,0,0,0,0,1,0,-1,-1,-1,-1,-1,-1,-1,-1,-1,0.1,0.4,-1,0,0,65,0.29,100,3003,-1,5003,6002,-1,0,0.5,0.6,0,-1,0,1,1,1,1,1,1,1,1,1,1,1,1,1,1,1,1,1,1,-1,0,-1,0,-1,-1,-1,-1,[0|0|0|0|0|0|0|0|0|0|0|0],
43531132,Leyndell Knight,0,0,[0|0|0],43500,1002,0,120,2,0.5,150,0,576,0,3000,435300200,-1,10,0,0,-1,-1,0.6,-1,5401,0,14462,7090,0,0,0,0,-1,90,70,70,50,0,-1,-1,-1,-1,-1,-1,38,3000,3001,3002,3003,3004,3005,3006,3007,3008,3009,6001,6000,0,1,1,1,1,1,1,1,1,1.5,0,0,120,21,100,0,0,0,100,100,100,0,112,112,154,999,-1,-1,0,0,0,0,-1,4350,0,0,0,0,70,112,999,70,70,-1,10,0,12,0,0,48,3,40,110,110,0,0,2,0,70,70,70,70,0,0,0,0,0,22,7,0,0,0,0,0,0,0,0,0,1,1,0,0,0,0,0,0,0,0,0,0,0,0,0,0,0,0,0,0,0,0,0,1,0,1,0,0,1,0,0,0,0,0,0,0,0,0,0,0,0,0,0,0,0,0,0,0,2,0.5,0,0,0,0,0,0,0,0,0,100,1,0,1,106,109,139,106,139,106,0,90030,0,5851,90060,90161,0,5262,-1,35,0.4,0.9,0.65,0.9,1,0.8,0.8,0.6,0.8,80,0,0,-1,-1,256,2002,-1,200,30,154,70,0,-1,5800,5010,14450,14480,-1,-1,-1,-1,14494,-1,-1,-1,-1,-1,-1,-1,0,-1,0,0,0,1,1,1,0,0,-1,-1,0,0,0,0,0,0,-1,-1,4350,0,0,0,180,50,0.1,-1,-1,4350,4350,2.5,0,0,0,1,0,0,0,0,0,0,0,0,1,0,-1,-1,-1,-1,-1,-1,-1,-1,-1,0.1,0.4,-1,0,0,65,0.29,100,3003,-1,5003,6002,-1,0,0.5,0.6,0,-1,0,1,1,1,1,1,1,1,1,1,1,1,1,1,1,1,1,1,1,-1,0,-1,0,-1,-1,-1,-1,[0|0|0|0|0|0|0|0|0|0|0|0],
43531136,Leyndell Knight,0,0,[0|0|0],43500,1002,0,120,2,0.5,150,0,576,0,3000,-1,-1,10,0,0,-1,-1,0.6,-1,5401,0,14462,7090,0,0,0,0,-1,90,70,70,50,0,-1,-1,-1,-1,-1,-1,38,3000,3001,3002,3003,3004,3005,3006,3007,3008,3009,6001,6000,0,1,1,1,1,1,1,1,1,1.5,0,0,120,21,100,0,0,0,100,100,100,0,112,112,154,999,-1,-1,0,0,0,0,-1,4350,0,0,0,0,70,112,999,70,70,-1,10,0,12,0,0,8,3,40,110,110,0,0,2,0,70,70,70,70,0,0,0,0,0,22,7,0,0,0,0,0,0,0,0,0,1,1,0,0,0,0,0,0,0,0,0,0,0,0,0,0,0,0,0,0,0,0,0,1,0,1,0,0,1,0,0,0,0,0,0,0,0,0,0,0,0,0,0,0,0,0,0,0,2,0.5,0,0,0,0,0,0,0,0,0,100,1,0,1,106,109,139,106,139,106,0,90030,0,5851,90060,90161,0,5262,-1,35,0.4,0.9,0.65,0.9,1,0.8,0.8,0.6,0.8,80,0,0,-1,-1,256,2002,-1,200,30,154,70,0,-1,5800,5010,14450,14480,-1,-1,-1,-1,14494,-1,-1,-1,-1,-1,-1,-1,0,-1,0,0,0,1,1,1,0,0,-1,-1,0,0,0,0,0,0,-1,-1,4350,0,0,0,180,50,0.1,-1,-1,4350,4350,2.5,0,0,0,1,0,0,0,0,0,0,0,0,1,0,-1,-1,-1,-1,-1,-1,-1,-1,-1,0.1,0.4,-1,0,0,65,0.29,100,3003,-1,5003,6002,-1,0,0.5,0.6,0,-1,0,1,1,1,1,1,1,1,1,1,1,1,1,1,1,1,1,1,1,-1,0,-1,0,-1,-1,-1,-1,[0|0|0|0|0|0|0|0|0|0|0|0],
43531234,Leyndell Knight (Leyndell),0,0,[0|0|0],43500,1002,0,120,2,0.5,150,0,576,0,3000,435300100,-1,10,0,0,-1,-1,0.6,-1,5401,0,14461,7100,0,0,0,0,-1,90,70,70,50,0,-1,-1,-1,-1,-1,-1,38,3000,3001,3002,3003,3004,3005,3006,3007,3008,3009,6001,6000,0,1,1,1,1,1,1,1,1,1.5,0,0,120,21,100,0,0,0,100,100,100,0,112,112,154,999,-1,-1,0,0,0,0,-1,4350,0,0,0,0,70,999,999,70,70,-1,10,0,12,0,0,6,3,40,110,110,0,1,2,0,70,70,70,70,0,0,0,0,0,22,7,0,0,0,0,0,0,0,0,0,1,1,0,0,0,0,0,0,0,0,0,0,0,0,0,0,0,0,0,0,0,0,0,1,0,1,0,0,1,0,0,0,0,0,0,0,0,0,0,0,0,0,0,0,0,0,0,0,2,0.5,0,0,0,0,0,0,0,0,0,100,1,0,1,106,109,139,106,139,106,0,90030,0,90300,90060,90161,0,5262,-1,35,0.4,0.9,0.65,0.9,1,0.8,0.8,0.6,0.8,80,0,0,-1,-1,256,2002,-1,200,30,154,70,0,-1,5800,-1,-1,14480,-1,-1,-1,-1,14494,-1,-1,-1,-1,-1,-1,-1,0,-1,0,0,0,1,1,1,0,0,-1,-1,0,0,0,0,0,0,-1,-1,4350,0,0,0,180,50,0.1,-1,-1,4350,4350,2.5,0,0,0,1,0,0,0,0,0,0,0,0,1,0,-1,-1,-1,-1,-1,-1,-1,-1,-1,0.1,0.4,-1,0,0,65,0.29,100,3003,-1,5003,-1,-1,0,0.5,0.6,0,-1,0,1,1,1,1,1,1,1,1,1,1,1,1,1,1,1,1,1,1,-1,0,-1,0,-1,-1,-1,-1,[0|0|0|0|0|0|0|0|0|0|0|0],
43540042,Redmane Knight,0,0,[0|0|0],43500,1002,0,120,2,0.5,150,0,576,0,400,435400000,-1,10,0,0,-1,-1,0.6,-1,5400,0,14461,7150,0,0,0,0,-1,90,70,80,50,0,-1,-1,-1,-1,-1,-1,25,3000,3001,3002,3003,3004,3005,3006,3007,3008,3009,6001,6000,0,1,1,1,1,1,1,1,1,1.5,0,0,120,21,100,0,0,0,100,100,100,0,112,112,154,999,-1,-1,0,0,0,0,-1,4350,0,0,0,0,70,112,999,70,70,-1,10,0,12,0,0,48,3,40,110,110,0,0,2,0,70,75,70,70,0,0,0,0,0,22,7,0,0,0,0,0,0,0,0,1,1,0,0,0,0,0,0,0,0,0,0,0,0,0,0,0,0,0,0,0,0,0,0,0,0,1,0,0,1,0,0,0,0,0,0,0,0,0,0,0,0,0,0,0,0,0,0,0,2,0.5,0,0,0,0,0,0,0,0,0,100,1,0,1,106,109,139,106,139,106,0,90030,0,5851,90060,90161,0,5262,-1,35,0.4,0.9,0.65,0.9,1,0.8,0.6,1,0.8,70,0,0,-1,-1,256,2002,-1,200,30,154,70,0,-1,5800,-1,-1,14480,-1,-1,14477,-1,14494,-1,-1,-1,-1,-1,-1,-1,0,-1,0,0,0,1,1,1,0,0,-1,-1,0,0,0,0,0,0,-1,-1,4350,0,0,0,180,50,0.1,-1,-1,4350,4350,2.5,0,0,0,1,0,0,0,0,0,0,0,0,1,0,-1,-1,-1,-1,-1,-1,-1,-1,-1,0.1,0.4,-1,0,0,65,0.29,100,3003,-1,5003,6002,-1,0,0.5,0.6,0,-1,0,1,1,1,1,1,1,1,1,1,1,1,1,1,1,1,1,1,1,-1,0,-1,0,-1,-1,-1,-1,[0|0|0|0|0|0|0|0|0|0|0|0],
43540242,Redmane Knight,0,0,[0|0|0],43500,-1,0,120,2,0.5,150,0,576,0,400,-1,-1,10,0,0,-1,-1,0.6,-1,5400,0,14461,7150,0,0,90000,90010,-1,90,70,80,50,0,-1,-1,-1,-1,-1,-1,25,3000,3001,3002,3003,3004,3005,3006,3007,3008,3009,6001,6000,0,1,1,1,1,1,1,1,1,1.5,0,0,120,21,100,0,0,0,100,100,100,0,999,999,999,999,-1,-1,0,0,0,0,-1,4350,1,0,0,0,70,112,999,70,70,-1,10,0,12,0,0,48,3,40,143,143,0,0,2,0,70,75,70,70,0,0,0,0,0,22,7,0,0,0,0,0,0,0,0,1,1,0,0,0,0,0,0,0,0,0,0,0,0,0,0,0,0,0,0,0,0,0,0,0,0,1,0,0,1,0,0,0,0,0,0,0,0,0,0,0,0,0,0,0,0,0,0,0,2,0.5,0,0,0,0,0,0,0,0,0,100,1,0,1,106,142,139,106,139,106,90020,90030,90040,5851,90060,90100,0,5262,-1,35,0.4,0.9,0.65,0.9,1,0.8,0.6,1,0.8,70,0,0,-1,-1,256,-1,-1,200,30,999,70,0,-1,5800,-1,-1,14480,-1,-1,14477,-1,-1,14479,-1,-1,-1,-1,14472,4300,0,-1,0,0,0,1,1,1,0,0,-1,-1,0,0,0,0,0,0,-1,-1,4350,0,0,0,180,50,0.1,-1,-1,4350,4350,2.5,0,0,0,1,0,0,0,0,0,0,0,0,1,0,-1,-1,-1,-1,-1,-1,-1,-1,-1,0.1,0.4,-1,0,0,65,0.29,100,-1,-1,-1,6002,-1,0,0.5,0.6,0,-1,0,1,1,1,1,1,1,1,1,1,1,1,1,1,1,1,1,1,1,-1,0,-1,0,-1,-1,-1,-1,[0|0|0|0|0|0|0|0|0|0|0|0],
43541042,Redmane Knight,0,0,[0|0|0],43500,1002,0,120,2,0.5,150,0,576,0,400,435400100,-1,10,0,0,-1,-1,0.6,-1,5401,0,14461,7150,0,0,0,0,-1,90,70,80,50,0,-1,-1,-1,-1,-1,-1,38,3000,3001,3002,3003,3004,3005,3006,3007,3008,3009,6001,6000,0,1,1,1,1,1,1,1,1,1.5,0,0,120,21,100,0,0,0,100,100,100,0,112,112,154,999,-1,-1,0,0,0,0,-1,4350,0,0,0,0,70,112,999,70,70,-1,10,0,12,0,0,48,3,40,110,110,0,0,2,0,70,75,70,70,0,0,0,0,0,22,7,0,0,0,0,0,0,0,0,0,1,1,0,0,0,0,0,0,0,0,0,0,0,0,0,0,0,0,0,0,0,0,0,1,0,1,0,0,1,0,0,0,0,0,0,0,0,0,0,0,0,0,0,0,0,0,0,0,2,0.5,0,0,0,0,0,0,0,0,0,100,1,0,1,106,109,139,106,139,106,0,90030,0,5851,90060,90161,0,5262,-1,35,0.4,0.9,0.65,0.9,1,0.8,0.6,1,0.8,70,0,0,-1,-1,256,2002,-1,200,30,154,70,0,-1,5800,-1,-1,14480,-1,-1,-1,-1,14494,-1,-1,-1,-1,-1,-1,-1,0,-1,0,0,0,1,1,1,0,0,-1,-1,0,0,0,0,0,0,-1,-1,4350,0,0,0,180,50,0.1,-1,-1,4350,4350,2.5,0,0,0,1,0,0,0,0,0,0,0,0,1,0,-1,-1,-1,-1,-1,-1,-1,-1,-1,0.1,0.4,-1,0,0,65,0.29,100,3003,-1,5003,6002,-1,0,0.5,0.6,0,-1,0,1,1,1,1,1,1,1,1,1,1,1,1,1,1,1,1,1,1,-1,0,-1,0,-1,-1,-1,-1,[0|0|0|0|0|0|0|0|0|0|0|0],
43542042,Redmane Knight,0,0,[0|0|0],43500,1002,0,120,2,0.5,150,0,576,0,400,435400300,-1,10,0,0,-1,-1,0.6,-1,5402,0,14461,7150,0,0,0,0,-1,90,70,80,50,0,-1,-1,-1,-1,-1,-1,38,3000,3001,3002,3003,3004,3005,3006,3007,3008,3009,6001,6000,0,1,1,1,1,1,1,1,1,1.5,0,0,120,21,100,0,0,0,100,100,100,0,112,112,154,999,-1,-1,0,0,0,0,-1,4350,0,0,0,0,70,112,999,70,70,-1,10,0,12,0,0,48,3,40,110,110,0,0,2,0,70,75,70,70,0,0,0,0,0,22,7,0,0,0,0,0,0,0,0,0,0,0,1,0,0,0,0,0,0,0,0,0,0,0,0,0,0,0,0,0,0,0,0,0,0,1,0,0,1,0,0,0,0,0,0,0,0,0,0,0,0,0,0,0,0,0,0,0,2,0.5,0,0,0,0,0,0,0,0,0,100,1,0,1,106,109,139,106,139,106,0,90030,0,5851,90060,90161,0,5262,-1,35,0.4,0.9,0.65,0.9,1,0.8,0.6,1,0.8,70,0,0,-1,-1,256,2002,-1,200,30,154,70,0,-1,5800,-1,-1,14480,14473,14476,-1,-1,14494,-1,-1,-1,-1,-1,-1,-1,0,-1,0,0,0,1,1,1,0,0,-1,-1,0,0,0,0,0,0,-1,-1,4350,0,0,0,180,50,0.1,-1,-1,4350,4350,2.5,0,0,0,1,0,0,0,0,0,0,0,0,1,0,-1,-1,-1,-1,-1,-1,-1,-1,-1,0.1,0.4,-1,0,0,65,0.29,100,3003,-1,5003,6002,-1,0,0.5,0.6,0,-1,0,1,1,1,1,1,1,1,1,1,1,1,1,1,1,1,1,1,1,-1,0,-1,0,-1,-1,-1,-1,[0|0|0|0|0|0|0|0|0|0|0|0],
43550052,Mausoleum Knight,0,0,[0|0|0],43500,-1,0,120,2,0.5,150,0,576,0,400,435500000,-1,10,0,0,-1,-1,0.6,-1,5400,0,14461,7160,0,0,90000,90010,-1,90,80,70,70,0,-1,-1,-1,-1,-1,-1,25,3000,3001,3002,3003,3004,3005,3006,3007,3008,3009,6001,6000,0,1,1,1,1,1,1,1,1,1.5,0,0,120,21,100,0,0,0,100,100,100,0,999,999,999,999,-1,-1,0,0,0,0,-1,4350,1,0,0,0,70,999,999,70,70,-1,10,0,12,0,0,6,3,40,143,143,0,0,2,0,70,70,70,70,0,0,0,0,0,22,7,0,0,0,0,0,0,0,0,1,1,0,0,0,0,0,0,0,0,0,0,0,0,0,0,0,0,0,0,0,0,0,0,0,0,1,0,0,1,0,0,0,0,0,0,0,0,0,0,0,0,0,0,0,0,0,0,0,2,0.5,0,0,0,0,0,0,0,0,0,100,1,0,1,106,142,139,139,139,106,90020,90030,90040,90300,90060,90100,0,-1,-1,35,0.4,0.9,0.65,0.9,1,0.8,0.8,1,1,50,0,0,-1,-1,256,-1,-1,200,30,999,70,0,-1,5800,-1,-1,14480,-1,-1,14477,14495,-1,14479,-1,-1,-1,-1,-1,-1,0,-1,0,0,0,1,1,1,0,0,-1,-1,0,0,0,0,0,0,-1,-1,4350,0,0,0,180,50,0.1,-1,-1,4350,4350,2.5,0,0,0,1,0,0,0,0,0,0,0,0,1,0,-1,-1,-1,-1,-1,-1,-1,-1,-1,0.1,0.4,-1,0,0,65,0.29,100,-1,-1,-1,-1,-1,0,0.5,0.6,0,-1,0,1,1,1,1,1,1,1,1,1,1,1,1,1,1,1,1,1,1,-1,0,-1,0,-1,-1,-1,-1,[0|0|0|0|0|0|0|0|0|0|0|0],
43551052,Mausoleum Knight,0,0,[0|0|0],43500,-1,0,120,2,0.5,150,0,576,0,400,435500100,-1,10,0,0,-1,-1,0.6,-1,5401,0,14461,7160,0,0,90000,90010,-1,90,80,70,70,0,-1,-1,-1,-1,-1,-1,38,3000,3001,3002,3003,3004,3005,3006,3007,3008,3009,6001,6000,0,1,1,1,1,1,1,1,1,1.5,0,0,120,21,100,0,0,0,100,100,100,0,999,999,999,999,-1,-1,0,0,0,0,-1,4350,1,0,0,0,70,999,999,70,70,-1,10,0,12,0,0,6,3,40,143,143,0,0,2,0,70,70,70,70,0,0,0,0,0,22,7,0,0,0,0,0,0,0,0,0,1,1,0,0,0,0,0,0,0,0,0,0,0,0,0,0,0,0,0,0,0,0,0,1,0,1,0,0,1,0,0,0,0,0,0,0,0,0,0,0,0,0,0,0,0,0,0,0,2,0.5,0,0,0,0,0,0,0,0,0,100,1,0,1,106,142,139,139,139,106,90020,90030,90040,90300,90060,90100,0,-1,-1,35,0.4,0.9,0.65,0.9,1,0.8,0.8,1,1,50,0,0,-1,-1,256,-1,-1,200,30,999,70,0,-1,5800,-1,-1,14480,-1,-1,-1,14495,-1,14479,-1,-1,-1,-1,-1,-1,0,-1,0,0,0,1,1,1,0,0,-1,-1,0,0,0,0,0,0,-1,-1,4350,0,0,0,180,50,0.1,-1,-1,4350,4350,2.5,0,0,0,1,0,0,0,0,0,0,0,0,1,0,-1,-1,-1,-1,-1,-1,-1,-1,-1,0.1,0.4,-1,0,0,65,0.29,100,-1,-1,-1,-1,-1,0,0.5,0.6,0,-1,0,1,1,1,1,1,1,1,1,1,1,1,1,1,1,1,1,1,1,-1,0,-1,0,-1,-1,-1,-1,[0|0|0|0|0|0|0|0|0|0|0|0],
43551066,Mausoleum Knight,0,0,[0|0|0],43500,-1,0,120,2,0.5,150,0,576,0,400,435500100,-1,10,0,0,-1,-1,0.6,-1,5401,0,14461,7110,0,0,90000,90010,-1,90,80,70,70,0,-1,-1,-1,-1,-1,-1,38,3000,3001,3002,3003,3004,3005,3006,3007,3008,3009,6001,6000,0,1,1,1,1,1,1,1,1,1.5,0,0,120,21,100,0,0,0,100,100,100,0,999,999,999,999,-1,-1,0,0,0,0,-1,4350,1,0,0,0,70,999,999,70,70,-1,10,0,12,0,0,6,3,40,143,143,0,0,2,0,70,70,70,70,0,0,0,0,0,22,7,0,0,0,0,0,0,0,0,0,1,1,0,0,0,0,0,0,0,0,0,0,0,0,0,0,0,0,0,0,0,0,0,1,0,1,0,0,1,0,0,0,0,0,0,0,0,0,0,0,0,0,0,0,0,0,0,0,2,0.5,0,0,0,0,0,0,0,0,0,100,1,0,1,106,142,139,139,139,106,90020,90030,90040,90300,90060,90100,0,-1,-1,35,0.4,0.9,0.65,0.9,1,0.8,0.8,1,1,50,0,0,-1,-1,256,-1,-1,200,30,999,70,0,-1,5800,-1,-1,14480,-1,-1,-1,14495,-1,14479,-1,-1,-1,-1,-1,4300,0,-1,0,0,0,1,1,1,0,0,-1,-1,0,0,0,0,0,0,-1,-1,4350,0,0,0,180,50,0.1,-1,-1,4350,4350,2.5,0,0,0,1,0,0,0,0,0,0,0,0,1,0,-1,-1,-1,-1,-1,-1,-1,-1,-1,0.1,0.4,-1,0,0,65,0.29,100,-1,-1,-1,-1,-1,0,0.5,0.6,0,-1,0,1,1,1,1,1,1,1,1,1,1,1,1,1,1,1,1,1,1,-1,0,-1,0,-1,-1,-1,-1,[0|0|0|0|0|0|0|0|0|0|0|0],
43551152,Mausoleum Knight,0,0,[0|0|0],43500,-1,0,120,2,0.5,150,0,576,0,400,435500200,-1,10,0,0,-1,-1,0.6,-1,5401,0,14462,7160,0,0,90000,90010,-1,90,80,70,70,0,-1,-1,-1,-1,-1,-1,38,3000,3001,3002,3003,3004,3005,3006,3007,3008,3009,6001,6000,0,1,1,1,1,1,1,1,1,1.5,0,0,120,21,100,0,0,0,100,100,100,0,999,999,999,999,-1,-1,0,0,0,0,-1,4350,1,0,0,0,70,999,999,70,70,-1,10,0,12,0,0,6,3,40,143,143,0,0,2,0,70,70,70,70,0,0,0,0,0,22,7,0,0,0,0,0,0,0,0,0,1,1,0,0,0,0,0,0,0,0,0,0,0,0,0,0,0,0,0,0,0,0,0,1,0,1,0,0,1,0,0,0,0,0,0,0,0,0,0,0,0,0,0,0,0,0,0,0,2,0.5,0,0,0,0,0,0,0,0,0,100,1,0,1,106,142,139,139,139,106,90020,90030,90040,90300,90060,90100,0,-1,-1,35,0.4,0.9,0.65,0.9,1,0.8,0.8,1,1,50,0,0,-1,-1,256,-1,-1,200,30,999,70,0,-1,5800,5010,14450,14480,-1,-1,-1,14495,-1,14479,-1,-1,-1,-1,-1,-1,0,-1,0,0,0,1,1,1,0,0,-1,-1,0,0,0,0,0,0,-1,-1,4350,0,0,0,180,50,0.1,-1,-1,4350,4350,2.5,0,0,0,1,0,0,0,0,0,0,0,0,1,0,-1,-1,-1,-1,-1,-1,-1,-1,-1,0.1,0.4,-1,0,0,65,0.29,100,-1,-1,-1,-1,-1,0,0.5,0.6,0,-1,0,1,1,1,1,1,1,1,1,1,1,1,1,1,1,1,1,1,1,-1,0,-1,0,-1,-1,-1,-1,[0|0|0|0|0|0|0|0|0|0|0|0],
43552052,Mausoleum Knight,0,0,[0|0|0],43500,-1,0,120,2,0.5,150,0,576,0,400,435500300,-1,10,0,0,-1,-1,0.6,-1,5402,0,14461,7160,0,0,90000,90010,-1,90,80,70,70,0,-1,-1,-1,-1,-1,-1,38,3000,3001,3002,3003,3004,3005,3006,3007,3008,3009,6001,6000,0,1,1,1,1,1,1,1,1,1.5,0,0,120,21,100,0,0,0,100,100,100,0,999,999,999,999,-1,-1,0,0,0,0,-1,4350,1,0,0,0,70,999,999,70,70,-1,10,0,12,0,0,6,3,40,143,143,0,0,2,0,70,70,70,70,0,0,0,0,0,22,7,0,0,0,0,0,0,0,0,0,0,0,1,0,0,0,0,0,0,0,0,0,0,0,0,0,0,0,0,0,0,0,0,0,0,1,0,0,1,0,0,0,0,0,0,0,0,0,0,0,0,0,0,0,0,0,0,0,2,0.5,0,0,0,0,0,0,0,0,0,100,1,0,1,106,142,139,139,139,106,90020,90030,90040,90300,90060,90100,0,-1,-1,35,0.4,0.9,0.65,0.9,1,0.8,0.8,1,1,50,0,0,-1,-1,256,-1,-1,200,30,999,70,0,-1,5800,-1,-1,14480,14473,14476,-1,14495,-1,14479,-1,-1,-1,-1,-1,-1,0,-1,0,0,0,1,1,1,0,0,-1,-1,0,0,0,0,0,0,-1,-1,4350,0,0,0,180,50,0.1,-1,-1,4350,4350,2.5,0,0,0,1,0,0,0,0,0,0,0,0,1,0,-1,-1,-1,-1,-1,-1,-1,-1,-1,0.1,0.4,-1,0,0,65,0.29,100,-1,-1,-1,-1,-1,0,0.5,0.6,0,-1,0,1,1,1,1,1,1,1,1,1,1,1,1,1,1,1,1,1,1,-1,0,-1,0,-1,-1,-1,-1,[0|0|0|0|0|0|0|0|0|0|0|0],
43710040,Godrick Foot Soldier,0,0,[0|0|0],43700,1000,0,120,1.9,0.4,100,0,147,0,100,-1,-1,10,0,0,-1,-1,0.35,-1,5400,0,0,7070,0,0,0,0,-1,0,0,0,0,0,-1,-1,-1,-1,-1,-1,16,3000,3001,3002,3003,3004,3005,3006,3007,3008,3009,6001,6000,0,1,1,1,1,1,1,1,1,1.5,-0.53846157,0,50,21,100,0,0,0,100,100,100,0,63,63,84,999,-1,-1,0,0,0,0,-1,4370,0,0,0,0,0,84,999,0,0,-1,10,0,11,0,0,48,3,40,110,110,0,0,2,0,0,0,0,0,0,0,0,0,0,17,7,0,0,0,0,0,0,0,0,1,0,0,0,0,0,0,0,0,0,0,0,0,0,0,0,0,0,0,0,0,0,0,1,0,0,1,0,0,1,0,0,0,0,0,0,0,0,0,0,0,0,0,0,0,0,0,0,0,1.9,0.4,0,0,0,0,0,0,0,0,0,100,1,0,1,108,109,139,108,139,108,0,90030,0,0,90060,90161,90200,5261,-1,0,0.4,1,1,1,1.1,1,1,1.2,1,0,0,0,-1,-1,128,2000,-1,100,30,84,0,0,-1,-1,13651,-1,5800,-1,-1,-1,-1,-1,13691,-1,-1,-1,-1,-1,-1,0,2,0,0,0,1,1,1,0,0,-1,-1,0,0,0,0,0,0,-1,-1,4370,0,0,0,180,50,0.1,-1,-1,4370,-1,1.8,0,0,0,1,0,0,0,0,0,0,0,0,1,0,-1,-1,-1,-1,-1,-1,-1,-1,-1,0.1,0.4,-1,0,0,30,0.29,100,3001,-1,5001,6001,-1,0,0.5,0.6,0,-1,0,1,1,1,1,1,1,1,1,1,1,1,1,1,1,1,1,1,1,-1,0,-1,0,-1,-1,-1,-1,[0|0|0|0|0|0|0|0|0|0|0|0],
43710540,Godrick Foot Soldier,0,0,[0|0|0],43700,1000,0,120,1.9,0.4,100,0,147,0,100,-1,-1,10,0,0,-1,-1,0.35,-1,5400,0,0,7070,0,0,0,0,-1,0,0,0,0,0,-1,-1,-1,-1,-1,-1,16,3000,3001,3002,3003,3004,3005,3006,3007,3008,3009,6001,6000,0,1,1,1,1,1,1,1,1,1.5,-0.53846157,0,50,21,100,0,0,0,100,100,100,0,63,63,84,999,-1,-1,0,0,0,0,-1,4370,0,0,0,0,0,84,999,0,0,-1,10,0,11,0,0,48,3,40,110,110,0,0,2,0,0,0,0,0,0,0,0,0,0,17,7,0,0,0,0,0,0,0,0,1,0,0,0,0,0,0,0,0,0,0,0,0,0,0,0,0,0,0,0,0,0,0,1,0,0,1,0,0,1,0,0,0,0,0,0,0,0,0,0,0,0,0,0,0,0,0,0,0,1.9,0.4,0,0,0,0,0,0,0,0,0,100,1,0,1,108,109,139,108,139,108,0,90030,0,0,90060,90161,90200,5261,-1,0,0.4,1,1,1,1.1,1,1,1.2,1,0,0,0,-1,-1,128,2000,-1,100,30,84,0,0,-1,-1,13651,13659,5800,-1,-1,-1,-1,-1,13691,-1,-1,-1,-1,-1,-1,0,2,0,0,0,1,1,1,0,0,-1,-1,0,0,0,0,0,0,-1,-1,4370,0,0,0,180,50,0.1,-1,-1,4370,-1,1.8,0,0,0,1,0,0,0,0,0,0,0,0,1,0,-1,-1,-1,-1,-1,-1,-1,-1,-1,0.1,0.4,-1,0,0,30,0.29,100,3001,-1,5001,6001,-1,0,0.5,0.6,0,-1,0,1,1,1,1,1,1,1,1,1,1,1,1,1,1,1,1,1,1,-1,0,-1,0,-1,-1,-1,-1,[0|0|0|0|0|0|0|0|0|0|0|0],
43711040,Godrick Foot Soldier,0,0,[0|0|0],43700,1000,0,120,1.9,0.4,100,0,147,0,100,-1,-1,10,0,0,-1,-1,0.35,-1,5400,0,0,7070,0,0,0,0,-1,0,0,0,0,0,-1,-1,-1,-1,-1,-1,16,3000,3001,3002,3003,3004,3005,3006,3007,3008,3009,6001,6000,0,1,1,1,1,1,1,1,1,1.5,-0.53846157,0,50,21,100,0,0,0,100,100,100,0,63,63,84,999,-1,-1,0,0,0,0,-1,4370,0,0,0,0,0,84,999,0,0,-1,10,0,11,0,0,48,3,40,110,110,0,0,2,0,0,0,0,0,0,0,0,0,0,17,7,0,0,0,0,0,0,0,0,1,0,0,0,0,1,0,0,0,0,0,0,0,0,0,0,0,0,0,0,0,0,0,1,0,0,1,0,0,1,0,0,0,0,0,0,0,0,0,0,0,0,0,0,0,0,0,0,0,1.9,0.4,0,0,0,0,0,0,0,0,0,100,1,0,1,108,109,139,108,139,108,0,90030,0,0,90060,90161,90200,5261,-1,0,0.4,1,1,1,1.1,1,1,1.2,1,0,0,0,-1,-1,128,2000,-1,100,30,84,0,0,-1,-1,13651,13650,5800,-1,-1,-1,-1,-1,13691,-1,-1,-1,-1,-1,-1,0,2,0,0,0,1,1,1,0,0,-1,-1,0,0,0,0,0,0,-1,-1,4370,0,0,0,180,50,0.1,-1,-1,4370,-1,1.8,0,0,0,1,0,0,0,0,0,0,0,0,1,0,-1,-1,-1,-1,-1,-1,-1,-1,-1,0.1,0.4,-1,0,0,30,0.29,100,3001,-1,5001,6001,-1,0,0.5,0.6,0,-1,0,1,1,1,1,1,1,1,1,1,1,1,1,1,1,1,1,1,1,-1,0,-1,0,-1,-1,-1,-1,[0|0|0|0|0|0|0|0|0|0|0|0],
43711512,Godrick Foot Soldier,0,0,[0|0|0],43700,1000,0,120,1.9,0.4,100,0,147,0,100,437100030,-1,10,0,0,-1,-1,0.35,-1,5400,0,0,7020,0,0,0,0,-1,0,0,0,0,0,-1,-1,-1,-1,-1,-1,16,3000,3001,3002,3003,3004,3005,3006,3007,3008,3009,6001,6000,0,1,1,1,1,1,1,1,1,1.5,-0.53846157,0,50,21,100,0,0,0,100,100,100,0,63,63,84,999,-1,-1,0,0,0,0,-1,4370,0,0,0,0,0,84,999,0,0,-1,10,0,11,0,0,48,3,40,110,110,0,0,2,0,0,0,0,0,0,0,0,0,0,17,7,0,0,0,0,0,0,0,0,1,0,0,0,0,0,0,0,0,0,0,0,0,0,0,0,0,0,0,0,0,0,0,1,0,0,1,0,0,1,0,0,0,0,0,0,0,0,0,0,0,0,0,0,0,0,0,0,0,1.9,0.4,0,0,0,0,0,0,0,0,0,100,1,0,1,108,109,139,108,139,108,0,90030,0,0,90060,90161,90200,5261,-1,0,0.4,1,1,1,1.1,1,1,1.2,1,0,0,0,-1,-1,128,2000,-1,100,30,84,0,0,-1,-1,13651,-1,5800,5012,5813,-1,5231,-1,13691,-1,-1,-1,-1,-1,-1,0,2,0,0,0,1,1,1,0,0,-1,-1,0,0,0,0,0,0,-1,-1,4370,0,0,0,180,50,0.1,-1,-1,4370,-1,1.8,0,0,0,1,0,0,0,0,0,0,0,0,1,0,-1,-1,-1,-1,-1,-1,-1,-1,-1,0.1,0.4,-1,0,0,30,0.29,100,3001,-1,5001,6001,-1,0,0.5,0.6,0,-1,0,1,1,1,1,1,1,1,1,1,1,1,1,1,1,1,1,1,1,-1,0,-1,0,-1,-1,-1,-1,[0|0|0|0|0|0|0|0|0|0|0|0],
43711612,Godrick Foot Soldier,0,0,[0|0|0],43700,1000,0,120,1.9,0.4,100,0,147,0,100,437100000,-1,10,0,0,-1,-1,0.35,-1,5400,0,0,7020,0,0,0,0,-1,0,0,0,0,0,-1,-1,-1,-1,-1,-1,16,3000,3001,3002,3003,3004,3005,3006,3007,3008,3009,6001,6000,0,1,1,1,1,1,1,1,1,1.5,-0.53846157,0,50,21,100,0,0,0,100,100,100,0,63,63,84,999,-1,-1,0,0,0,0,-1,4370,0,0,0,0,0,84,999,0,0,-1,10,0,11,0,0,48,3,40,110,110,0,0,2,0,0,0,0,0,0,0,0,0,0,17,7,0,0,0,0,0,0,0,0,1,0,0,0,0,0,0,0,0,0,0,0,0,0,0,0,0,0,0,0,0,0,0,1,0,0,1,0,0,1,0,0,0,0,0,0,0,0,0,0,0,0,0,0,0,0,0,0,0,1.9,0.4,0,0,0,0,0,0,0,0,0,100,1,0,1,108,109,139,108,139,108,0,90030,0,0,90060,90161,90200,5261,-1,0,0.4,1,1,1,1.1,1,1,1.2,1,0,0,0,-1,-1,128,2000,-1,100,30,84,0,0,-1,-1,13651,-1,5800,-1,-1,13670,-1,-1,13691,-1,-1,-1,-1,-1,-1,0,2,0,0,0,1,1,1,0,0,-1,-1,0,0,0,0,0,0,-1,-1,4370,0,0,0,180,50,0.1,-1,-1,4370,-1,1.8,0,0,0,1,0,0,0,0,0,0,0,0,1,0,-1,-1,-1,-1,-1,-1,-1,-1,-1,0.1,0.4,-1,0,0,30,0.29,100,3001,-1,5001,6001,-1,0,0.5,0.6,0,-1,0,1,1,1,1,1,1,1,1,1,1,1,1,1,1,1,1,1,1,-1,0,-1,0,-1,-1,-1,-1,[0|0|0|0|0|0|0|0|0|0|0|0],
43711812,Godrick Foot Soldier,0,0,[0|0|0],43700,1000,0,120,1.9,0.4,100,0,147,0,100,437100000,-1,10,0,0,-1,-1,0.35,-1,5400,0,0,7020,0,0,0,0,-1,0,0,0,0,0,-1,-1,-1,-1,-1,-1,16,3000,3001,3002,3003,3004,3005,3006,3007,3008,3009,6001,6000,0,1,1,1,1,1,1,1,1,1.5,-0.53846157,0,50,21,100,0,0,0,100,100,100,0,63,63,84,999,-1,-1,0,0,0,0,-1,4370,0,0,0,0,0,84,999,0,0,-1,10,0,11,0,0,48,3,40,110,110,0,0,2,0,0,0,0,0,0,0,0,0,0,17,7,0,0,0,0,0,0,0,0,1,0,0,0,0,0,0,0,0,0,0,0,0,0,0,0,0,0,0,0,0,0,0,1,0,0,1,0,0,1,0,0,0,0,0,0,0,0,0,0,0,0,0,0,0,0,0,0,0,1.9,0.4,0,0,0,0,0,0,0,0,0,100,1,0,1,108,109,139,108,139,108,0,90030,0,0,90060,90161,90200,5261,-1,0,0.4,1,1,1,1.1,1,1,1.2,1,0,0,0,-1,-1,128,2000,-1,100,30,84,0,0,-1,-1,13651,-1,5800,5012,5813,-1,5232,-1,13691,-1,-1,-1,-1,-1,-1,0,2,0,0,0,1,1,1,0,0,-1,-1,0,0,0,0,0,0,-1,-1,4370,0,0,0,180,50,0.1,-1,-1,4370,-1,1.8,0,0,0,1,0,0,0,0,0,0,0,0,1,0,-1,-1,-1,-1,-1,-1,-1,-1,-1,0.1,0.4,-1,0,0,30,0.29,100,3001,-1,5001,6001,-1,0,0.5,0.6,0,-1,0,1,1,1,1,1,1,1,1,1,1,1,1,1,1,1,1,1,1,-1,0,-1,0,-1,-1,-1,-1,[0|0|0|0|0|0|0|0|0|0|0|0],
43712012,Godrick Foot Soldier,0,0,[0|0|0],43700,1000,0,120,1.9,0.4,100,0,147,0,100,437100100,-1,10,0,0,-1,-1,0.35,-1,5400,0,0,7020,0,0,0,0,-1,0,0,0,0,0,-1,-1,-1,-1,-1,-1,16,3000,3001,3002,3003,3004,3005,3006,3007,3008,3009,6001,6000,0,1,1,1,1,1,1,1,1,1.5,-0.53846157,0,50,21,100,0,0,0,100,100,100,0,63,63,84,999,-1,-1,0,0,0,0,-1,4370,0,0,0,0,0,84,999,0,0,-1,10,0,11,0,0,48,3,40,110,110,0,0,2,0,0,0,0,0,0,0,0,0,0,17,7,0,0,0,0,0,0,0,0,0,1,0,0,0,0,0,0,0,0,0,0,0,0,0,0,0,0,0,0,0,0,0,1,0,0,1,0,0,1,0,0,0,0,0,0,0,0,0,0,0,0,0,0,0,0,0,0,0,1.9,0.4,0,0,0,0,0,0,0,0,0,100,1,0,1,108,109,139,108,139,108,0,90030,0,0,90060,90161,90200,5261,-1,0,0.4,1,1,1,1.1,1,1,1.2,1,0,0,0,-1,-1,128,2000,-1,100,30,84,0,0,-1,-1,13652,-1,5800,-1,-1,-1,-1,-1,13691,-1,-1,-1,-1,-1,-1,0,2,0,0,0,1,1,1,0,0,-1,-1,0,0,0,0,0,0,-1,-1,4370,0,0,0,180,50,0.1,-1,-1,4370,-1,1.8,0,0,0,1,0,0,0,0,0,0,0,0,1,0,-1,-1,-1,-1,-1,-1,-1,-1,-1,0.1,0.4,-1,0,0,30,0.29,100,3001,-1,5001,6001,-1,0,0.5,0.6,0,-1,0,1,1,1,1,1,1,1,1,1,1,1,1,1,1,1,1,1,1,-1,0,-1,0,-1,-1,-1,-1,[0|0|0|0|0|0|0|0|0|0|0|0],
43712512,Godrick Foot Soldier,0,0,[0|0|0],43700,1000,0,120,1.9,0.4,100,0,147,0,100,437100110,-1,10,0,0,-1,-1,0.35,-1,5400,0,0,7020,0,0,0,0,-1,0,0,0,0,0,-1,-1,-1,-1,-1,-1,16,3000,3001,3002,3003,3004,3005,3006,3007,3008,3009,6001,6000,0,1,1,1,1,1,1,1,1,1.5,-0.53846157,0,50,21,100,0,0,0,100,100,100,0,63,63,84,999,-1,-1,0,0,0,0,-1,4370,0,0,0,0,0,84,999,0,0,-1,10,0,11,0,0,48,3,40,110,110,0,0,2,0,0,0,0,0,0,0,0,0,0,17,7,0,0,0,0,0,0,0,0,0,1,0,0,0,0,0,0,0,0,0,0,0,0,0,0,0,0,0,0,0,0,0,1,0,0,1,0,0,1,0,0,0,0,0,0,0,0,0,0,0,0,0,0,0,0,0,0,0,1.9,0.4,0,0,0,0,0,0,0,0,0,100,1,0,1,108,109,139,108,139,108,0,90030,0,0,90060,90161,90200,5261,-1,0,0.4,1,1,1,1.1,1,1,1.2,1,0,0,0,-1,-1,128,2000,-1,100,30,84,0,0,-1,-1,13652,13659,5800,-1,-1,-1,-1,-1,13691,-1,-1,-1,-1,-1,-1,0,2,0,0,0,1,1,1,0,0,-1,-1,0,0,0,0,0,0,-1,-1,4370,0,0,0,180,50,0.1,-1,-1,4370,-1,1.8,0,0,0,1,0,0,0,0,0,0,0,0,1,0,-1,-1,-1,-1,-1,-1,-1,-1,-1,0.1,0.4,-1,0,0,30,0.29,100,3001,-1,5001,6001,-1,0,0.5,0.6,0,-1,0,1,1,1,1,1,1,1,1,1,1,1,1,1,1,1,1,1,1,-1,0,-1,0,-1,-1,-1,-1,[0|0|0|0|0|0|0|0|0|0|0|0],
43712540,Godrick Foot Soldier,0,0,[0|0|0],43700,1000,0,120,1.9,0.4,100,0,147,0,100,-1,-1,10,0,0,-1,-1,0.35,-1,5400,0,0,7070,0,0,0,0,-1,0,0,0,0,0,-1,-1,-1,-1,-1,-1,16,3000,3001,3002,3003,3004,3005,3006,3007,3008,3009,6001,6000,0,1,1,1,1,1,1,1,1,1.5,-0.53846157,0,50,21,100,0,0,0,100,100,100,0,63,63,84,999,-1,-1,0,0,0,0,-1,4370,0,0,0,0,0,84,999,0,0,-1,10,0,11,0,0,48,3,40,110,110,0,0,2,0,0,0,0,0,0,0,0,0,0,17,7,0,0,0,0,0,0,0,0,0,1,0,0,0,0,0,0,0,0,0,0,0,0,0,0,0,0,0,0,0,0,0,1,0,0,1,0,0,1,0,0,0,0,0,0,0,0,0,0,0,0,0,0,0,0,0,0,0,1.9,0.4,0,0,0,0,0,0,0,0,0,100,1,0,1,108,109,139,108,139,108,0,90030,0,0,90060,90161,90200,5261,-1,0,0.4,1,1,1,1.1,1,1,1.2,1,0,0,0,-1,-1,128,2000,-1,100,30,84,0,0,-1,-1,13652,13659,5800,-1,-1,-1,-1,-1,13691,-1,-1,-1,-1,-1,-1,0,2,0,0,0,1,1,1,0,0,-1,-1,0,0,0,0,0,0,-1,-1,4370,0,0,0,180,50,0.1,-1,-1,4370,-1,1.8,0,0,0,1,0,0,0,0,0,0,0,0,1,0,-1,-1,-1,-1,-1,-1,-1,-1,-1,0.1,0.4,-1,0,0,30,0.29,100,3001,-1,5001,6001,-1,0,0.5,0.6,0,-1,0,1,1,1,1,1,1,1,1,1,1,1,1,1,1,1,1,1,1,-1,0,-1,0,-1,-1,-1,-1,[0|0|0|0|0|0|0|0|0|0|0|0],
43713012,Godrick Foot Soldier,0,0,[0|0|0],43700,1000,0,120,1.9,0.4,100,0,147,0,100,437100120,-1,10,0,0,-1,-1,0.35,-1,5400,0,0,7020,0,0,0,0,-1,0,0,0,0,0,-1,-1,-1,-1,-1,-1,16,3000,3001,3002,3003,3004,3005,3006,3007,3008,3009,6001,6000,0,1,1,1,1,1,1,1,1,1.5,-0.53846157,0,50,21,100,0,0,0,100,100,100,0,63,63,84,999,-1,-1,0,0,0,0,-1,4370,0,0,0,0,0,84,999,0,0,-1,10,0,11,0,0,48,3,40,110,110,0,0,2,0,0,0,0,0,0,0,0,0,0,17,7,0,0,0,0,0,0,0,0,0,1,0,0,0,1,0,0,0,0,0,0,0,0,0,0,0,0,0,0,0,0,0,1,0,0,1,0,0,1,0,0,0,0,0,0,0,0,0,0,0,0,0,0,0,0,0,0,0,1.9,0.4,0,0,0,0,0,0,0,0,0,100,1,0,1,108,109,139,108,139,108,0,90030,0,0,90060,90161,90200,5261,-1,0,0.4,1,1,1,1.1,1,1,1.2,1,0,0,0,-1,-1,128,2000,-1,100,30,84,0,0,-1,-1,13652,13650,5800,-1,-1,-1,-1,-1,13691,-1,-1,-1,-1,-1,-1,0,2,0,0,0,1,1,1,0,0,-1,-1,0,0,0,0,0,0,-1,-1,4370,0,0,0,180,50,0.1,-1,-1,4370,-1,1.8,0,0,0,1,0,0,0,0,0,0,0,0,1,0,-1,-1,-1,-1,-1,-1,-1,-1,-1,0.1,0.4,-1,0,0,30,0.29,100,3001,-1,5001,6001,-1,0,0.5,0.6,0,-1,0,1,1,1,1,1,1,1,1,1,1,1,1,1,1,1,1,1,1,-1,0,-1,0,-1,-1,-1,-1,[0|0|0|0|0|0|0|0|0|0|0|0],
43713040,Godrick Foot Soldier,0,0,[0|0|0],43700,1000,0,120,1.9,0.4,100,0,147,0,100,437100120,-1,10,0,0,-1,-1,0.35,-1,5400,0,0,7070,0,0,0,0,-1,0,0,0,0,0,-1,-1,-1,-1,-1,-1,16,3000,3001,3002,3003,3004,3005,3006,3007,3008,3009,6001,6000,0,1,1,1,1,1,1,1,1,1.5,-0.53846157,0,50,21,100,0,0,0,100,100,100,0,63,63,84,999,-1,-1,0,0,0,0,-1,4370,0,0,0,0,0,84,999,0,0,-1,10,0,11,0,0,48,3,40,110,110,0,0,2,0,0,0,0,0,0,0,0,0,0,17,7,0,0,0,0,0,0,0,0,0,1,0,0,0,1,0,0,0,0,0,0,0,0,0,0,0,0,0,0,0,0,0,1,0,0,1,0,0,1,0,0,0,0,0,0,0,0,0,0,0,0,0,0,0,0,0,0,0,1.9,0.4,0,0,0,0,0,0,0,0,0,100,1,0,1,108,109,139,108,139,108,0,90030,0,0,90060,90161,90200,5261,-1,0,0.4,1,1,1,1.1,1,1,1.2,1,0,0,0,-1,-1,128,2000,-1,100,30,84,0,0,-1,-1,13652,13650,5800,-1,-1,-1,-1,-1,13691,-1,-1,-1,-1,-1,-1,0,2,0,0,0,1,1,1,0,0,-1,-1,0,0,0,0,0,0,-1,-1,4370,0,0,0,180,50,0.1,-1,-1,4370,-1,1.8,0,0,0,1,0,0,0,0,0,0,0,0,1,0,-1,-1,-1,-1,-1,-1,-1,-1,-1,0.1,0.4,-1,0,0,30,0.29,100,3001,-1,5001,6001,-1,0,0.5,0.6,0,-1,0,1,1,1,1,1,1,1,1,1,1,1,1,1,1,1,1,1,1,-1,0,-1,0,-1,-1,-1,-1,[0|0|0|0|0|0|0|0|0|0|0|0],
43714040,Godrick Foot Soldier,0,0,[0|0|0],43700,1000,0,120,1.9,0.4,100,0,109,0,100,-1,-1,10,0,0,-1,-1,0.35,-1,5400,0,0,7070,0,0,0,0,-1,0,0,0,0,0,-1,-1,-1,-1,-1,-1,16,3000,3001,3002,3003,3004,3005,3006,3007,3008,3009,6001,6000,0,1,1,1,1,1,1,1,1,1.5,-0.53846157,0,50,21,100,0,0,0,100,100,100,0,63,63,84,999,-1,-1,0,0,0,0,-1,4370,0,0,0,0,0,84,999,0,0,-1,10,0,11,0,0,48,3,40,110,110,0,0,2,0,0,0,0,0,0,0,0,0,0,17,7,0,0,0,0,0,0,0,0,0,0,1,0,0,0,0,0,0,0,0,0,0,0,0,0,0,0,0,0,0,0,0,1,0,0,1,0,0,1,0,0,0,0,0,0,0,0,0,0,0,0,0,0,0,0,0,0,0,1.9,0.4,0,0,0,0,0,0,0,0,0,100,1,0,1,108,109,139,108,139,108,0,90030,0,0,90060,90161,90200,5261,-1,0,0.4,1,1,1,1.1,1,1,1.2,1,0,0,0,-1,-1,128,2000,-1,100,30,84,0,0,-1,-1,13653,13656,5800,-1,-1,-1,-1,-1,13691,-1,-1,-1,-1,-1,-1,0,2,0,0,0,1,1,1,0,0,-1,-1,0,0,0,0,0,0,-1,-1,4370,0,0,0,180,50,0.1,-1,-1,4370,-1,1.8,0,0,0,1,0,0,0,0,0,0,0,0,1,0,-1,-1,-1,-1,-1,-1,-1,-1,-1,0.1,0.4,-1,0,0,30,0.29,100,3001,-1,5001,6001,-1,0,0.5,0.6,0,-1,0,1,1,1,1,1,1,1,1,1,1,1,1,1,1,1,1,1,1,-1,0,-1,0,-1,-1,-1,-1,[0|0|0|0|0|0|0|0|0|0|0|0],
43716012,Godrick Foot Soldier,0,0,[0|0|0],43700,1000,0,120,1.9,0.4,100,0,147,0,100,437100300,-1,10,0,0,-1,-1,0.35,-1,5401,0,0,7020,0,0,0,0,-1,0,0,0,0,0,-1,-1,-1,-1,-1,-1,16,3000,3001,3002,3003,3004,3005,3006,3007,3008,3009,6001,6000,0,1,1,1,1,1,1,1,1,1.5,-0.53846157,0,50,21,100,0,0,0,100,100,100,0,63,63,84,999,-1,-1,0,0,0,0,-1,4370,0,0,0,0,0,84,999,0,0,-1,10,0,11,0,0,48,3,40,110,110,0,0,2,0,0,0,0,0,0,0,0,0,0,17,7,0,0,0,0,0,0,0,0,0,0,0,1,0,0,0,0,0,0,0,0,0,0,0,0,0,0,0,0,0,0,0,1,0,0,1,0,0,1,0,0,0,0,0,0,0,0,0,0,0,0,0,0,0,0,0,0,0,1.9,0.4,0,0,0,0,0,0,0,0,0,100,1,0,1,108,109,139,108,139,108,0,90030,0,0,90060,90161,90200,5261,-1,0,0.4,1,1,1,1.1,1,1,1.2,1,0,0,0,-1,-1,128,2000,-1,100,30,84,0,0,-1,-1,13654,-1,5800,-1,-1,-1,-1,-1,13691,-1,-1,-1,-1,-1,-1,0,2,0,0,0,1,1,1,0,0,-1,-1,0,0,0,0,0,0,-1,-1,4370,0,0,0,180,50,0.1,-1,-1,4370,-1,1.8,0,0,0,1,0,0,0,0,0,0,0,0,1,0,-1,-1,-1,-1,-1,-1,-1,-1,-1,0.1,0.4,-1,0,0,30,0.29,100,3001,-1,5001,6001,-1,0,0.5,0.6,0,-1,0,1,1,1,1,1,1,1,1,1,1,1,1,1,1,1,1,1,1,-1,0,-1,0,-1,-1,-1,-1,[0|0|0|0|0|0|0|0|0|0|0|0],
43716040,Godrick Foot Soldier,0,0,[0|0|0],43700,1000,0,120,1.9,0.4,100,0,147,0,100,-1,-1,10,0,0,-1,-1,0.35,-1,5401,0,0,7070,0,0,0,0,-1,0,0,0,0,0,-1,-1,-1,-1,-1,-1,16,3000,3001,3002,3003,3004,3005,3006,3007,3008,3009,6001,6000,0,1,1,1,1,1,1,1,1,1.5,-0.53846157,0,50,21,100,0,0,0,100,100,100,0,63,63,84,999,-1,-1,0,0,0,0,-1,4370,0,0,0,0,0,84,999,0,0,-1,10,0,11,0,0,48,3,40,110,110,0,0,2,0,0,0,0,0,0,0,0,0,0,17,7,0,0,0,0,0,0,0,0,0,0,0,1,0,0,0,0,0,0,0,0,0,0,0,0,0,0,0,0,0,0,0,1,0,0,1,0,0,1,0,0,0,0,0,0,0,0,0,0,0,0,0,0,0,0,0,0,0,1.9,0.4,0,0,0,0,0,0,0,0,0,100,1,0,1,108,109,139,108,139,108,0,90030,0,0,90060,90161,90200,5261,-1,0,0.4,1,1,1,1.1,1,1,1.2,1,0,0,0,-1,-1,128,2000,-1,100,30,84,0,0,-1,-1,13654,-1,5800,-1,-1,-1,-1,-1,13691,-1,-1,-1,-1,-1,-1,0,2,0,0,0,1,1,1,0,0,-1,-1,0,0,0,0,0,0,-1,-1,4370,0,0,0,180,50,0.1,-1,-1,4370,-1,1.8,0,0,0,1,0,0,0,0,0,0,0,0,1,0,-1,-1,-1,-1,-1,-1,-1,-1,-1,0.1,0.4,-1,0,0,30,0.29,100,3001,-1,5001,6001,-1,0,0.5,0.6,0,-1,0,1,1,1,1,1,1,1,1,1,1,1,1,1,1,1,1,1,1,-1,0,-1,0,-1,-1,-1,-1,[0|0|0|0|0|0|0|0|0|0|0|0],
43717012,Godrick Foot Soldier,0,0,[0|0|0],43700,1000,0,120,1.9,0.4,100,0,147,0,100,437000000,-1,10,0,0,-1,-1,0.35,-1,5401,0,0,7020,0,0,0,0,-1,0,0,0,0,0,-1,-1,-1,-1,-1,-1,16,3000,3001,3002,3003,3004,3005,3006,3007,3008,3009,6001,6000,0,1,1,1,1,1,1,1,1,1.5,-0.53846157,0,50,21,100,0,0,0,100,100,100,0,63,63,84,999,-1,-1,0,0,0,0,-1,4370,0,0,0,0,0,84,999,0,0,-1,10,0,11,0,0,6,3,40,110,110,0,0,2,0,0,0,0,0,0,0,0,0,0,17,7,0,0,0,0,0,0,0,0,0,0,0,0,1,0,0,0,0,0,0,0,0,0,0,0,0,0,0,0,0,0,0,1,0,0,1,0,0,1,0,0,0,0,0,0,0,0,0,0,0,0,1,0,0,0,0,0,0,1.9,0.4,0,0,0,0,0,0,0,0,0,100,1,0,1,108,109,139,108,139,108,0,90030,0,0,90060,90161,90200,5261,-1,0,0.4,1,1,1,1.1,1,1,1.2,1,0,0,0,-1,-1,128,2000,-1,100,30,84,0,0,-1,-1,13655,13658,5800,-1,-1,-1,-1,-1,13691,-1,-1,-1,-1,-1,-1,0,2,0,0,0,1,1,1,0,0,-1,-1,0,0,0,0,0,0,-1,-1,4370,0,0,0,180,50,0.1,-1,-1,4370,-1,1.8,0,0,0,1,0,0,0,0,0,0,0,0,1,0,-1,-1,-1,-1,-1,-1,-1,-1,-1,0.1,0.4,-1,0,0,30,0.29,100,3001,-1,5001,6001,-1,0,0.5,0.6,0,-1,0,1,1,1,1,1,1,1,1,1,1,1,1,1,1,1,1,1,1,-1,0,-1,0,-1,-1,-1,-1,[0|0|0|0|0|0|0|0|0|0|0|0],
43731050,Leyndell Foot Soldier,0,0,[0|0|0],43700,1000,0,120,1.9,0.4,100,0,147,0,100,437300020,-1,10,0,0,-1,-1,0.35,-1,5400,0,0,7120,0,0,0,0,-1,0,0,0,0,0,-1,-1,-1,-1,-1,-1,16,3000,3001,3002,3003,3004,3005,3006,3007,3008,3009,6001,6000,0,1,1,1,1,1,1,1,1,1.5,-0.53846157,0,50,21,100,0,0,0,100,100,100,0,63,63,84,999,-1,-1,0,0,0,0,-1,4370,0,0,0,0,0,84,999,0,0,-1,10,0,11,0,0,6,3,40,110,110,0,0,2,0,0,0,0,0,0,0,0,0,0,17,7,0,0,0,0,0,0,0,0,1,0,0,0,0,1,0,0,0,0,0,0,0,0,0,0,0,0,0,0,0,0,0,1,0,0,1,0,0,1,0,0,0,0,0,0,0,0,0,0,0,0,0,0,0,0,0,0,0,1.9,0.4,0,0,0,0,0,0,0,0,0,100,1,0,1,108,109,139,108,139,108,0,90030,0,0,90060,90161,90200,5261,-1,0,0.4,1,1,1,1.1,1,1,0.8,1,0,0,0,-1,-1,128,2000,-1,100,30,84,0,0,-1,-1,13651,13650,5800,-1,-1,-1,-1,-1,13693,-1,-1,-1,-1,-1,-1,0,2,0,0,0,1,1,1,0,0,-1,-1,0,0,0,0,0,0,-1,-1,4370,0,0,0,180,50,0.1,-1,-1,4370,-1,1.8,0,0,0,1,0,0,0,0,0,0,0,0,1,0,-1,-1,-1,-1,-1,-1,-1,-1,-1,0.1,0.4,-1,0,0,30,0.29,100,3001,-1,5001,6001,-1,0,0.5,0.6,0,-1,0,1,1,1,1,1,1,1,1,1,1,1,1,1,1,1,1,1,1,-1,0,-1,0,-1,-1,-1,-1,[0|0|0|0|0|0|0|0|0|0|0|0],
43731732,Leyndell Foot Soldier,0,0,[0|0|0],43700,1000,0,120,1.9,0.4,100,0,147,0,100,437300050,-1,10,0,0,-1,-1,0.35,-1,5400,0,0,7090,0,0,0,0,-1,0,0,0,0,0,-1,-1,-1,-1,-1,-1,16,3000,3001,3002,3003,3004,3005,3006,3007,3008,3009,6001,6000,0,1,1,1,1,1,1,1,1,1.5,-0.53846157,0,50,21,100,0,0,0,100,100,100,0,63,63,84,999,-1,-1,0,0,0,0,-1,4370,0,0,0,0,0,84,999,0,0,-1,10,0,11,0,0,6,3,40,110,110,0,0,2,0,0,0,0,0,0,0,0,0,0,17,7,0,0,0,0,0,0,0,0,1,0,0,0,0,0,0,0,0,0,0,0,0,0,0,0,0,0,0,0,0,0,0,1,0,0,1,0,0,1,0,0,0,0,0,0,0,0,0,0,0,0,0,0,0,0,0,0,0,1.9,0.4,0,0,0,0,0,0,0,0,0,100,1,0,1,108,109,139,108,139,108,0,90030,0,0,90060,90161,90200,5261,-1,0,0.4,1,1,1,1.1,1,1,0.8,1,0,0,0,-1,-1,128,2000,-1,100,30,84,0,0,-1,-1,13651,-1,5800,5012,5813,-1,5230,-1,13693,-1,-1,-1,-1,-1,-1,0,2,0,0,0,1,1,1,0,0,-1,-1,0,0,0,0,0,0,-1,-1,4370,0,0,0,180,50,0.1,-1,-1,4370,-1,1.8,0,0,0,1,0,0,0,0,0,0,0,0,1,0,-1,-1,-1,-1,-1,-1,-1,-1,-1,0.1,0.4,-1,0,0,30,0.29,100,3001,-1,5001,6001,-1,0,0.5,0.6,0,-1,0,1,1,1,1,1,1,1,1,1,1,1,1,1,1,1,1,1,1,-1,0,-1,0,-1,-1,-1,-1,[0|0|0|0|0|0|0|0|0|0|0|0],
43734032,Leyndell Foot Soldier,0,0,[0|0|0],43700,1000,0,120,1.9,0.4,100,0,109,0,100,437300200,-1,10,0,0,-1,-1,0.35,-1,5400,0,0,7090,0,0,0,0,-1,0,0,0,0,0,-1,-1,-1,-1,-1,-1,16,3000,3001,3002,3003,3004,3005,3006,3007,3008,3009,6001,6000,0,1,1,1,1,1,1,1,1,1.5,-0.53846157,0,50,21,100,0,0,0,100,100,100,0,63,63,84,999,-1,-1,0,0,0,0,-1,4370,0,0,0,0,0,84,999,0,0,-1,10,0,11,0,0,6,3,40,110,110,0,0,2,0,0,0,0,0,0,0,0,0,0,17,7,0,0,0,0,0,0,0,0,0,0,1,0,0,0,0,0,0,0,0,0,0,0,0,0,0,0,0,0,0,0,0,1,0,0,1,0,0,1,0,0,0,0,0,0,0,0,0,0,0,0,0,0,0,0,0,0,0,1.9,0.4,0,0,0,0,0,0,0,0,0,100,1,0,1,108,109,139,108,139,108,0,90030,0,0,90060,90161,90200,5261,-1,0,0.4,1,1,1,1.1,1,1,0.8,1,0,0,0,-1,-1,128,2000,-1,100,30,84,0,0,-1,-1,13653,13656,5800,-1,-1,-1,-1,-1,13693,-1,-1,-1,-1,-1,-1,0,2,0,0,0,1,1,1,0,0,-1,-1,0,0,0,0,0,0,-1,-1,4370,0,0,0,180,50,0.1,-1,-1,4370,-1,1.8,0,0,0,1,0,0,0,0,0,0,0,0,1,0,-1,-1,-1,-1,-1,-1,-1,-1,-1,0.1,0.4,-1,0,0,30,0.29,100,3001,-1,5001,6001,-1,0,0.5,0.6,0,-1,0,1,1,1,1,1,1,1,1,1,1,1,1,1,1,1,1,1,1,-1,0,-1,0,-1,-1,-1,-1,[0|0|0|0|0|0|0|0|0|0|0|0],
43734034,Leyndell Foot Soldier (Leyndell),0,0,[0|0|0],43700,1000,0,120,1.9,0.4,100,0,109,0,100,-1,-1,10,0,0,-1,-1,0.35,-1,5400,0,0,7100,0,0,0,0,-1,0,0,0,0,0,-1,-1,-1,-1,-1,-1,16,3000,3001,3002,3003,3004,3005,3006,3007,3008,3009,6001,6000,0,1,1,1,1,1,1,1,1,1.5,-0.53846157,0,50,21,100,0,0,0,100,100,100,0,63,63,84,999,-1,-1,0,0,0,0,-1,4370,0,0,0,0,0,84,999,0,0,-1,10,0,11,0,0,6,3,40,110,110,0,0,2,0,0,0,0,0,0,0,0,0,0,17,7,0,0,0,0,0,0,0,0,0,0,1,0,0,0,0,0,0,0,0,0,0,0,0,0,0,0,0,0,0,0,0,1,0,0,1,0,0,1,0,0,0,0,0,0,0,0,0,0,0,0,0,0,0,0,0,0,0,1.9,0.4,0,0,0,0,0,0,0,0,0,100,1,0,1,108,109,139,108,139,108,0,90030,0,0,90060,90161,90200,5261,-1,0,0.4,1,1,1,1.1,1,1,0.8,1,0,0,0,-1,-1,128,2000,-1,100,30,84,0,0,-1,-1,13653,13656,5800,-1,-1,-1,-1,-1,13693,-1,-1,-1,-1,-1,-1,0,2,0,0,0,1,1,1,0,0,-1,-1,0,0,0,0,0,0,-1,-1,4370,0,0,0,180,50,0.1,-1,-1,4370,-1,1.8,0,0,0,1,0,0,0,0,0,0,0,0,1,0,-1,-1,-1,-1,-1,-1,-1,-1,-1,0.1,0.4,-1,0,0,30,0.29,100,3001,-1,5001,6001,-1,0,0.5,0.6,0,-1,0,1,1,1,1,1,1,1,1,1,1,1,1,1,1,1,1,1,1,-1,0,-1,0,-1,-1,-1,-1,[0|0|0|0|0|0|0|0|0|0|0|0],
43734035,Leyndell Foot Soldier,0,0,[0|0|0],43700,1000,0,120,1.9,0.4,100,0,109,0,100,437300200,-1,10,0,0,-1,-1,0.35,-1,5400,0,0,7130,0,0,0,0,-1,0,0,0,0,0,-1,-1,-1,-1,-1,-1,16,3000,3001,3002,3003,3004,3005,3006,3007,3008,3009,6001,6000,0,1,1,1,1,1,1,1,1,1.5,-0.53846157,0,50,21,100,0,0,0,100,100,100,0,63,63,84,999,-1,-1,0,0,0,0,-1,4370,0,0,0,0,0,84,999,0,0,-1,10,0,11,0,0,6,3,40,110,110,0,0,2,0,0,0,0,0,0,0,0,0,0,17,7,0,0,0,0,0,0,0,0,0,0,1,0,0,0,0,0,0,0,0,0,0,0,0,0,0,0,0,0,0,0,0,1,0,0,1,0,0,1,0,0,0,0,0,0,0,0,0,0,0,0,0,0,0,0,0,0,0,1.9,0.4,0,0,0,0,0,0,0,0,0,100,1,0,1,108,109,139,108,139,108,0,90030,0,0,90060,90161,90200,5261,-1,0,0.4,1,1,1,1.1,1,1,0.8,1,0,0,0,-1,-1,128,2000,-1,100,30,84,0,0,-1,-1,13653,13656,5800,-1,-1,-1,-1,-1,13693,-1,-1,-1,-1,-1,-1,0,2,0,0,0,1,1,1,0,0,-1,-1,0,0,0,0,0,0,-1,-1,4370,0,0,0,180,50,0.1,-1,-1,4370,-1,1.8,0,0,0,1,0,0,0,0,0,0,0,0,1,0,-1,-1,-1,-1,-1,-1,-1,-1,-1,0.1,0.4,-1,0,0,30,0.29,100,3001,-1,5001,6001,-1,0,0.5,0.6,0,-1,0,1,1,1,1,1,1,1,1,1,1,1,1,1,1,1,1,1,1,-1,0,-1,0,-1,-1,-1,-1,[0|0|0|0|0|0|0|0|0|0|0|0],
43734535,Leyndell Foot Soldier,0,0,[0|0|0],43700,-1,0,120,1.9,0.4,100,0,109,0,100,-1,-1,10,0,0,-1,-1,0.35,-1,5400,0,0,7130,0,0,90000,90010,-1,0,0,0,0,0,-1,-1,-1,-1,-1,-1,16,3000,3001,3002,3003,3004,3005,3006,3007,3008,3009,6001,6000,0,1,1,1,1,1,1,1,1,1.5,-0.53846157,0,50,21,100,0,0,0,100,100,100,0,999,999,999,999,-1,-1,0,0,0,0,-1,4370,0,0,0,0,0,999,999,0,0,-1,10,0,11,0,0,6,3,40,110,110,0,0,2,0,0,0,0,0,0,0,0,0,0,17,7,0,0,0,0,0,0,0,0,0,0,1,0,0,0,0,0,0,0,0,0,0,0,0,0,0,0,0,0,0,0,0,1,0,0,1,0,0,1,0,0,0,0,0,0,0,0,0,0,0,0,0,0,0,0,0,0,0,1.9,0.4,0,0,0,0,0,0,0,0,0,100,1,0,1,108,109,139,108,139,108,90020,90030,90040,90300,90060,90161,90200,-1,-1,0,0.4,1,1,1,1.1,1,1,0.8,1,0,0,0,-1,-1,128,-1,-1,100,30,999,0,0,-1,-1,13653,13656,5800,-1,-1,-1,-1,-1,13693,-1,-1,-1,-1,-1,-1,0,2,0,0,0,1,1,1,0,0,-1,-1,0,0,0,0,0,0,-1,-1,4370,0,0,0,180,50,0.1,-1,-1,4370,-1,1.8,0,0,0,1,0,0,0,0,0,0,0,0,1,0,-1,-1,-1,-1,-1,-1,-1,-1,-1,0.1,0.4,-1,0,0,30,0.29,100,-1,-1,-1,-1,-1,0,0.5,0.6,0,-1,0,1,1,1,1,1,1,1,1,1,1,1,1,1,1,1,1,1,1,-1,0,-1,0,-1,-1,-1,-1,[0|0|0|0|0|0|0|0|0|0|0|0],
43740042,Radahn Foot Soldier,0,0,[0|0|0],43700,1000,0,120,1.9,0.4,100,0,147,0,100,437400000,-1,10,0,0,-1,-1,0.35,-1,5400,0,0,7150,0,0,0,0,-1,0,0,0,0,0,-1,-1,-1,-1,-1,-1,16,3000,3001,3002,3003,3004,3005,3006,3007,3008,3009,6001,6000,0,1,1,1,1,1,1,1,1,1.5,-0.53846157,0,50,21,100,0,0,0,100,100,100,0,63,63,84,999,-1,-1,0,0,0,0,-1,4370,0,0,0,0,0,84,999,0,0,-1,10,0,11,0,0,48,3,40,110,110,0,0,2,0,0,0,0,0,0,0,0,0,0,17,7,0,0,0,0,0,0,0,0,1,0,0,0,0,0,0,0,0,0,0,0,0,0,0,0,0,0,0,0,0,0,0,1,0,0,1,0,0,1,0,0,0,0,0,0,0,0,0,0,0,0,0,0,0,0,0,0,0,1.9,0.4,0,0,0,0,0,0,0,0,0,100,1,0,1,108,109,139,108,139,108,0,90030,0,0,90060,90161,90200,5261,-1,0,0.4,1,1,1,1.1,1,0.8,1.2,1,0,0,0,-1,-1,128,2000,-1,100,30,84,0,0,-1,-1,13651,-1,5800,-1,-1,-1,-1,-1,13694,-1,-1,-1,-1,-1,-1,0,2,0,0,0,1,1,1,0,0,-1,-1,0,0,0,0,0,0,-1,-1,4370,0,0,0,180,50,0.1,-1,-1,4370,-1,1.8,0,0,0,1,0,0,0,0,0,0,0,0,1,0,-1,-1,-1,-1,-1,-1,-1,-1,-1,0.1,0.4,-1,0,0,30,0.29,100,3001,-1,5001,6001,-1,0,0.5,0.6,0,-1,0,1,1,1,1,1,1,1,1,1,1,1,1,1,1,1,1,1,1,-1,0,-1,0,-1,-1,-1,-1,[0|0|0|0|0|0|0|0|0|0|0|0],
43740342,Radahn Foot Soldier,0,0,[0|0|0],43700,1000,0,120,1.9,0.4,100,0,147,0,100,437400000,-1,10,0,0,-1,-1,0.35,-1,5400,0,0,7150,0,0,90000,90010,-1,0,0,0,0,0,-1,-1,-1,-1,-1,-1,16,3000,3001,3002,3003,3004,3005,3006,3007,3008,3009,6001,6000,0,1,1,1,1,1,1,1,1,1.5,-0.53846157,0,50,21,100,0,0,0,100,100,100,0,63,63,84,999,-1,-1,0,0,0,0,-1,4370,1,0,0,0,0,999,999,0,0,-1,10,0,11,0,0,48,3,40,143,143,0,0,2,0,0,0,0,0,0,0,0,0,0,17,7,0,0,0,0,0,0,0,0,1,0,0,0,0,0,0,0,0,0,0,0,0,0,0,0,0,0,0,0,0,0,0,1,0,0,1,0,0,1,0,0,0,0,0,0,0,0,0,0,0,0,0,0,0,0,0,0,0,1.9,0.4,0,0,0,0,0,0,0,0,0,100,1,0,1,142,142,139,108,139,108,90020,90030,90040,90300,90060,90161,90200,5261,-1,0,0.4,1,1,1,1.1,1,0.8,1.2,1,0,0,0,-1,-1,128,2000,-1,100,30,84,0,0,-1,-1,13651,-1,5800,-1,-1,-1,-1,-1,13694,-1,-1,-1,-1,-1,-1,0,2,0,0,0,1,1,1,0,0,-1,-1,0,0,0,0,0,0,-1,-1,4370,0,0,0,180,50,0.1,-1,-1,4370,-1,1.8,0,0,0,1,0,0,0,0,0,0,0,0,1,0,-1,-1,-1,-1,-1,-1,-1,-1,-1,0.1,0.4,-1,0,0,30,0.29,100,3001,-1,5001,-1,-1,0,0.5,0.6,0,-1,0,1,1,1,1,1,1,1,1,1,1,1,1,1,1,1,1,1,1,-1,0,-1,0,-1,-1,-1,-1,[0|0|0|0|0|0|0|0|0|0|0|0],
43740542,Radahn Foot Soldier,0,0,[0|0|0],43700,1000,0,120,1.9,0.4,100,0,147,0,100,437400010,-1,10,0,0,-1,-1,0.35,-1,5400,0,0,7150,0,0,0,0,-1,0,0,0,0,0,-1,-1,-1,-1,-1,-1,16,3000,3001,3002,3003,3004,3005,3006,3007,3008,3009,6001,6000,0,1,1,1,1,1,1,1,1,1.5,-0.53846157,0,50,21,100,0,0,0,100,100,100,0,63,63,84,999,-1,-1,0,0,0,0,-1,4370,0,0,0,0,0,84,999,0,0,-1,10,0,11,0,0,48,3,40,110,110,0,0,2,0,0,0,0,0,0,0,0,0,0,17,7,0,0,0,0,0,0,0,0,1,0,0,0,0,0,0,0,0,0,0,0,0,0,0,0,0,0,0,0,0,0,0,1,0,0,1,0,0,1,0,0,0,0,0,0,0,0,0,0,0,0,0,0,0,0,0,0,0,1.9,0.4,0,0,0,0,0,0,0,0,0,100,1,0,1,108,109,139,108,139,108,0,90030,0,0,90060,90161,90200,5261,-1,0,0.4,1,1,1,1.1,1,0.8,1.2,1,0,0,0,-1,-1,128,2000,-1,100,30,84,0,0,-1,-1,13651,13659,5800,-1,-1,-1,-1,-1,13694,-1,-1,-1,-1,-1,-1,0,2,0,0,0,1,1,1,0,0,-1,-1,0,0,0,0,0,0,-1,-1,4370,0,0,0,180,50,0.1,-1,-1,4370,-1,1.8,0,0,0,1,0,0,0,0,0,0,0,0,1,0,-1,-1,-1,-1,-1,-1,-1,-1,-1,0.1,0.4,-1,0,0,30,0.29,100,3001,-1,5001,6001,-1,0,0.5,0.6,0,-1,0,1,1,1,1,1,1,1,1,1,1,1,1,1,1,1,1,1,1,-1,0,-1,0,-1,-1,-1,-1,[0|0|0|0|0|0|0|0|0|0|0|0],
43742040,Radahn Foot Soldier,0,0,[0|0|0],43700,1000,0,120,1.9,0.4,100,0,147,0,100,437400100,-1,10,0,0,-1,-1,0.35,-1,5400,0,0,7070,0,0,0,0,-1,0,0,0,0,0,-1,-1,-1,-1,-1,-1,16,3000,3001,3002,3003,3004,3005,3006,3007,3008,3009,6001,6000,0,1,1,1,1,1,1,1,1,1.5,-0.53846157,0,50,21,100,0,0,0,100,100,100,0,63,63,84,999,-1,-1,0,0,0,0,-1,4370,0,0,0,0,0,84,999,0,0,-1,10,0,11,0,0,48,3,40,110,110,0,0,2,0,0,0,0,0,0,0,0,0,0,17,7,0,0,0,0,0,0,0,0,0,1,0,0,0,0,0,0,0,0,0,0,0,0,0,0,0,0,0,0,0,0,0,1,0,0,1,0,0,1,0,0,0,0,0,0,0,0,0,0,0,0,0,0,0,0,0,0,0,1.9,0.4,0,0,0,0,0,0,0,0,0,100,1,0,1,108,109,139,108,139,108,0,90030,0,0,90060,90161,90200,5261,-1,0,0.4,1,1,1,1.1,1,0.8,1.2,1,0,0,0,-1,-1,128,2000,-1,100,30,84,0,0,-1,-1,13652,-1,5800,-1,-1,-1,-1,-1,13694,-1,-1,-1,-1,-1,-1,0,2,0,0,0,1,1,1,0,0,-1,-1,0,0,0,0,0,0,-1,-1,4370,0,0,0,180,50,0.1,-1,-1,4370,-1,1.8,0,0,0,1,0,0,0,0,0,0,0,0,1,0,-1,-1,-1,-1,-1,-1,-1,-1,-1,0.1,0.4,-1,0,0,30,0.29,100,3001,-1,5001,6001,-1,0,0.5,0.6,0,-1,0,1,1,1,1,1,1,1,1,1,1,1,1,1,1,1,1,1,1,-1,0,-1,0,-1,-1,-1,-1,[0|0|0|0|0|0|0|0|0|0|0|0],
43742042,Radahn Foot Soldier,0,0,[0|0|0],43700,1000,0,120,1.9,0.4,100,0,147,0,100,437400100,-1,10,0,0,-1,-1,0.35,-1,5400,0,0,7150,0,0,0,0,-1,0,0,0,0,0,-1,-1,-1,-1,-1,-1,16,3000,3001,3002,3003,3004,3005,3006,3007,3008,3009,6001,6000,0,1,1,1,1,1,1,1,1,1.5,-0.53846157,0,50,21,100,0,0,0,100,100,100,0,63,63,84,999,-1,-1,0,0,0,0,-1,4370,0,0,0,0,0,84,999,0,0,-1,10,0,11,0,0,48,3,40,110,110,0,0,2,0,0,0,0,0,0,0,0,0,0,17,7,0,0,0,0,0,0,0,0,0,1,0,0,0,0,0,0,0,0,0,0,0,0,0,0,0,0,0,0,0,0,0,1,0,0,1,0,0,1,0,0,0,0,0,0,0,0,0,0,0,0,0,0,0,0,0,0,0,1.9,0.4,0,0,0,0,0,0,0,0,0,100,1,0,1,108,109,139,108,139,108,0,90030,0,0,90060,90161,90200,5261,-1,0,0.4,1,1,1,1.1,1,0.8,1.2,1,0,0,0,-1,-1,128,2000,-1,100,30,84,0,0,-1,-1,13652,-1,5800,-1,-1,-1,-1,-1,13694,-1,-1,-1,-1,-1,-1,0,2,0,0,0,1,1,1,0,0,-1,-1,0,0,0,0,0,0,-1,-1,4370,0,0,0,180,50,0.1,-1,-1,4370,-1,1.8,0,0,0,1,0,0,0,0,0,0,0,0,1,0,-1,-1,-1,-1,-1,-1,-1,-1,-1,0.1,0.4,-1,0,0,30,0.29,100,3001,-1,5001,6001,-1,0,0.5,0.6,0,-1,0,1,1,1,1,1,1,1,1,1,1,1,1,1,1,1,1,1,1,-1,0,-1,0,-1,-1,-1,-1,[0|0|0|0|0|0|0|0|0|0|0|0],
43742540,Radahn Foot Soldier,0,0,[0|0|0],43700,1000,0,120,1.9,0.4,100,0,147,0,100,437400110,-1,10,0,0,-1,-1,0.35,-1,5400,0,0,7070,0,0,0,0,-1,0,0,0,0,0,-1,-1,-1,-1,-1,-1,16,3000,3001,3002,3003,3004,3005,3006,3007,3008,3009,6001,6000,0,1,1,1,1,1,1,1,1,1.5,-0.53846157,0,50,21,100,0,0,0,100,100,100,0,63,63,84,999,-1,-1,0,0,0,0,-1,4370,0,0,0,0,0,84,999,0,0,-1,10,0,11,0,0,48,3,40,110,110,0,0,2,0,0,0,0,0,0,0,0,0,0,17,7,0,0,0,0,0,0,0,0,0,1,0,0,0,0,0,0,0,0,0,0,0,0,0,0,0,0,0,0,0,0,0,1,0,0,1,0,0,1,0,0,0,0,0,0,0,0,0,0,0,0,0,0,0,0,0,0,0,1.9,0.4,0,0,0,0,0,0,0,0,0,100,1,0,1,108,109,139,108,139,108,0,90030,0,0,90060,90161,90200,5261,-1,0,0.4,1,1,1,1.1,1,0.8,1.2,1,0,0,0,-1,-1,128,2000,-1,100,30,84,0,0,-1,-1,13652,13659,5800,-1,-1,-1,-1,-1,13694,-1,-1,-1,-1,-1,-1,0,2,0,0,0,1,1,1,0,0,-1,-1,0,0,0,0,0,0,-1,-1,4370,0,0,0,180,50,0.1,-1,-1,4370,-1,1.8,0,0,0,1,0,0,0,0,0,0,0,0,1,0,-1,-1,-1,-1,-1,-1,-1,-1,-1,0.1,0.4,-1,0,0,30,0.29,100,3001,-1,5001,6001,-1,0,0.5,0.6,0,-1,0,1,1,1,1,1,1,1,1,1,1,1,1,1,1,1,1,1,1,-1,0,-1,0,-1,-1,-1,-1,[0|0|0|0|0|0|0|0|0|0|0|0],
43746042,Radahn Foot Soldier,0,0,[0|0|0],43700,1000,0,120,1.9,0.4,100,0,147,0,100,437400300,-1,10,0,0,-1,-1,0.35,-1,5401,0,0,7150,0,0,0,0,-1,0,0,0,0,0,-1,-1,-1,-1,-1,-1,16,3000,3001,3002,3003,3004,3005,3006,3007,3008,3009,6001,6000,0,1,1,1,1,1,1,1,1,1.5,-0.53846157,0,50,21,100,0,0,0,100,100,100,0,63,63,84,999,-1,-1,0,0,0,0,-1,4370,0,0,0,0,0,84,999,0,0,-1,10,0,11,0,0,6,3,40,110,110,0,0,2,0,0,0,0,0,0,0,0,0,0,17,7,0,0,0,0,0,0,0,0,0,0,0,1,0,0,0,0,0,0,0,0,0,0,0,0,0,0,0,0,0,0,0,1,0,0,1,0,0,1,0,0,0,0,0,0,0,0,0,0,0,0,0,0,0,0,0,0,0,1.9,0.4,0,0,0,0,0,0,0,0,0,100,1,0,1,108,109,139,108,139,108,0,90030,0,0,90060,90161,90200,5261,-1,0,0.4,1,1,1,1.1,1,0.8,1.2,1,0,0,0,-1,-1,128,2000,-1,100,30,84,0,0,-1,-1,13654,-1,5800,-1,-1,-1,-1,-1,13694,-1,-1,-1,-1,-1,-1,0,2,0,0,0,1,1,1,0,0,-1,-1,0,0,0,0,0,0,-1,-1,4370,0,0,0,180,50,0.1,-1,-1,4370,-1,1.8,0,0,0,1,0,0,0,0,0,0,0,0,1,0,-1,-1,-1,-1,-1,-1,-1,-1,-1,0.1,0.4,-1,0,0,30,0.29,100,3001,-1,5001,6001,-1,0,0.5,0.6,0,-1,0,1,1,1,1,1,1,1,1,1,1,1,1,1,1,1,1,1,1,-1,0,-1,0,-1,-1,-1,-1,[0|0|0|0|0|0|0|0|0|0|0|0],
43747042,Radahn Foot Soldier,0,0,[0|0|0],43700,1000,0,120,1.9,0.5,100,0,147,0,100,437400400,-1,10,0,0,-1,-1,0.35,-1,5401,0,0,7150,0,0,0,0,-1,0,0,0,0,0,-1,-1,-1,-1,-1,-1,16,3000,3001,3002,3003,3004,3005,3006,3007,3008,3009,6001,6000,0,1,1,1,1,1,1,1,1,1.5,-0.53846157,0,50,21,100,0,0,0,100,100,100,0,63,63,84,999,-1,-1,0,0,0,0,-1,4370,0,0,0,0,0,84,999,0,0,-1,10,0,11,0,0,48,3,40,110,110,0,0,2,0,0,0,0,0,0,0,0,0,0,17,7,0,0,0,0,0,0,0,0,0,0,0,0,1,0,0,0,0,0,0,0,0,0,0,0,0,0,0,0,0,0,0,1,0,0,1,0,0,1,0,0,0,0,0,0,0,0,0,0,0,0,1,0,0,0,0,0,0,1.9,0.5,0,0,0,0,0,0,0,0,0,100,1,0,1,108,109,139,108,139,108,0,90030,0,0,90060,90161,90200,5261,-1,0,0.4,1,1,1,1.1,1,0.8,1.2,1,0,0,0,-1,-1,128,2000,-1,100,30,84,0,0,-1,-1,13655,13658,5800,-1,-1,-1,-1,-1,13694,-1,-1,-1,-1,-1,-1,0,2,0,0,0,1,1,1,0,0,-1,-1,0,0,0,0,0,0,-1,-1,4370,0,0,0,180,50,0.1,-1,-1,4370,-1,1.8,0,0,0,1,0,0,0,0,0,0,0,0,1,0,-1,-1,-1,-1,-1,-1,-1,-1,-1,0.1,0.4,-1,0,0,30,0.29,100,3001,-1,5001,6001,-1,0,0.5,0.6,0,-1,0,1,1,1,1,1,1,1,1,1,1,1,1,1,1,1,1,1,1,-1,0,-1,0,-1,-1,-1,-1,[0|0|0|0|0|0|0|0|0|0|0|0],
43751052,Mausoleum Foot Soldier,0,0,[0|0|0],43700,-1,0,120,1.9,0.4,100,0,147,0,100,437500000,-1,10,0,0,-1,-1,0.35,-1,5400,0,0,7160,0,0,90000,90010,-1,0,0,0,0,0,-1,-1,-1,-1,-1,-1,16,3000,3001,3002,3003,3004,3005,3006,3007,3008,3009,6001,6000,0,1,1,1,1,1,1,1,1,1.5,-0.53846157,0,50,21,100,0,0,0,100,100,100,0,999,999,999,999,-1,-1,0,0,0,0,-1,4370,1,0,0,0,0,999,999,0,0,-1,10,0,11,0,0,6,3,40,139,139,0,0,2,0,0,0,0,0,0,0,0,0,0,17,7,0,0,0,0,0,0,0,0,1,0,0,0,0,1,0,0,0,0,0,0,0,0,0,0,0,0,0,0,0,0,0,1,0,0,1,0,0,1,0,0,0,0,0,0,0,0,0,0,0,0,0,0,0,0,0,0,0,1.9,0.4,0,0,0,0,0,0,0,0,0,100,1,0,1,108,142,139,139,139,108,90020,90030,90040,90300,90060,90100,0,-1,-1,0,0.4,1,1,1,1.1,1,1,1.2,1.2,0,0,0,-1,-1,128,-1,-1,100,30,999,0,0,-1,-1,13651,13650,5800,17550,17551,-1,-1,-1,13695,-1,-1,-1,-1,-1,-1,0,2,0,0,0,1,1,1,0,0,-1,-1,0,0,0,0,0,0,-1,-1,4370,0,0,0,180,50,0.1,-1,-1,4370,-1,1.8,0,0,0,1,0,0,0,0,0,0,0,0,1,0,-1,-1,-1,-1,-1,-1,-1,-1,-1,0.1,0.4,-1,0,0,30,0.29,100,-1,-1,-1,-1,-1,0,0.5,0.6,0,-1,0,1,1,1,1,1,1,1,1,1,1,1,1,1,1,1,1,1,1,-1,0,-1,0,-1,-1,-1,-1,[0|0|0|0|0|0|0|0|0|0|0|0],
43800032,Starcaller,0,0,[0|0|0],43800,1000,0,120,1.6,0.4,100,0,162,0,100,438000000,-1,10,0,0,-1,-1,0.4,-1,5400,0,0,7090,0,0,0,0,-1,0,0,0,0,0,-1,-1,-1,-1,-1,-1,16,3000,3001,3002,3003,3004,3005,3006,3007,3008,3009,6001,6000,0,1,1,1,1,1,1,1,1,1.5,-0.53846157,0,50,21,100,0,0,0,100,100,100,0,63,63,84,999,-1,-1,0,0,0,0,-1,-1,0,0,0,0,0,112,999,0,0,-1,10,0,11,0,0,6,3,40,110,110,0,0,2,0,0,0,0,0,0,0,0,0,0,22,7,0,0,0,0,0,0,0,0,1,0,0,0,0,0,0,0,0,0,1,0,0,0,0,0,0,0,0,0,0,0,0,1,0,0,1,0,0,1,0,0,0,0,0,0,0,0,0,0,0,0,0,0,0,0,0,0,0,1.6,0.4,0,0,0,0,0,0,0,0,0,100,1,0,1,109,109,139,113,139,113,0,90030,0,0,90060,90161,90200,5261,-1,0,0.4,1.1,1.1,1.1,1.1,1,1,1,1,0,0,0,-1,-1,128,2000,-1,100,30,84,0,0,-1,-1,5800,15659,-1,-1,-1,-1,-1,-1,-1,-1,-1,-1,-1,-1,-1,0,2,0,0,0,1,1,1,0,0,-1,-1,0,0,0,0,0,0,-1,-1,-1,0,0,0,180,50,0.1,-1,-1,-1,-1,1.8,0,0,0,1,0,0,0,0,0,0,0,0,1,0,-1,-1,-1,-1,-1,-1,-1,-1,-1,0.1,0.4,-1,0,0,30,0.29,100,3001,-1,5001,6002,-1,0,0.5,0.6,0,-1,0,1,1,1,1,1,1,1,1,1,1,1,1,1,1,1,1,1,1,-1,0,-1,0,-1,-1,-1,-1,[0|0|0|0|0|0|0|0|0|0|0|0],
43800042,Starcaller,0,0,[0|0|0],43800,1000,0,120,1.6,0.4,100,0,162,0,100,438000000,-1,10,0,0,-1,-1,0.4,-1,5400,0,0,7150,0,0,0,0,-1,0,0,0,0,0,-1,-1,-1,-1,-1,-1,16,3000,3001,3002,3003,3004,3005,3006,3007,3008,3009,6001,6000,0,1,1,1,1,1,1,1,1,1.5,-0.53846157,0,50,21,100,0,0,0,100,100,100,0,63,63,84,999,-1,-1,0,0,0,0,-1,-1,0,0,0,0,0,112,999,0,0,-1,10,0,11,0,0,6,3,40,110,110,0,0,2,0,0,0,0,0,0,0,0,0,0,22,7,0,0,0,0,0,0,0,0,1,0,0,0,0,0,0,0,0,0,1,0,0,0,0,0,0,0,0,0,0,0,0,1,0,0,1,0,0,1,0,0,0,0,0,0,0,0,0,0,0,0,0,0,0,0,0,0,0,1.6,0.4,0,0,0,0,0,0,0,0,0,100,1,0,1,109,109,139,113,139,113,0,90030,0,0,90060,90161,90200,5261,-1,0,0.4,1.1,1.1,1.1,1.1,1,1,1,1,0,0,0,-1,-1,128,2000,-1,100,30,84,0,0,-1,-1,5800,15659,-1,-1,-1,-1,-1,-1,-1,-1,-1,-1,-1,-1,-1,0,2,0,0,0,1,1,1,0,0,-1,-1,0,0,0,0,0,0,-1,-1,-1,0,0,0,180,50,0.1,-1,-1,-1,-1,1.8,0,0,0,1,0,0,0,0,0,0,0,0,1,0,-1,-1,-1,-1,-1,-1,-1,-1,-1,0.1,0.4,-1,0,0,30,0.29,100,3001,-1,5001,6002,-1,0,0.5,0.6,0,-1,0,1,1,1,1,1,1,1,1,1,1,1,1,1,1,1,1,1,1,-1,0,-1,0,-1,-1,-1,-1,[0|0|0|0|0|0|0|0|0|0|0|0],
43820033,Stonedigger,0,0,[0|0|0],43820,1004,0,120,1.6,0.4,100,0,93,0,100,438233000,-1,10,0,0,-1,-1,0.4,-1,5402,0,16565,7090,0,0,0,0,-1,0,0,0,0,0,-1,-1,-1,-1,-1,-1,25,3000,3001,3002,3003,3004,3005,3006,3007,3008,3009,6001,6000,0,1,1,1,1,1,1,1,1,1.5,0,0,50,21,100,0,0,0,100,100,100,70,252,154,154,999,-1,-1,0,0,0,0,-1,-1,0,0,0,0,0,112,999,0,0,-1,10,0,11,0,0,6,3,40,117,117,0,0,2,0,0,0,0,0,0,0,0,0,0,22,7,0,0,0,0,0,0,0,0,1,0,0,0,0,0,0,0,0,0,1,0,0,0,0,0,0,0,0,0,0,0,0,1,0,0,1,0,0,1,0,0,0,0,0,0,0,0,0,0,0,0,0,0,0,0,0,0,0,1.6,0.4,0,0,0,0,0,0,0,0,0,100,1,0,1,116,117,139,139,139,139,0,90030,0,0,90060,90161,90200,5261,-1,0,0.4,0.2,0.2,0.65,0.2,0.8,0.6,0.6,0.8,0,0,0,-1,-1,128,2003,-1,100,30,154,0,0,-1,-1,5800,16560,-1,-1,16563,-1,-1,-1,16568,-1,-1,-1,-1,-1,-1,0,2,0,0,0,1,1,1,0,0,-1,-1,0,0,0,0,0,0,-1,-1,4380,0,0,0,180,50,0.1,-1,-1,4380,-1,1.8,0,0,0,1,0,0,0,0,0,0,0,0,1,0,-1,-1,-1,-1,-1,-1,-1,-1,-1,0.1,0.4,-1,0,0,65,0.29,100,3003,-1,5003,6002,-1,0,0.5,0.6,0,-1,0,1,1,1,1,1,1,1,1,1,1,1,1,1,1,1,1,1,1,-1,0,-1,0,-1,-1,-1,-1,[0|0|0|0|0|0|0|0|0|0|0|0],
43820052,Stonedigger,0,0,[0|0|0],43820,1004,0,120,1.6,0.4,100,0,93,0,100,438252000,-1,10,0,0,-1,-1,0.4,-1,5402,0,16565,7160,0,0,0,0,-1,0,0,0,0,0,-1,-1,-1,-1,-1,-1,25,3000,3001,3002,3003,3004,3005,3006,3007,3008,3009,6001,6000,0,1,1,1,1,1,1,1,1,1.5,0,0,50,21,100,0,0,0,100,100,100,70,252,154,154,999,-1,-1,0,0,0,0,-1,-1,0,0,0,0,0,112,999,0,0,-1,10,0,11,0,0,6,3,40,117,117,0,0,2,0,0,0,0,0,0,0,0,0,0,22,7,0,0,0,0,0,0,0,0,1,0,0,0,0,0,0,0,0,0,1,0,0,0,0,0,0,0,0,0,0,0,0,1,0,0,1,0,0,1,0,0,0,0,0,0,1,0,1,0,0,0,0,0,0,0,0,0,0,1.6,0.4,0,0,0,0,0,0,0,0,0,100,1,0,1,116,117,139,139,139,139,0,90030,0,0,90060,90161,90200,5261,-1,0,0.4,0.2,0.2,0.65,0.2,0.8,0.6,0.6,0.8,0,0,0,-1,-1,128,2003,-1,100,30,154,0,0,-1,-1,5800,16560,-1,-1,-1,-1,-1,-1,16568,-1,-1,-1,-1,-1,-1,0,2,0,0,0,1,1,1,0,0,-1,-1,0,0,0,0,0,0,-1,-1,4380,0,0,0,180,50,0.1,-1,-1,4380,-1,1.8,0,0,0,1,0,0,0,0,0,0,0,0,1,0,-1,-1,23000,23001,23002,23003,-1,-1,-1,0.1,0.4,-1,0,0,65,0.29,100,3003,-1,5003,6002,-1,0,0.5,0.6,0,-1,0,1,1,1,1,1,1,1,1,1,1,1,1,1,1,1,1,1,1,-1,0,-1,0,-1,-1,-1,-1,[0|0|0|0|0|0|0|0|0|0|0|0],
43821033,Stonedigger,0,0,[0|0|0],43820,1004,0,120,1.6,0.4,100,0,93,0,100,438233200,-1,10,0,0,-1,-1,0.4,-1,5402,0,16565,7090,0,0,0,0,-1,0,0,0,0,0,-1,-1,-1,-1,-1,-1,25,3000,3001,3002,3003,3004,3005,3006,3007,3008,3009,6001,6000,0,1,1,1,1,1,1,1,1,1.5,0,0,50,21,100,0,0,0,100,100,100,70,252,154,154,999,-1,-1,0,0,0,0,-1,-1,0,0,0,0,0,112,999,0,0,-1,10,0,11,0,0,6,3,40,117,117,0,0,2,0,0,0,0,0,0,0,0,0,0,22,7,0,0,0,0,0,0,0,0,1,0,0,0,0,0,0,0,0,0,1,1,0,1,0,0,0,0,0,0,0,0,0,1,0,0,1,0,0,1,0,0,0,0,0,0,0,0,0,0,0,0,0,0,0,0,0,0,0,1.6,0.4,0,0,0,0,0,0,0,0,0,100,1,0,1,116,117,139,139,139,139,0,90030,0,0,90060,90161,90200,5261,-1,0,0.4,0.2,0.2,0.65,0.2,0.8,0.6,0.6,0.8,0,0,0,-1,-1,128,2003,-1,100,30,154,0,0,-1,-1,5800,16560,-1,-1,16563,-1,-1,-1,-1,16569,-1,-1,-1,-1,-1,0,2,0,0,0,1,1,1,0,0,-1,-1,0,0,0,0,0,0,-1,-1,4380,0,0,0,180,50,0.1,-1,-1,4380,-1,1.8,0,0,0,1,0,0,0,0,0,0,0,0,1,0,-1,-1,-1,-1,-1,-1,-1,-1,-1,0.1,0.4,-1,0,0,65,0.29,100,3003,-1,5003,6002,-1,0,0.5,0.6,0,-1,0,1,1,1,1,1,1,1,1,1,1,1,1,1,1,1,1,1,1,-1,0,-1,0,-1,-1,-1,-1,[0|0|0|0|0|0|0|0|0|0|0|0],
43821052,Stonedigger,0,0,[0|0|0],43820,1004,0,120,1.6,0.4,100,0,93,0,100,438252200,-1,10,0,0,-1,-1,0.4,-1,5402,0,16565,7160,0,0,0,0,-1,0,0,0,0,0,-1,-1,-1,-1,-1,-1,25,3000,3001,3002,3003,3004,3005,3006,3007,3008,3009,6001,6000,0,1,1,1,1,1,1,1,1,1.5,0,0,50,21,100,0,0,0,100,100,100,70,252,154,154,999,-1,-1,0,0,0,0,-1,-1,0,0,0,0,0,112,999,0,0,-1,10,0,11,0,0,6,3,40,117,117,0,0,2,0,0,0,0,0,0,0,0,0,0,22,7,0,0,0,0,0,0,0,0,1,0,0,0,0,0,0,0,0,0,1,1,0,1,0,0,0,0,0,0,0,0,0,1,0,0,1,0,0,1,0,0,0,0,0,0,1,1,1,0,0,0,0,0,0,0,0,0,0,1.6,0.4,0,0,0,0,0,0,0,0,0,100,1,0,1,116,117,139,139,139,139,0,90030,0,0,90060,90161,90200,5261,-1,0,0.4,0.2,0.2,0.65,0.2,0.8,0.6,0.6,0.8,0,0,0,-1,-1,128,2003,-1,100,30,154,0,0,-1,-1,5800,16560,-1,-1,-1,-1,-1,-1,-1,16569,-1,-1,-1,-1,-1,0,2,0,0,0,1,1,1,0,0,-1,-1,0,0,0,0,0,0,-1,-1,4380,0,0,0,180,50,0.1,-1,-1,4380,-1,1.8,0,0,0,1,0,0,0,0,0,0,0,0,1,0,-1,-1,23000,23001,23002,23003,-1,-1,-1,0.1,0.4,-1,0,0,65,0.29,100,3003,-1,5003,6002,-1,0,0.5,0.6,0,-1,0,1,1,1,1,1,1,1,1,1,1,1,1,1,1,1,1,1,1,-1,0,-1,0,-1,-1,-1,-1,[0|0|0|0|0|0|0|0|0|0|0|0],
43823012,Stonedigger,0,0,[0|0|0],43820,1004,0,120,1.6,0.4,100,0,93,0,100,438210400,-1,10,0,0,-1,-1,0.4,-1,5402,0,16565,7020,0,0,0,0,-1,0,0,0,0,0,-1,-1,-1,-1,-1,-1,25,3000,3001,3002,3003,3004,3005,3006,3007,3008,3009,6001,6000,0,1,1,1,1,1,1,1,1,1.5,0,0,50,21,100,0,0,0,100,100,100,70,252,154,154,999,-1,-1,0,0,0,0,-1,-1,0,0,0,0,0,112,999,0,0,-1,10,0,11,0,0,6,3,40,117,117,0,0,2,0,0,0,0,0,0,0,0,0,0,22,7,0,0,0,0,0,0,0,0,1,1,0,0,0,0,0,0,0,0,0,0,0,0,0,0,0,0,0,0,0,0,0,1,0,0,1,0,0,1,0,0,0,0,0,0,0,0,0,0,0,0,0,0,0,0,0,0,0,1.6,0.4,0,0,0,0,0,0,0,0,0,100,1,0,1,116,117,139,139,139,139,0,90030,0,0,90060,90161,90200,5261,-1,0,0.4,0.2,0.2,0.65,0.2,0.8,0.6,0.6,0.8,0,0,0,-1,-1,128,2003,-1,100,30,154,0,0,-1,-1,5800,16560,-1,16562,-1,-1,-1,-1,16568,-1,-1,-1,-1,-1,-1,0,2,0,0,0,1,1,1,0,0,-1,-1,0,0,0,0,0,0,-1,-1,4380,0,0,0,180,50,0.1,-1,-1,4380,-1,1.8,0,0,0,1,0,0,0,0,0,0,0,0,1,0,-1,-1,-1,-1,-1,-1,-1,-1,-1,0.1,0.4,-1,0,0,65,0.29,100,3003,-1,5003,6002,-1,0,0.5,0.6,0,-1,0,1,1,1,1,1,1,1,1,1,1,1,1,1,1,1,1,1,1,-1,0,-1,0,-1,-1,-1,-1,[0|0|0|0|0|0|0|0|0|0|0|0],
43823033,Stonedigger,0,0,[0|0|0],43820,1004,0,120,1.6,0.4,100,0,93,0,100,438233400,-1,10,0,0,-1,-1,0.4,-1,5402,0,16565,7090,0,0,0,0,-1,0,0,0,0,0,-1,-1,-1,-1,-1,-1,25,3000,3001,3002,3003,3004,3005,3006,3007,3008,3009,6001,6000,0,1,1,1,1,1,1,1,1,1.5,0,0,50,21,100,0,0,0,100,100,100,70,252,154,154,999,-1,-1,0,0,0,0,-1,-1,0,0,0,0,0,112,999,0,0,-1,10,0,11,0,0,6,3,40,117,117,0,0,2,0,0,0,0,0,0,0,0,0,0,22,7,0,0,0,0,0,0,0,0,1,1,0,0,0,0,0,0,0,0,0,0,0,0,0,0,0,0,0,0,0,0,0,1,0,0,1,0,0,1,0,0,0,0,0,0,0,0,0,0,0,0,0,0,0,0,0,0,0,1.6,0.4,0,0,0,0,0,0,0,0,0,100,1,0,1,116,117,139,139,139,139,0,90030,0,0,90060,90161,90200,5261,-1,0,0.4,0.2,0.2,0.65,0.2,0.8,0.6,0.6,0.8,0,0,0,-1,-1,128,2003,-1,100,30,154,0,0,-1,-1,5800,16560,-1,16562,-1,-1,-1,-1,16568,-1,-1,-1,-1,-1,-1,0,2,0,0,0,1,1,1,0,0,-1,-1,0,0,0,0,0,0,-1,-1,4380,0,0,0,180,50,0.1,-1,-1,4380,-1,1.8,0,0,0,1,0,0,0,0,0,0,0,0,1,0,-1,-1,-1,-1,-1,-1,-1,-1,-1,0.1,0.4,-1,0,0,65,0.29,100,3003,-1,5003,6002,-1,0,0.5,0.6,0,-1,0,1,1,1,1,1,1,1,1,1,1,1,1,1,1,1,1,1,1,-1,0,-1,0,-1,-1,-1,-1,[0|0|0|0|0|0|0|0|0|0|0|0],
43827052,Stonedigger,0,0,[0|0|0],43820,1004,0,120,1.6,0.4,100,0,93,0,100,438252700,-1,10,0,0,-1,-1,0.4,-1,5402,0,16565,7160,0,0,0,0,-1,0,0,0,0,0,-1,-1,-1,-1,-1,-1,25,3000,3001,3002,3003,3004,3005,3006,3007,3008,3009,6001,6000,0,1,1,1,1,1,1,1,1,1.5,0,0,50,21,100,0,0,0,100,100,100,70,252,154,154,999,-1,-1,0,0,0,0,-1,-1,0,0,0,0,0,112,999,0,0,-1,10,0,11,0,0,6,3,40,117,117,0,0,2,0,0,0,0,0,0,0,0,0,0,22,7,0,0,0,0,0,0,0,0,1,0,0,0,0,0,0,0,0,0,1,0,0,1,0,1,0,0,0,0,0,0,0,1,0,0,1,0,0,1,0,0,0,0,0,0,0,0,0,0,0,0,0,0,0,0,0,0,0,1.6,0.4,0,0,0,0,0,0,0,0,0,100,1,0,1,116,117,139,139,139,139,0,90030,0,0,90060,90161,90200,5261,-1,0,0.4,0.2,0.2,0.65,0.2,0.8,0.6,0.6,0.8,0,0,0,-1,-1,128,2003,-1,100,30,154,0,0,-1,-1,5800,16560,-1,-1,16563,-1,-1,-1,-1,16569,-1,-1,-1,-1,-1,0,2,0,0,0,1,1,1,0,0,-1,-1,0,0,0,0,0,0,-1,-1,4380,0,0,0,180,50,0.1,-1,-1,4380,-1,1.8,0,0,0,1,0,0,0,0,0,0,0,0,1,0,-1,-1,-1,-1,-1,-1,-1,-1,-1,0.1,0.4,-1,0,0,65,0.29,100,3003,-1,5003,6002,-1,0,0.5,0.6,0,-1,0,1,1,1,1,1,1,1,1,1,1,1,1,1,1,1,1,1,1,-1,0,-1,0,-1,-1,-1,-1,[0|0|0|0|0|0|0|0|0|0|0|0],
44400012,Land Squirt,0,0,[0|0|0],44400,1001,0,15,2,0.8,100,0,366,0,100,444012000,-1,-1,0,0,-1,-1,0.8,-1,5400,0,15100,7020,0,0,0,0,-1,0,0,0,0,0,-1,-1,-1,-1,-1,-1,16,3000,3001,3002,3003,3004,3005,3006,3007,6003,6002,6003,6002,0,1,1,1,1,1,1,1,1,1.5,-0.53846157,0,50,21,100,0,0,0,100,100,100,0,84,84,112,999,-1,-1,0,0,0,0,-1,-1,0,0,0,0,0,999,999,0,0,-1,10,0,11,0,0,6,1,40,146,146,1,0,0,0,0,0,0,0,0,0,0,0,0,17,7,0,0,0,0,0,0,1,0,0,0,0,0,0,0,0,0,0,0,0,0,0,0,0,0,1,0,0,0,0,0,0,0,0,0,1,0,0,1,0,0,0,0,0,0,0,0,0,0,0,0,0,0,0,0,0,0,0,2,0.8,0,0,0,0,0,0,1,0,0,100,1,999,3,145,145,139,139,139,139,0,90030,0,90300,90060,90100,0,5261,-1,0,0.4,1.1,1.1,1,1,1.2,1.2,1.2,1.2,0,0,0,-1,-1,128,2001,-1,100,10,84,0,0,-1,-1,5800,15111,20297171,-1,-1,-1,-1,-1,-1,-1,-1,-1,-1,-1,-1,0,2,0,0,0,1,1,1,0,0,-1,-1,0,0,0,0,0,0,-1,-1,-1,30,30,0,180,50,0.1,-1,-1,-1,-1,2.5,0,0,0,1,0,0,0,0,0,0,0,0,1,0,-1,-1,-1,-1,-1,-1,-1,-1,-1,0.1,0.4,-1,0,0,30,0.29,100,3002,-1,5001,-1,-1,0,0.5,0.6,0,-1,0,1,1,1,1,1,1,1,1,1,1,1,1,1,1,1,1,1,1,-1,0,-1,0,-1,-1,-1,-1,[0|0|0|0|0|0|0|0|0|0|0|0],
44400032,Land Squirt,0,0,[0|0|0],44400,1001,0,15,2,0.8,100,0,366,0,100,444032000,-1,-1,0,0,-1,-1,0.8,-1,5400,0,15100,7090,0,0,0,0,-1,0,0,0,0,0,-1,-1,-1,-1,-1,-1,16,3000,3001,3002,3003,3004,3005,3006,3007,6003,6002,6003,6002,0,1,1,1,1,1,1,1,1,1.5,-0.53846157,0,50,21,100,0,0,0,100,100,100,0,84,84,112,999,-1,-1,0,0,0,0,-1,-1,0,0,0,0,0,999,999,0,0,-1,10,0,11,0,0,6,1,40,146,146,1,0,0,0,0,0,0,0,0,0,0,0,0,17,7,0,0,0,0,0,0,1,0,0,0,0,0,0,0,0,0,0,0,0,0,0,0,0,0,1,0,0,0,0,0,0,0,0,0,1,0,0,1,0,0,0,0,0,0,0,0,0,0,0,0,0,0,0,0,0,0,0,2,0.8,0,0,0,0,0,0,1,0,0,100,1,999,3,145,145,139,139,139,139,0,90030,0,90300,90060,90100,0,5261,-1,0,0.4,1.1,1.1,1,1,1.2,1.2,1.2,1.2,0,0,0,-1,-1,128,2001,-1,100,10,84,0,0,-1,-1,5800,15111,20297171,-1,-1,-1,-1,-1,-1,-1,-1,-1,-1,-1,-1,0,2,0,0,0,1,1,1,0,0,-1,-1,0,0,0,0,0,0,-1,-1,-1,30,30,0,180,50,0.1,-1,-1,-1,-1,2.5,0,0,0,1,0,0,0,0,0,0,0,0,1,0,-1,-1,-1,-1,-1,-1,-1,-1,-1,0.1,0.4,-1,0,0,30,0.29,100,3002,-1,5001,-1,-1,0,0.5,0.6,0,-1,0,1,1,1,1,1,1,1,1,1,1,1,1,1,1,1,1,1,1,-1,0,-1,0,-1,-1,-1,-1,[0|0|0|0|0|0|0|0|0|0|0|0],
44400040,Land Squirt,0,0,[0|0|0],44400,1001,0,15,2,0.8,100,0,366,0,100,444040000,-1,-1,0,0,-1,-1,0.8,-1,5400,0,15100,7070,0,0,0,0,-1,0,0,0,0,0,-1,-1,-1,-1,-1,-1,16,3000,3001,3002,3003,3004,3005,3006,3007,6003,6002,6003,6002,0,1,1,1,1,1,1,1,1,1.5,-0.53846157,0,50,21,100,0,0,0,100,100,100,0,84,84,112,999,-1,-1,0,0,0,0,-1,-1,0,0,0,0,0,999,999,0,0,-1,10,0,11,0,0,6,1,40,146,146,1,0,0,0,0,0,0,0,0,0,0,0,0,17,7,0,0,0,0,0,0,1,0,0,0,0,0,0,0,0,0,0,0,0,0,0,0,0,0,1,0,0,0,0,0,0,0,0,0,1,0,0,1,0,0,0,0,0,0,0,0,0,0,0,0,0,0,0,0,0,0,0,2,0.8,0,0,0,0,0,0,1,0,0,100,1,999,3,145,145,139,139,139,139,0,90030,0,90300,90060,90100,0,5261,-1,0,0.4,1.1,1.1,1,1,1.2,1.2,1.2,1.2,0,0,0,-1,-1,128,2001,-1,100,10,84,0,0,-1,-1,5800,15111,20297171,-1,-1,-1,-1,-1,-1,-1,-1,-1,-1,-1,-1,0,2,0,0,0,1,1,1,0,0,-1,-1,0,0,0,0,0,0,-1,-1,-1,30,30,0,180,50,0.1,-1,-1,-1,-1,2.5,0,0,0,1,0,0,0,0,0,0,0,0,1,0,-1,-1,-1,-1,-1,-1,-1,-1,-1,0.1,0.4,-1,0,0,30,0.29,100,3002,-1,5001,-1,-1,0,0.5,0.6,0,-1,0,1,1,1,1,1,1,1,1,1,1,1,1,1,1,1,1,1,1,-1,0,-1,0,-1,-1,-1,-1,[0|0|0|0|0|0|0|0|0|0|0|0],
44500012,Walking Mausoleum,0,0,[0|0|0],44500,-1,0,0,59,18,100,0,0,0,1500,-1,-1,10,5,0,-1,-1,18,-1,5400,0,0,7020,0,0,90000,90010,-1,0,0,0,0,0,-1,-1,-1,-1,-1,-1,16,3000,3001,3002,3003,3004,3005,3006,3007,3008,3009,6001,6000,0,1,1,1,1,1,1,1,1,1.5,-1,0,50,21,100,0,0,0,100,100,100,90,999,999,999,999,-1,-1,0,0,0,0,-1,-1,0,0,0,100,0,999,999,0,0,-1,10,0,15,0,0,7,4,40,139,139,1,0,0,0,0,0,0,0,0,0,1,0,2,17,7,1,0,0,0,0,0,0,0,1,0,0,0,0,0,0,0,0,0,0,0,0,0,0,0,0,0,0,0,0,0,0,0,0,1,1,0,0,1,0,0,0,0,0,0,0,0,0,0,0,0,0,0,0,0,0,0,0,59,18,0,0,0,1,0,0,0,0,0,100,0,4,1,117,117,139,139,139,112,90020,90030,90040,90300,90060,90100,0,-1,-1,0,0,0,0,0,0,0,0,0,0,0,0,0,-1,-1,0,-1,-1,100,10,999,0,0,-1,5015,12490,12495,-1,-1,5890,-1,-1,-1,-1,-1,-1,-1,-1,-1,-1,0,-1,0,0,0,1,1,1,0,0,-1,-1,0,0,0,0,0,0,-1,-1,-1,0,0,0,180,-1,0.1,-1,-1,-1,-1,10,0,2,0,1,0,0,0,0,0,0,0,0,1,0,-1,-1,-1,-1,-1,-1,-1,-1,-1,0.1,0.01,-1,0,0,-1,0.29,100,-1,-1,-1,-1,-1,0,1,3.8,0,-1,0,1,1,1,1,1,1,1,1,1,1,1,1,1,1,1,1,1,1,-1,0,-1,0,-1,-1,-1,-1,[0|0|0|0|0|0|0|0|0|0|0|0],
44500020,Walking Mausoleum,0,0,[0|0|0],44500,-1,0,0,59,18,100,0,0,0,1500,-1,-1,10,5,0,-1,-1,18,-1,5400,0,0,7060,0,0,90000,90010,-1,0,0,0,0,0,-1,-1,-1,-1,-1,-1,16,3000,3001,3002,3003,3004,3005,3006,3007,3008,3009,6001,6000,0,1,1,1,1,1,1,1,1,1.5,-1,0,50,21,100,0,0,0,100,100,100,90,999,999,999,999,-1,-1,0,0,0,0,-1,-1,0,0,0,100,0,999,999,0,0,-1,10,0,15,0,0,7,4,40,139,139,1,0,0,0,0,0,0,0,0,0,1,0,2,17,7,1,0,0,0,0,0,0,0,1,0,0,0,0,0,0,0,0,0,0,0,0,0,0,0,0,0,0,0,0,0,0,0,0,1,1,0,0,1,0,0,0,0,0,0,0,0,0,0,0,0,0,0,0,0,0,0,0,59,18,0,0,0,1,0,0,0,0,0,100,0,4,1,117,117,139,139,139,112,90020,90030,90040,90300,90060,90100,0,-1,-1,0,0,0,0,0,0,0,0,0,0,0,0,0,-1,-1,0,-1,-1,100,10,999,0,0,-1,5015,12490,12495,-1,-1,5890,-1,-1,-1,-1,-1,-1,-1,-1,-1,-1,0,-1,0,0,0,1,1,1,0,0,-1,-1,0,0,0,0,0,0,-1,-1,-1,0,0,0,180,-1,0.1,-1,-1,-1,-1,10,0,2,0,1,0,0,0,0,0,0,0,0,1,0,-1,-1,-1,-1,-1,-1,-1,-1,-1,0.1,0.01,-1,0,0,-1,0.29,100,-1,-1,-1,-1,-1,0,1,3.8,0,-1,0,1,1,1,1,1,1,1,1,1,1,1,1,1,1,1,1,1,1,-1,0,-1,0,-1,-1,-1,-1,[0|0|0|0|0|0|0|0|0|0|0|0],
44500050,Walking Mausoleum,0,0,[0|0|0],44500,-1,0,0,59,18,100,0,0,0,1500,-1,-1,10,5,0,-1,-1,18,-1,5400,0,0,7120,0,0,90000,90010,-1,0,0,0,0,0,-1,-1,-1,-1,-1,-1,16,3000,3001,3002,3003,3004,3005,3006,3007,3008,3009,6001,6000,0,1,1,1,1,1,1,1,1,1.5,-1,0,50,21,100,0,0,0,100,100,100,90,999,999,999,999,-1,-1,0,0,0,0,-1,-1,0,0,0,100,0,999,999,0,0,-1,10,0,15,0,0,7,4,40,139,139,1,0,0,0,0,0,0,0,0,0,1,0,2,17,7,1,0,0,0,0,0,0,0,1,0,0,0,0,0,0,0,0,0,0,0,0,0,0,0,0,0,0,0,0,0,0,0,0,1,1,0,0,1,0,0,0,0,0,0,0,0,0,0,0,0,0,0,0,0,0,0,0,59,18,0,0,0,1,0,0,0,0,0,100,0,4,1,117,117,139,139,139,112,90020,90030,90040,90300,90060,90100,0,-1,-1,0,0,0,0,0,0,0,0,0,0,0,0,0,-1,-1,0,-1,-1,100,10,999,0,0,-1,5015,12490,12496,-1,-1,5890,-1,-1,-1,-1,-1,-1,-1,-1,-1,-1,0,-1,0,0,0,1,1,1,0,0,-1,-1,0,0,0,0,0,0,-1,-1,-1,0,0,0,180,-1,0.1,-1,-1,-1,-1,10,0,2,0,1,0,0,0,0,0,0,0,0,1,0,-1,-1,21500,21501,-1,-1,-1,-1,-1,0.1,0.01,-1,0,0,-1,0.29,100,-1,-1,-1,-1,-1,0,1,3.8,0,-1,0,1,1,1,1,1,1,1,1,1,1,1,1,1,1,1,1,1,1,-1,0,-1,0,-1,-1,-1,-1,[0|0|0|0|0|0|0|0|0|0|0|0],
44500052,Walking Mausoleum,0,0,[0|0|0],44500,-1,0,0,59,18,100,0,0,0,1500,-1,-1,10,5,0,-1,-1,18,-1,5400,0,0,7160,0,0,90000,90010,-1,0,0,0,0,0,-1,-1,-1,-1,-1,-1,16,3000,3001,3002,3003,3004,3005,3006,3007,3008,3009,6001,6000,0,1,1,1,1,1,1,1,1,1.5,-1,0,50,21,100,0,0,0,100,100,100,90,999,999,999,999,-1,-1,0,0,0,0,-1,-1,0,0,0,100,0,999,999,0,0,-1,10,0,15,0,0,6,4,40,139,139,1,0,0,0,0,0,0,0,0,0,1,0,2,17,7,1,0,0,0,0,0,0,0,1,0,0,0,0,0,0,0,0,0,0,0,0,0,0,0,0,0,0,0,0,0,0,0,0,1,1,0,0,1,0,0,0,0,0,0,0,0,0,0,0,0,0,0,0,0,0,0,0,59,18,0,0,0,1,0,0,0,0,0,100,0,4,1,117,117,139,139,139,112,90020,90030,90040,90300,90060,90100,0,-1,-1,0,0,0,0,0,0,0,0,0,0,0,0,0,-1,-1,0,-1,-1,100,10,999,0,0,-1,5015,12490,12496,12480,5007,5890,-1,-1,-1,-1,-1,-1,-1,-1,-1,-1,0,-1,0,0,0,1,1,1,0,0,-1,-1,0,0,0,0,0,0,-1,-1,-1,0,0,0,180,-1,0.1,-1,-1,-1,-1,10,0,2,0,1,0,0,0,0,0,0,0,0,1,0,-1,-1,21500,21501,-1,-1,-1,-1,-1,0.1,0.01,-1,0,0,-1,0.29,100,-1,-1,-1,-1,-1,0,1,3.8,0,-1,0,1,1,1,1,1,1,1,1,1,1,1,1,1,1,1,1,1,1,-1,0,-1,0,-1,-1,-1,-1,[0|0|0|0|0|0|0|0|0|0|0|0],
44500066,Walking Mausoleum,0,0,[0|0|0],44500,-1,0,0,59,18,100,0,0,0,1500,-1,-1,10,5,0,-1,-1,18,-1,5400,0,0,7110,0,0,90000,90010,-1,0,0,0,0,0,-1,-1,-1,-1,-1,-1,16,3000,3001,3002,3003,3004,3005,3006,3007,3008,3009,6001,6000,0,1,1,1,1,1,1,1,1,1.5,-1,0,50,21,100,0,0,0,100,100,100,90,999,999,999,999,-1,-1,0,0,0,0,-1,-1,0,0,0,100,0,999,999,0,0,-1,10,0,15,0,0,7,4,40,139,139,1,0,0,0,0,0,0,0,0,0,1,0,2,17,7,1,0,0,0,0,0,0,0,1,0,0,0,0,0,0,0,0,0,0,0,0,0,0,0,0,0,0,0,0,0,0,0,0,1,1,0,0,1,0,0,0,0,0,0,0,0,0,0,0,0,0,0,0,0,0,0,0,59,18,0,0,0,1,0,0,0,0,0,100,0,4,1,117,117,139,139,139,112,90020,90030,90040,90300,90060,90100,0,-1,-1,0,0,0,0,0,0,0,0,0,0,0,0,0,-1,-1,0,-1,-1,100,10,999,0,0,-1,5015,12490,12495,-1,-1,5890,-1,-1,-1,-1,-1,-1,-1,-1,-1,-1,0,-1,0,0,0,1,1,1,0,0,-1,-1,0,0,0,0,0,0,-1,-1,-1,0,0,0,180,-1,0.1,-1,-1,-1,-1,10,0,2,0,1,0,0,0,0,0,0,0,0,1,0,-1,-1,-1,-1,-1,-1,-1,-1,-1,0.1,0.01,-1,0,0,-1,0.29,100,-1,-1,-1,-1,-1,0,1,3.8,0,-1,0,1,1,1,1,1,1,1,1,1,1,1,1,1,1,1,1,1,1,-1,0,-1,0,-1,-1,-1,-1,[0|0|0|0|0|0|0|0|0|0|0|0],
44501020,Walking Mausoleum,0,0,[0|0|0],44500,-1,0,0,59,18,100,0,0,0,1500,-1,-1,10,5,0,-1,-1,18,-1,5400,0,0,7060,0,0,90000,90010,-1,0,0,0,0,0,-1,-1,-1,-1,-1,-1,16,3000,3001,3002,3003,3004,3005,3006,3007,3008,3009,6001,6000,0,1,1,1,1,1,1,1,1,1.5,-1,0,50,21,100,0,0,0,100,100,100,90,999,999,999,999,-1,-1,0,0,0,0,-1,-1,0,0,0,100,0,999,999,0,0,-1,10,0,15,0,0,7,4,40,139,139,1,0,0,0,0,0,0,0,0,0,1,0,2,17,7,1,0,0,0,0,0,0,0,0,0,0,0,0,0,0,0,0,0,0,0,0,0,0,0,0,0,0,0,0,0,0,0,0,1,1,0,0,1,0,0,0,0,0,0,0,0,0,0,0,0,0,0,0,0,0,0,0,59,18,0,0,0,1,0,0,0,0,0,100,0,4,1,117,117,139,139,139,112,90020,90030,90040,90300,90060,90100,0,-1,-1,0,0,0,0,0,0,0,0,0,0,0,0,0,-1,-1,0,-1,-1,100,10,999,0,0,-1,5015,12491,12495,12481,-1,5890,-1,-1,-1,-1,-1,-1,-1,-1,-1,-1,0,-1,0,0,0,1,1,1,0,0,-1,-1,0,0,0,0,0,0,-1,-1,-1,0,0,0,180,-1,0.1,-1,-1,-1,-1,10,0,2,0,1,0,0,0,0,0,0,0,0,1,0,-1,-1,-1,-1,-1,-1,-1,-1,-1,0.1,0.01,-1,0,0,-1,0.29,100,-1,-1,-1,-1,-1,0,1,3.8,0,-1,0,1,1,1,1,1,1,1,1,1,1,1,1,1,1,1,1,1,1,-1,0,-1,0,-1,-1,-1,-1,[0|0|0|0|0|0|0|0|0|0|0|0],
44600032,Flame Chariot,0,0,[0|0|0],44600,1004,0,25,6,2.8,2000,0,438,0,1500,446000000,-1,-1,5,0,-1,-1,2.8,-1,5400,0,5360,7090,0,0,0,0,-1,0,0,0,0,0,-1,-1,-1,-1,-1,-1,16,3000,3001,3002,3003,3004,3005,3006,3007,3008,3009,6001,6000,0,1,0.1,0.1,0.1,0.1,0.1,0.1,0.1,1,0.23076923,0,50,21,100,0,0,0,100,100,100,0,252,252,154,999,-1,-1,0,0,0,0,-1,-1,1,0,0,0,0,112,999,0,0,-1,10,0,13,0,0,7,13,40,109,109,1,0,0,0,0,0,0,0,0,0,2,0,2,17,7,0,0,0,0,0,0,1,0,0,0,0,0,0,0,0,0,0,0,0,1,0,0,0,0,0,0,0,0,0,0,0,0,0,1,1,0,0,1,0,0,0,0,0,0,0,0,0,0,0,0,0,0,0,0,0,0,0,6,2.8,0,0,0,1,0,0,0,0,0,100,1,4,1,128,106,139,139,139,139,0,90030,0,0,90060,90161,0,5262,-1,0,0,0.9,0.9,1,0.9,0.8,0.6,0.8,0.8,0,0,0,-1,-1,256,2004,-1,100,0,252,0,0,4460,12650,5800,12671,12672,-1,-1,-1,-1,-1,-1,-1,-1,-1,-1,-1,-1,0,2,0,0,0,1,1,1,0,0,-1,-1,0,0,0,0,0,0,-1,-1,-1,30,30,0,180,300,0.02,-1,-1,-1,-1,10,0,0,0,1,0,0,0,0,0,0,1,0.994,1,0,-1,-1,-1,-1,-1,-1,-1,-1,-1,0.1,0.4,-1,0,0,80,0.29,100,3003,-1,5004,6002,-1,0,0.5,0.85,0,-1,0,1,1,1,1,1,1,1,1,1,1,1,1,1,1,1,1,1,1,-1,0,-1,0,-1,-1,-1,-1,[0|0|0|0|0|0|0|0|0|0|0|0],
44600036,Flame Chariot,0,0,[0|0|0],44600,1004,0,25,6,2.8,2000,0,438,0,1500,446000000,-1,-1,5,0,-1,-1,2.8,-1,5400,0,5360,7090,0,0,0,0,-1,0,0,0,0,0,-1,-1,-1,-1,-1,-1,16,3000,3001,3002,3003,3004,3005,3006,3007,3008,3009,6001,6000,0,1,0.1,0.1,0.1,0.1,0.1,0.1,0.1,1,0.23076923,0,50,21,100,0,0,0,100,100,100,0,252,252,154,999,-1,-1,0,0,0,0,-1,-1,1,0,0,0,0,112,999,0,0,-1,10,0,13,0,0,8,13,40,109,109,1,0,0,0,0,0,0,0,0,0,2,0,2,17,7,0,0,0,0,0,0,1,0,0,0,0,0,0,0,0,0,0,0,0,1,0,0,0,0,0,0,0,0,0,0,0,0,0,1,1,0,0,1,0,0,0,0,0,0,0,0,0,0,0,0,0,0,0,0,0,0,0,6,2.8,0,0,0,1,0,0,0,0,0,100,1,4,1,128,106,139,139,139,139,0,90030,0,0,90060,90161,0,5262,-1,0,0,0.9,0.9,1,0.9,0.8,0.6,0.8,0.8,0,0,0,-1,-1,256,2004,-1,100,0,252,0,0,4460,12650,5800,-1,12672,-1,-1,-1,-1,-1,-1,-1,-1,-1,-1,-1,-1,0,2,0,0,0,1,1,1,0,0,-1,-1,0,0,0,0,0,0,-1,-1,-1,30,30,0,180,300,0.02,-1,-1,-1,-1,10,0,0,0,1,0,0,0,0,0,0,1,0.994,1,0,-1,-1,-1,-1,-1,-1,-1,-1,-1,0.1,0.4,-1,0,0,80,0.29,100,3003,-1,5004,6002,-1,0,0.5,0.85,0,-1,0,1,1,1,1,1,1,1,1,1,1,1,1,1,1,1,1,1,1,-1,0,-1,0,-1,-1,-1,-1,[0|0|0|0|0|0|0|0|0|0|0|0],
44600040,Flame Chariot,0,0,[0|0|0],44600,1004,0,25,6,2.8,2000,0,438,0,1500,446000000,-1,-1,5,0,-1,-1,2.8,-1,5400,0,5360,7070,0,0,0,0,-1,0,0,0,0,0,-1,-1,-1,-1,-1,-1,16,3000,3001,3002,3003,3004,3005,3006,3007,3008,3009,6001,6000,0,1,0.1,0.1,0.1,0.1,0.1,0.1,0.1,1,0.23076923,0,50,21,100,0,0,0,100,100,100,0,252,252,154,999,-1,-1,0,0,0,0,-1,-1,1,0,0,0,0,112,999,0,0,-1,10,0,13,0,0,7,13,40,109,109,1,0,0,0,0,0,0,0,0,0,2,0,2,17,7,0,0,0,0,0,0,1,0,0,0,0,0,0,0,0,0,0,0,0,1,0,0,0,0,0,0,0,0,0,0,0,0,0,1,1,0,0,1,0,0,0,0,0,0,0,0,0,0,0,0,0,0,0,0,0,0,0,6,2.8,0,0,0,1,0,0,0,0,0,100,1,4,1,128,106,139,139,139,139,0,90030,0,0,90060,90161,0,5262,-1,0,0,0.9,0.9,1,0.9,0.8,0.6,0.8,0.8,0,0,0,-1,-1,256,2004,-1,100,0,252,0,0,4460,12650,5800,12671,12672,-1,-1,-1,-1,-1,-1,-1,-1,-1,-1,-1,-1,0,2,0,0,0,1,1,1,0,0,-1,-1,0,0,0,0,0,0,-1,-1,-1,30,30,0,180,300,0.02,-1,-1,-1,-1,10,0,0,0,1,0,0,0,0,0,0,1,0.994,1,0,-1,-1,-1,-1,-1,-1,-1,-1,-1,0.1,0.4,-1,0,0,80,0.29,100,3003,-1,5004,6002,-1,0,0.5,0.85,0,-1,0,1,1,1,1,1,1,1,1,1,1,1,1,1,1,1,1,1,1,-1,0,-1,0,-1,-1,-1,-1,[0|0|0|0|0|0|0|0|0|0|0|0],
44600840,Flame Chariot,0,0,[0|0|0],44600,1004,0,25,6,2.8,2000,0,438,0,1500,446000000,-1,-1,3,0,-1,-1,2.8,-1,5400,0,5360,7070,0,0,0,0,-1,0,0,0,0,0,-1,-1,-1,-1,-1,-1,16,3000,3001,3002,3003,3004,3005,3006,3007,3008,3009,6001,6000,0,1,0.1,0.1,0.1,0.1,0.1,0.1,0.1,1,0.23076923,0,50,21,100,0,0,0,100,100,100,0,252,252,154,999,-1,-1,0,0,0,0,-1,-1,1,0,0,0,0,112,999,0,0,-1,10,0,13,0,0,7,13,40,109,109,1,0,0,0,0,0,0,0,0,0,2,0,2,17,7,0,0,0,0,0,0,1,0,0,0,0,0,0,0,0,0,0,0,0,1,0,0,0,0,0,0,0,0,0,0,0,0,0,1,1,0,0,1,0,0,0,0,0,0,0,0,0,0,0,0,0,0,0,0,0,0,0,6,2.8,0,0,0,1,0,0,0,0,0,100,1,4,1,128,106,139,139,139,139,0,90030,0,0,90060,90161,0,5262,-1,0,0,0.9,0.9,1,0.9,0.8,0.6,0.8,0.8,0,0,0,-1,-1,256,2004,-1,100,0,252,0,0,4460,12650,5800,12671,12672,-1,-1,-1,-1,-1,-1,-1,-1,-1,-1,-1,-1,0,2,0,0,0,1,1,1,0,0,-1,-1,0,0,0,0,0,0,-1,-1,-1,30,30,0,180,300,0.02,-1,-1,-1,-1,10,0,0,0,1,0,0,0,0,0,0,1,0.994,1,0,-1,-1,-1,-1,-1,-1,-1,-1,-1,0.1,0.4,-1,0,0,80,0.29,100,3003,-1,5004,6002,-1,0,0.5,0.85,0,-1,0,1,1,1,1,1,1,1,1,1,1,1,1,1,1,1,1,1,1,-1,0,-1,0,-1,-1,-1,-1,[0|0|0|0|0|0|0|0|0|0|0|0],
44601032,Flame Chariot,0,0,[0|0|0],44600,1004,0,25,6,2.8,2000,0,438,0,1500,446000100,-1,-1,5,0,-1,-1,2.8,-1,5400,0,5360,7090,0,0,0,0,-1,0,0,0,0,0,-1,-1,-1,-1,-1,-1,16,3000,3001,3002,3003,3004,3005,3006,3007,3008,3009,6001,6000,0,1,0.1,0.1,0.1,0.1,0.1,0.1,0.1,1,0.23076923,0,50,21,100,0,0,0,100,100,100,0,252,252,154,999,-1,-1,0,0,0,0,-1,-1,1,0,0,0,0,112,999,0,0,-1,10,0,13,0,0,7,13,40,109,109,1,0,0,0,0,0,0,0,0,0,2,0,2,17,7,0,0,0,0,0,0,1,0,1,0,0,0,0,0,0,0,0,0,0,1,0,0,0,0,0,0,0,0,0,0,0,0,0,1,1,0,0,1,0,0,0,0,0,0,0,0,0,0,0,0,0,0,0,0,0,0,0,6,2.8,0,0,0,1,0,0,0,0,0,100,1,4,1,128,106,139,139,139,139,0,90030,0,0,90060,90161,0,5262,-1,0,0,0.9,0.9,1,0.9,0.8,0.6,0.8,0.8,0,0,0,-1,-1,256,2004,-1,100,0,252,0,0,4460,12651,5800,12671,12672,-1,-1,-1,-1,-1,-1,-1,-1,-1,-1,-1,-1,0,2,0,0,0,1,1,1,0,0,-1,-1,0,0,0,0,0,0,-1,-1,-1,30,30,0,180,300,0.02,-1,-1,-1,-1,10,0,0,0,1,0,0,0,0,0,0,1,0.994,1,0,-1,-1,-1,-1,-1,-1,-1,-1,-1,0.1,0.4,-1,0,0,80,0.29,100,3003,-1,5004,6002,-1,0,0.5,0.85,0,-1,0,1,1,1,1,1,1,1,1,1,1,1,1,1,1,1,1,1,1,-1,0,-1,0,-1,-1,-1,-1,[0|0|0|0|0|0|0|0|0|0|0|0],
44601040,Flame Chariot,0,0,[0|0|0],44600,1004,0,25,4,2.8,2000,0,438,0,1500,446000100,-1,-1,5,0,-1,-1,2.8,-1,5400,0,5360,7070,0,0,0,0,-1,0,0,0,0,0,-1,-1,-1,-1,-1,-1,16,3000,3001,3002,3003,3004,3005,3006,3007,3008,3009,6001,6000,0,1,0.1,0.1,0.1,0.1,0.1,0.1,0.1,1,0.23076923,0,50,21,100,0,0,0,100,100,100,0,252,252,154,999,-1,-1,0,0,0,0,-1,-1,1,0,0,0,0,112,999,0,0,-1,10,0,13,0,0,7,13,40,109,109,1,0,0,0,0,0,0,0,0,0,2,0,2,17,7,0,0,0,0,0,0,1,0,1,0,0,0,0,0,0,0,0,0,0,1,0,0,0,0,0,0,0,0,0,0,0,0,0,1,1,0,0,1,0,0,0,0,0,0,0,0,0,0,0,0,0,0,0,0,0,0,0,4,2.8,0,0,0,1,0,0,0,0,0,100,1,4,1,128,106,139,139,139,139,0,90030,0,0,90060,90161,0,5262,-1,0,0,0.9,0.9,1,0.9,0.8,0.6,0.8,0.8,0,0,0,-1,-1,256,2004,-1,100,0,252,0,0,4460,12651,5800,12671,12672,-1,-1,-1,-1,-1,-1,-1,-1,-1,-1,-1,-1,0,2,0,0,0,1,1,1,0,0,-1,-1,0,0,0,0,0,0,-1,-1,-1,30,30,0,180,300,0.02,-1,-1,-1,-1,10,0,0,0,1,0,0,0,0,0,0,1,0.994,1,0,-1,-1,-1,-1,-1,-1,-1,-1,-1,0.1,0.4,-1,0,0,80,0.29,100,3003,-1,5004,6002,-1,0,0.5,0.85,0,-1,0,1,1,1,1,1,1,1,1,1,1,1,1,1,1,1,1,1,1,-1,0,-1,0,-1,-1,-1,-1,[0|0|0|0|0|0|0|0|0|0|0|0],
44601840,Flame Chariot,0,0,[0|0|0],44600,1004,0,25,6,2.8,2000,0,438,0,1500,446000100,-1,-1,3,0,-1,-1,2.8,-1,5400,0,5360,7070,0,0,0,0,-1,0,0,0,0,0,-1,-1,-1,-1,-1,-1,16,3000,3001,3002,3003,3004,3005,3006,3007,3008,3009,6001,6000,0,1,0.1,0.1,0.1,0.1,0.1,0.1,0.1,1,0.23076923,0,50,21,100,0,0,0,100,100,100,0,252,252,154,999,-1,-1,0,0,0,0,-1,-1,1,0,0,0,0,112,999,0,0,-1,10,0,13,0,0,7,13,40,109,109,1,0,0,0,0,0,0,0,0,0,2,0,2,17,7,0,0,0,0,0,0,1,0,1,0,0,0,0,0,0,0,0,0,0,1,0,0,0,0,0,0,0,0,0,0,0,0,0,1,1,0,0,1,0,0,0,0,0,0,0,0,0,0,0,0,0,0,0,0,0,0,0,6,2.8,0,0,0,1,0,0,0,0,0,100,1,4,1,128,106,139,139,139,139,0,90030,0,0,90060,90161,0,5262,-1,0,0,0.9,0.9,1,0.9,0.8,0.6,0.8,0.8,0,0,0,-1,-1,256,2004,-1,100,0,252,0,0,4460,12651,5800,12671,12672,-1,-1,-1,-1,-1,-1,-1,-1,-1,-1,-1,-1,0,2,0,0,0,1,1,1,0,0,-1,-1,0,0,0,0,0,0,-1,-1,-1,30,30,0,180,300,0.02,-1,-1,-1,-1,10,0,0,0,1,0,0,0,0,0,0,1,0.994,1,0,-1,-1,-1,-1,-1,-1,-1,-1,-1,0.1,0.4,-1,0,0,80,0.29,100,3003,-1,5004,6002,-1,0,0.5,0.85,0,-1,0,1,1,1,1,1,1,1,1,1,1,1,1,1,1,1,1,1,1,-1,0,-1,0,-1,-1,-1,-1,[0|0|0|0|0|0|0|0|0|0|0|0],
44607000,Flame Chariot,0,0,[0|0|0],44600,1004,0,25,6,2.8,2000,0,438,0,1500,446000000,-1,-1,5,0,-1,-1,2.8,-1,5400,0,5360,0,0,0,0,0,-1,0,0,0,0,0,-1,-1,-1,-1,-1,-1,16,3000,3001,3002,3003,3004,3005,3006,3007,3008,3009,6001,6000,0,1,0.1,0.1,0.1,0.1,0.1,0.1,0.1,1,0.23076923,0,50,21,100,0,0,0,100,100,100,0,252,252,154,999,-1,-1,0,0,0,0,-1,-1,1,0,0,0,0,112,999,0,0,-1,10,0,13,0,0,7,13,40,109,109,1,0,0,0,0,0,0,0,0,0,2,0,2,17,7,0,0,0,0,0,0,1,0,0,0,0,0,0,0,0,0,0,0,0,1,0,0,0,0,0,0,0,0,0,0,0,0,0,1,1,0,0,1,0,0,0,0,0,0,0,0,0,0,0,0,0,0,0,0,0,0,0,6,2.8,0,0,0,1,0,0,0,0,0,100,1,4,1,128,106,139,139,139,139,0,90030,0,0,90060,90161,0,5262,-1,0,0,0.9,0.9,1,0.9,0.8,0.6,0.8,0.8,0,0,0,-1,-1,256,2004,-1,100,0,252,0,0,4460,12650,5800,12671,12672,-1,-1,-1,-1,-1,-1,-1,-1,-1,-1,-1,-1,0,2,0,0,0,1,1,1,0,0,-1,-1,0,0,0,0,0,0,-1,-1,-1,30,30,0,180,300,0.02,-1,-1,-1,-1,10,0,0,0,1,0,0,0,0,0,0,1,0.994,1,0,-1,-1,-1,-1,-1,-1,-1,-1,-1,0.1,0.4,-1,0,0,80,0.29,100,3003,-1,5004,6002,-1,0,0.5,0.85,0,-1,0,1,1,1,1,1,1,1,1,1,1,1,1,1,1,1,1,1,1,-1,0,-1,0,-1,-1,-1,-1,[0|0|0|0|0|0|0|0|0|0|0|0],
44607100,Flame Chariot,0,0,[0|0|0],44600,1004,0,25,6,2.8,2000,0,438,0,1500,446000000,-1,-1,5,0,-1,-1,2.8,-1,5400,0,5360,0,0,0,0,0,-1,0,0,0,0,0,-1,-1,-1,-1,-1,-1,16,3000,3001,3002,3003,3004,3005,3006,3007,3008,3009,6001,6000,0,1,0.1,0.1,0.1,0.1,0.1,0.1,0.1,1,0.23076923,0,50,21,100,0,0,0,100,100,100,0,252,252,154,999,-1,-1,0,0,0,0,-1,-1,1,0,0,0,0,112,999,0,0,-1,10,0,13,0,0,7,13,40,109,109,1,0,0,0,0,0,0,0,0,0,2,0,2,17,7,0,0,0,0,0,0,1,0,0,0,0,0,0,0,0,0,0,0,0,1,0,0,0,0,0,0,0,0,0,0,0,0,0,1,1,0,0,1,0,0,0,0,0,0,0,0,0,0,0,0,0,0,0,0,0,0,0,6,2.8,0,0,0,1,0,0,0,0,0,100,1,4,1,128,106,139,139,139,139,0,90030,0,0,90060,90161,0,5262,-1,0,0,0.9,0.9,1,0.9,0.8,0.6,0.8,0.8,0,0,0,-1,-1,256,2004,-1,100,0,252,0,0,4460,12650,5800,12671,12672,-1,-1,-1,-1,-1,-1,-1,-1,-1,-1,-1,-1,0,2,0,0,0,1,1,1,0,0,-1,-1,0,0,0,0,0,0,-1,-1,-1,30,30,0,180,300,0.02,-1,-1,-1,-1,10,0,0,0,1,0,0,0,0,0,0,1,0.994,1,0,-1,-1,-1,-1,-1,-1,-1,-1,-1,0.1,0.4,-1,0,0,80,0.29,100,3003,-1,5004,6002,-1,0,0.5,0.85,0,-1,0,1,1,1,1,1,1,1,1,1,1,1,1,1,1,1,1,1,1,-1,0,-1,0,-1,-1,-1,-1,[0|0|0|0|0|0|0|0|0|0|0|0],
44607200,Flame Chariot,0,0,[0|0|0],44600,1004,0,25,6,2.8,2000,0,438,0,1500,446000000,-1,-1,5,0,-1,-1,2.8,-1,5400,0,5360,0,0,0,0,0,-1,0,0,0,0,0,-1,-1,-1,-1,-1,-1,16,3000,3001,3002,3003,3004,3005,3006,3007,3008,3009,6001,6000,0,1,0.1,0.1,0.1,0.1,0.1,0.1,0.1,1,0.23076923,0,50,21,100,0,0,0,100,100,100,0,252,252,154,999,-1,-1,0,0,0,0,-1,-1,1,0,0,0,0,112,999,0,0,-1,10,0,13,0,0,7,13,40,109,109,1,0,0,0,0,0,0,0,0,0,2,0,2,17,7,0,0,0,0,0,0,1,0,0,0,0,0,0,0,0,0,0,0,0,1,0,0,0,0,0,0,0,0,0,0,0,0,0,1,1,0,0,1,0,0,0,0,0,0,0,0,0,0,0,0,0,0,0,0,0,0,0,6,2.8,0,0,0,1,0,0,0,0,0,100,1,4,1,128,106,139,139,139,139,0,90030,0,0,90060,90161,0,5262,-1,0,0,0.9,0.9,1,0.9,0.8,0.6,0.8,0.8,0,0,0,-1,-1,256,2004,-1,100,0,252,0,0,4460,12650,5800,12671,12672,-1,-1,-1,-1,-1,-1,-1,-1,-1,-1,-1,-1,0,2,0,0,0,1,1,1,0,0,-1,-1,0,0,0,0,0,0,-1,-1,-1,30,30,0,180,300,0.02,-1,-1,-1,-1,10,0,0,0,1,0,0,0,0,0,0,1,0.994,1,0,-1,-1,-1,-1,-1,-1,-1,-1,-1,0.1,0.4,-1,0,0,80,0.29,100,3003,-1,5004,6002,-1,0,0.5,0.85,0,-1,0,1,1,1,1,1,1,1,1,1,1,1,1,1,1,1,1,1,1,-1,0,-1,0,-1,-1,-1,-1,[0|0|0|0|0|0|0|0|0|0|0|0],
44607800,Flame Chariot,0,0,[0|0|0],44600,1004,0,25,6,2.8,2000,0,438,0,1500,446000000,-1,-1,3,0,-1,-1,2.8,-1,5400,0,5360,0,0,0,0,0,-1,0,0,0,0,0,-1,-1,-1,-1,-1,-1,16,3000,3001,3002,3003,3004,3005,3006,3007,3008,3009,6001,6000,0,1,0.1,0.1,0.1,0.1,0.1,0.1,0.1,1,0.23076923,0,50,21,100,0,0,0,100,100,100,0,252,252,154,999,-1,-1,0,0,0,0,-1,-1,1,0,0,0,0,112,999,0,0,-1,10,0,13,0,0,7,13,40,109,109,1,0,0,0,0,0,0,0,0,0,2,0,2,17,7,0,0,0,0,0,0,1,0,0,0,0,0,0,0,0,0,0,0,0,1,0,0,0,0,0,0,0,0,0,0,0,0,0,1,1,0,0,1,0,0,0,0,0,0,0,0,0,0,0,0,0,0,0,0,0,0,0,6,2.8,0,0,0,1,0,0,0,0,0,100,1,4,1,128,106,139,139,139,139,0,90030,0,0,90060,90161,0,5262,-1,0,0,0.9,0.9,1,0.9,0.8,0.6,0.8,0.8,0,0,0,-1,-1,256,2004,-1,100,0,252,0,0,4460,12650,5800,12671,12672,-1,-1,-1,-1,-1,-1,-1,-1,-1,-1,-1,-1,0,2,0,0,0,1,1,1,0,0,-1,-1,0,0,0,0,0,0,-1,-1,-1,30,30,0,180,300,0.02,-1,-1,-1,-1,10,0,0,0,1,0,0,0,0,0,0,1,0.994,1,0,-1,-1,-1,-1,-1,-1,-1,-1,-1,0.1,0.4,-1,0,0,80,0.29,100,3003,-1,5004,6002,-1,0,0.5,0.85,0,-1,0,1,1,1,1,1,1,1,1,1,1,1,1,1,1,1,1,1,1,-1,0,-1,0,-1,-1,-1,-1,[0|0|0|0|0|0|0|0|0|0|0|0],
44608000,Flame Chariot,0,0,[0|0|0],44600,1004,0,25,6,2.8,2000,0,438,0,1500,446000100,-1,-1,5,0,-1,-1,2.8,-1,5400,0,5360,0,0,0,0,0,-1,0,0,0,0,0,-1,-1,-1,-1,-1,-1,16,3000,3001,3002,3003,3004,3005,3006,3007,3008,3009,6001,6000,0,1,0.1,0.1,0.1,0.1,0.1,0.1,0.1,1,0.23076923,0,50,21,100,0,0,0,100,100,100,0,252,252,154,999,-1,-1,0,0,0,0,-1,-1,1,0,0,0,0,112,999,0,0,-1,10,0,13,0,0,7,13,40,109,109,1,0,0,0,0,0,0,0,0,0,2,0,2,17,7,0,0,0,0,0,0,1,0,1,0,0,0,0,0,0,0,0,0,0,1,0,0,0,0,0,0,0,0,0,0,0,0,0,1,1,0,0,1,0,0,0,0,0,0,0,0,0,0,0,0,0,0,0,0,0,0,0,6,2.8,0,0,0,1,0,0,0,0,0,100,1,4,1,128,106,139,139,139,139,0,90030,0,0,90060,90161,0,5262,-1,0,0,0.9,0.9,1,0.9,0.8,0.6,0.8,0.8,0,0,0,-1,-1,256,2004,-1,100,0,252,0,0,4460,12651,5800,12671,12672,-1,-1,-1,-1,-1,-1,-1,-1,-1,-1,-1,-1,0,2,0,0,0,1,1,1,0,0,-1,-1,0,0,0,0,0,0,-1,-1,-1,30,30,0,180,300,0.02,-1,-1,-1,-1,10,0,0,0,1,0,0,0,0,0,0,1,0.994,1,0,-1,-1,-1,-1,-1,-1,-1,-1,-1,0.1,0.4,-1,0,0,80,0.29,100,3003,-1,5004,6002,-1,0,0.5,0.85,0,-1,0,1,1,1,1,1,1,1,1,1,1,1,1,1,1,1,1,1,1,-1,0,-1,0,-1,-1,-1,-1,[0|0|0|0|0|0|0|0|0|0|0|0],
44608600,Flame Chariot,0,0,[0|0|0],44600,1004,0,25,6,2.8,2000,0,438,0,1500,446000100,-1,-1,3,0,-1,-1,2.8,-1,5400,0,5360,0,0,0,0,0,-1,0,0,0,0,0,-1,-1,-1,-1,-1,-1,16,3000,3001,3002,3003,3004,3005,3006,3007,3008,3009,6001,6000,0,1,0.1,0.1,0.1,0.1,0.1,0.1,0.1,1,0.23076923,0,50,21,100,0,0,0,100,100,100,0,252,252,154,999,-1,-1,0,0,0,0,-1,-1,1,0,0,0,0,112,999,0,0,-1,10,0,13,0,0,7,13,40,109,109,1,0,0,0,0,0,0,0,0,0,2,0,2,17,7,0,0,0,0,0,0,1,0,1,0,0,0,0,0,0,0,0,0,0,1,0,0,0,0,0,0,0,0,0,0,0,0,0,1,1,0,0,1,0,0,0,0,0,0,0,0,0,0,0,0,0,0,0,0,0,0,0,6,2.8,0,0,0,1,0,0,0,0,0,100,1,4,1,128,106,139,139,139,139,0,90030,0,0,90060,90161,0,5262,-1,0,0,0.9,0.9,1,0.9,0.8,0.6,0.8,0.8,0,0,0,-1,-1,256,2004,-1,100,0,252,0,0,4460,12651,5800,12671,12672,-1,-1,-1,-1,-1,-1,-1,-1,-1,-1,-1,-1,0,2,0,0,0,1,1,1,0,0,-1,-1,0,0,0,0,0,0,-1,-1,-1,30,30,0,180,300,0.02,-1,-1,-1,-1,10,0,0,0,1,0,0,0,0,0,0,1,0.994,1,0,-1,-1,-1,-1,-1,-1,-1,-1,-1,0.1,0.4,-1,0,0,80,0.29,100,3003,-1,5004,6002,-1,0,0.5,0.85,0,-1,0,1,1,1,1,1,1,1,1,1,1,1,1,1,1,1,1,1,1,-1,0,-1,0,-1,-1,-1,-1,[0|0|0|0|0|0|0|0|0|0|0|0],
44608700,Flame Chariot,0,0,[0|0|0],44600,1004,0,25,6,2.8,2000,0,438,0,1500,446000100,-1,-1,3,0,-1,-1,2.8,-1,5400,0,5360,0,0,0,0,0,-1,0,0,0,0,0,-1,-1,-1,-1,-1,-1,16,3000,3001,3002,3003,3004,3005,3006,3007,3008,3009,6001,6000,0,1,0.1,0.1,0.1,0.1,0.1,0.1,0.1,1,0.23076923,0,50,21,100,0,0,0,100,100,100,0,252,252,154,999,-1,-1,0,0,0,0,-1,-1,1,0,0,0,0,112,999,0,0,-1,10,0,13,0,0,7,13,40,109,109,1,0,0,0,0,0,0,0,0,0,2,0,2,17,7,0,0,0,0,0,0,1,0,1,0,0,0,0,0,0,0,0,0,0,1,0,0,0,0,0,0,0,0,0,0,0,0,0,1,1,0,0,1,0,0,0,0,0,0,0,0,0,0,0,0,0,0,0,0,0,0,0,6,2.8,0,0,0,1,0,0,0,0,0,100,1,4,1,128,106,139,139,139,139,0,90030,0,0,90060,90161,0,5262,-1,0,0,0.9,0.9,1,0.9,0.8,0.6,0.8,0.8,0,0,0,-1,-1,256,2004,-1,100,0,252,0,0,4460,12651,5800,12671,12672,-1,-1,-1,-1,-1,-1,-1,-1,-1,-1,-1,-1,0,2,0,0,0,1,1,1,0,0,-1,-1,0,0,0,0,0,0,-1,-1,-1,30,30,0,180,300,0.02,-1,-1,-1,-1,10,0,0,0,1,0,0,0,0,0,0,1,0.994,1,0,-1,-1,-1,-1,-1,-1,-1,-1,-1,0.1,0.4,-1,0,0,80,0.29,100,3003,-1,5004,6002,-1,0,0.5,0.85,0,-1,0,1,1,1,1,1,1,1,1,1,1,1,1,1,1,1,1,1,1,-1,0,-1,0,-1,-1,-1,-1,[0|0|0|0|0|0|0|0|0|0|0|0],
44608800,Flame Chariot,0,0,[0|0|0],44600,1004,0,25,6,2.8,2000,0,438,0,1500,446000100,-1,-1,3,0,-1,-1,2.8,-1,5400,0,5360,0,0,0,0,0,-1,0,0,0,0,0,-1,-1,-1,-1,-1,-1,16,3000,3001,3002,3003,3004,3005,3006,3007,3008,3009,6001,6000,0,1,0.1,0.1,0.1,0.1,0.1,0.1,0.1,1,0.23076923,0,50,21,100,0,0,0,100,100,100,0,252,252,154,999,-1,-1,0,0,0,0,-1,-1,1,0,0,0,0,112,999,0,0,-1,10,0,13,0,0,7,13,40,109,109,1,0,0,0,0,0,0,0,0,0,2,0,2,17,7,0,0,0,0,0,0,1,0,1,0,0,0,0,0,0,0,0,0,0,1,0,0,0,0,0,0,0,0,0,0,0,0,0,1,1,0,0,1,0,0,0,0,0,0,0,0,0,0,0,0,0,0,0,0,0,0,0,6,2.8,0,0,0,1,0,0,0,0,0,100,1,4,1,128,106,139,139,139,139,0,90030,0,0,90060,90161,0,5262,-1,0,0,0.9,0.9,1,0.9,0.8,0.6,0.8,0.8,0,0,0,-1,-1,256,2004,-1,100,0,252,0,0,4460,12651,5800,12671,12672,-1,-1,-1,-1,-1,-1,-1,-1,-1,-1,-1,-1,0,2,0,0,0,1,1,1,0,0,-1,-1,0,0,0,0,0,0,-1,-1,-1,30,30,0,180,300,0.02,-1,-1,-1,-1,10,0,0,0,1,0,0,0,0,0,0,1,0.994,1,0,-1,-1,-1,-1,-1,-1,-1,-1,-1,0.1,0.4,-1,0,0,80,0.29,100,3003,-1,5004,6002,-1,0,0.5,0.85,0,-1,0,1,1,1,1,1,1,1,1,1,1,1,1,1,1,1,1,1,1,-1,0,-1,0,-1,-1,-1,-1,[0|0|0|0|0|0|0|0|0|0|0|0],
44700034,Abductor Virgin (Leyndell),0,0,[0|0|0],44700,-1,0,40,4.6,1.4,2500,0,1418,0,400,447000000,-1,-1,0,0,-1,-1,2.3,-1,5400,5300,5360,7100,0,0,90000,90010,-1,0,0,0,0,0,-1,-1,-1,-1,-1,-1,45,3000,3001,3002,3003,3004,3005,3006,3007,3008,3009,6001,6000,0,1,1,1,1,1,1,1,1,2,0,0,50,21,100,0,0,0,100,100,100,30,999,999,999,999,-1,-1,0,0,0,0,-1,-1,1,0,0,0,0,999,999,0,0,-1,10,0,12,0,0,7,1,40,109,109,1,0,0,0,0,0,0,0,0,0,2,0,0,17,7,0,0,0,0,0,0,1,0,1,1,0,0,0,0,0,0,0,0,1,0,0,0,0,0,0,0,0,0,0,0,0,0,0,0,1,0,0,1,0,0,0,0,0,0,0,0,0,0,0,0,0,0,0,0,0,0,0,4.3,1.1,1,0,0,1,0,0,0,0,0,100,1,4,3,112,106,139,139,139,139,90020,90030,90040,90300,90060,90100,0,5262,-1,0,0,0.9,0.9,1,0.9,1,0.8,1.2,0.8,0,0,0,-1,-1,256,-1,-1,200,0,999,0,0,4470,5800,14300,14302,-1,-1,-1,-1,-1,-1,-1,-1,-1,-1,-1,-1,-1,0,-1,0,0,0,1,1,1,0,0,-1,-1,0,0,0,0,0,0,-1,-1,-1,0,0,0,180,100,0.1,-1,-1,-1,-1,10,0,0,0,1,0,0,0,0,0,0,2,0.719,1,0,-1,-1,-1,-1,-1,-1,-1,-1,-1,0.1,0.4,-1,0,0,65,0.29,100,-1,-1,-1,-1,-1,0,0.5,0.6,0,-1,0,1,1,1,1,1,1,1,1,1,1,1,1,1,1,1,1,1,1,-1,0,-1,0,-1,-1,-1,-1,[0|0|0|0|0|0|0|0|0|0|0|0],
44700938,Abductor Virgin (Boss),0,0,[0|0|0],44700,-1,0,40,4.6,1.4,2500,0,1418,0,400,-1,-1,-1,0,0,-1,-1,2.3,-1,5400,5300,5360,7080,0,90400,90000,90010,-1,0,0,0,0,0,-1,-1,-1,-1,-1,-1,45,3000,3001,3002,3003,3004,3005,3006,3007,3008,3009,6001,6000,0,1,1,1,1,1,1,1,1,2,0,0,50,21,100,0,0,0,100,100,100,30,999,999,999,999,-1,-1,0,0,0,0,-1,-1,1,0,0,0,0,999,999,0,0,-1,10,0,12,0,0,6,1,40,109,109,1,0,0,0,0,0,0,0,0,0,2,0,0,17,7,0,0,0,0,0,0,1,0,1,1,0,0,0,0,0,0,0,0,1,0,0,0,0,0,0,0,0,0,0,0,0,0,0,0,1,1,0,1,0,0,0,0,0,0,0,0,0,0,0,0,0,0,0,0,0,0,0,4.3,1.1,1,1,0,1,0,0,0,0,0,100,1,4,3,112,106,139,139,139,139,90020,90030,90040,90300,90060,90100,0,-1,-1,0,0,0.9,0.9,1,0.9,1,0.8,1.2,0.8,0,0,0,-1,-1,256,-1,-1,300,0,999,0,0,4470,5800,14300,14302,-1,14311,-1,-1,-1,-1,-1,-1,-1,-1,-1,-1,4301,0,-1,0,0,0,1,1,1,0,0,-1,-1,0,0,0,0,0,0,-1,-1,-1,0,0,0,180,100,0.1,-1,-1,-1,-1,10,0,0,0,1,0,0,0,0,0,0,2,0.719,1,0,-1,-1,-1,-1,-1,-1,-1,-1,-1,0.1,0.4,-1,0,0,65,0.29,100,-1,-1,-1,-1,-1,0,0.5,0.6,0,-1,0,1,1,1,1,1,1,1,1,1,1,1,1,1,1,1,1,1,1,-1,0,-1,0,-1,-1,-1,-1,[0|0|0|0|0|0|0|0|0|0|0|0],
44701938,Abductor Virgin (Boss),0,0,[0|0|0],44700,-1,0,40,4.6,1.4,2500,0,1418,0,400,-1,-1,-1,0,0,-1,-1,2.3,-1,5400,5300,5360,7080,0,90400,90000,90010,-1,0,0,0,0,0,-1,-1,-1,-1,-1,-1,45,3000,3001,3002,3003,3004,3005,3006,3007,3008,3009,6001,6000,0,1,1,1,1,1,1,1,1,2,0,0,50,21,100,0,0,0,100,100,100,30,999,999,999,999,-1,-1,0,0,0,0,-1,-1,1,0,0,0,0,999,999,0,0,-1,10,0,12,0,0,6,1,40,109,109,1,0,0,0,0,0,0,0,0,0,2,0,0,17,7,0,0,0,0,0,0,1,0,0,0,1,1,0,0,0,0,0,0,1,0,0,0,0,0,0,0,0,0,0,0,0,0,0,0,1,1,0,1,0,0,0,0,0,0,0,0,0,0,0,0,0,0,0,0,0,0,0,4.3,1.1,1,1,0,1,0,0,0,0,0,100,1,4,3,112,106,139,139,139,139,90020,90030,90040,90300,90060,90100,0,-1,-1,0,0,0.9,0.9,1,0.9,1,0.8,1.2,0.8,0,0,0,-1,-1,256,-1,-1,300,0,999,0,0,4470,5800,14300,14302,-1,14311,-1,-1,-1,-1,-1,-1,-1,-1,-1,-1,4301,0,-1,0,0,0,1,1,1,0,0,-1,-1,0,0,0,0,0,0,-1,-1,-1,0,0,0,180,100,0.1,-1,-1,-1,-1,10,0,0,0,1,0,0,0,0,0,0,2,0.719,1,0,-1,-1,-1,-1,-1,-1,-1,-1,-1,0.1,0.4,-1,0,0,65,0.29,100,-1,-1,-1,-1,-1,0,0.5,0.6,0,-1,0,1,1,1,1,1,1,1,1,1,1,1,1,1,1,1,1,1,1,-1,0,-1,0,-1,-1,-1,-1,[0|0|0|0|0|0|0|0|0|0|0|0],
44800034,Miranda Blossom (Leyndell),0,0,[0|0|0],44800,1005,0,5,1.9,0.65,100,0,1939,0,1500,448000000,-1,-1,3,0,-1,-1,0.65,-1,5400,5300,5360,7100,0,0,0,0,-1,0,0,0,0,0,-1,-1,-1,-1,-1,-1,16,3000,3001,3002,3003,3004,3005,3006,3007,6003,6002,6003,6002,0,1,1,1,1,1,1,1,1,1.5,0.53846157,0,50,21,100,0,0,0,100,100,100,0,542,252,252,999,-1,-1,0,0,0,0,-1,-1,1,0,0,0,0,112,999,0,0,-1,10,0,13,0,0,6,3,40,139,139,1,0,0,0,0,0,0,0,0,0,2,0,2,17,7,0,0,1,0,0,0,1,0,1,0,0,0,0,0,0,0,0,0,1,0,0,0,0,0,1,0,0,0,0,0,0,0,0,0,1,0,0,1,0,0,0,0,0,0,0,0,0,0,0,0,0,0,0,0,0,0,0,1.9,0.65,2,0,0,1,0,0,0,0,0,100,1,999,1,145,145,139,139,139,139,0,90030,0,0,90060,90100,0,5262,-1,0,0.4,1,1.4,0.65,1,1,1.4,0.6,0.6,0,0,0,-1,-1,256,2004,-1,200,10,63,0,0,-1,-1,14952,5724,-1,-1,14930,-1,14940,-1,-1,-1,-1,-1,-1,-1,-1,0,2,0,0,0,1,1,1,0,0,-1,-1,0,0,0,0,0,0,-1,-1,4480,50,50,0,180,50,0.1,-1,-1,-1,-1,2.5,0,0,0,1,0,0,0,0,0,0,0,0,1,0,-1,-1,-1,-1,-1,-1,-1,-1,-1,0.1,0.4,-1,0,0,100,0.29,100,3004,-1,5000,6002,-1,0,0.5,0.6,0,-1,0,1,1,1,1,1,1,1,1,1,1,1,1,1,1,1,1,1,1,-1,0,-1,0,-1,-1,-1,-1,[0|0|0|0|0|0|0|0|0|0|0|0],
44800040,Miranda Blossom,0,0,[0|0|0],44800,1005,0,5,1.9,0.65,100,0,1939,0,1500,448000000,-1,-1,3,0,-1,-1,0.65,-1,5400,5300,5360,7070,0,0,0,0,-1,0,0,0,0,0,-1,-1,-1,-1,-1,-1,16,3000,3001,3002,3003,3004,3005,3006,3007,6003,6002,6003,6002,0,1,1,1,1,1,1,1,1,1.5,0.53846157,0,50,21,100,0,0,0,100,100,100,0,542,252,252,999,-1,-1,0,0,0,0,-1,-1,1,0,0,0,0,112,999,0,0,-1,10,0,13,0,0,6,3,40,139,139,1,0,0,0,0,0,0,0,0,0,2,0,2,17,7,0,0,1,0,0,0,1,0,1,0,0,0,0,0,0,0,0,0,1,0,0,0,0,0,1,0,0,0,0,0,0,0,0,0,1,0,0,1,0,0,0,0,0,0,0,0,0,0,0,0,0,0,0,0,0,0,0,1.9,0.65,2,0,0,1,0,0,0,0,0,100,1,999,1,145,145,139,139,139,139,0,90030,0,0,90060,90100,0,5262,-1,0,0.4,1,1.4,0.65,1,1,1.4,0.6,0.6,0,0,0,-1,-1,256,2004,-1,200,10,63,0,0,-1,-1,14952,5724,-1,-1,14930,-1,14940,-1,-1,-1,-1,-1,-1,-1,-1,0,2,0,0,0,1,1,1,0,0,-1,-1,0,0,0,0,0,0,-1,-1,4480,50,50,0,180,50,0.1,-1,-1,-1,-1,2.5,0,0,0,1,0,0,0,0,0,0,0,0,1,0,-1,-1,-1,-1,-1,-1,-1,-1,-1,0.1,0.4,-1,0,0,100,0.29,100,3004,-1,5000,6002,-1,0,0.5,0.6,0,-1,0,1,1,1,1,1,1,1,1,1,1,1,1,1,1,1,1,1,1,-1,0,-1,0,-1,-1,-1,-1,[0|0|0|0|0|0|0|0|0|0|0|0],
44800054,Miranda Blossom,0,0,[0|0|0],44800,1005,0,5,1.9,0.65,100,0,1939,0,1500,448000000,-1,-1,3,0,-1,-1,0.65,-1,5400,5300,5360,7180,0,0,0,0,-1,0,0,0,0,0,-1,-1,-1,-1,-1,-1,16,3000,3001,3002,3003,3004,3005,3006,3007,6003,6002,6003,6002,0,1,1,1,1,1,1,1,1,1.5,0.53846157,0,50,21,100,0,0,0,100,100,100,0,542,252,252,999,-1,-1,0,0,0,0,-1,-1,1,0,0,0,0,112,999,0,0,-1,10,0,13,0,0,6,3,40,139,139,1,0,0,0,0,0,0,0,0,0,2,0,2,17,7,0,0,1,0,0,0,1,0,1,0,0,0,0,0,0,0,0,0,1,0,0,0,0,0,1,0,0,0,0,0,0,0,0,0,1,0,0,1,0,0,0,0,0,0,0,0,0,0,0,0,0,0,0,0,0,0,0,1.9,0.65,2,0,0,1,0,0,0,0,0,100,1,999,1,145,145,139,139,139,139,0,90030,0,0,90060,90100,0,5262,-1,0,0.4,1,1.4,0.65,1,1,1.4,0.6,0.6,0,0,0,-1,-1,256,2004,-1,200,10,63,0,0,-1,-1,14952,5724,-1,-1,14930,-1,14940,-1,-1,-1,-1,-1,-1,-1,-1,0,2,0,0,0,1,1,1,0,0,-1,-1,0,0,0,0,0,0,-1,-1,4480,50,50,0,180,50,0.1,-1,-1,-1,-1,2.5,0,0,0,1,0,0,0,0,0,0,0,0,1,0,-1,-1,-1,-1,-1,-1,-1,-1,-1,0.1,0.4,-1,0,0,100,0.29,100,3004,-1,5000,6002,-1,0,0.5,0.6,0,-1,0,1,1,1,1,1,1,1,1,1,1,1,1,1,1,1,1,1,1,-1,0,-1,0,-1,-1,-1,-1,[0|0|0|0|0|0|0|0|0|0|0|0],
44800130,Miranda Blossom (Frenzy),0,0,[0|0|0],44800,1005,0,5,1.9,0.65,100,0,1939,0,1500,448000100,-1,-1,3,0,-1,-1,0.65,-1,5401,5300,5360,7080,0,0,0,0,-1,0,0,99,0,0,-1,-1,-1,-1,-1,-1,16,3000,3001,3002,3003,3004,3005,3006,3007,6003,6002,6003,6002,0,1,1,1,1,1,1,1,1,1.5,0.53846157,0,50,21,100,0,0,0,100,100,100,0,542,252,252,999,-1,-1,0,0,0,0,-1,-1,1,0,0,0,0,112,999,0,0,-1,10,0,13,0,0,6,3,40,139,139,1,1,0,0,0,0,0,0,0,0,2,0,2,17,7,0,0,1,0,0,0,1,0,0,1,0,0,0,0,0,0,0,0,0,1,0,0,0,0,1,0,0,0,0,0,0,0,0,0,1,0,0,1,0,0,0,0,0,0,0,0,0,0,0,0,0,0,0,0,0,0,0,1.9,0.65,2,0,0,1,0,0,0,0,0,100,1,999,1,145,145,139,139,139,139,0,90030,0,0,90060,90100,0,5262,-1,0,0.4,1,1.4,0.65,1,1,0.6,0.6,0.6,0,0,0,-1,-1,256,2004,-1,200,10,63,0,0,-1,-1,14952,5725,-1,-1,14931,-1,14941,-1,-1,-1,-1,-1,-1,-1,-1,0,2,0,0,0,1,1,1,0,0,-1,-1,0,0,0,0,0,0,-1,-1,4480,50,50,0,180,50,0.1,-1,-1,-1,-1,2.5,0,0,0,1,0,0,0,0,0,0,0,0,1,0,-1,-1,-1,-1,-1,-1,-1,-1,-1,0.1,0.4,-1,0,0,100,0.29,100,3004,-1,5000,6002,-1,0,0.5,0.6,0,-1,0,1,1,1,1,1,1,1,1,1,1,1,1,1,1,1,1,1,1,-1,0,-1,0,-1,-1,-1,-1,[0|0|0|0|0|0|0|0|0|0|0|0],
44800140,Miranda Blossom (Frenzy),0,0,[0|0|0],44800,1005,0,5,1.9,0.65,100,0,1939,0,1500,448000100,-1,-1,3,0,-1,-1,0.65,-1,5401,5300,5360,7070,0,0,0,0,-1,0,0,99,0,0,-1,-1,-1,-1,-1,-1,16,3000,3001,3002,3003,3004,3005,3006,3007,6003,6002,6003,6002,0,1,1,1,1,1,1,1,1,1.5,0.53846157,0,50,21,100,0,0,0,100,100,100,0,542,252,252,999,-1,-1,0,0,0,0,-1,-1,1,0,0,0,0,112,999,0,0,-1,10,0,13,0,0,6,3,40,139,139,1,1,0,0,0,0,0,0,0,0,2,0,2,17,7,0,0,1,0,0,0,1,0,0,1,0,0,0,0,0,0,0,0,0,1,0,0,0,0,1,0,0,0,0,0,0,0,0,0,1,0,0,1,0,0,0,0,0,0,0,0,0,0,0,0,0,0,0,0,0,0,0,1.9,0.65,2,0,0,1,0,0,0,0,0,100,1,999,1,145,145,139,139,139,139,0,90030,0,0,90060,90100,0,5262,-1,0,0.4,1,1.4,0.65,1,1,0.6,0.6,0.6,0,0,0,-1,-1,256,2004,-1,200,10,63,0,0,-1,-1,14952,5725,-1,-1,14931,-1,14941,-1,-1,-1,-1,-1,-1,-1,-1,0,2,0,0,0,1,1,1,0,0,-1,-1,0,0,0,0,0,0,-1,-1,4480,50,50,0,180,50,0.1,-1,-1,-1,-1,2.5,0,0,0,1,0,0,0,0,0,0,0,0,1,0,-1,-1,-1,-1,-1,-1,-1,-1,-1,0.1,0.4,-1,0,0,100,0.29,100,3004,-1,5000,6002,-1,0,0.5,0.6,0,-1,0,1,1,1,1,1,1,1,1,1,1,1,1,1,1,1,1,1,1,-1,0,-1,0,-1,-1,-1,-1,[0|0|0|0|0|0|0|0|0|0|0|0],
44800912,Miranda Blossom,0,0,[0|0|0],44800,1005,0,5,1.9,0.65,100,0,1939,0,1500,-1,-1,-1,3,0,-1,-1,0.65,-1,5400,5300,5360,7020,0,90400,0,0,-1,0,0,0,0,0,-1,-1,-1,-1,-1,-1,16,3000,3001,3002,3003,3004,3005,3006,3007,6003,6002,6003,6002,0,1,1,1,1,1,1,1,1,1.5,0.53846157,0,50,21,100,0,0,0,100,100,100,0,542,252,252,999,-1,-1,0,0,0,0,-1,-1,1,0,0,0,0,112,999,0,0,-1,10,0,13,0,0,6,3,40,139,139,1,0,0,0,0,0,0,0,0,0,2,0,2,17,7,0,0,1,0,0,0,1,0,1,0,0,0,0,0,0,0,0,0,1,0,0,0,0,0,1,0,0,0,0,0,0,0,0,0,1,0,0,1,0,0,0,0,0,0,0,0,0,0,0,0,0,0,0,0,0,0,0,1.9,0.65,2,1,0,1,0,0,0,0,0,100,1,999,1,145,145,139,139,139,139,95000,90030,95010,95020,90060,90100,0,-1,-1,0,0.4,1,1.4,0.65,1,1,1.4,0.6,0.6,0,0,0,-1,-1,256,2004,-1,300,10,63,0,0,-1,-1,14952,5724,102304,-1,14930,-1,14940,-1,-1,-1,-1,-1,-1,-1,4301,0,2,0,0,0,1,1,1,0,0,-1,-1,0,0,0,0,0,0,-1,-1,4480,50,50,0,180,50,0.1,-1,-1,-1,-1,2.5,0,0,0,1,0,0,0,0,0,0,0,0,1,0,-1,-1,-1,-1,-1,-1,-1,-1,-1,0.1,0.4,-1,0,0,100,0.29,100,3004,-1,5000,6002,-1,0,0.5,0.6,0,-1,0,1,1,1,1,1,1,1,1,1,1,1,1,1,1,1,1,1,1,-1,0,-1,0,-1,-1,-1,-1,[0|0|0|0|0|0|0|0|0|0|0|0],
44800930,Miranda the Blighted Bloom,0,0,[0|0|0],44800,1005,0,5,1.9,0.65,100,0,1939,0,1500,-1,-1,-1,3,0,-1,-1,0.65,-1,5400,5300,5360,7080,0,90400,0,0,-1,0,0,0,0,0,-1,-1,-1,-1,-1,-1,16,3000,3001,3002,3003,3004,3005,3006,3007,6003,6002,6003,6002,0,1,1,1,1,1,1,1,1,1.5,0.53846157,0,50,21,100,0,0,0,100,100,100,0,542,252,252,999,-1,-1,0,0,0,0,-1,-1,1,0,0,0,0,112,999,0,0,-1,10,0,13,0,0,6,3,40,139,139,1,0,0,0,0,0,0,0,0,0,2,0,2,17,7,0,0,1,0,0,0,1,0,1,0,0,0,0,0,0,0,0,0,1,0,0,0,0,0,1,0,0,0,0,0,0,0,0,0,1,1,0,1,0,0,0,0,0,0,0,0,0,0,0,0,0,0,0,0,0,0,0,1.9,0.65,2,1,0,1,0,0,0,0,0,100,1,999,1,145,145,139,139,139,139,95000,90030,95010,0,90060,90100,0,-1,-1,0,0.4,1,1.4,0.65,1,1,1.4,0.6,0.6,0,0,0,-1,-1,256,2004,-1,300,10,63,0,0,-1,-1,14952,5724,102304,-1,14934,-1,14944,-1,-1,-1,-1,-1,-1,-1,4301,0,2,0,0,0,1,1,1,0,0,-1,-1,0,0,0,0,0,0,-1,-1,4480,50,50,0,180,50,0.1,-1,-1,-1,-1,2.5,0,0,0,1,0,0,0,0,0,0,0,0,1,0,-1,-1,22110,22111,22112,22113,22114,-1,-1,0.1,0.4,-1,0,0,100,0.29,100,3004,-1,5000,6002,-1,0,0.5,0.6,0,-1,0,1,1,1,1,1,1,1,1,1,1,1,1,1,1,1,1,1,1,-1,0,-1,0,-1,-1,-1,-1,[0|0|0|0|0|0|0|0|0|0|0|0],
44810032,Miranda Sprout,0,0,[0|0|0],44810,1005,0,5,1.9,0.65,100,0,119,0,100,448100000,-1,-1,0,0,-1,-1,0.65,-1,5400,0,0,7090,0,0,0,0,-1,0,0,0,0,0,-1,-1,-1,-1,-1,-1,16,3000,3001,3002,3003,3004,3005,3006,3007,6003,6002,6003,6002,0,1,1,1,1,1,1,1,1,1.5,-0.53846157,0,50,21,100,0,0,0,100,100,100,0,542,252,252,999,-1,-1,0,0,0,0,-1,4480,1,0,0,0,0,112,999,0,0,-1,10,0,11,0,0,6,3,40,139,139,1,0,0,0,0,0,0,0,0,0,0,0,0,17,7,0,0,0,0,0,0,1,0,1,0,0,0,0,0,0,0,0,0,1,0,0,0,0,0,1,0,0,0,0,0,0,0,0,0,1,0,0,1,0,0,0,0,0,0,0,0,0,0,0,0,0,0,0,0,0,0,0,1.9,0.65,0,0,0,1,0,0,0,0,0,100,1,999,1,145,145,139,139,139,139,0,90030,0,0,90060,90100,90200,5261,-1,0,0.4,1.1,1.4,0.9,1.1,1.2,1.4,0.8,0.8,0,0,0,-1,-1,64,2004,-1,100,10,63,0,0,-1,-1,14952,5724,-1,-1,14930,-1,14940,-1,-1,-1,-1,-1,-1,152,-1,0,2,0,0,0,1,1,1,0,0,-1,-1,0,0,0,0,0,0,-1,-1,4480,50,50,0,180,50,0.1,-1,-1,-1,-1,2.5,0,0,0,1,0,0,0,0,0,0,0,0,1,0,-1,-1,-1,-1,-1,-1,-1,-1,-1,0.1,0.4,-1,0,0,30,0.29,100,3004,-1,5000,6002,-1,0,0.5,0.6,0,-1,0,1,1,1,1,1,1,1,1,1,1,1,1,1,1,1,1,1,1,-1,0,-1,0,-1,-1,-1,-1,[0|0|0|0|0|0|0|0|0|0|0|0],
44810040,Miranda Sprout,0,0,[0|0|0],44810,1005,0,5,1.9,0.65,100,0,119,0,100,448100000,-1,-1,0,0,-1,-1,0.65,-1,5400,0,0,7070,0,0,0,0,-1,0,0,0,0,0,-1,-1,-1,-1,-1,-1,16,3000,3001,3002,3003,3004,3005,3006,3007,6003,6002,6003,6002,0,1,1,1,1,1,1,1,1,1.5,-0.53846157,0,50,21,100,0,0,0,100,100,100,0,542,252,252,999,-1,-1,0,0,0,0,-1,4480,1,0,0,0,0,112,999,0,0,-1,10,0,11,0,0,6,3,40,139,139,1,0,0,0,0,0,0,0,0,0,0,0,0,17,7,0,0,0,0,0,0,1,0,1,0,0,0,0,0,0,0,0,0,1,0,0,0,0,0,1,0,0,0,0,0,0,0,0,0,1,0,0,1,0,0,0,0,0,0,0,0,0,0,0,0,0,0,0,0,0,0,0,1.9,0.65,0,0,0,1,0,0,0,0,0,100,1,999,1,145,145,139,139,139,139,0,90030,0,0,90060,90100,90200,5261,-1,0,0.4,1.1,1.4,0.9,1.1,1.2,1.4,0.8,0.8,0,0,0,-1,-1,64,2004,-1,100,10,63,0,0,-1,-1,14952,5724,-1,-1,14930,-1,14940,-1,-1,-1,-1,-1,-1,152,-1,0,2,0,0,0,1,1,1,0,0,-1,-1,0,0,0,0,0,0,-1,-1,4480,50,50,0,180,50,0.1,-1,-1,-1,-1,2.5,0,0,0,1,0,0,0,0,0,0,0,0,1,0,-1,-1,-1,-1,-1,-1,-1,-1,-1,0.1,0.4,-1,0,0,30,0.29,100,3004,-1,5000,6002,-1,0,0.5,0.6,0,-1,0,1,1,1,1,1,1,1,1,1,1,1,1,1,1,1,1,1,1,-1,0,-1,0,-1,-1,-1,-1,[0|0|0|0|0|0|0|0|0|0|0|0],
44810054,Miranda Sprout,0,0,[0|0|0],44810,1005,0,5,1.9,0.65,100,0,119,0,100,448100000,-1,-1,0,0,-1,-1,0.65,-1,5400,0,0,7180,0,0,0,0,-1,0,0,0,0,0,-1,-1,-1,-1,-1,-1,16,3000,3001,3002,3003,3004,3005,3006,3007,6003,6002,6003,6002,0,1,1,1,1,1,1,1,1,1.5,-0.53846157,0,50,21,100,0,0,0,100,100,100,0,542,252,252,999,-1,-1,0,0,0,0,-1,4480,1,0,0,0,0,112,999,0,0,-1,10,0,11,0,0,6,3,40,139,139,1,0,0,0,0,0,0,0,0,0,0,0,0,17,7,0,0,0,0,0,0,1,0,1,0,0,0,0,0,0,0,0,0,1,0,0,0,0,0,1,0,0,0,0,0,0,0,0,0,1,0,0,1,0,0,0,0,0,0,0,0,0,0,0,0,0,0,0,0,0,0,0,1.9,0.65,0,0,0,1,0,0,0,0,0,100,1,999,1,145,145,139,139,139,139,0,90030,0,0,90060,90100,90200,5261,-1,0,0.4,1.1,1.4,0.9,1.1,1.2,1.4,0.8,0.8,0,0,0,-1,-1,64,2004,-1,100,10,63,0,0,-1,-1,14952,5724,-1,-1,14930,-1,14940,-1,-1,-1,-1,-1,-1,152,-1,0,2,0,0,0,1,1,1,0,0,-1,-1,0,0,0,0,0,0,-1,-1,4480,50,50,0,180,50,0.1,-1,-1,-1,-1,2.5,0,0,0,1,0,0,0,0,0,0,0,0,1,0,-1,-1,-1,-1,-1,-1,-1,-1,-1,0.1,0.4,-1,0,0,30,0.29,100,3004,-1,5000,6002,-1,0,0.5,0.6,0,-1,0,1,1,1,1,1,1,1,1,1,1,1,1,1,1,1,1,1,1,-1,0,-1,0,-1,-1,-1,-1,[0|0|0|0|0|0|0|0|0|0|0|0],
44810130,Miranda Sprout (Frenzy),0,0,[0|0|0],44810,1005,0,5,1.9,0.65,100,0,119,0,100,448100100,-1,-1,0,0,-1,-1,0.65,-1,5401,0,0,7080,0,0,0,0,-1,0,0,0,0,0,-1,-1,-1,-1,-1,-1,16,3000,3001,3002,3003,3004,3005,3006,3007,6003,6002,6003,6002,0,1,1,1,1,1,1,1,1,1.5,-0.53846157,0,50,21,100,0,0,0,100,100,100,0,542,252,252,999,-1,-1,0,0,0,0,-1,4480,1,0,0,0,0,112,999,0,0,-1,10,0,11,0,0,6,3,40,139,139,1,1,0,0,0,0,0,0,0,0,0,0,0,17,7,0,0,0,0,0,0,1,0,1,0,0,0,0,0,0,0,0,0,0,1,0,0,0,0,1,0,0,0,0,0,0,0,0,0,1,0,0,1,0,0,0,0,0,0,0,0,0,0,0,0,0,0,0,0,0,0,0,1.9,0.65,0,0,0,1,0,0,0,0,0,100,1,999,1,145,145,139,139,139,139,0,90030,0,0,90060,90100,90200,5261,-1,0,0.4,1.1,1.4,0.9,1.1,1.2,0.6,0.8,0.8,0,0,0,-1,-1,64,2004,-1,100,10,63,0,0,-1,-1,14952,5725,14962,-1,14931,-1,14941,-1,-1,-1,-1,-1,-1,152,-1,0,2,0,0,0,1,1,1,0,0,-1,-1,0,0,0,0,0,0,-1,-1,4480,50,50,0,180,50,0.1,-1,-1,-1,-1,2.5,0,0,0,1,0,0,0,0,0,0,0,0,1,0,-1,-1,-1,-1,-1,-1,-1,-1,-1,0.1,0.4,-1,0,0,30,0.29,100,3004,-1,5000,6002,-1,0,0.5,0.6,0,-1,0,1,1,1,1,1,1,1,1,1,1,1,1,1,1,1,1,1,1,-1,0,-1,0,-1,-1,-1,-1,[0|0|0|0|0|0|0|0|0|0|0|0],
44810500,Miranda Sprout,0,0,[0|0|0],44810,1005,0,5,0.3,0.65,100,0,0,0,100,-1,-1,-1,0,0,-1,-1,0.65,-1,5402,5300,0,0,0,0,0,0,-1,0,0,0,0,0,-1,-1,-1,-1,-1,-1,16,3000,3001,3002,3003,3004,3005,3006,3007,6003,6002,6003,6002,0,1,1,1,1,1,1,1,1,1.5,-0.53846157,0,50,21,100,0,0,0,100,100,100,0,542,252,252,999,-1,-1,0,0,0,0,-1,4480,1,0,0,0,0,112,999,0,0,-1,10,0,11,0,0,6,3,40,139,139,1,0,0,0,0,0,0,0,0,0,0,0,0,17,7,0,0,0,0,0,0,1,0,1,0,0,0,0,0,0,0,0,0,1,0,0,0,0,0,1,0,0,0,0,0,0,0,0,0,1,0,0,1,0,0,0,0,0,0,0,0,0,0,0,0,0,0,0,0,0,0,0,0.3,0.65,0,0,0,1,0,0,0,0,0,100,1,999,1,145,145,139,139,139,139,0,90030,0,0,90060,90100,90200,5261,-1,0,0.4,1.1,1.4,0.9,1.1,1.2,1.4,0.8,0.8,0,0,0,-1,-1,64,2004,-1,100,10,63,0,0,-1,-1,14952,5724,-1,14939,14930,5841,14940,-1,-1,-1,-1,-1,-1,152,-1,0,2,0,0,0,1,1,1,0,0,-1,-1,0,0,0,0,0,0,-1,-1,4480,50,50,0,180,50,0.1,-1,-1,-1,-1,2.5,0,0,0,1,0,0,0,0,0,0,0,0,1,0,-1,-1,-1,-1,-1,-1,-1,-1,-1,0.1,0.4,-1,0,0,30,0.29,100,3004,-1,5000,6002,-1,0,0.5,0.6,0,-1,0,1,1,1,1,1,1,1,1,1,1,1,1,1,1,1,1,1,1,-1,0,-1,0,-1,-1,-1,-1,[0|0|0|0|0|0|0|0|0|0|0|0],
44810540,Miranda Sprout,0,0,[0|0|0],44810,1005,0,5,0.3,0.65,100,0,0,0,100,-1,-1,-1,0,0,-1,-1,0.65,-1,5402,5300,0,7070,0,0,0,0,-1,0,0,0,0,0,-1,-1,-1,-1,-1,-1,16,3000,3001,3002,3003,3004,3005,3006,3007,6003,6002,6003,6002,0,1,1,1,1,1,1,1,1,1.5,-0.53846157,0,50,21,100,0,0,0,100,100,100,0,542,252,252,999,-1,-1,0,0,0,0,-1,4480,1,0,0,0,0,112,999,0,0,-1,10,0,11,0,0,6,3,40,139,139,1,0,0,0,0,0,0,0,0,0,0,0,0,17,7,0,0,0,0,0,0,1,0,1,0,0,0,0,0,0,0,0,0,1,0,0,0,0,0,1,0,0,0,0,0,0,0,0,0,1,0,0,1,0,0,0,0,0,0,0,0,0,0,0,0,0,0,0,0,0,0,0,0.3,0.65,0,0,0,1,0,0,0,0,0,100,1,999,1,145,145,139,139,139,139,0,90030,0,0,90060,90100,90200,5261,-1,0,0.4,1.1,1.4,0.9,1.1,1.2,1.4,0.8,0.8,0,0,0,-1,-1,64,2004,-1,100,10,63,0,0,-1,-1,14952,5724,-1,14939,14930,5841,14940,-1,-1,-1,-1,-1,-1,152,-1,0,2,0,0,0,1,1,1,0,0,-1,-1,0,0,0,0,0,0,-1,-1,4480,50,50,0,180,50,0.1,-1,-1,-1,-1,2.5,0,0,0,1,0,0,0,0,0,0,0,0,1,0,-1,-1,-1,-1,-1,-1,-1,-1,-1,0.1,0.4,-1,0,0,30,0.29,100,3004,-1,5000,6002,-1,0,0.5,0.6,0,-1,0,1,1,1,1,1,1,1,1,1,1,1,1,1,1,1,1,1,1,-1,0,-1,0,-1,-1,-1,-1,[0|0|0|0|0|0|0|0|0|0|0|0],
44810912,Miranda Sprout (Boss),0,0,[0|0|0],44810,1005,0,5,1.9,0.65,100,0,119,0,100,-1,-1,-1,0,0,-1,-1,0.65,-1,5400,0,0,7020,0,90400,0,0,-1,0,0,0,0,0,-1,-1,-1,-1,-1,-1,16,3000,3001,3002,3003,3004,3005,3006,3007,6003,6002,6003,6002,0,1,1,1,1,1,1,1,1,1.5,-0.53846157,0,50,21,100,0,0,0,100,100,100,0,542,252,252,999,-1,-1,0,0,0,0,-1,4480,1,0,0,0,0,112,999,0,0,-1,10,0,11,0,0,6,3,40,139,139,1,0,0,0,0,0,0,0,0,0,0,0,0,17,7,0,0,0,0,0,0,1,0,1,0,0,0,0,0,0,0,0,0,1,0,0,0,0,0,1,0,0,0,0,0,0,0,0,0,1,1,0,1,0,0,0,0,0,0,0,0,0,0,0,0,0,0,0,0,0,0,0,1.9,0.65,0,1,0,1,0,0,0,0,0,100,1,999,1,145,145,139,139,139,139,95000,90030,95010,0,90060,90100,90200,-1,-1,0,0.4,1.1,1.4,0.9,1.1,1.2,1.4,0.8,0.8,0,0,0,-1,-1,64,2004,-1,300,10,63,0,0,-1,-1,14952,5724,102304,-1,14930,-1,14940,-1,-1,-1,-1,-1,-1,152,-1,0,2,0,0,0,1,1,1,0,0,-1,-1,0,0,0,0,0,0,-1,-1,4480,50,50,0,180,50,0.1,-1,-1,-1,-1,2.5,0,0,0,1,0,0,0,0,0,0,0,0,1,0,-1,-1,-1,-1,-1,-1,-1,-1,-1,0.1,0.4,-1,0,0,30,0.29,100,3004,-1,5000,6002,-1,0,0.5,0.6,0,-1,0,1,1,1,1,1,1,1,1,1,1,1,1,1,1,1,1,1,1,-1,0,-1,0,-1,-1,-1,-1,[0|0|0|0|0|0|0|0|0|0|0|0],
44811430,Miranda Sprout (Burrowed),0,0,[0|0|0],44810,1005,0,5,0.3,0.65,100,0,119,0,100,448100400,-1,-1,0,0,-1,-1,0.65,-1,5402,5300,0,7080,0,0,0,0,-1,0,0,0,0,0,-1,-1,-1,-1,-1,-1,16,3000,3001,3002,3003,3004,3005,3006,3007,6003,6002,6003,6002,0,1,1,1,1,1,1,1,1,1.5,-1,0,50,21,100,0,0,0,100,100,100,0,542,252,252,999,-1,-1,0,0,0,0,-1,4480,1,0,0,0,0,112,999,0,0,-1,10,0,11,0,0,6,0,40,139,139,1,0,0,0,0,0,0,0,0,0,0,0,0,17,7,0,0,0,0,0,0,1,0,1,0,0,0,0,0,0,0,0,0,1,0,0,0,0,0,1,0,0,0,0,0,0,0,0,0,1,0,0,1,0,0,0,0,0,0,0,0,0,0,0,0,0,0,0,0,0,0,0,0.3,0.65,0,0,0,1,0,0,0,0,0,100,1,999,1,145,145,139,139,139,139,0,90030,0,0,90060,90100,90200,5261,-1,0,0.4,1.1,1.4,0.9,1.1,1.2,1.4,0.8,0.8,0,0,0,-1,-1,64,2004,-1,100,10,63,0,0,-1,5890,14952,5724,-1,14939,14934,5841,14944,-1,-1,-1,-1,-1,-1,152,-1,0,2,0,0,0,1,1,1,0,0,-1,-1,0,0,0,0,0,0,-1,-1,4480,50,50,0,180,50,0.1,-1,-1,-1,-1,2.5,0,0,0,1,0,0,0,0,0,0,0,0,1,0,-1,-1,22110,22111,22112,22113,22114,-1,-1,0.1,0.4,-1,0,0,-1,0.29,100,3004,-1,5000,6002,-1,0,0.5,0.6,0,-1,0,1,1,1,1,1,1,1,1,1,1,1,1,1,1,1,1,1,1,-1,0,-1,0,-1,-1,-1,-1,[0|0|0|0|0|0|0|0|0|0|0|0],
44812000,Miranda Blossom CASTLE,1,0,[0|0|0],44800,-1,0,5,1.9,0.65,100,0,1200,0,100,-1,-1,-1,3,0,-1,-1,0.65,-1,5400,5300,5360,7740,0,0,90000,0,-1,0,0,0,0,0,-1,-1,-1,-1,-1,-1,16,3000,3001,3002,3003,3004,3005,3006,3007,6003,6002,6003,6002,0,1,1,1,1,1,1,1,1,1.3,0.53846157,0,50,21,100,0,0,0,100,100,100,0,999,252,252,999,-1,-1,0,0,0,0,-1,-1,1,0,0,0,0,112,999,0,0,-1,10,0,13,0,0,33,3,40,139,139,1,0,0,0,0,0,0,0,0,0,2,0,2,17,7,0,0,1,0,0,0,1,0,1,0,0,0,0,0,0,0,0,0,1,0,0,0,0,0,1,0,0,0,0,0,0,0,0,0,1,0,0,1,0,0,0,0,0,0,0,0,0,0,0,0,0,0,0,0,0,0,0,1.9,0.65,2,0,0,1,0,1,0,0,0,100,1,999,1,145,145,139,139,139,139,0,90030,0,0,90060,90100,0,5260,-1,0,0.4,1,1.4,0.65,1,1,1.4,0.6,0.6,0,0,0,-1,-1,256,2004,-1,7740,10,63,0,0,-1,-1,14952,5724,-1,-1,14934,-1,14944,-1,-1,-1,-1,700500,-1,-1,-1,0,2,0,0,0,1,1,1,0,0,-1,-1,0,0,0,0,0,0,-1,-1,4480,50,50,0,180,50,0.1,-1,-1,-1,4480,2.5,0,0,0,1,0,0,0,0,0,0,0,0,1,0,-1,-1,22110,22111,22112,22113,22114,-1,-1,0.1,0.4,-1,0,0,100,0.29,100,3004,-1,5000,6002,-1,0,0.5,0.6,0,6120300,7440,1,1.4,1,1,1,1,1,1,1.25,1,1,1,1,1,1,1,1,1,4,0,-1,7740,113230,6120310,-1,-1,[0|0|0|0|0|0|0|0|0|0|0|0],
44900011,Living Jar Warrior,0,0,[0|0|0],44900,-1,0,70,2.9,1.2,100,0,449,0,100,449000000,-1,10,0,0,-1,-1,1,-1,5400,15201,15200,7010,0,0,90000,90010,-1,0,0,0,0,0,-1,-1,-1,-1,-1,-1,25,3000,3001,3002,3003,3004,3005,3006,3007,6003,6002,6003,6002,0,1,1,1,1,1,1,1,1,1.5,0,0,50,21,100,0,0,0,100,100,100,30,999,999,999,999,-1,-1,0,0,0,0,-1,-1,1,0,0,0,0,112,999,0,0,-1,10,0,12,0,0,6,3,40,139,139,1,0,0,0,0,0,0,0,0,0,2,0,0,17,7,0,0,0,0,0,0,0,0,0,1,0,0,0,0,0,0,0,0,0,0,0,0,0,0,1,0,0,0,0,0,0,0,0,1,1,0,0,1,0,0,0,0,0,0,0,0,0,0,0,0,0,0,0,0,0,0,0,2.9,1.2,0,0,0,0,0,0,0,0,0,100,1,999,3,116,117,139,139,139,139,90020,90030,90040,0,90060,90100,90200,5261,-1,0,0.4,0.9,0.65,1.4,0.65,1,0.8,0.8,0.8,0,0,0,-1,-1,256,-1,-1,100,30,999,0,0,4490,-1,5800,-1,-1,15202,15203,-1,-1,-1,-1,-1,-1,-1,-1,-1,-1,0,2,0,0,0,1,1,1,0,0,-1,-1,0,0,0,0,0,0,-1,-1,4490,0,0,0,180,100,0.1,-1,-1,-1,-1,2.5,0,0,0,1,0,0,0,0,0,0,0,0,1,0,-1,-1,-1,-1,-1,-1,-1,-1,2900,0.1,0.4,-1,0,0,65,0.29,100,-1,-1,-1,6002,-1,0,0.4,0.42,0,-1,0,1,1,1,1,1,1,1,1,1,1,1,1,1,1,1,1,1,1,-1,0,-1,0,-1,-1,-1,-1,[0|0|0|0|0|0|0|0|0|0|0|0],
44900014,Living Jar Warrior (Stormveil Castle),0,0,[0|0|0],44900,-1,0,70,2.9,1.2,100,0,449,0,100,449000000,-1,10,5,0,-1,-1,1,-1,5400,15201,15200,7030,0,0,90000,90010,-1,0,0,0,0,0,-1,-1,-1,-1,-1,-1,25,3000,3001,3002,3003,3004,3005,3006,3007,6003,6002,6003,6002,0,1,1,1,1,1,1,1,1,1.5,0,0,50,21,100,0,0,0,100,100,100,30,999,999,999,999,-1,-1,0,0,0,0,-1,-1,1,0,0,0,0,112,999,0,0,-1,10,0,12,0,0,6,3,40,139,139,1,0,0,0,0,0,0,0,0,0,2,0,0,17,7,0,0,0,0,0,0,0,0,0,1,0,0,0,0,0,0,0,0,0,0,0,0,0,0,1,0,0,0,0,0,0,0,0,1,1,0,0,1,0,0,0,0,0,0,0,0,0,0,0,0,0,0,0,0,0,0,0,2.9,1.2,0,0,0,0,0,0,0,0,0,100,1,999,3,116,117,139,139,139,139,90020,90030,90040,0,90060,90100,90200,5261,-1,0,0.4,0.9,0.65,1.4,0.65,1,0.8,0.8,0.8,0,0,0,-1,-1,256,-1,-1,100,30,999,0,0,4490,-1,5800,-1,-1,15202,15203,-1,-1,-1,-1,-1,-1,-1,-1,-1,-1,0,2,0,0,0,1,1,1,0,0,-1,-1,0,0,0,0,0,0,-1,-1,4490,0,0,0,180,100,0.1,-1,-1,-1,-1,2.5,0,0,0,1,0,0,0,0,0,0,0,0,1,0,-1,-1,-1,-1,-1,-1,-1,-1,2900,0.1,0.4,-1,0,0,65,0.29,100,-1,-1,-1,6002,-1,0,0.4,0.42,0,-1,0,1,1,1,1,1,1,1,1,1,1,1,1,1,1,1,1,1,1,-1,0,-1,0,-1,-1,-1,-1,[0|0|0|0|0|0|0|0|0|0|0|0],
44900021,Living Jar Warrior,0,0,[0|0|0],44900,-1,0,70,2.9,1.4,100,0,449,0,100,449000000,-1,10,5,0,-1,-1,1,-1,5400,15201,15200,7060,0,0,90000,90010,-1,0,0,0,0,0,-1,-1,-1,-1,-1,-1,25,3000,3001,3002,3003,3004,3005,3006,3007,6003,6002,6003,6002,0,1,1,1,1,1,1,1,1,1.5,0,0,50,21,100,0,0,0,100,100,100,30,999,999,999,999,-1,-1,0,0,0,0,-1,-1,1,0,0,0,0,112,999,0,0,-1,10,0,12,0,0,6,3,40,139,139,1,0,0,0,0,0,0,0,0,0,2,0,0,17,7,0,0,0,0,0,0,0,0,0,1,0,0,0,0,0,0,0,0,0,0,0,0,0,0,1,0,0,0,0,0,0,0,0,1,1,0,0,1,0,0,0,0,0,0,0,0,0,0,0,0,0,0,0,0,0,0,0,2.9,1.4,0,0,0,0,0,0,0,0,0,100,1,999,3,116,117,139,139,139,139,90020,90030,90040,0,90060,90100,90200,5261,-1,0,0.4,0.9,0.65,1.4,0.65,1,0.8,0.8,0.8,0,0,0,-1,-1,256,-1,-1,100,30,999,0,0,4490,-1,5800,-1,-1,15202,15203,-1,-1,-1,-1,-1,-1,-1,-1,-1,-1,0,2,0,0,0,1,1,1,0,0,-1,-1,0,0,0,0,0,0,-1,-1,4490,0,0,0,180,100,0.1,-1,-1,-1,-1,2.5,0,0,0,1,0,0,0,0,0,0,0,0,1,0,-1,-1,-1,-1,-1,-1,-1,-1,2900,0.1,0.4,-1,0,0,65,0.29,100,-1,-1,-1,6002,-1,0,0.4,0.42,0,-1,0,1,1,1,1,1,1,1,1,1,1,1,1,1,1,1,1,1,1,-1,0,-1,0,-1,-1,-1,-1,[0|0|0|0|0|0|0|0|0|0|0|0],
44900024,Living Jar Warrior,0,0,[0|0|0],44900,-1,0,70,2.9,1.4,100,0,449,0,100,449000000,-1,10,5,0,-1,-1,1,-1,5400,15201,15200,7060,0,0,90000,90010,-1,0,0,0,0,0,-1,-1,-1,-1,-1,-1,25,3000,3001,3002,3003,3004,3005,3006,3007,6003,6002,6003,6002,0,1,1,1,1,1,1,1,1,1.5,0,0,50,21,100,0,0,0,100,100,100,30,999,999,999,999,-1,-1,0,0,0,0,-1,-1,1,0,0,0,0,112,999,0,0,-1,10,0,12,0,0,6,3,40,139,139,1,0,0,0,0,0,0,0,0,0,2,0,0,17,7,0,0,0,0,0,0,0,0,0,1,0,0,0,0,0,0,0,0,0,0,0,0,0,0,1,0,0,0,0,0,0,0,0,1,1,0,0,1,0,0,0,0,0,0,0,0,0,0,0,0,0,0,0,0,0,0,0,2.9,1.4,0,0,0,0,0,0,0,0,0,100,1,999,3,116,117,139,139,139,139,90020,90030,90040,0,90060,90100,90200,5261,-1,0,0.4,0.9,0.65,1.4,0.65,1,0.8,0.8,0.8,0,0,0,-1,-1,256,-1,-1,100,30,999,0,0,4490,-1,5800,-1,-1,15202,15203,-1,-1,-1,-1,-1,-1,-1,-1,-1,-1,0,2,0,0,0,1,1,1,0,0,-1,-1,0,0,0,0,0,0,-1,-1,4490,0,0,0,180,100,0.1,-1,-1,-1,-1,2.5,0,0,0,1,0,0,0,0,0,0,0,0,1,0,-1,-1,-1,-1,-1,-1,-1,-1,2900,0.1,0.4,-1,0,0,65,0.29,100,-1,-1,-1,6002,-1,0,0.4,0.42,0,-1,0,1,1,1,1,1,1,1,1,1,1,1,1,1,1,1,1,1,1,-1,0,-1,0,-1,-1,-1,-1,[0|0|0|0|0|0|0|0|0|0|0|0],
44900032,Living Jar Warrior,0,0,[0|0|0],44900,-1,0,70,2.9,1.4,100,0,449,0,100,449000010,-1,10,5,0,-1,-1,1,-1,5400,15201,15200,7090,0,0,90000,90010,-1,0,0,0,0,0,-1,-1,-1,-1,-1,-1,25,3000,3001,3002,3003,3004,3005,3006,3007,6003,6002,6003,6002,0,1,1,1,1,1,1,1,1,1.5,0,0,50,21,100,0,0,0,100,100,100,30,999,999,999,999,-1,-1,0,0,0,0,-1,-1,1,0,0,0,0,112,999,0,0,-1,10,0,12,0,0,6,3,40,139,139,1,0,0,0,0,0,0,0,0,0,2,0,0,17,7,0,0,0,0,0,0,0,0,0,1,0,0,0,0,0,0,0,0,0,0,0,0,0,0,1,0,0,0,0,0,0,0,0,1,1,0,0,1,0,0,0,0,0,0,0,0,0,0,0,0,0,0,0,0,0,0,0,2.9,1.4,0,0,0,0,0,0,0,0,0,100,1,999,3,116,117,139,139,139,139,90020,90030,90040,0,90060,90100,90200,5261,-1,0,0.4,0.9,0.65,1.4,0.65,1,0.8,0.8,0.8,0,0,0,-1,-1,256,-1,-1,100,30,999,0,0,4490,-1,5800,-1,-1,15202,15203,-1,-1,-1,-1,-1,-1,-1,-1,-1,-1,0,2,0,0,0,1,1,1,0,0,-1,-1,0,0,0,0,0,0,-1,-1,4490,0,0,0,180,100,0.1,-1,-1,-1,-1,2.5,0,0,0,1,0,0,0,0,0,0,0,0,1,0,-1,-1,-1,-1,-1,-1,-1,-1,2900,0.1,0.4,-1,0,0,65,0.29,100,-1,-1,-1,6002,-1,0,0.4,0.42,0,-1,0,1,1,1,1,1,1,1,1,1,1,1,1,1,1,1,1,1,1,-1,0,-1,0,-1,-1,-1,-1,[0|0|0|0|0|0|0|0|0|0|0|0],
44900033,Living Jar Warrior,0,0,[0|0|0],44900,-1,0,70,2.9,1.4,100,0,449,0,100,449000010,-1,10,5,0,-1,-1,1,-1,5400,15201,15200,7090,0,0,90000,90010,-1,0,0,0,0,0,-1,-1,-1,-1,-1,-1,25,3000,3001,3002,3003,3004,3005,3006,3007,6003,6002,6003,6002,0,1,1,1,1,1,1,1,1,1.5,0,0,50,21,100,0,0,0,100,100,100,30,999,999,999,999,-1,-1,0,0,0,0,-1,-1,1,0,0,0,0,112,999,0,0,-1,10,0,12,0,0,6,3,40,139,139,1,0,0,0,0,0,0,0,0,0,2,0,0,17,7,0,0,0,0,0,0,0,0,0,1,0,0,0,0,0,0,0,0,0,0,0,0,0,0,1,0,0,0,0,0,0,0,0,1,1,0,0,1,0,0,0,0,0,0,0,0,0,0,0,0,0,0,0,0,0,0,0,2.9,1.4,0,0,0,0,0,0,0,0,0,100,1,999,3,116,117,139,139,139,139,90020,90030,90040,0,90060,90100,90200,5261,-1,0,0.4,0.9,0.65,1.4,0.65,1,0.8,0.8,0.8,0,0,0,-1,-1,256,-1,-1,100,30,999,0,0,4490,-1,5800,-1,-1,15202,15203,-1,-1,-1,-1,-1,-1,-1,-1,-1,-1,0,2,0,0,0,1,1,1,0,0,-1,-1,0,0,0,0,0,0,-1,-1,4490,0,0,0,180,100,0.1,-1,-1,-1,-1,2.5,0,0,0,1,0,0,0,0,0,0,0,0,1,0,-1,-1,-1,-1,-1,-1,-1,-1,2900,0.1,0.4,-1,0,0,65,0.29,100,-1,-1,-1,6002,-1,0,0.4,0.42,0,-1,0,1,1,1,1,1,1,1,1,1,1,1,1,1,1,1,1,1,1,-1,0,-1,0,-1,-1,-1,-1,[0|0|0|0|0|0|0|0|0|0|0|0],
44900034,Living Jar Warrior (Leyndell),0,0,[0|0|0],44900,-1,0,70,2.9,1.4,100,0,449,0,100,449000010,-1,10,5,0,-1,-1,1,-1,5400,15201,15200,7100,0,0,90000,90010,-1,0,0,0,0,0,-1,-1,-1,-1,-1,-1,25,3000,3001,3002,3003,3004,3005,3006,3007,6003,6002,6003,6002,0,1,1,1,1,1,1,1,1,1.5,0,0,50,21,100,0,0,0,100,100,100,30,999,999,999,999,-1,-1,0,0,0,0,-1,-1,1,0,0,0,0,112,999,0,0,-1,10,0,12,0,0,6,3,40,139,139,1,0,0,0,0,0,0,0,0,0,2,0,0,17,7,0,0,0,0,0,0,0,0,0,1,0,0,0,0,0,0,0,0,0,0,0,0,0,0,1,0,0,0,0,0,0,0,0,1,1,0,0,1,0,0,0,0,0,0,0,0,0,0,0,0,0,0,0,0,0,0,0,2.9,1.4,0,0,0,0,0,0,0,0,0,100,1,999,3,116,117,139,139,139,139,90020,90030,90040,0,90060,90100,90200,5261,-1,0,0.4,0.9,0.65,1.4,0.65,1,0.8,0.8,0.8,0,0,0,-1,-1,256,-1,-1,100,30,999,0,0,4490,-1,5800,-1,-1,15202,15203,-1,-1,-1,-1,-1,-1,-1,-1,-1,-1,0,2,0,0,0,1,1,1,0,0,-1,-1,0,0,0,0,0,0,-1,-1,4490,0,0,0,180,100,0.1,-1,-1,-1,-1,2.5,0,0,0,1,0,0,0,0,0,0,0,0,1,0,-1,-1,-1,-1,-1,-1,-1,-1,2900,0.1,0.4,-1,0,0,65,0.29,100,-1,-1,-1,6002,-1,0,0.4,0.42,0,-1,0,1,1,1,1,1,1,1,1,1,1,1,1,1,1,1,1,1,1,-1,0,-1,0,-1,-1,-1,-1,[0|0|0|0|0|0|0|0|0|0|0|0],
44900035,Living Jar Warrior,0,0,[0|0|0],44900,-1,0,70,2.9,1.4,100,0,449,0,100,449000010,-1,10,5,0,-1,-1,1,-1,5400,15201,15200,7100,0,0,90000,90010,-1,0,0,0,0,0,-1,-1,-1,-1,-1,-1,25,3000,3001,3002,3003,3004,3005,3006,3007,6003,6002,6003,6002,0,1,1,1,1,1,1,1,1,1.5,0,0,50,21,100,0,0,0,100,100,100,30,999,999,999,999,-1,-1,0,0,0,0,-1,-1,1,0,0,0,0,112,999,0,0,-1,10,0,12,0,0,6,3,40,139,139,1,0,0,0,0,0,0,0,0,0,2,0,0,17,7,0,0,0,0,0,0,0,0,0,1,0,0,0,0,0,0,0,0,0,0,0,0,0,0,1,0,0,0,0,0,0,0,0,1,1,0,0,1,0,0,0,0,0,0,0,0,0,0,0,0,0,0,0,0,0,0,0,2.9,1.4,0,0,0,0,0,0,0,0,0,100,1,999,3,116,117,139,139,139,139,90020,90030,90040,0,90060,90100,90200,5261,-1,0,0.4,0.9,0.65,1.4,0.65,1,0.8,0.8,0.8,0,0,0,-1,-1,256,-1,-1,100,30,999,0,0,4490,-1,5800,-1,-1,15202,15203,-1,-1,-1,-1,-1,-1,-1,-1,-1,-1,0,2,0,0,0,1,1,1,0,0,-1,-1,0,0,0,0,0,0,-1,-1,4490,0,0,0,180,100,0.1,-1,-1,-1,-1,2.5,0,0,0,1,0,0,0,0,0,0,0,0,1,0,-1,-1,-1,-1,-1,-1,-1,-1,2900,0.1,0.4,-1,0,0,65,0.29,100,-1,-1,-1,6002,-1,0,0.4,0.42,0,-1,0,1,1,1,1,1,1,1,1,1,1,1,1,1,1,1,1,1,1,-1,0,-1,0,-1,-1,-1,-1,[0|0|0|0|0|0|0|0|0|0|0|0],
44900038,Living Jar Warrior,0,0,[0|0|0],44900,-1,0,70,2.9,1.4,100,0,449,0,100,449000010,-1,10,5,0,-1,-1,1,-1,5400,15201,15200,7110,0,0,90000,90010,-1,0,0,0,0,0,-1,-1,-1,-1,-1,-1,25,3000,3001,3002,3003,3004,3005,3006,3007,6003,6002,6003,6002,0,1,1,1,1,1,1,1,1,1.5,0,0,50,21,100,0,0,0,100,100,100,30,999,999,999,999,-1,-1,0,0,0,0,-1,-1,1,0,0,0,0,112,999,0,0,-1,10,0,12,0,0,6,3,40,139,139,1,0,0,0,0,0,0,0,0,0,2,0,0,17,7,0,0,0,0,0,0,0,0,0,1,0,0,0,0,0,0,0,0,0,0,0,0,0,0,1,0,0,0,0,0,0,0,0,1,1,0,0,1,0,0,0,0,0,0,0,0,0,0,0,0,0,0,0,0,0,0,0,2.9,1.4,0,0,0,0,0,0,0,0,0,100,1,999,3,116,117,139,139,139,139,90020,90030,90040,0,90060,90100,90200,5261,-1,0,0.4,0.9,0.65,1.4,0.65,1,0.8,0.8,0.8,0,0,0,-1,-1,256,-1,-1,100,30,999,0,0,4490,-1,5800,-1,-1,15202,15203,-1,-1,-1,-1,-1,-1,-1,-1,-1,-1,0,2,0,0,0,1,1,1,0,0,-1,-1,0,0,0,0,0,0,-1,-1,4490,0,0,0,180,100,0.1,-1,-1,-1,-1,2.5,0,0,0,1,0,0,0,0,0,0,0,0,1,0,-1,-1,-1,-1,-1,-1,-1,-1,2900,0.1,0.4,-1,0,0,65,0.29,100,-1,-1,-1,6002,-1,0,0.4,0.42,0,-1,0,1,1,1,1,1,1,1,1,1,1,1,1,1,1,1,1,1,1,-1,0,-1,0,-1,-1,-1,-1,[0|0|0|0|0|0|0|0|0|0|0|0],
44900050,Living Jar Warrior,0,0,[0|0|0],44900,-1,0,70,2.9,1.4,100,0,449,0,100,449000010,-1,10,5,0,-1,-1,1,-1,5400,15201,15200,7120,0,0,90000,90010,-1,0,0,0,0,0,-1,-1,-1,-1,-1,-1,25,3000,3001,3002,3003,3004,3005,3006,3007,6003,6002,6003,6002,0,1,1,1,1,1,1,1,1,1.5,0,0,50,21,100,0,0,0,100,100,100,30,999,999,999,999,-1,-1,0,0,0,0,-1,-1,1,0,0,0,0,112,999,0,0,-1,10,0,12,0,0,6,3,40,139,139,1,0,0,0,0,0,0,0,0,0,2,0,0,17,7,0,0,0,0,0,0,0,0,0,1,0,0,0,0,0,0,0,0,0,0,0,0,0,0,1,0,0,0,0,0,0,0,0,1,1,0,0,1,0,0,0,0,0,0,0,0,0,0,0,0,0,0,0,0,0,0,0,2.9,1.4,0,0,0,0,0,0,0,0,0,100,1,999,3,116,117,139,139,139,139,90020,90030,90040,0,90060,90100,90200,5261,-1,0,0.4,0.9,0.65,1.4,0.65,1,0.8,0.8,0.8,0,0,0,-1,-1,256,-1,-1,100,30,999,0,0,4490,-1,5800,-1,-1,15202,15203,-1,-1,-1,-1,-1,-1,-1,-1,-1,-1,0,2,0,0,0,1,1,1,0,0,-1,-1,0,0,0,0,0,0,-1,-1,4490,0,0,0,180,100,0.1,-1,-1,-1,-1,2.5,0,0,0,1,0,0,0,0,0,0,0,0,1,0,-1,-1,-1,-1,-1,-1,-1,-1,2900,0.1,0.4,-1,0,0,65,0.29,100,-1,-1,-1,6002,-1,0,0.4,0.42,0,-1,0,1,1,1,1,1,1,1,1,1,1,1,1,1,1,1,1,1,1,-1,0,-1,0,-1,-1,-1,-1,[0|0|0|0|0|0|0|0|0|0|0|0],
44900124,Living Jar Warrior,0,0,[0|0|0],44900,-1,0,70,2.9,1.2,100,0,449,0,100,449000100,-1,10,5,0,-1,-1,1,-1,5401,15201,15200,7060,0,0,90000,90010,-1,0,0,0,0,0,-1,-1,-1,-1,-1,-1,32,3000,3001,3002,3003,3004,3005,3006,3007,6003,6002,6003,6002,0,1,1,1,1,1,1,1,1,1.5,0,0,50,21,100,0,0,0,100,100,100,30,999,999,999,999,-1,-1,0,0,0,0,-1,-1,1,0,0,0,0,112,999,0,0,-1,10,0,12,0,0,6,3,40,139,139,1,0,0,0,0,0,0,0,0,0,2,0,0,17,7,0,0,0,0,0,0,0,0,0,0,1,0,0,0,0,0,0,0,0,0,0,0,0,0,1,0,0,0,0,0,0,0,0,1,1,0,0,1,0,0,0,0,0,0,0,0,0,0,0,0,0,0,0,0,0,0,0,2.9,1.2,0,0,0,0,0,0,0,0,0,100,1,999,3,116,117,139,139,139,139,90020,90030,90040,0,90060,90100,90200,5261,-1,0,0.4,0.9,0.65,1.4,0.65,1,0.8,0.8,0.8,0,0,0,-1,-1,256,-1,-1,100,30,999,0,0,4490,-1,5800,-1,-1,15202,15204,-1,-1,-1,-1,-1,-1,-1,-1,-1,-1,0,2,0,0,0,1,1,1,0,0,-1,-1,0,0,0,0,0,0,-1,-1,4490,0,0,0,180,100,0.1,-1,-1,-1,-1,2.5,0,0,0,1,0,0,0,0,0,0,0,0,1,0,-1,-1,-1,-1,-1,-1,-1,-1,2900,0.1,0.4,-1,0,0,65,0.29,100,-1,-1,-1,6002,-1,0,0.4,0.42,0,-1,0,1,1,1,1,1,1,1,1,1,1,1,1,1,1,1,1,1,1,-1,0,-1,0,-1,-1,-1,-1,[0|0|0|0|0|0|0|0|0|0|0|0],
44900320,Living Jar Warrior,0,0,[0|0|0],44900,-1,0,70,2.9,1.4,100,0,449,0,100,449000000,-1,10,5,0,-1,-1,1,-1,5400,15201,15200,7060,0,0,90000,90010,-1,0,0,0,0,0,-1,-1,-1,-1,-1,-1,25,3000,3001,3002,3003,3004,3005,3006,3007,6003,6002,6003,6002,0,1,1,1,1,1,1,1,1,1.5,0,0,50,21,100,0,0,0,100,100,100,30,999,999,999,999,-1,-1,0,0,0,0,-1,-1,1,0,0,0,0,112,999,0,0,-1,10,0,12,0,0,26,3,40,139,139,1,0,0,0,0,0,0,0,0,0,2,0,0,17,7,0,0,0,0,0,0,0,0,0,1,0,0,0,0,0,0,0,0,0,0,0,0,0,0,1,0,0,0,0,0,0,0,0,1,1,0,0,1,0,0,0,0,0,0,0,0,0,0,0,0,0,0,0,0,0,0,0,2.9,1.4,0,0,0,0,0,0,0,0,0,100,1,999,3,116,117,139,139,139,139,90020,90030,90040,0,90060,90100,90200,5261,-1,0,0.4,0.9,0.65,1.4,0.65,1,0.8,0.8,0.8,0,0,0,-1,-1,256,-1,-1,100,30,999,0,0,4490,-1,5800,-1,-1,15202,15203,-1,-1,-1,-1,-1,-1,-1,-1,-1,-1,0,2,0,0,0,1,1,1,0,0,-1,-1,0,0,0,0,0,0,-1,-1,4490,0,0,0,180,100,0.1,-1,-1,-1,-1,2.5,0,0,0,1,0,0,0,0,0,0,0,0,1,0,-1,-1,-1,-1,-1,-1,-1,-1,2900,0.1,0.4,-1,0,0,65,0.29,100,-1,-1,-1,6002,-1,0,0.4,0.42,0,-1,0,1,1,1,1,1,1,1,1,1,1,1,1,1,1,1,1,1,1,-1,0,-1,0,-1,-1,-1,-1,[0|0|0|0|0|0|0|0|0|0|0|0],
44907000,Living Jar Warrior,0,0,[0|0|0],44900,-1,0,70,2.9,1.4,100,0,449,0,100,-1,-1,10,5,0,-1,-1,1,-1,5400,15201,15200,0,0,0,90000,90010,-1,0,0,0,0,0,-1,-1,-1,-1,-1,-1,25,3000,3001,3002,3003,3004,3005,3006,3007,6003,6002,6003,6002,0,1,1,1,1,1,1,1,1,1.5,0,0,50,21,100,0,0,0,100,100,100,30,999,999,999,999,-1,-1,0,0,0,0,-1,-1,1,0,0,0,0,112,999,0,0,-1,10,0,12,0,0,6,3,40,139,139,1,0,0,0,0,0,0,0,0,0,2,0,0,17,7,0,0,0,0,0,0,0,0,0,1,0,0,0,0,0,0,0,0,0,0,0,0,0,0,1,0,0,0,0,0,0,0,0,1,1,0,0,1,0,0,0,0,0,0,0,0,0,0,0,0,0,0,0,0,0,0,0,2.9,1.4,0,0,0,0,0,0,0,0,0,100,1,999,3,116,117,139,139,139,139,90020,90030,90040,0,90060,90100,90200,5261,-1,0,0.4,0.9,0.65,1.4,0.65,1,0.8,0.8,0.8,0,0,0,-1,-1,256,-1,-1,100,30,999,0,0,4490,-1,5800,-1,-1,15202,15203,-1,-1,-1,-1,-1,-1,-1,-1,-1,-1,0,2,0,0,0,1,1,1,0,0,-1,-1,0,0,0,0,0,0,-1,-1,4490,0,0,0,180,100,0.1,-1,-1,-1,-1,2.5,0,0,0,1,0,0,0,0,0,0,0,0,1,0,-1,-1,-1,-1,-1,-1,-1,-1,2900,0.1,0.4,-1,0,0,65,0.29,100,-1,-1,-1,6002,-1,0,0.4,0.42,0,-1,0,1,1,1,1,1,1,1,1,1,1,1,1,1,1,1,1,1,1,-1,0,-1,0,-1,-1,-1,-1,[0|0|0|0|0|0|0|0|0|0|0|0],
44907035,Living Jar Warrior,0,0,[0|0|0],44900,-1,0,70,2.9,1.4,100,0,449,0,100,449035000,-1,10,5,0,-1,-1,1,-1,5400,15201,15200,7100,0,0,90000,90010,-1,0,0,0,0,0,-1,-1,-1,-1,-1,-1,25,3000,3001,3002,3003,3004,3005,3006,3007,6003,6002,6003,6002,0,1,1,1,1,1,1,1,1,1.5,0,0,50,21,100,0,0,0,100,100,100,30,999,999,999,999,-1,-1,0,0,0,0,-1,-1,1,0,0,0,0,112,999,0,0,-1,10,0,12,0,0,6,3,40,139,139,1,0,0,0,0,0,0,0,0,0,2,0,0,17,7,0,0,0,0,0,0,0,0,0,1,0,0,0,0,0,0,0,0,0,0,0,0,0,0,1,0,0,0,0,0,0,0,0,1,1,0,0,1,0,0,0,0,0,0,0,0,0,0,0,0,0,0,0,0,0,0,0,2.9,1.4,0,0,0,0,0,0,0,0,0,100,1,999,3,116,117,139,139,139,139,90020,90030,90040,0,90060,90100,90200,5261,-1,0,0.4,0.9,0.65,1.4,0.65,1,0.8,0.8,0.8,0,0,0,-1,-1,256,-1,-1,100,30,999,0,0,4490,-1,5800,-1,-1,15202,15203,-1,-1,-1,-1,-1,-1,-1,-1,-1,-1,0,2,0,0,0,1,1,1,0,0,-1,-1,0,0,0,0,0,0,-1,-1,4490,0,0,0,180,100,0.1,-1,-1,-1,-1,2.5,0,0,0,1,0,0,0,0,0,0,0,0,1,0,-1,-1,-1,-1,-1,-1,-1,-1,2900,0.1,0.4,-1,0,0,65,0.29,100,-1,-1,-1,6002,-1,0,0.4,0.42,0,-1,0,1,1,1,1,1,1,1,1,1,1,1,1,1,1,1,1,1,1,-1,0,-1,0,-1,-1,-1,-1,[0|0|0|0|0|0|0|0|0|0|0|0],
44907038,Living Jar Warrior,0,0,[0|0|0],44900,-1,0,70,2.9,1.4,100,0,449,0,100,449038000,-1,10,5,0,-1,-1,1,-1,5400,15201,15200,7110,0,0,90000,90010,-1,0,0,0,0,0,-1,-1,-1,-1,-1,-1,25,3000,3001,3002,3003,3004,3005,3006,3007,6003,6002,6003,6002,0,1,1,1,1,1,1,1,1,1.5,0,0,50,21,100,0,0,0,100,100,100,30,999,999,999,999,-1,-1,0,0,0,0,-1,-1,1,0,0,0,0,112,999,0,0,-1,10,0,12,0,0,6,3,40,139,139,1,0,0,0,0,0,0,0,0,0,2,0,0,17,7,0,0,0,0,0,0,0,0,0,1,0,0,0,0,0,0,0,0,0,0,0,0,0,0,1,0,0,0,0,0,0,0,0,1,1,0,0,1,0,0,0,0,0,0,0,0,0,0,0,0,0,0,0,0,0,0,0,2.9,1.4,0,0,0,0,0,0,0,0,0,100,1,999,3,116,117,139,139,139,139,90020,90030,90040,0,90060,90100,90200,5261,-1,0,0.4,0.9,0.65,1.4,0.65,1,0.8,0.8,0.8,0,0,0,-1,-1,256,-1,-1,100,30,999,0,0,4490,-1,5800,-1,-1,15202,15203,-1,-1,-1,-1,-1,-1,-1,-1,-1,-1,0,2,0,0,0,1,1,1,0,0,-1,-1,0,0,0,0,0,0,-1,-1,4490,0,0,0,180,100,0.1,-1,-1,-1,-1,2.5,0,0,0,1,0,0,0,0,0,0,0,0,1,0,-1,-1,-1,-1,-1,-1,-1,-1,2900,0.1,0.4,-1,0,0,65,0.29,100,-1,-1,-1,6002,-1,0,0.4,0.42,0,-1,0,1,1,1,1,1,1,1,1,1,1,1,1,1,1,1,1,1,1,-1,0,-1,0,-1,-1,-1,-1,[0|0|0|0|0|0|0|0|0|0|0|0],
44907050,Living Jar Warrior,0,0,[0|0|0],44900,-1,0,70,2.9,1.4,100,0,449,0,100,449050000,-1,10,5,0,-1,-1,1,-1,5400,15201,15200,7120,0,0,90000,90010,-1,0,0,0,0,0,-1,-1,-1,-1,-1,-1,25,3000,3001,3002,3003,3004,3005,3006,3007,6003,6002,6003,6002,0,1,1,1,1,1,1,1,1,1.5,0,0,50,21,100,0,0,0,100,100,100,30,999,999,999,999,-1,-1,0,0,0,0,-1,-1,1,0,0,0,0,112,999,0,0,-1,10,0,12,0,0,6,3,40,139,139,1,0,0,0,0,0,0,0,0,0,2,0,0,17,7,0,0,0,0,0,0,0,0,0,1,0,0,0,0,0,0,0,0,0,0,0,0,0,0,1,0,0,0,0,0,0,0,0,1,1,0,0,1,0,0,0,0,0,0,0,0,0,0,0,0,0,0,0,0,0,0,0,2.9,1.4,0,0,0,0,0,0,0,0,0,100,1,999,3,116,117,139,139,139,139,90020,90030,90040,0,90060,90100,90200,5261,-1,0,0.4,0.9,0.65,1.4,0.65,1,0.8,0.8,0.8,0,0,0,-1,-1,256,-1,-1,100,30,999,0,0,4490,-1,5800,-1,-1,15202,15203,-1,-1,-1,-1,-1,-1,-1,-1,-1,-1,0,2,0,0,0,1,1,1,0,0,-1,-1,0,0,0,0,0,0,-1,-1,4490,0,0,0,180,100,0.1,-1,-1,-1,-1,2.5,0,0,0,1,0,0,0,0,0,0,0,0,1,0,-1,-1,-1,-1,-1,-1,-1,-1,2900,0.1,0.4,-1,0,0,65,0.29,100,-1,-1,-1,6002,-1,0,0.4,0.42,0,-1,0,1,1,1,1,1,1,1,1,1,1,1,1,1,1,1,1,1,1,-1,0,-1,0,-1,-1,-1,-1,[0|0|0|0|0|0|0|0|0|0|0|0],
44907100,Living Jar Warrior,0,0,[0|0|0],44900,-1,0,70,2.9,1.4,100,0,449,0,100,-1,-1,10,5,0,-1,-1,1,-1,5400,15201,15200,0,0,0,90000,90010,-1,0,0,0,0,0,-1,-1,-1,-1,-1,-1,25,3000,3001,3002,3003,3004,3005,3006,3007,6003,6002,6003,6002,0,1,1,1,1,1,1,1,1,1.5,0,0,50,21,100,0,0,0,100,100,100,30,999,999,999,999,-1,-1,0,0,0,0,-1,-1,1,0,0,0,0,112,999,0,0,-1,10,0,12,0,0,6,3,40,139,139,1,0,0,0,0,0,0,0,0,0,2,0,0,17,7,0,0,0,0,0,0,0,0,0,1,0,0,0,0,0,0,0,0,0,0,0,0,0,0,1,0,0,0,0,0,0,0,0,1,1,0,0,1,0,0,0,0,0,0,0,0,0,0,0,0,0,0,0,0,0,0,0,2.9,1.4,0,0,0,0,0,0,0,0,0,100,1,999,3,116,117,139,139,139,139,90020,90030,90040,0,90060,90100,90200,5261,-1,0,0.4,0.9,0.65,1.4,0.65,1,0.8,0.8,0.8,0,0,0,-1,-1,256,-1,-1,100,30,999,0,0,4490,-1,5800,-1,-1,15202,15203,-1,-1,-1,-1,-1,-1,-1,-1,-1,-1,0,2,0,0,0,1,1,1,0,0,-1,-1,0,0,0,0,0,0,-1,-1,4490,0,0,0,180,100,0.1,-1,-1,-1,-1,2.5,0,0,0,1,0,0,0,0,0,0,0,0,1,0,-1,-1,-1,-1,-1,-1,-1,-1,2900,0.1,0.4,-1,0,0,65,0.29,100,-1,-1,-1,6002,-1,0,0.4,0.42,0,-1,0,1,1,1,1,1,1,1,1,1,1,1,1,1,1,1,1,1,1,-1,0,-1,0,-1,-1,-1,-1,[0|0|0|0|0|0|0|0|0|0|0|0],
44907150,Living Jar Warrior,0,0,[0|0|0],44900,-1,0,70,2.9,1.4,100,0,449,0,100,449050010,-1,10,5,0,-1,-1,1,-1,5400,15201,15200,7120,0,0,90000,90010,-1,0,0,0,0,0,-1,-1,-1,-1,-1,-1,25,3000,3001,3002,3003,3004,3005,3006,3007,6003,6002,6003,6002,0,1,1,1,1,1,1,1,1,1.5,0,0,50,21,100,0,0,0,100,100,100,30,999,999,999,999,-1,-1,0,0,0,0,-1,-1,1,0,0,0,0,112,999,0,0,-1,10,0,12,0,0,6,3,40,139,139,1,0,0,0,0,0,0,0,0,0,2,0,0,17,7,0,0,0,0,0,0,0,0,0,1,0,0,0,0,0,0,0,0,0,0,0,0,0,0,1,0,0,0,0,0,0,0,0,1,1,0,0,1,0,0,0,0,0,0,0,0,0,0,0,0,0,0,0,0,0,0,0,2.9,1.4,0,0,0,0,0,0,0,0,0,100,1,999,3,116,117,139,139,139,139,90020,90030,90040,0,90060,90100,90200,5261,-1,0,0.4,0.9,0.65,1.4,0.65,1,0.8,0.8,0.8,0,0,0,-1,-1,256,-1,-1,100,30,999,0,0,4490,-1,5800,-1,-1,15202,15203,-1,-1,-1,-1,-1,-1,-1,-1,-1,-1,0,2,0,0,0,1,1,1,0,0,-1,-1,0,0,0,0,0,0,-1,-1,4490,0,0,0,180,100,0.1,-1,-1,-1,-1,2.5,0,0,0,1,0,0,0,0,0,0,0,0,1,0,-1,-1,-1,-1,-1,-1,-1,-1,2900,0.1,0.4,-1,0,0,65,0.29,100,-1,-1,-1,6002,-1,0,0.4,0.42,0,-1,0,1,1,1,1,1,1,1,1,1,1,1,1,1,1,1,1,1,1,-1,0,-1,0,-1,-1,-1,-1,[0|0|0|0|0|0|0|0|0|0|0|0],
44907200,Living Jar Warrior,0,0,[0|0|0],44900,-1,0,70,2.9,1.4,100,0,449,0,100,-1,-1,10,5,0,-1,-1,1,-1,5400,15201,15200,0,0,0,90000,90010,-1,0,0,0,0,0,-1,-1,-1,-1,-1,-1,25,3000,3001,3002,3003,3004,3005,3006,3007,6003,6002,6003,6002,0,1,1,1,1,1,1,1,1,1.5,0,0,50,21,100,0,0,0,100,100,100,30,999,999,999,999,-1,-1,0,0,0,0,-1,-1,1,0,0,0,0,112,999,0,0,-1,10,0,12,0,0,6,3,40,139,139,1,0,0,0,0,0,0,0,0,0,2,0,0,17,7,0,0,0,0,0,0,0,0,0,1,0,0,0,0,0,0,0,0,0,0,0,0,0,0,1,0,0,0,0,0,0,0,0,1,1,0,0,1,0,0,0,0,0,0,0,0,0,0,0,0,0,0,0,0,0,0,0,2.9,1.4,0,0,0,0,0,0,0,0,0,100,1,999,3,116,117,139,139,139,139,90020,90030,90040,0,90060,90100,90200,5261,-1,0,0.4,0.9,0.65,1.4,0.65,1,0.8,0.8,0.8,0,0,0,-1,-1,256,-1,-1,100,30,999,0,0,4490,-1,5800,-1,-1,15202,15203,-1,-1,-1,-1,-1,-1,-1,-1,-1,-1,0,2,0,0,0,1,1,1,0,0,-1,-1,0,0,0,0,0,0,-1,-1,4490,0,0,0,180,100,0.1,-1,-1,-1,-1,2.5,0,0,0,1,0,0,0,0,0,0,0,0,1,0,-1,-1,-1,-1,-1,-1,-1,-1,2900,0.1,0.4,-1,0,0,65,0.29,100,-1,-1,-1,6002,-1,0,0.4,0.42,0,-1,0,1,1,1,1,1,1,1,1,1,1,1,1,1,1,1,1,1,1,-1,0,-1,0,-1,-1,-1,-1,[0|0|0|0|0|0|0|0|0|0|0|0],
44907250,Living Jar Warrior,0,0,[0|0|0],44900,-1,0,70,2.9,1.4,100,0,449,0,100,449050020,-1,10,5,0,-1,-1,1,-1,5400,15201,15200,7120,0,0,90000,90010,-1,0,0,0,0,0,-1,-1,-1,-1,-1,-1,25,3000,3001,3002,3003,3004,3005,3006,3007,6003,6002,6003,6002,0,1,1,1,1,1,1,1,1,1.5,0,0,50,21,100,0,0,0,100,100,100,30,999,999,999,999,-1,-1,0,0,0,0,-1,-1,1,0,0,0,0,112,999,0,0,-1,10,0,12,0,0,6,3,40,139,139,1,0,0,0,0,0,0,0,0,0,2,0,0,17,7,0,0,0,0,0,0,0,0,0,1,0,0,0,0,0,0,0,0,0,0,0,0,0,0,1,0,0,0,0,0,0,0,0,1,1,0,0,1,0,0,0,0,0,0,0,0,0,0,0,0,0,0,0,0,0,0,0,2.9,1.4,0,0,0,0,0,0,0,0,0,100,1,999,3,116,117,139,139,139,139,90020,90030,90040,0,90060,90100,90200,5261,-1,0,0.4,0.9,0.65,1.4,0.65,1,0.8,0.8,0.8,0,0,0,-1,-1,256,-1,-1,100,30,999,0,0,4490,-1,5800,-1,-1,15202,15203,-1,-1,-1,-1,-1,-1,-1,-1,-1,-1,0,2,0,0,0,1,1,1,0,0,-1,-1,0,0,0,0,0,0,-1,-1,4490,0,0,0,180,100,0.1,-1,-1,-1,-1,2.5,0,0,0,1,0,0,0,0,0,0,0,0,1,0,-1,-1,-1,-1,-1,-1,-1,-1,2900,0.1,0.4,-1,0,0,65,0.29,100,-1,-1,-1,6002,-1,0,0.4,0.42,0,-1,0,1,1,1,1,1,1,1,1,1,1,1,1,1,1,1,1,1,1,-1,0,-1,0,-1,-1,-1,-1,[0|0|0|0|0|0|0|0|0|0|0|0],
44907300,Living Jar Warrior,0,0,[0|0|0],44900,-1,0,70,2.9,1.4,100,0,449,0,100,-1,-1,10,5,0,-1,-1,1,-1,5400,15201,15200,0,0,0,90000,90010,-1,0,0,0,0,0,-1,-1,-1,-1,-1,-1,25,3000,3001,3002,3003,3004,3005,3006,3007,6003,6002,6003,6002,0,1,1,1,1,1,1,1,1,1.5,0,0,50,21,100,0,0,0,100,100,100,30,999,999,999,999,-1,-1,0,0,0,0,-1,-1,1,0,0,0,0,112,999,0,0,-1,10,0,12,0,0,6,3,40,139,139,1,0,0,0,0,0,0,0,0,0,2,0,0,17,7,0,0,0,0,0,0,0,0,0,1,0,0,0,0,0,0,0,0,0,0,0,0,0,0,1,0,0,0,0,0,0,0,0,1,1,0,0,1,0,0,0,0,0,0,0,0,0,0,0,0,0,0,0,0,0,0,0,2.9,1.4,0,0,0,0,0,0,0,0,0,100,1,999,3,116,117,139,139,139,139,90020,90030,90040,0,90060,90100,90200,5261,-1,0,0.4,0.9,0.65,1.4,0.65,1,0.8,0.8,0.8,0,0,0,-1,-1,256,-1,-1,100,30,999,0,0,4490,-1,5800,-1,-1,15202,15203,-1,-1,-1,-1,-1,-1,-1,-1,-1,-1,0,2,0,0,0,1,1,1,0,0,-1,-1,0,0,0,0,0,0,-1,-1,4490,0,0,0,180,100,0.1,-1,-1,-1,-1,2.5,0,0,0,1,0,0,0,0,0,0,0,0,1,0,-1,-1,-1,-1,-1,-1,-1,-1,2900,0.1,0.4,-1,0,0,65,0.29,100,-1,-1,-1,6002,-1,0,0.4,0.42,0,-1,0,1,1,1,1,1,1,1,1,1,1,1,1,1,1,1,1,1,1,-1,0,-1,0,-1,-1,-1,-1,[0|0|0|0|0|0|0|0|0|0|0|0],
44907350,Living Jar Warrior,0,0,[0|0|0],44900,-1,0,70,2.9,1.4,100,0,449,0,100,449050030,-1,10,5,0,-1,-1,1,-1,5400,15201,15200,7120,0,0,90000,90010,-1,0,0,0,0,0,-1,-1,-1,-1,-1,-1,25,3000,3001,3002,3003,3004,3005,3006,3007,6003,6002,6003,6002,0,1,1,1,1,1,1,1,1,1.5,0,0,50,21,100,0,0,0,100,100,100,30,999,999,999,999,-1,-1,0,0,0,0,-1,-1,1,0,0,0,0,112,999,0,0,-1,10,0,12,0,0,6,3,40,139,139,1,0,0,0,0,0,0,0,0,0,2,0,0,17,7,0,0,0,0,0,0,0,0,0,1,0,0,0,0,0,0,0,0,0,0,0,0,0,0,1,0,0,0,0,0,0,0,0,1,1,0,0,1,0,0,0,0,0,0,0,0,0,0,0,0,0,0,0,0,0,0,0,2.9,1.4,0,0,0,0,0,0,0,0,0,100,1,999,3,116,117,139,139,139,139,90020,90030,90040,0,90060,90100,90200,5261,-1,0,0.4,0.9,0.65,1.4,0.65,1,0.8,0.8,0.8,0,0,0,-1,-1,256,-1,-1,100,30,999,0,0,4490,-1,5800,-1,-1,15202,15203,-1,-1,-1,-1,-1,-1,-1,-1,-1,-1,0,2,0,0,0,1,1,1,0,0,-1,-1,0,0,0,0,0,0,-1,-1,4490,0,0,0,180,100,0.1,-1,-1,-1,-1,2.5,0,0,0,1,0,0,0,0,0,0,0,0,1,0,-1,-1,-1,-1,-1,-1,-1,-1,2900,0.1,0.4,-1,0,0,65,0.29,100,-1,-1,-1,6002,-1,0,0.4,0.42,0,-1,0,1,1,1,1,1,1,1,1,1,1,1,1,1,1,1,1,1,1,-1,0,-1,0,-1,-1,-1,-1,[0|0|0|0|0|0|0|0|0|0|0|0],
44907400,Living Jar Warrior,0,0,[0|0|0],44900,-1,0,70,2.9,1.4,100,0,449,0,100,-1,-1,10,5,0,-1,-1,1,-1,5400,15201,15200,0,0,0,90000,90010,-1,0,0,0,0,0,-1,-1,-1,-1,-1,-1,25,3000,3001,3002,3003,3004,3005,3006,3007,6003,6002,6003,6002,0,1,1,1,1,1,1,1,1,1.5,0,0,50,21,100,0,0,0,100,100,100,30,999,999,999,999,-1,-1,0,0,0,0,-1,-1,1,0,0,0,0,112,999,0,0,-1,10,0,12,0,0,6,3,40,139,139,1,0,0,0,0,0,0,0,0,0,2,0,0,17,7,0,0,0,0,0,0,0,0,0,1,0,0,0,0,0,0,0,0,0,0,0,0,0,0,1,0,0,0,0,0,0,0,0,1,1,0,0,1,0,0,0,0,0,0,0,0,0,0,0,0,0,0,0,0,0,0,0,2.9,1.4,0,0,0,0,0,0,0,0,0,100,1,999,3,116,117,139,139,139,139,90020,90030,90040,0,90060,90100,90200,5261,-1,0,0.4,0.9,0.65,1.4,0.65,1,0.8,0.8,0.8,0,0,0,-1,-1,256,-1,-1,100,30,999,0,0,4490,-1,5800,-1,-1,15202,15203,-1,-1,-1,-1,-1,-1,-1,-1,-1,-1,0,2,0,0,0,1,1,1,0,0,-1,-1,0,0,0,0,0,0,-1,-1,4490,0,0,0,180,100,0.1,-1,-1,-1,-1,2.5,0,0,0,1,0,0,0,0,0,0,0,0,1,0,-1,-1,-1,-1,-1,-1,-1,-1,2900,0.1,0.4,-1,0,0,65,0.29,100,-1,-1,-1,6002,-1,0,0.4,0.42,0,-1,0,1,1,1,1,1,1,1,1,1,1,1,1,1,1,1,1,1,1,-1,0,-1,0,-1,-1,-1,-1,[0|0|0|0|0|0|0|0|0|0|0|0],
44907450,Living Jar Warrior,0,0,[0|0|0],44900,-1,0,70,2.9,1.4,100,0,449,0,100,449050040,-1,10,5,0,-1,-1,1,-1,5400,15201,15200,7120,0,0,90000,90010,-1,0,0,0,0,0,-1,-1,-1,-1,-1,-1,25,3000,3001,3002,3003,3004,3005,3006,3007,6003,6002,6003,6002,0,1,1,1,1,1,1,1,1,1.5,0,0,50,21,100,0,0,0,100,100,100,30,999,999,999,999,-1,-1,0,0,0,0,-1,-1,1,0,0,0,0,112,999,0,0,-1,10,0,12,0,0,6,3,40,139,139,1,0,0,0,0,0,0,0,0,0,2,0,0,17,7,0,0,0,0,0,0,0,0,0,1,0,0,0,0,0,0,0,0,0,0,0,0,0,0,1,0,0,0,0,0,0,0,0,1,1,0,0,1,0,0,0,0,0,0,0,0,0,0,0,0,0,0,0,0,0,0,0,2.9,1.4,0,0,0,0,0,0,0,0,0,100,1,999,3,116,117,139,139,139,139,90020,90030,90040,0,90060,90100,90200,5261,-1,0,0.4,0.9,0.65,1.4,0.65,1,0.8,0.8,0.8,0,0,0,-1,-1,256,-1,-1,100,30,999,0,0,4490,-1,5800,-1,-1,15202,15203,-1,-1,-1,-1,-1,-1,-1,-1,-1,-1,0,2,0,0,0,1,1,1,0,0,-1,-1,0,0,0,0,0,0,-1,-1,4490,0,0,0,180,100,0.1,-1,-1,-1,-1,2.5,0,0,0,1,0,0,0,0,0,0,0,0,1,0,-1,-1,-1,-1,-1,-1,-1,-1,2900,0.1,0.4,-1,0,0,65,0.29,100,-1,-1,-1,6002,-1,0,0.4,0.42,0,-1,0,1,1,1,1,1,1,1,1,1,1,1,1,1,1,1,1,1,1,-1,0,-1,0,-1,-1,-1,-1,[0|0|0|0|0|0|0|0|0|0|0|0],
44908100,Living Jar Warrior,0,0,[0|0|0],44900,-1,0,70,2.9,1.4,100,0,449,0,100,-1,-1,10,5,0,-1,-1,1,-1,5401,15201,15200,0,0,0,90000,90010,-1,0,0,0,0,0,-1,-1,-1,-1,-1,-1,32,3000,3001,3002,3003,3004,3005,3006,3007,6003,6002,6003,6002,0,1,1,1,1,1,1,1,1,1.5,0,0,50,21,100,0,0,0,100,100,100,30,999,999,999,999,-1,-1,0,0,0,0,-1,-1,1,0,0,0,0,112,999,0,0,-1,10,0,12,0,0,6,3,40,139,139,1,0,0,0,0,0,0,0,0,0,2,0,0,17,7,0,0,0,0,0,0,0,0,0,0,1,0,0,0,0,0,0,0,0,0,0,0,0,0,1,0,0,0,0,0,0,0,0,1,1,0,0,1,0,0,0,0,0,0,0,0,0,0,0,0,0,0,0,0,0,0,0,2.9,1.4,0,0,0,0,0,0,0,0,0,100,1,999,3,116,117,139,139,139,139,90020,90030,90040,0,90060,90100,90200,5261,-1,0,0.4,0.9,0.65,1.4,0.65,1,0.8,0.8,0.8,0,0,0,-1,-1,256,-1,-1,100,30,999,0,0,4490,-1,5800,-1,-1,15202,15204,-1,-1,-1,-1,-1,-1,-1,-1,-1,-1,0,2,0,0,0,1,1,1,0,0,-1,-1,0,0,0,0,0,0,-1,-1,4490,0,0,0,180,100,0.1,-1,-1,-1,-1,2.5,0,0,0,1,0,0,0,0,0,0,0,0,1,0,-1,-1,-1,-1,-1,-1,-1,-1,2900,0.1,0.4,-1,0,0,65,0.29,100,-1,-1,-1,6002,-1,0,0.4,0.42,0,-1,0,1,1,1,1,1,1,1,1,1,1,1,1,1,1,1,1,1,1,-1,0,-1,0,-1,-1,-1,-1,[0|0|0|0|0|0|0|0|0|0|0|0],
44908300,Living Jar Warrior,0,0,[0|0|0],44900,-1,0,70,2.9,1.4,100,0,449,0,100,-1,-1,10,5,0,-1,-1,1,-1,5400,15201,15200,0,0,0,90000,90010,-1,0,0,0,0,0,-1,-1,-1,-1,-1,-1,25,3000,3001,3002,3003,3004,3005,3006,3007,6003,6002,6003,6002,0,1,1,1,1,1,1,1,1,1.5,0,0,50,21,100,0,0,0,100,100,100,30,999,999,999,999,-1,-1,0,0,0,0,-1,-1,1,0,0,0,0,112,999,0,0,-1,10,0,12,0,0,6,3,40,139,139,1,0,0,0,0,0,0,0,0,0,2,0,0,17,7,0,0,0,0,0,0,0,0,0,1,0,0,0,0,0,0,0,0,0,0,0,0,0,0,1,0,0,0,0,0,0,0,0,1,1,0,0,1,0,0,0,0,0,0,0,0,0,0,0,0,0,0,0,0,0,0,0,2.9,1.4,0,0,0,0,0,0,0,0,0,100,1,999,3,116,117,139,139,139,139,90020,90030,90040,0,90060,90100,90200,5261,-1,0,0.4,0.9,0.65,1.4,0.65,1,0.8,0.8,0.8,0,0,0,-1,-1,256,-1,-1,100,30,999,0,0,4490,-1,5800,-1,-1,15202,15203,-1,-1,-1,-1,-1,-1,-1,-1,-1,-1,0,2,0,0,0,1,1,1,0,0,-1,-1,0,0,0,0,0,0,-1,-1,4490,0,0,0,180,100,0.1,-1,-1,-1,-1,2.5,0,0,0,1,0,0,0,0,0,0,0,0,1,0,-1,-1,-1,-1,-1,-1,-1,-1,2900,0.1,0.4,-1,0,0,65,0.29,100,-1,-1,-1,6002,-1,0,0.4,0.42,0,-1,0,1,1,1,1,1,1,1,1,1,1,1,1,1,1,1,1,1,1,-1,0,-1,0,-1,-1,-1,-1,[0|0|0|0|0|0|0|0|0|0|0|0],
44908400,Living Jar Warrior,0,0,[0|0|0],44900,-1,0,70,2.9,1.4,100,0,449,0,100,-1,-1,10,5,0,-1,-1,1,-1,5400,15201,15200,0,0,0,90000,90010,-1,0,0,0,0,0,-1,-1,-1,-1,-1,-1,25,3000,3001,3002,3003,3004,3005,3006,3007,6003,6002,6003,6002,0,1,1,1,1,1,1,1,1,1.5,0,0,50,21,100,0,0,0,100,100,100,30,999,999,999,999,-1,-1,0,0,0,0,-1,-1,1,0,0,0,0,112,999,0,0,-1,10,0,12,0,0,6,3,40,139,139,1,0,0,0,0,0,0,0,0,0,2,0,0,17,7,0,0,0,0,0,0,0,0,0,1,0,0,0,0,0,0,0,0,0,0,0,0,0,0,1,0,0,0,0,0,0,0,0,1,1,0,0,1,0,0,0,0,0,0,0,0,0,0,0,0,0,0,0,0,0,0,0,2.9,1.4,0,0,0,0,0,0,0,0,0,100,1,999,3,116,117,139,139,139,139,90020,90030,90040,0,90060,90100,90200,5261,-1,0,0.4,0.9,0.65,1.4,0.65,1,0.8,0.8,0.8,0,0,0,-1,-1,256,-1,-1,100,30,999,0,0,4490,-1,5800,-1,-1,15202,15203,-1,-1,-1,-1,-1,-1,-1,-1,-1,-1,0,2,0,0,0,1,1,1,0,0,-1,-1,0,0,0,0,0,0,-1,-1,4490,0,0,0,180,100,0.1,-1,-1,-1,-1,2.5,0,0,0,1,0,0,0,0,0,0,0,0,1,0,-1,-1,-1,-1,-1,-1,-1,-1,2900,0.1,0.4,-1,0,0,65,0.29,100,-1,-1,-1,6002,-1,0,0.4,0.42,0,-1,0,1,1,1,1,1,1,1,1,1,1,1,1,1,1,1,1,1,1,-1,0,-1,0,-1,-1,-1,-1,[0|0|0|0|0|0|0|0|0|0|0|0],
44909000,Alexander- Warrior Jar,0,0,[0|0|0],44900,-1,122000,70,2.3,1.4,100,0,449,0,100,-1,-1,10,5,0,-1,-1,1,-1,5400,15201,15200,0,0,0,90000,90010,-1,0,0,0,0,0,-1,-1,-1,-1,-1,-1,25,3000,3001,3002,3003,3004,3005,3006,3007,6003,6002,6003,6002,0,1,1,1,1,1,1,1,1,1.5,0.23076923,0,50,21,100,0,0,0,100,100,100,30,999,999,999,999,-1,-1,0,0,0,0,-1,-1,1,0,0,0,0,112,999,0,0,-1,10,0,12,0,0,26,3,40,139,139,1,0,0,0,0,0,0,0,0,0,2,0,0,17,7,0,0,0,0,0,0,0,0,0,1,0,0,0,0,0,0,0,0,0,0,0,0,0,0,1,0,0,0,0,0,0,0,0,1,1,0,0,1,0,0,0,0,0,0,0,0,0,0,0,0,0,0,0,0,0,0,0,2.3,1.4,0,0,0,0,0,0,0,0,0,100,1,999,3,116,117,139,139,139,139,90020,90030,90040,0,90060,90100,0,-1,-1,0,0.4,0.9,0.65,1.4,0.65,1,0.8,0.8,0.8,0,0,0,-1,-1,256,-1,-1,100,30,999,0,0,4490,9642,5800,18699,102304,15202,15203,4300,15210,15214,-1,445,-1,-1,-1,-1,-1,0,2,0,0,0,1,1,1,0,0,-1,-1,0,0,0,0,0,0,900,-1,4490,0,0,0,180,100,0.1,-1,-1,-1,-1,2.5,0,0,0,1,0,0,0,0,0,0,0,0,1,0,-1,-1,-1,-1,-1,-1,-1,-1,2900,0.1,0.4,4493,0,0,80,0.29,100,-1,-1,-1,6002,-1,0,0.4,0.42,0,-1,0,1,1,1,1,1,1,1,1,1,1,1,1,1,1,1,1,1,1,-1,0,-1,0,-1,-1,-1,-1,[0|0|0|0|0|0|0|0|0|0|0|0],
44909040,Alexander- Warrior Jar,0,0,[0|0|0],44900,-1,122000,70,2.3,1.4,100,0,3600,0,100,-1,-1,10,5,3,-1,-1,1,-1,5400,15201,15200,13941,0,0,90000,90010,-1,0,0,0,0,0,-1,-1,-1,-1,-1,-1,25,3000,3001,3002,3003,3004,3005,3006,3007,6003,6002,6003,6002,0,1,1,1,1,1,1,1,1,1.5,0.23076923,0,50,21,100,0,0,0,100,100,100,30,999,999,999,999,-1,-1,0,0,0,0,-1,-1,1,0,0,0,0,112,999,0,0,-1,10,0,12,0,0,2,3,40,139,139,1,0,0,0,0,0,0,0,0,0,2,0,0,17,7,0,0,0,0,0,0,0,0,0,1,0,0,0,0,0,0,0,0,0,0,0,0,0,0,1,1,0,0,0,0,0,0,0,1,1,1,0,1,0,0,0,0,0,0,0,0,0,0,0,0,0,0,0,0,0,0,0,2.3,1.4,0,0,0,0,0,0,0,0,0,100,1,999,3,116,117,139,139,139,139,90020,90030,90040,0,90060,90100,0,-1,-1,0,0.4,0.9,0.65,1.4,0.65,1,0.8,0.8,0.8,0,0,0,-1,-1,256,-1,-1,100,30,999,0,0,4490,9642,5800,18699,102304,15202,15203,4300,15210,15214,-1,445,18697,-1,-1,-1,-1,0,2,0,0,0,1,1,1,0,0,-1,-1,0,0,0,0,0,0,-1,-1,4490,0,0,0,180,100,0.1,-1,-1,-1,-1,2.5,0,0,0,1,0,0,0,0,0,0,0,0,1,0,-1,-1,-1,-1,-1,-1,-1,-1,2900,0.1,0.4,4493,0,0,80,0.29,100,-1,-1,-1,6002,-1,0,0.4,0.42,0,-1,0,1,1,1,1,1,1,1,1,1,1,1,1,1,1,1,1,1,1,-1,0,-1,0,-1,-1,-1,-1,[0|0|0|0|0|0|0|0|0|0|0|0],
44909100,Alexander- Warrior Jar,0,0,[0|0|0],44900,-1,122000,70,2.3,1.4,100,0,449,0,100,-1,-1,10,5,0,-1,-1,1,-1,5400,15201,15200,0,0,0,90000,90010,-1,0,0,0,0,0,-1,-1,-1,-1,-1,-1,25,3000,3001,3002,3003,3004,3005,3006,3007,6003,6002,6003,6002,0,1,1,1,1,1,1,1,1,1.5,0.23076923,0,50,21,100,0,0,0,100,100,100,30,999,999,999,999,-1,-1,0,0,0,0,-1,-1,1,0,0,0,0,112,999,0,0,-1,10,0,12,0,0,26,3,40,139,139,1,0,0,0,0,0,0,0,0,0,2,0,0,17,7,0,0,0,0,0,0,0,0,0,0,0,0,0,0,0,0,0,0,0,0,0,1,0,0,1,0,0,0,0,0,0,0,0,1,1,0,0,1,0,0,0,0,0,0,0,0,0,0,0,0,0,0,0,0,0,0,0,2.3,1.4,0,0,0,0,0,0,0,0,0,100,1,999,3,116,117,139,139,139,139,90020,90030,90040,0,90060,90100,0,-1,-1,0,0.4,0.9,0.65,1.4,0.65,1,0.8,0.8,0.8,0,0,0,-1,-1,256,-1,-1,100,30,999,0,0,4490,9642,5800,18699,102304,15202,15203,4300,15210,15214,-1,445,-1,-1,-1,-1,-1,0,2,0,0,0,1,1,1,0,0,-1,-1,0,0,0,0,0,0,900,-1,4490,0,0,0,180,100,0.1,-1,-1,-1,-1,2.5,0,0,0,1,0,0,0,0,0,0,0,0,1,0,-1,-1,-1,-1,-1,-1,-1,-1,2900,0.1,0.4,4493,0,0,80,0.29,100,-1,-1,-1,6002,-1,0,0.4,0.42,0,-1,0,1,1,1,1,1,1,1,1,1,1,1,1,1,1,1,1,1,1,-1,0,-1,0,-1,-1,-1,-1,[0|0|0|0|0|0|0|0|0|0|0|0],
44909132,Alexander- Warrior Jar,0,0,[0|0|0],44900,-1,122000,70,2.3,1.4,100,0,449,0,100,-1,-1,10,5,0,-1,-1,1,-1,5400,15201,15200,0,0,0,90000,90010,-1,0,0,0,0,0,-1,-1,-1,-1,-1,-1,25,3000,3001,3002,3003,3004,3005,3006,3007,6003,6002,6003,6002,0,1,1,1,1,1,1,1,1,1.5,0.23076923,0,50,21,100,0,0,0,100,100,100,30,999,999,999,999,-1,-1,0,0,0,0,-1,-1,1,0,0,0,0,112,999,0,0,-1,10,0,12,0,0,26,3,40,139,139,1,0,0,0,0,0,0,0,0,0,2,0,0,17,7,0,0,0,0,0,0,0,0,0,0,0,0,0,0,0,0,0,0,0,0,0,1,0,0,1,0,0,0,0,0,0,0,0,1,1,0,0,1,0,0,0,0,0,0,0,0,0,0,0,0,0,0,0,0,0,0,0,2.3,1.4,0,0,0,0,0,0,0,0,0,100,1,999,3,116,117,139,139,139,139,90020,90030,90040,0,90060,90100,0,-1,-1,0,0.4,0.9,0.65,1.4,0.65,1,0.8,0.8,0.8,0,0,0,-1,-1,256,-1,-1,100,30,999,0,0,4490,9642,5800,18699,102304,15202,15203,4300,15210,15214,-1,445,-1,-1,-1,-1,-1,0,2,0,0,0,1,1,1,0,0,-1,-1,0,0,0,0,0,0,900,-1,4490,0,0,0,180,100,0.1,-1,-1,-1,-1,2.5,0,0,0,1,0,0,0,0,0,0,0,0,1,0,-1,-1,-1,-1,-1,-1,-1,-1,2900,0.1,0.4,4493,0,0,80,0.29,100,-1,-1,-1,6002,-1,0,0.4,0.42,0,-1,0,1,1,1,1,1,1,1,1,1,1,1,1,1,1,1,1,1,1,-1,0,-1,0,-1,-1,-1,-1,[0|0|0|0|0|0|0|0|0|0|0|0],
44909200,Alexander- Warrior Jar,0,0,[0|0|0],44900,-1,122000,70,2.3,1.4,100,0,449,0,100,-1,-1,10,5,0,-1,-1,1,-1,5400,15201,15200,0,0,0,90000,90010,-1,0,0,0,0,0,-1,-1,-1,-1,-1,-1,25,3000,3001,3002,3003,3004,3005,3006,3007,6003,6002,6003,6002,0,1,1,1,1,1,1,1,1,1.5,0.23076923,0,50,21,100,0,0,0,100,100,100,30,999,999,999,999,-1,-1,0,0,0,0,-1,-1,1,0,0,0,0,112,999,0,0,-1,10,0,12,0,0,26,3,40,139,139,1,0,0,0,0,0,0,0,0,0,2,0,0,17,7,0,0,0,0,0,0,0,0,0,1,0,0,0,0,0,0,0,0,0,0,0,0,0,0,1,0,0,0,0,0,0,0,0,1,1,0,0,1,0,0,0,0,0,0,0,0,0,0,0,0,0,0,0,0,0,0,0,2.3,1.4,0,0,0,0,0,0,0,0,0,100,1,999,3,116,117,139,139,139,139,90020,90030,90040,0,90060,90100,0,-1,-1,0,0.4,0.9,0.65,1.4,0.65,1,0.8,0.8,0.8,0,0,0,-1,-1,256,-1,-1,100,30,999,0,0,4490,9642,5800,18699,102304,15202,15203,4300,15210,15214,-1,445,-1,-1,-1,-1,-1,0,2,0,0,0,1,1,1,0,0,-1,-1,0,0,0,0,0,0,900,-1,4490,0,0,0,180,100,0.1,-1,-1,-1,-1,2.5,0,0,0,1,0,0,0,0,0,0,0,0,1,0,-1,-1,-1,-1,-1,-1,-1,-1,2900,0.1,0.4,4493,0,0,80,0.29,100,-1,-1,-1,6002,-1,0,0.4,0.42,0,-1,0,1,1,1,1,1,1,1,1,1,1,1,1,1,1,1,1,1,1,-1,0,-1,0,-1,-1,-1,-1,[0|0|0|0|0|0|0|0|0|0|0|0],
44909310,Alexander- Warrior Jar,0,0,[0|0|0],44900,-1,122000,70,2.3,1.4,100,0,449,0,100,-1,111700,10,5,0,-1,-1,1,-1,5400,15201,15200,7010,0,0,90000,90010,-1,0,0,0,0,0,-1,-1,-1,-1,-1,-1,25,3000,3001,3002,3003,3004,3005,3006,3007,6003,6002,6003,6002,0,1,1,1,1,1,1,1,1,1.5,0.23076923,0,50,21,100,0,0,0,100,100,100,30,999,999,999,999,-1,-1,0,0,0,0,-1,-1,1,0,0,0,0,112,999,0,0,-1,10,0,12,0,0,26,3,40,139,139,1,0,0,0,0,0,0,0,0,0,2,0,0,17,7,0,0,0,0,0,0,0,0,0,1,0,0,0,0,0,0,0,0,0,0,0,0,0,0,1,0,0,0,0,0,0,0,0,1,1,0,0,1,0,0,0,0,0,0,0,0,0,0,0,0,0,0,0,0,0,0,0,2.3,1.4,0,0,0,0,0,0,0,0,0,100,1,999,3,116,117,139,139,139,139,90020,90030,90040,0,90060,90100,0,-1,-1,0,0.4,0.9,0.65,1.4,0.65,1,0.8,0.8,0.8,0,0,0,-1,-1,256,-1,-1,100,30,999,0,0,4490,9642,5800,18699,102304,15202,15203,4300,15210,15214,-1,445,-1,-1,-1,-1,-1,0,2,0,0,0,1,1,1,0,0,-1,-1,0,0,0,0,0,0,900,-1,4490,0,0,0,180,100,0.1,-1,-1,-1,-1,2.5,0,0,0,1,0,0,0,0,0,0,0,0,1,0,-1,-1,-1,-1,-1,-1,-1,-1,2900,0.1,0.4,4493,0,0,80,0.29,100,-1,-1,-1,6002,-1,0,0.4,0.42,0,-1,0,1,1,1,1,1,1,1,1,1,1,1,1,1,1,1,1,1,1,-1,0,-1,0,-1,-1,-1,-1,[0|0|0|0|0|0|0|0|0|0|0|0],
44909410,Alexander- Warrior Jar,0,0,[0|0|0],44900,-1,122000,70,2.3,1.4,100,0,449,0,100,-1,111700,10,5,0,-1,-1,1,-1,5400,15201,15200,7010,0,0,90000,90010,-1,0,0,0,0,0,-1,-1,-1,-1,-1,-1,25,3000,3001,3002,3003,3004,3005,3006,3007,6003,6002,6003,6002,0,1,1,1,1,1,1,1,1,1.5,0.23076923,0,50,21,100,0,0,0,100,100,100,30,999,999,999,999,-1,-1,0,0,0,0,-1,-1,1,0,0,0,0,112,999,0,0,-1,10,0,12,0,0,26,3,40,139,139,1,0,0,0,0,0,0,0,0,0,2,0,0,17,7,0,0,0,0,0,0,0,0,0,1,0,0,0,0,0,0,0,0,0,0,0,0,0,0,1,0,0,0,0,0,0,0,0,1,1,0,0,1,0,0,0,0,0,0,0,0,0,0,0,0,0,0,0,0,0,0,0,2.3,1.4,0,0,0,0,0,0,0,0,0,100,1,999,3,116,117,139,139,139,139,90020,90030,90040,0,90060,90100,0,-1,-1,0,0.4,0.9,0.65,1.4,0.65,1,0.8,0.8,0.8,0,0,0,-1,-1,256,-1,-1,100,30,999,0,0,4490,9642,5800,18699,102304,15202,15203,4300,15210,15214,-1,445,-1,-1,-1,-1,-1,0,2,0,0,0,1,1,1,0,0,-1,-1,0,0,0,0,0,0,900,-1,4490,0,0,0,180,100,0.1,-1,-1,-1,-1,2.5,0,0,0,1,0,0,0,0,0,0,0,0,1,0,-1,-1,-1,-1,-1,-1,-1,-1,2900,0.1,0.4,4493,0,0,80,0.29,100,-1,-1,-1,6002,-1,0,0.4,0.42,0,-1,0,1,1,1,1,1,1,1,1,1,1,1,1,1,1,1,1,1,1,-1,0,-1,0,-1,-1,-1,-1,[0|0|0|0|0|0|0|0|0|0|0|0],
44909540,Alexander- Warrior Jar,0,0,[0|0|0],44900,-1,122000,70,2.3,1.4,100,0,449,0,100,-1,111700,10,5,0,-1,-1,1,-1,5400,15201,15200,7070,0,0,90000,90010,-1,0,0,0,0,0,-1,-1,-1,-1,-1,-1,25,3000,3001,3002,3003,3004,3005,3006,3007,6003,6002,6003,6002,0,1,1,1,1,1,1,1,1,1.5,0.23076923,0,50,21,100,0,0,0,100,100,100,30,999,999,999,999,-1,-1,0,0,0,0,-1,-1,1,0,0,0,0,112,999,0,0,-1,10,0,12,0,0,0,3,40,139,139,1,0,0,0,0,0,0,0,0,0,2,0,0,17,7,0,0,0,0,0,0,0,0,0,1,0,0,0,0,0,0,0,0,0,0,0,0,0,0,1,0,0,0,0,0,0,0,0,1,1,0,0,1,0,0,0,0,0,0,0,0,0,0,0,0,0,0,0,0,0,0,0,2.3,1.4,0,0,0,0,0,0,0,0,0,100,1,999,3,116,117,139,139,139,139,90020,90030,90040,0,90060,90100,0,-1,-1,0,0.4,0.9,0.65,1.4,0.65,1,0.8,0.8,0.8,0,0,0,-1,-1,256,-1,-1,100,30,999,0,0,4490,9642,5800,18699,102304,15202,15203,4300,15210,15214,-1,445,-1,-1,-1,-1,-1,0,2,0,0,0,1,1,1,0,0,-1,-1,0,0,0,0,0,0,900,-1,4490,0,0,0,180,100,0.1,-1,-1,-1,-1,2.5,0,0,0,1,0,0,0,0,0,0,0,0,1,0,-1,-1,-1,-1,-1,-1,-1,-1,2900,0.1,0.4,4493,0,0,80,0.29,100,-1,-1,-1,6002,-1,0,0.4,0.42,0,-1,0,1,1,1,1,1,1,1,1,1,1,1,1,1,1,1,1,1,1,-1,0,-1,0,-1,-1,-1,-1,[0|0|0|0|0|0|0|0|0|0|0|0],
44909620,Alexander- Warrior Jar,0,0,[0|0|0],44900,-1,122000,70,2.3,1.4,100,0,449,0,100,-1,111700,10,5,0,-1,-1,1,-1,5400,15201,15200,7090,0,0,90000,90010,-1,0,0,0,0,0,-1,-1,-1,-1,-1,-1,25,3000,3001,3002,3003,3004,3005,3006,3007,6003,6002,6003,6002,0,1,1,1,1,1,1,1,1,1.5,0.23076923,0,50,21,100,0,0,0,100,100,100,30,999,999,999,999,-1,-1,0,0,0,0,-1,-1,1,0,0,0,0,112,999,0,0,-1,10,0,12,0,0,26,3,40,139,139,1,0,0,0,0,0,0,0,0,0,2,0,0,17,7,0,0,0,0,0,0,0,0,0,0,0,0,0,0,0,0,0,0,0,0,0,1,0,0,1,0,0,0,0,0,0,0,0,1,1,0,0,1,0,0,0,0,0,0,0,0,0,0,0,0,0,0,0,0,0,0,0,2.3,1.4,0,0,0,0,0,0,0,0,0,100,1,999,3,116,117,139,139,139,139,90020,90030,90040,0,90060,90100,0,-1,-1,0,0.4,0.9,0.65,1.4,0.65,1,0.8,0.8,0.8,0,0,0,-1,-1,256,-1,-1,100,30,999,0,0,4490,9642,5800,18699,102304,15202,15203,4300,15210,15214,-1,445,-1,-1,-1,-1,-1,0,2,0,0,0,1,1,1,0,0,-1,-1,0,0,0,0,0,0,900,-1,4490,0,0,0,180,100,0.1,-1,-1,-1,-1,2.5,0,0,0,1,0,0,0,0,0,0,0,0,1,0,-1,-1,-1,-1,-1,-1,-1,-1,2900,0.1,0.4,4493,0,0,80,0.29,100,-1,-1,-1,6002,-1,0,0.4,0.42,0,-1,0,1,1,1,1,1,1,1,1,1,1,1,1,1,1,1,1,1,1,-1,0,-1,0,-1,-1,-1,-1,[0|0|0|0|0|0|0|0|0|0|0|0],
44909640,Alexander- Warrior Jar,0,0,[0|0|0],44900,-1,122000,70,2.3,1.4,100,0,449,0,100,-1,111700,10,5,0,-1,-1,1,-1,5400,15201,15200,7070,0,0,90000,90010,-1,0,0,0,0,0,-1,-1,-1,-1,-1,-1,25,3000,3001,3002,3003,3004,3005,3006,3007,6003,6002,6003,6002,0,1,1,1,1,1,1,1,1,1.5,0.23076923,0,50,21,100,0,0,0,100,100,100,30,999,999,999,999,-1,-1,0,0,0,0,-1,-1,1,0,0,0,0,112,999,0,0,-1,10,0,12,0,0,26,3,40,139,139,1,0,0,0,0,0,0,0,0,0,2,0,0,17,7,0,0,0,0,0,0,0,0,0,0,0,0,0,0,0,0,0,0,0,0,0,1,0,0,1,0,0,0,0,0,0,0,0,1,1,0,0,1,0,0,0,0,0,0,0,0,0,0,0,0,0,0,0,0,0,0,0,2.3,1.4,0,0,0,0,0,0,0,0,0,100,1,999,3,116,117,139,139,139,139,90020,90030,90040,0,90060,90100,0,-1,-1,0,0.4,0.9,0.65,1.4,0.65,1,0.8,0.8,0.8,0,0,0,-1,-1,256,-1,-1,100,30,999,0,0,4490,9642,5800,18699,102304,15202,15203,4300,15210,15214,-1,445,-1,-1,-1,-1,-1,0,2,0,0,0,1,1,1,0,0,-1,-1,0,0,0,0,0,0,900,-1,4490,0,0,0,180,100,0.1,-1,-1,-1,-1,2.5,0,0,0,1,0,0,0,0,0,0,0,0,1,0,-1,-1,-1,-1,-1,-1,-1,-1,2900,0.1,0.4,4493,0,0,80,0.29,100,-1,-1,-1,6002,-1,0,0.4,0.42,0,-1,0,1,1,1,1,1,1,1,1,1,1,1,1,1,1,1,1,1,1,-1,0,-1,0,-1,-1,-1,-1,[0|0|0|0|0|0|0|0|0|0|0|0],
44909732,Alexander- Warrior Jar,0,0,[0|0|0],44900,-1,122000,70,2.3,1.4,100,0,449,0,100,-1,111700,10,5,0,-1,-1,1,-1,5400,15201,15200,7090,0,0,90000,90010,-1,0,0,0,0,0,-1,-1,-1,-1,-1,-1,25,3000,3001,3002,3003,3004,3005,3006,3007,6003,6002,6003,6002,0,1,1,1,1,1,1,1,1,1.5,0.23076923,0,50,21,100,0,0,0,100,100,100,30,999,999,999,999,-1,-1,0,0,0,0,-1,-1,1,0,0,0,0,112,999,0,0,-1,10,0,12,0,0,26,3,40,139,139,1,0,0,0,0,0,0,0,0,0,2,0,0,17,7,0,0,0,0,0,0,0,0,0,0,0,0,0,0,0,0,0,0,0,0,0,1,0,0,1,0,0,0,0,0,0,0,0,1,1,0,0,1,0,0,0,0,0,0,0,0,0,0,0,0,0,0,0,0,0,0,0,2.3,1.4,0,0,0,0,0,0,0,0,0,100,1,999,3,116,117,139,139,139,139,90020,90030,90040,0,90060,90100,0,-1,-1,0,0.4,0.9,0.65,1.4,0.65,1,0,0.8,0.8,0,0,0,-1,-1,256,-1,-1,100,30,999,0,0,4490,9642,5800,18699,102304,15202,15203,4300,15210,-1,15215,445,-1,-1,-1,-1,-1,0,2,0,0,0,1,1,1,0,0,-1,-1,0,0,0,0,0,0,900,-1,4490,0,0,0,180,100,0.1,-1,-1,-1,-1,2.5,0,0,0,1,0,0,0,0,0,0,0,0,1,0,-1,-1,-1,-1,-1,-1,-1,-1,2900,0.1,0.4,4493,0,0,80,0.29,100,-1,-1,-1,6002,-1,0,0.4,0.42,0,-1,0,1,1,1,1,1,1,1,1,1,1,1,1,1,1,1,1,1,1,-1,0,-1,0,-1,-1,-1,-1,[0|0|0|0|0|0|0|0|0|0|0|0],
44909850,Alexander- Warrior Jar,0,0,[0|0|0],44900,-1,122000,70,2.3,1.4,100,0,1728,0,100,-1,-1,10,5,3,-1,-1,1,-1,5400,15201,15200,7120,0,0,90000,90010,-1,0,0,0,0,0,-1,-1,-1,-1,-1,-1,25,3000,3001,3002,3003,3004,3005,3006,3007,6003,6002,6003,6002,0,1,1,1,1,1,1,1,1,1.5,0.23076923,0,50,21,100,0,0,0,100,100,100,30,999,999,999,999,-1,-1,0,0,0,0,-1,-1,1,0,0,0,0,112,999,0,0,-1,10,0,12,0,0,2,3,40,139,139,1,0,0,0,0,0,0,0,0,0,2,0,0,17,7,0,0,0,0,0,0,0,0,0,0,0,0,0,0,0,0,0,0,0,0,0,1,0,0,1,1,0,0,0,0,0,0,0,1,1,1,0,1,0,0,0,0,0,0,0,0,0,0,0,0,0,0,0,0,0,0,0,2.3,1.4,0,0,0,0,0,0,0,0,0,100,1,999,3,116,117,139,139,139,139,90020,90030,90040,0,90060,90100,0,-1,-1,0,0.4,0.9,0.65,1.4,0.65,1,0,0.8,0.8,0,0,0,-1,-1,256,-1,-1,100,30,999,0,0,4490,9642,5800,18699,102304,15202,15203,4300,15210,-1,15215,445,-1,15217,-1,-1,-1,0,2,0,0,0,1,1,1,0,0,-1,-1,0,0,0,0,0,0,-1,-1,4490,0,0,0,180,100,0.1,-1,-1,-1,-1,2.5,0,0,0,1,0,0,0,0,0,0,0,0,1,0,-1,-1,-1,-1,-1,-1,-1,-1,2900,0.1,0.4,4493,0,0,80,0.29,100,-1,-1,-1,6002,-1,0,0.4,0.42,0,-1,0,1,1,1,1,1,1,1,1,1,1,1,1,1,1,1,1,1,1,-1,0,-1,0,-1,-1,-1,-1,[0|0|0|0|0|0|0|0|0|0|0|0],
44909972,Alexander- Warrior Jar,0,0,[0|0|0],44900,-1,122000,70,2.3,1.4,100,0,449,0,100,-1,111700,10,5,3,-1,-1,1,-1,5400,15201,15200,7140,0,0,90000,90010,-1,0,0,0,0,0,-1,-1,-1,-1,-1,-1,25,3000,3001,3002,3003,3004,3005,3006,3007,6003,6002,6003,6002,0,1,1,1,1,1,1,1,1,1.5,0.23076923,0,50,21,100,0,0,0,100,100,100,30,999,999,999,999,-1,-1,0,0,0,0,-1,-1,1,0,0,0,0,112,999,0,0,-1,10,0,12,0,0,26,3,40,139,139,1,0,0,0,0,0,0,0,0,0,2,0,0,17,7,0,0,0,0,0,0,0,0,0,0,0,0,0,0,0,0,0,0,0,0,0,1,0,0,1,1,0,0,0,0,0,0,0,1,1,0,0,1,0,0,0,0,0,0,0,0,0,0,0,0,0,0,0,0,0,0,0,2.3,1.4,0,0,0,0,0,0,0,0,0,100,1,999,3,116,117,139,139,139,139,90020,90030,90040,0,90060,90100,0,-1,-1,0,0.4,0.9,0.65,1.4,0.65,1,0,0.8,0.8,0,0,0,-1,-1,256,-1,-1,100,30,999,0,0,4490,9642,5800,18699,102304,15202,15203,4300,15210,-1,15215,445,-1,-1,-1,-1,-1,0,2,0,0,0,1,1,1,0,0,-1,-1,0,0,0,0,0,0,900,-1,4490,0,0,0,180,100,0.1,-1,-1,-1,-1,2.5,0,0,0,1,0,0,0,0,0,0,0,0,1,0,-1,-1,-1,-1,-1,-1,-1,-1,2900,0.1,0.4,4493,0,0,80,0.29,100,-1,-1,-1,6002,-1,0,0.4,0.42,0,-1,0,1,1,1,1,1,1,1,1,1,1,1,1,1,1,1,1,1,1,-1,0,-1,0,-1,-1,-1,-1,[0|0|0|0|0|0|0|0|0|0|0|0],
45000042,Flying Dragon Greyll (Caelid),0,0,[0|0|0],45000,1004,0,5,9,9,300,0,1639,0,1500,-1,-1,30,5,0,-1,-1,5,-1,0,5300,5360,7170,0,90400,0,0,-1,0,0,0,0,0,-1,-1,-1,-1,240,240,300,3000,3001,3002,3003,3004,3005,3006,3007,3008,3009,6001,6000,0,1,1,1,1,1,1,1,1,1.5,0.84615386,0,50,21,100,0,0,0,100,100,100,0,252,252,252,999,-1,-1,0,0,0,0,-1,-1,1,0,0,90,0,999,999,0,0,-1,10,0,14,0,0,11,13,80,173,173,1,0,2,0,0,0,0,0,0,0,1,0,2,17,7,0,0,0,0,0,0,1,0,0,0,0,0,0,0,0,0,0,0,0,0,0,0,0,0,0,0,0,0,0,0,1,0,0,1,1,0,0,1,0,0,0,0,0,0,0,0,0,0,0,0,0,0,0,0,0,0,0,9,9,0,1,0,1,0,1,1,0,0,100,25,0,4,171,171,139,139,139,139,95000,90030,95010,90300,90060,90100,0,-1,-1,0,0.4,0.65,0.65,0.65,0.9,0.6,0.6,0.6,0.6,0,0,0,-1,-1,512,2004,-1,400,30,252,0,0,4500,8720,8440,10244,-1,-1,-1,-1,-1,-1,-1,10252,5481,5890,-1,469,4301,0,2,1,0,0,1,1,1,0,0,-1,-1,0,0,0,0,0,0,-1,-1,4500,50,30,0,180,600,0.05,-1,-1,-1,4500,10,0,0,0,1,0,0,0,0,0,0,0,0,1,0,-1,-1,-1,-1,-1,-1,-1,-1,2910,0.1,0.4,4509,0,0,120,0.29,100,3004,-1,5004,-1,-1,0,0.5,1.5,100,-1,0,1,1,1,1,1,1,1,1,1,1,1,1,1,1,1,1,1,1,-1,0,-1,0,-1,-1,-1,-1,[0|0|0|0|0|0|0|0|0|0|0|0],
45000072,Flying Dragon,0,0,[0|0|0],45000,1004,0,5,12,12,300,0,1639,0,1500,-1,-1,30,5,0,-1,-1,5,-1,0,5300,5360,7140,0,0,0,0,-1,0,0,0,0,0,-1,-1,-1,-1,240,240,300,3000,3001,3002,3003,3004,3005,3006,3007,3008,3009,6001,6000,0,1,1,1,1,1,1,1,1,1.5,0.84615386,0,50,21,100,0,0,0,100,100,100,0,252,252,252,999,-1,-1,0,0,0,0,-1,-1,1,0,0,90,0,999,999,0,0,-1,10,0,14,0,0,11,13,80,173,173,1,0,2,0,0,0,0,0,0,0,1,0,2,17,7,0,0,0,0,0,0,1,0,0,0,0,0,0,0,0,0,0,0,0,0,0,0,0,0,0,0,0,0,0,0,1,0,0,1,1,0,0,1,0,0,0,0,0,0,0,0,0,0,0,0,0,0,0,0,0,0,0,10,10,0,0,0,1,0,0,1,0,0,100,1,0,4,171,171,139,139,139,139,0,90030,0,90300,90060,90100,0,-1,-1,0,0.4,0.65,0.65,0.65,0.9,0.6,0.6,0.6,0.6,0,0,0,-1,-1,512,2004,-1,200,30,252,0,0,4500,8720,8440,10244,-1,-1,-1,-1,-1,-1,-1,10252,5481,5890,-1,469,-1,0,2,1,0,0,1,1,1,0,0,-1,-1,0,0,0,0,0,0,-1,-1,4500,50,30,0,180,-1,0.05,-1,-1,-1,4500,10,0,0,0,1,0,0,0,0,0,0,0,0,1,0,-1,-1,-1,-1,-1,-1,-1,-1,2910,0.1,0.4,4509,0,0,120,0.29,100,3004,-1,5004,-1,-1,0,0.5,1.5,100,-1,0,1,1,1,1,1,1,1,1,1,1,1,1,1,1,1,1,1,1,-1,0,-1,0,-1,-1,-1,-1,[0|0|0|0|0|0|0|0|0|0|0|0],
45001072,Flying Dragon,0,0,[0|0|0],45000,1004,0,5,12,12,300,0,1639,0,1500,-1,-1,30,5,0,-1,-1,5,-1,0,5300,5360,7140,0,0,0,0,-1,0,0,0,0,0,-1,-1,-1,-1,240,240,300,3000,3001,3002,3003,3004,3005,3006,3007,3008,3009,6001,6000,0,1,1,1,1,1,1,1,1,1.5,0.84615386,0,50,21,100,0,0,0,100,100,100,0,252,252,252,999,-1,-1,0,0,0,0,-1,-1,1,0,0,90,0,999,999,0,0,-1,10,0,14,0,0,11,13,80,173,173,1,0,2,0,0,0,0,0,0,0,1,0,2,17,7,0,0,0,0,0,0,1,0,0,0,0,0,0,0,0,0,0,0,0,0,0,0,0,0,0,0,0,0,0,0,1,0,0,1,1,0,0,1,0,0,0,0,0,0,0,0,0,0,0,0,0,0,0,0,0,0,0,10,10,0,0,0,1,0,0,1,0,0,100,1,0,4,171,171,139,139,139,139,0,90030,0,90300,90060,90100,0,-1,-1,0,0.4,0.65,0.65,0.65,0.9,0.6,0.6,0.6,0.6,0,0,0,-1,-1,512,2004,-1,200,30,252,0,0,4500,8720,8440,-1,-1,-1,-1,-1,-1,10287,-1,10252,5481,5890,-1,469,-1,0,2,1,0,0,1,1,1,0,0,-1,-1,0,0,0,0,0,0,-1,-1,4500,50,30,0,180,-1,0.05,-1,-1,-1,4500,10,0,0,0,1,0,0,0,0,0,0,0,0,1,0,-1,-1,-1,-1,-1,-1,-1,-1,2910,0.1,0.4,4509,0,0,120,0.29,100,3004,-1,5004,-1,-1,0,0.5,1.5,100,-1,0,1,1,1,1,1,1,1,1,1,1,1,1,1,1,1,1,1,1,-1,0,-1,0,-1,-1,-1,-1,[0|0|0|0|0|0|0|0|0|0|0|0],
45008024,Flying Dragon (Rennala),0,0,[0|0|0],45000,-1,0,5,12,12,300,0,1639,0,1500,-1,-1,30,5,0,-1,-1,5,-1,0,5300,5360,7060,0,90400,90000,90010,-1,0,0,0,0,0,-1,-1,-1,-1,240,240,300,3000,3001,3002,3003,3004,3005,3006,3007,3008,3009,6001,6000,0,1,1,1,1,1,1,1,1,1.5,0.84615386,0,50,21,100,0,0,0,100,100,100,0,999,999,999,999,-1,-1,0,0,0,0,-1,-1,1,0,0,90,0,999,999,0,0,-1,10,0,14,0,0,6,13,100,143,143,1,0,2,0,0,0,0,0,0,0,1,0,2,17,7,0,0,0,0,0,0,1,0,0,0,0,0,0,0,0,0,0,0,0,0,0,0,0,0,0,0,0,0,0,0,1,0,0,1,1,0,0,1,0,0,0,0,0,0,0,0,0,0,0,0,0,0,0,0,0,0,0,10,10,0,0,0,1,0,0,1,0,0,100,1,0,4,142,142,139,139,139,139,90020,90030,90040,90300,90060,90100,0,-1,-1,0,0.4,0.65,0.65,0.65,0.9,0.6,0.6,0.6,0.6,0,0,0,-1,-1,512,-1,-1,200,30,999,0,0,4500,8720,8440,10244,14593,-1,-1,-1,-1,-1,14570,10252,5481,5890,-1,-1,-1,0,2,1,0,0,1,1,1,0,0,-1,-1,0,0,0,0,0,0,-1,-1,4500,50,30,0,180,600,0.05,-1,-1,-1,4500,10,0,0,0,1,0,0,0,0,0,0,0,0,1,0,-1,-1,-1,-1,-1,-1,-1,-1,2910,0.1,0.4,4509,0,0,120,0.29,100,-1,-1,-1,-1,-1,0,0.5,1.5,100,-1,0,1,1,1,1,1,1,1,1,1,1,1,1,1,1,1,1,1,1,-1,0,-1,0,-1,-1,-1,-1,[0|0|0|0|0|0|0|0|0|0|0|0],
45010040,Decaying Ekzykes (Caelid),0,0,[0|0|0],45010,1005,0,5,14,14,300,0,5753,0,1500,-1,-1,30,5,0,-1,-1,5,-1,5401,5300,5360,7110,0,90400,0,0,-1,0,0,0,0,0,-1,-1,-1,-1,240,240,400,3000,3001,3002,3003,3004,3005,3006,3007,3008,3009,6001,6000,0,1,1,1,1,1,1,1,1,1.5,0.84615386,0,50,21,100,0,0,0,100,100,100,0,542,542,112,999,-1,-1,0,0,0,0,-1,-1,1,0,0,90,0,999,999,0,0,-1,10,0,14,0,0,9,13,80,173,173,1,0,2,0,0,0,0,0,0,0,1,0,2,17,7,0,0,0,0,0,0,1,0,0,0,0,0,0,0,0,0,0,0,0,0,0,0,0,0,0,0,0,0,0,0,1,0,0,1,1,0,0,1,0,0,0,0,0,0,0,0,0,0,0,0,0,0,0,0,0,0,0,12,12,0,1,0,1,0,1,1,0,0,100,25,0,4,171,171,139,139,139,147,95000,90030,95010,90300,90060,90100,0,-1,-1,0,0.4,1.4,1.4,1.4,1.1,1.4,2,1.4,1.4,0,0,0,-1,-1,512,2005,-1,400,30,112,0,0,4500,8720,8440,-1,10241,-1,-1,-1,-1,-1,-1,10253,5481,5890,-1,469,4301,0,2,1,0,0,1,1,1,0,0,-1,-1,0,0,0,0,0,0,-1,-1,4500,50,30,0,180,600,0.04,-1,-1,4500,4500,10,0,0,0,1,0,0,0,0,0,0,0,0,1.3,0,-1,-1,-1,-1,-1,-1,-1,-1,-1,0.1,0.4,4501,0,0,120,0.29,100,3002,-1,5002,-1,-1,0,0.6,1.5,100,-1,0,1,1,1,1,1,1,1,1,1,1,1,1,1,1,1,1,1,1,-1,0,-1,0,-1,-1,-1,-1,[0|0|0|0|0|0|0|0|0|0|0|0],
45030050,Borealis the Freezing Fog (Mountaintops),0,0,[0|0|0],45030,1004,0,5,12,12,300,0,1639,0,1500,-1,-1,30,5,0,-1,-1,5,-1,0,5300,5360,7160,0,90400,0,0,-1,0,0,0,0,0,-1,-1,-1,-1,240,240,300,3000,3001,3002,3003,3004,3005,3006,3007,3008,3009,6001,6000,0,1,1,1,1,1,1,1,1,1.5,0.84615386,0,50,21,100,0,0,0,100,100,100,0,252,252,252,999,-1,-1,0,0,0,0,-1,-1,1,0,0,90,0,999,999,0,0,-1,10,0,14,0,0,11,13,80,173,173,1,0,2,0,0,0,0,0,0,0,1,0,2,17,7,0,0,0,0,0,0,1,0,0,0,0,0,0,0,0,0,0,0,0,0,0,0,0,0,0,0,0,0,0,0,1,0,0,1,1,0,0,1,0,0,0,0,0,0,0,0,0,0,0,0,0,0,0,0,0,0,0,10,10,0,1,0,1,0,1,1,0,0,100,25,0,4,171,171,139,139,139,122,95000,90030,95010,90300,90060,90100,0,-1,-1,0,0.4,0.65,0.2,0.9,0.2,0.6,0.6,0.6,0.6,0,0,0,-1,-1,512,2004,-1,400,30,542,0,0,4500,8720,8440,-1,-1,-1,-1,10243,-1,-1,-1,10255,5481,5890,-1,469,4301,0,2,1,0,0,1,1,1,0,0,-1,-1,0,0,0,0,0,0,-1,-1,4500,50,30,0,180,600,0.05,-1,-1,4500,4500,10,0,0,0,1,0,0,0,0,0,0,0,0,1,0,-1,-1,-1,-1,-1,-1,-1,-1,-1,0.1,0.4,4503,0,0,120,0.29,100,3004,-1,5005,-1,-1,0,0.5,1.5,100,-1,0,1,1,1,1,1,1,1,1,1,1,1,1,1,1,1,1,1,1,-1,0,-1,0,-1,-1,-1,-1,[0|0|0|0|0|0|0|0|0|0|0|0],
45101272,Ancient Dragon,0,0,[0|0|0],45100,1004,0,5,14.1,7,300,0,3128,0,3000,-1,-1,10,5,0,-1,-1,10,-1,0,5300,5360,7140,0,0,0,0,-1,0,0,0,0,0,-1,-1,-1,-1,-1,-1,180,3000,3001,3002,3003,3004,3005,3006,3007,3008,3009,6001,6000,0,2,1,1,1,1,1,1,1,2,0.84615386,0,50,21,100,0,0,0,100,100,100,0,252,252,252,999,-1,-1,0,0,0,0,-1,-1,1,0,0,0,0,999,999,0,0,-1,10,0,14,0,0,11,9,60,173,173,1,0,2,0,0,0,0,0,0,0,1,0,2,17,7,0,0,0,0,0,0,1,0,0,0,0,0,0,0,0,0,0,0,0,0,0,0,0,0,0,0,0,0,0,1,0,0,0,1,1,1,0,1,0,0,0,0,0,0,0,0,0,0,0,0,0,0,0,0,0,0,0,14.1,7,0,0,0,1,0,0,0,0,0,100,1,0,4,174,174,139,139,139,171,0,90030,0,90300,90060,90100,0,-1,-1,0,0.4,0.65,0.65,0.65,0.9,0.6,0.6,0.2,0.6,0,0,0,-1,-1,512,2004,-1,200,30,252,0,0,4510,14850,14852,-1,5800,14857,14890,-1,14870,-1,5481,-1,14871,-1,-1,469,-1,0,2,1,0,0,1,1,1,0,0,-1,-1,0,0,0,0,0,0,-1,-1,-1,50,20,0,180,-1,0.05,-1,-1,-1,-1,10,0,0,0,1,0,0,0,0,0,0,0,0,1,0,-1,220,-1,-1,-1,-1,-1,-1,-1,0.1,0.4,-1,0,0,120,0.29,100,3004,-1,5004,-1,-1,0,0.5,1.5,100,-1,0,1,1,1,1,1,1,1,1,1,1,1,1,1,1,1,1,1,1,-1,0,-1,0,-1,-1,-1,-1,[0|0|0|0|0|0|0|0|0|0|0|0],
45102030,Ancient Dragon Lansseax (Boss),0,0,[0|0|0],45100,1004,0,5,14.1,7,300,0,1876,0,3000,-1,-1,10,5,0,-1,-1,10,-1,0,5300,5360,7120,0,90400,0,0,-1,0,0,0,0,0,-1,-1,-1,-1,-1,-1,180,3000,3001,3002,3003,3004,3005,3006,3007,3008,3009,6001,6000,0,2,1,1,1,1,1,1,1,2,0.84615386,0,50,21,100,0,0,0,100,100,100,0,252,252,252,999,-1,-1,0,0,0,0,-1,-1,1,0,0,0,0,999,999,0,0,-1,10,0,14,0,0,11,9,60,173,173,1,0,2,0,0,0,0,0,0,0,1,0,2,17,7,0,0,0,0,0,0,1,0,0,0,0,0,0,0,0,0,0,0,0,0,0,0,0,0,0,0,0,0,0,1,0,0,0,1,1,0,0,1,0,0,0,0,0,0,0,0,0,0,0,0,0,0,0,0,0,0,0,14.1,7,0,1,0,1,0,1,0,0,0,100,28,0,4,174,174,139,139,139,171,95000,90030,95010,90300,90060,90100,0,-1,-1,0,0.4,0.65,0.65,0.65,0.9,0.6,0.6,0.2,0.6,0,0,0,-1,-1,512,2004,-1,400,30,252,0,0,4510,-1,14853,-1,5800,14857,14890,-1,14870,-1,5481,-1,-1,-1,-1,469,4301,0,2,1,0,0,1,1,1,0,0,-1,-1,0,0,0,0,0,0,-1,-1,-1,50,20,0,180,-1,0.05,-1,-1,-1,-1,10,0,0,0,1,0,0,0,0,0,0,0,0,1,0,-1,220,-1,-1,-1,-1,-1,-1,-1,0.1,0.4,-1,0,0,120,0.29,100,3004,-1,5004,-1,-1,0,0.5,1.5,100,-1,0,1,1,1,1,1,1,1,1,1,1,1,1,1,1,1,1,1,1,-1,0,-1,0,-1,-1,-1,-1,[0|0|0|0|0|0|0|0|0|0|0|0],
45102272,Ancient Dragon,0,0,[0|0|0],45100,1004,0,5,14.1,7,300,0,3128,0,3000,-1,-1,10,5,0,-1,-1,10,-1,0,5300,5360,7140,0,0,0,0,-1,0,0,0,0,0,-1,-1,-1,-1,-1,-1,180,3000,3001,3002,3003,3004,3005,3006,3007,3008,3009,6001,6000,0,2,1,1,1,1,1,1,1,2,0.84615386,0,50,21,100,0,0,0,100,100,100,0,252,252,252,999,-1,-1,0,0,0,0,-1,-1,1,0,0,0,0,999,999,0,0,-1,10,0,14,0,0,11,9,60,173,173,1,0,2,0,0,0,0,0,0,0,1,0,2,17,7,0,0,0,0,0,0,1,0,0,0,0,0,0,0,0,0,0,0,0,0,0,0,0,0,0,0,0,0,0,1,0,0,0,1,1,1,0,1,0,0,0,0,0,0,0,0,0,0,0,0,0,0,0,0,0,0,0,14.1,7,0,0,0,1,0,0,0,0,0,100,1,0,4,174,174,139,139,139,171,0,90030,0,90300,90060,90100,0,-1,-1,0,0.4,0.65,0.65,0.65,0.9,0.6,0.6,0.2,0.6,0,0,0,-1,-1,512,2004,-1,200,30,252,0,0,4510,14850,14853,-1,5800,14857,14890,-1,14870,-1,5481,-1,-1,-1,-1,469,-1,0,2,1,0,0,1,1,1,0,0,-1,-1,0,0,0,0,0,0,-1,-1,-1,50,20,0,180,-1,0.05,-1,-1,-1,-1,10,0,0,0,1,0,0,0,0,0,0,0,0,1,0,-1,220,-1,-1,-1,-1,-1,-1,-1,0.1,0.4,-1,0,0,120,0.29,100,3004,-1,5004,-1,-1,0,0.5,1.5,100,-1,0,1,1,1,1,1,1,1,1,1,1,1,1,1,1,1,1,1,1,-1,0,-1,0,-1,-1,-1,-1,[0|0|0|0|0|0|0|0|0|0|0|0],
45505050,Giant Dog (Snowfield),0,0,[0|0|0],45500,1001,0,30,4,1,300,0,668,0,400,455000100,-1,10,5,0,-1,-1,1,-1,0,0,14000,7120,0,0,0,0,-1,0,0,0,0,0,-1,-1,-1,-1,-1,-1,16,3000,3001,3002,3003,3004,3005,3006,3007,3008,3009,6001,6000,0,1,1,1,1,1,1,1,1,1.5,-0.3846154,0,50,21,100,0,0,0,100,100,100,0,84,84,84,999,-1,-1,0,0,0,0,-1,-1,1,0,0,0,0,84,999,0,0,-1,10,0,13,0,0,59,3,60,110,110,1,0,0,0,0,0,0,0,0,0,2,0,2,17,7,0,0,0,0,0,0,0,0,0,1,0,0,0,0,0,0,0,0,1,0,0,0,0,0,0,0,0,0,0,0,0,0,0,1,1,0,0,1,0,0,0,0,0,0,0,0,0,0,0,0,0,0,0,0,0,0,0,4,1,1,0,0,1,0,0,0,0,0,100,1,4,3,109,109,139,139,139,139,0,90030,0,0,90060,90160,90200,5261,-1,0,0,1.1,1.4,1.1,1.1,1.2,1.4,1.2,1.2,0,0,0,-1,-1,256,2001,-1,100,30,112,0,0,4550,-1,-1,14014,5729,-1,14021,14025,-1,-1,-1,-1,-1,-1,5130,461,-1,0,2,0,0,0,1,1,1,0,0,-1,-1,0,0,0,0,0,0,-1,-1,-1,0,0,0,180,100,0.1,-1,-1,-1,-1,10,0,0,0,1,0,0,0,0,0,0,0,0,1,0,-1,-1,-1,-1,-1,-1,-1,-1,2900,0.1,0.4,-1,0,0,40,0.29,100,3001,-1,5002,6001,-1,0,0.7,0.6,0,-1,0,1,1,1,1,1,1,1,1,1,1,1,1,1,1,1,1,1,1,-1,0,-1,0,-1,-1,-1,-1,[0|0|0|0|0|0|0|0|0|0|0|0],
45600042,Giant Crow,0,0,[0|0|0],45600,1002,0,40,4.5,1.4,1298,0,1204,0,1500,456000000,-1,30,5,0,-1,-1,1.4,-1,5400,5300,5360,7150,0,0,0,0,-1,0,0,0,0,0,-1,-1,-1,-1,-1,-1,16,3000,3001,3002,3003,3004,3005,3006,3007,3008,3009,6001,6000,0,1,1,1,1,1,1,1,1,1.5,0,0,50,21,100,0,0,0,100,100,100,0,112,112,112,999,-1,-1,0,0,0,0,-1,-1,1,0,0,90,0,84,999,0,0,-1,10,0,13,0,0,7,3,60,110,110,1,0,0,0,0,0,0,0,0,0,2,0,2,17,7,0,0,0,0,0,0,0,0,0,0,0,0,0,0,0,0,0,0,0,0,0,0,0,0,0,0,0,0,0,0,0,0,0,1,1,0,0,1,0,0,0,0,0,0,0,0,0,0,0,0,0,0,0,0,0,0,0,4.5,1.4,0,0,0,1,0,0,0,0,0,100,1,0,3,109,109,139,139,139,139,0,90030,0,0,90060,90160,0,5261,-1,0,0,1.1,1.4,1.1,1.1,1.2,1.4,1.2,1.2,0,0,0,-1,-1,256,2002,-1,200,30,112,0,0,4560,5800,-1,15442,-1,5890,102308,-1,-1,-1,-1,-1,-1,-1,-1,-1,-1,0,2,0,0,0,1,1,1,0,0,-1,-1,0,0,0,0,0,0,-1,-1,-1,0,0,0,180,150,0.1,-1,-1,-1,-1,2.5,0,0,0,1,0,0,0,0,0,0,0,0,1,0,-1,-1,-1,-1,-1,-1,-1,-1,2900,0.1,0.4,-1,0,0,65,0.29,100,3002,-1,5002,6001,-1,0,0.5,0.7,0,-1,0,1,1,1,1,1,1,1,1,1,1,1,1,1,1,1,1,1,1,-1,0,-1,0,-1,-1,-1,-1,[0|0|0|0|0|0|0|0|0|0|0|0],
45701072,Wormface,0,0,[0|0|0],45700,1003,0,150,4.5,0.8,100,0,621,0,100,457000010,-1,10,5,0,-1,-1,0.8,-1,5400,16583,16582,7140,0,0,0,0,-1,0,0,0,0,0,-1,-1,-1,-1,-1,-1,16,3000,3001,3002,3003,3004,3005,3006,3007,3008,3009,6001,6000,0,1,1,1,1,1,1,1,1,2,0,0,50,21,100,0,0,0,100,100,100,0,154,154,154,999,-1,-1,0,0,0,0,-1,-1,1,0,0,0,0,154,999,0,0,-1,10,0,13,0,0,6,3,40,110,110,1,0,0,0,0,0,0,0,0,0,2,0,2,17,7,0,0,0,0,0,0,0,0,1,0,0,0,0,0,0,0,0,0,0,1,0,0,0,0,0,0,0,0,0,0,0,0,0,0,1,0,0,1,0,0,0,0,0,0,0,0,0,0,0,0,0,0,0,0,0,0,0,4.5,0.8,0,0,0,0,0,0,1,0,0,100,1,0,1,109,109,146,146,139,139,0,90030,0,5851,90060,90100,90200,5261,-1,0,0,1,1.1,1,1,1,1,1,0.6,0,0,0,-1,-1,256,2003,-1,100,30,154,0,0,4570,5800,-1,16595,-1,-1,-1,-1,-1,-1,-1,-1,-1,-1,-1,-1,-1,0,-1,0,0,0,1,1,1,0,0,-1,-1,0,0,0,0,0,0,-1,-1,-1,0,0,0,180,200,0.1,-1,-1,-1,-1,2.5,0,0,0,1,0,0,0,0,0,0,0,0,1,0,-1,-1,-1,-1,-1,-1,-1,-1,-1,0.1,0.4,-1,0,0,65,0.29,100,3003,-1,5003,6003,-1,0,0.5,0.6,0,-1,0,1,1,1,1,1,1,1,1,1,1,1,1,1,1,1,1,1,1,-1,0,-1,0,-1,-1,-1,-1,[0|0|0|0|0|0|0|0|0|0|0|0],
45800030,Wormface (Boss),0,0,[0|0|0],45800,1003,0,120,12,2.7,100,0,1587,0,3000,-1,-1,10,5,0,-1,-1,3.1,-1,5400,0,5360,7100,0,90400,0,0,-1,0,0,0,0,0,-1,-1,-1,-1,-1,-1,44,3000,3001,3002,3003,3004,3005,3006,3007,3008,3009,6001,6000,0,1,1,1,1,1,1,1,1,2,0.23076923,0,50,21,100,0,0,0,100,100,100,0,154,154,154,999,-1,-1,0,0,0,0,-1,4570,1,0,0,0,0,154,999,0,0,-1,10,0,13,0,0,59,3,40,110,111,1,0,0,0,0,0,0,0,0,0,1,0,2,17,7,0,0,0,0,0,0,0,0,0,0,0,0,0,0,0,0,0,0,1,0,0,0,0,0,0,0,0,0,0,0,0,0,0,1,1,0,0,1,0,0,0,0,0,0,0,0,0,0,0,0,0,0,0,0,0,0,0,11,1.7,1,1,0,1,0,1,1,0,0,100,8,4,3,109,109,146,146,139,139,95000,90030,95010,5851,90060,90100,0,-1,-1,0,0,1,1.1,1,1,1,1,1,0.6,0,0,0,-1,-1,512,2003,-1,400,30,154,0,0,4580,5800,16590,16595,-1,-1,-1,-1,-1,-1,-1,-1,-1,-1,-1,-1,4301,0,-1,0,0,0,1,1,1,0,0,-1,-1,0,0,0,0,0,0,-1,-1,4570,0,0,0,180,200,0.03,-1,-1,-1,-1,10,0,0,0,1,0,0,0,0,0,0,0,0,1,0,-1,-1,-1,-1,-1,-1,-1,-1,-1,0.1,0.4,-1,0,0,80,0.29,100,3003,-1,5003,6003,-1,0,0.5,0.85,0,-1,0,1,1,1,1,1,1,1,1,1,1,1,1,1,1,1,1,1,1,-1,0,-1,0,-1,-1,-1,-1,[0|0|0|0|0|0|0|0|0|0|0|0],
46000020,Troll,0,0,[0|0|0],46000,1002,0,30,7.2,1.8,100,0,1901,0,1500,460000000,-1,10,5,0,-1,-1,2.4,-1,5400,5300,5360,7060,0,0,0,0,-1,0,0,0,0,0,-1,-1,-1,-1,-1,-1,58,3000,3001,3002,3003,3004,3005,3006,3007,3008,3009,6001,6000,0,1,1,1,1,1,1,1,1,2,0,0,150,21,100,0,0,0,100,100,100,0,112,112,112,999,-1,-1,0,0,0,0,-1,8000,1,0,0,0,0,20,999,0,0,-1,10,0,13,0,0,9,3,40,111,111,1,0,2,0,0,0,0,0,0,0,1,0,2,17,7,0,0,0,0,0,0,0,0,0,0,0,0,0,0,0,0,0,0,1,1,0,0,0,0,0,0,0,0,0,0,0,0,0,1,1,0,0,1,0,0,1,0,0,0,0,0,0,0,0,0,0,0,0,0,0,0,0,7.2,1.8,1,0,0,1,0,0,0,0,0,100,1,4,3,109,109,139,139,139,139,0,90030,0,0,90060,90100,0,5262,-1,0,0,1,1.1,1,1,1,1,1,1,0,0,0,-1,-1,512,2002,-1,200,30,154,0,0,4600,5800,-1,102304,102309,-1,10135,-1,10137,-1,-1,-1,-1,-1,-1,-1,-1,0,2,1,0,0,1,1,1,0,0,-1,-1,0,0,0,0,0,0,-1,-1,-1,0,0,0,180,200,0.05,-1,-1,-1,-1,10,0,0,0,1,0,0,0,0,0,0,0,0,1,0,-1,-1,-1,-1,-1,-1,-1,-1,-1,0.1,0.4,4601,0,0,65,0.29,100,3002,-1,5003,6010,-1,0,0.5,0.6,0,-1,0,1,1,1,1,1,1,1,1,1,1,1,1,1,1,1,1,1,1,-1,0,-1,0,-1,-1,-1,-1,[0|0|0|0|0|0|0|0|0|0|0|0],
46000032,Troll,0,0,[0|0|0],46000,1002,0,30,7.2,1.8,100,0,1901,0,1500,460000000,-1,10,5,0,-1,-1,2.4,-1,5400,5300,5360,7090,0,0,0,0,-1,0,0,0,0,0,-1,-1,-1,-1,-1,-1,58,3000,3001,3002,3003,3004,3005,3006,3007,3008,3009,6001,6000,0,1,1,1,1,1,1,1,1,2,0,0,150,21,100,0,0,0,100,100,100,0,112,112,112,999,-1,-1,0,0,0,0,-1,8000,1,0,0,0,0,20,999,0,0,-1,10,0,13,0,0,6,3,40,111,111,1,0,2,0,0,0,0,0,0,0,1,0,2,17,7,0,0,0,0,0,0,0,0,0,0,0,0,0,0,0,0,0,0,1,1,0,0,0,0,0,0,0,0,0,0,0,0,0,1,1,0,0,1,0,0,1,0,0,0,0,0,0,0,0,0,0,0,0,0,0,0,0,7.2,1.8,1,0,0,1,0,0,0,0,0,100,1,4,3,109,109,139,139,139,139,0,90030,0,0,90060,90100,0,5262,-1,0,0,1,1.1,1,1,1,1,1,1,0,0,0,-1,-1,512,2002,-1,200,30,154,0,0,4600,5800,-1,102304,102309,-1,10135,-1,10137,-1,-1,-1,-1,-1,-1,-1,-1,0,2,1,0,0,1,1,1,0,0,-1,-1,0,0,0,0,0,0,-1,-1,-1,0,0,0,180,200,0.05,-1,-1,-1,-1,10,0,0,0,1,0,0,0,0,0,0,0,0,1,0,-1,-1,-1,-1,-1,-1,-1,-1,-1,0.1,0.4,4601,0,0,65,0.29,100,3002,-1,5003,6010,-1,0,0.5,0.6,0,-1,0,1,1,1,1,1,1,1,1,1,1,1,1,1,1,1,1,1,1,-1,0,-1,0,-1,-1,-1,-1,[0|0|0|0|0|0|0|0|0|0|0|0],
46000050,Troll,0,0,[0|0|0],46000,1002,0,30,7.2,1.8,100,0,1901,0,1500,460000000,-1,10,5,0,-1,-1,2.4,-1,5400,5300,5360,7120,0,0,0,0,-1,0,0,0,0,0,-1,-1,-1,-1,-1,-1,58,3000,3001,3002,3003,3004,3005,3006,3007,3008,3009,6001,6000,0,1,1,1,1,1,1,1,1,2,0,0,150,21,100,0,0,0,100,100,100,0,112,112,112,999,-1,-1,0,0,0,0,-1,8000,1,0,0,0,0,20,999,0,0,-1,10,0,13,0,0,9,3,40,111,111,1,0,2,0,0,0,0,0,0,0,1,0,2,17,7,0,0,0,0,0,0,0,0,0,0,0,0,0,0,0,0,0,0,1,1,0,0,0,0,0,0,0,0,0,0,0,0,0,1,1,0,0,1,0,0,1,0,0,0,0,0,0,0,0,0,0,0,0,0,0,0,0,7.2,1.8,1,0,0,1,0,0,0,0,0,100,1,4,3,109,109,139,139,139,139,0,90030,0,0,90060,90100,0,5262,-1,0,0,1,1.1,1,1,1,1,1,1,0,0,0,-1,-1,512,2002,-1,200,30,154,0,0,4600,5800,-1,102304,102309,-1,10135,-1,10137,-1,-1,-1,-1,-1,-1,-1,-1,0,2,1,0,0,1,1,1,0,0,-1,-1,0,0,0,0,0,0,-1,-1,-1,0,0,0,180,200,0.05,-1,-1,-1,-1,10,0,0,0,1,0,0,0,0,0,0,0,0,1,0,-1,-1,-1,-1,-1,-1,-1,-1,-1,0.1,0.4,4601,0,0,65,0.29,100,3002,-1,5003,6010,-1,0,0.5,0.6,0,-1,0,1,1,1,1,1,1,1,1,1,1,1,1,1,1,1,1,1,1,-1,0,-1,0,-1,-1,-1,-1,[0|0|0|0|0|0|0|0|0|0|0|0],
46001032,Troll,0,0,[0|0|0],46000,1002,0,30,7.2,1.8,100,0,1581,0,1500,460000500,-1,10,5,0,-1,-1,2.4,-1,5402,5300,5360,7090,0,0,0,0,-1,0,0,0,0,0,-1,-1,-1,-1,-1,-1,58,3000,3001,3002,3003,3004,3005,3006,3007,3008,3009,6001,6000,0,1,1,1,1,1,1,1,1,2,-0.30769232,0,150,21,100,0,0,0,100,100,100,0,112,112,112,999,-1,-1,0,0,0,0,-1,8000,1,0,0,0,0,20,999,0,0,-1,10,0,13,0,0,7,3,40,111,111,1,0,2,0,0,0,0,0,0,0,1,0,2,17,7,0,0,0,0,0,0,0,0,0,0,0,0,0,0,0,0,0,0,0,0,0,0,0,0,0,0,0,0,0,0,0,0,0,1,1,1,0,1,0,0,1,0,0,0,1,0,0,0,0,0,0,0,0,0,0,0,0,7.2,1.8,1,0,0,1,0,0,0,0,0,100,1,4,3,109,109,139,139,139,139,0,90030,0,0,90060,90100,0,5262,-1,0,0,1,1.1,1,1,1,1,1,1,0,-100,0,-1,-1,512,2002,-1,200,30,154,0,0,4600,5800,-1,102304,102309,-1,-1,-1,10137,-1,-1,-1,-1,10143,-1,-1,-1,0,-1,1,0,0,1,1,1,0,0,-1,-1,0,0,0,0,0,0,-1,-1,-1,0,0,0,180,200,0.05,-1,-1,-1,-1,10,0,0,0,1,0,0,0,0,0,0,0,0,1,0,-1,-1,-1,-1,-1,-1,-1,-1,-1,0.1,0.4,4601,0,0,45,0.29,100,3002,-1,5003,6010,-1,0,0.5,0.6,0,-1,0,1,1,1,1,1,1,1,1,1,1,1,1,1,1,1,1,1,1,-1,0,-1,0,-1,-1,-1,-1,[0|0|0|0|0|0|0|0|0|0|0|0],
46001099,Troll,0,0,[0|0|0],46000,1002,0,30,7.2,1.8,100,0,1581,0,1500,-1,-1,10,5,0,-1,-1,2.4,-1,5402,5300,5360,0,0,0,0,0,-1,0,0,0,0,0,-1,-1,-1,-1,-1,-1,58,3000,3001,3002,3003,3004,3005,3006,3007,3008,3009,6001,6000,0,1,1,1,1,1,1,1,1,2,-0.30769232,0,150,21,100,0,0,0,100,100,100,0,112,112,112,999,-1,-1,0,0,0,0,-1,8000,1,0,0,0,0,20,999,0,0,-1,10,0,13,0,0,7,3,40,111,111,1,0,2,0,0,0,0,0,0,0,1,0,2,17,7,0,0,0,0,0,0,0,0,0,0,0,0,0,0,0,0,0,0,0,0,0,0,0,0,0,0,0,0,0,0,0,0,0,1,1,0,0,1,0,0,1,0,0,0,1,0,0,0,0,0,0,0,0,0,0,0,0,7.2,1.8,1,0,0,1,0,0,0,0,0,100,1,4,3,109,109,139,139,139,139,0,90030,0,0,90060,90100,0,5262,-1,0,0,1,1.1,1,1,1,1,1,1,0,-100,0,-1,-1,512,2002,-1,200,30,154,0,0,4600,5800,-1,102304,102309,-1,-1,-1,10137,-1,-1,-1,-1,10143,-1,-1,-1,0,-1,1,0,0,1,1,1,0,0,-1,-1,0,0,0,0,0,0,-1,-1,-1,0,0,0,180,200,0.05,-1,-1,-1,-1,10,0,0,0,1,0,0,0,0,0,0,0,0,1,0,-1,-1,-1,-1,-1,-1,-1,-1,-1,0.1,0.4,4601,0,0,45,0.29,100,3002,-1,5003,6010,-1,0,0.5,0.6,0,-1,0,1,1,1,1,1,1,1,1,1,1,1,1,1,1,1,1,1,1,-1,0,-1,0,-1,-1,-1,-1,[0|0|0|0|0|0|0|0|0|0|0|0],
46008024,Troll (Rennala),0,0,[0|0|0],46000,-1,0,30,7.2,1.8,100,0,1901,0,1500,-1,-1,10,3,0,-1,-1,2.4,-1,5400,5300,5360,7060,0,90400,90000,90010,-1,0,0,0,0,0,-1,-1,-1,-1,-1,-1,58,3000,3001,3002,3003,3004,3005,3006,3007,3008,3009,6001,6000,0,1,1,1,1,1,1,1,1,2,0,0,150,21,100,0,0,0,100,100,100,0,999,999,999,999,-1,-1,0,0,0,0,-1,8000,1,0,0,0,0,999,999,0,0,-1,10,0,13,0,0,6,3,100,111,111,1,0,2,0,0,0,0,0,0,0,1,0,2,17,7,0,0,0,0,0,0,0,0,0,0,0,0,0,0,0,0,0,0,1,1,0,0,0,0,0,0,0,0,0,0,0,0,0,1,1,0,0,1,0,0,1,0,0,0,0,0,0,0,0,0,0,0,0,0,0,0,0,7.2,1.8,1,0,0,1,0,0,0,0,0,100,1,4,3,109,109,139,139,139,139,90020,90030,90040,90300,90060,90100,0,-1,-1,0,0,1,1.1,1,1,1,1,1,1,0,0,0,-1,-1,512,-1,-1,200,30,999,0,0,4600,5800,14593,102304,102309,-1,-1,-1,10137,-1,-1,-1,-1,-1,-1,-1,14570,0,2,1,0,0,1,1,1,0,0,-1,-1,0,0,0,0,0,0,-1,-1,-1,0,0,0,180,200,0.05,-1,-1,-1,-1,10,0,0,0,1,0,0,0,0,0,0,0,0,1,0,-1,-1,-1,-1,-1,-1,-1,-1,-1,0.1,0.4,4601,0,0,65,0.29,100,-1,-1,-1,-1,-1,0,0.5,0.6,0,-1,0,1,1,1,1,1,1,1,1,1,1,1,1,1,1,1,1,1,1,-1,0,-1,0,-1,-1,-1,-1,[0|0|0|0|0|0|0|0|0|0|0|0],
46200062,Astel- Stars of Darkness,0,0,[0|0|0],46200,1004,0,30,12,8,150,0,2708,0,1500,462000000,-1,-1,5,0,-1,-1,8,-1,0,5300,5360,7110,0,90400,0,0,-1,0,0,0,0,0,-1,-1,-1,-1,-1,-1,60,3000,3001,3002,3003,3004,3005,3006,3007,3008,3009,6001,6000,0,1.2,0.8,0.8,0.6,1,1,1,1,1.5,0.84615386,0,50,21,100,0,0,0,100,100,100,0,252,252,252,999,-1,-1,0,0,0,0,-1,-1,1,0,0,0,0,999,999,0,0,-1,10,0,13,0,0,9,3,100,107,107,1,0,2,0,0,0,0,0,0,0,1,0,2,17,7,0,0,0,1,0,0,1,0,0,0,0,0,0,0,0,0,0,0,0,0,0,0,0,0,0,0,0,0,0,0,0,1,0,1,1,0,0,1,0,0,0,0,0,0,0,0,0,0,0,0,0,0,0,0,0,0,0,12,8,2,1,0,0,0,0,0,0,0,100,1,0,4,107,107,139,139,139,139,95000,90030,90040,90300,90060,90100,0,-1,1,0,0.4,0.9,0.9,0.9,0.9,0.6,0.6,0.6,0.6,0,0,0,-1,-1,512,2004,-1,300,-1,999,0,0,4620,5800,-1,-1,-1,-1,-1,-1,-1,-1,-1,-1,-1,-1,-1,-1,4301,0,2,1,0,0,1,1,1,0,0,-1,-1,0,0,0,0,0,0,-1,-1,4620,45,45,0,180,300,0.1,-1,-1,-1,-1,10,0,0,0,1,0,0,0,0,0,0,0,0,1,0,-1,-1,-1,-1,-1,-1,-1,-1,-1,0.1,0.4,-1,0,0,120,0.29,100,3004,-1,-1,-1,-1,0,0.5,0.6,0,-1,0,1,1,1,1,1,1,1,1,1,1,1,1,1,1,1,1,1,1,-1,0,-1,0,-1,-1,-1,-1,[0|0|0|0|0|0|0|0|0|0|0|0],
46200952,Astel- Stars of Darkness (Snowfield Mine),0,0,[0|0|0],46200,1004,0,30,12,8,150,0,2708,0,1500,-1,-1,-1,5,0,-1,-1,8,-1,0,5300,5360,7160,0,90400,0,0,-1,0,0,0,0,0,-1,-1,-1,-1,-1,-1,60,3000,3001,3002,3003,3004,3005,3006,3007,3008,3009,6001,6000,0,1.2,0.8,0.8,0.6,1,1,1,1,1.5,0.84615386,0,50,21,100,0,0,0,100,100,100,0,252,252,252,999,-1,-1,0,0,0,0,-1,-1,1,0,0,0,0,999,999,0,0,-1,10,0,13,0,0,33,3,100,107,107,1,0,2,0,0,0,0,0,0,0,1,0,2,17,7,0,0,0,1,0,0,1,0,0,0,0,0,0,0,0,0,0,0,0,0,0,0,0,0,0,0,0,0,0,0,0,1,0,1,1,0,0,1,0,0,0,0,0,0,0,0,0,0,0,0,0,0,0,0,0,0,0,12,8,2,1,0,0,0,0,0,0,0,100,1,0,4,107,107,139,139,139,139,95000,90030,90040,90300,90060,90100,0,-1,1,0,0.4,0.9,0.9,0.9,0.9,0.6,0.6,0.6,0.6,0,0,0,-1,-1,512,2004,-1,300,-1,999,0,0,4620,5800,-1,16720,-1,-1,-1,-1,-1,-1,-1,-1,-1,-1,-1,-1,4301,0,2,1,0,0,1,1,1,0,0,-1,-1,0,0,0,0,0,0,-1,-1,4620,45,45,0,180,300,0.1,-1,-1,-1,-1,10,0,0,0,1,0,0,0,0,0,0,0,0,1,0,-1,-1,-1,-1,-1,-1,-1,-1,-1,0.1,0.4,-1,0,0,120,0.29,100,3004,-1,-1,-1,-1,0,0.5,0.6,0,-1,0,1,1,1,1,1,1,1,1,1,1,1,1,1,1,1,1,1,1,-1,0,-1,0,-1,-1,-1,-1,[0|0|0|0|0|0|0|0|0|0|0|0],
46209152,Malformed Stars (Snowfield Mine Clone),0,0,[0|0|0],46200,1004,0,30,12,8,150,0,611,0,1500,-1,-1,-1,5,0,-1,-1,8,-1,5403,5300,5360,7160,0,90400,0,0,-1,0,0,0,0,0,-1,-1,-1,-1,-1,-1,60,3000,3001,3002,3003,3004,3005,3006,3007,3008,3009,6001,6000,0,1.2,0.8,0.8,0.6,1,1,1,1,1.5,-1,0,50,21,100,0,0,0,100,100,100,0,252,252,252,999,-1,-1,0,0,0,0,-1,-1,1,0,0,0,0,999,999,0,0,-1,10,0,13,0,0,33,3,100,107,107,1,0,2,0,0,0,0,0,0,0,1,0,2,17,7,0,0,0,1,0,0,1,0,0,0,0,0,0,0,0,0,0,0,0,0,0,0,0,0,0,0,0,0,0,0,0,1,0,1,1,0,0,1,0,0,0,0,0,0,0,0,0,0,0,0,0,0,0,0,0,0,0,12,8,2,1,0,0,0,0,0,0,0,100,1,0,4,107,107,139,139,139,139,95000,90030,90040,90300,90060,90100,0,-1,1,0,0.4,0.9,0.9,0.9,0.9,0.6,0.6,0.6,0.6,0,0,0,-1,-1,512,2004,-1,300,-1,999,0,0,4620,5800,-1,16721,5841,-1,297810,-1,-1,-1,-1,-1,-1,-1,-1,-1,4301,0,2,1,0,0,1,1,1,0,0,-1,-1,0,0,0,0,0,0,-1,-1,4620,45,45,0,180,300,0.1,-1,-1,-1,-1,10,0,0,0,1,0,0,0,0,0,0,0,0,1,0,-1,-1,21600,21601,21602,21603,-1,-1,-1,0.1,0.4,-1,0,0,-1,0.29,100,3004,-1,-1,-1,-1,0,0.5,0.6,0,-1,0,1,1,1,1,1,1,1,1,1,1,1,1,1,1,1,1,1,1,-1,0,-1,0,-1,-1,-1,-1,[0|0|0|0|0|0|0|0|0|0|0|0],
46300042,Runebear,0,0,[0|0|0],46300,1003,0,30,5,2.6,150,0,2585,0,1500,463000000,-1,10,5,0,-1,-1,1.4,-1,0,0,5360,7150,0,0,0,0,-1,0,0,0,0,0,-1,-1,-1,-1,-1,-1,105,3000,3001,3002,3003,3004,3005,3006,3007,3008,3009,6001,6000,0,1,1,1,1,1,1,1,1,1.5,0.23076923,0,50,21,100,0,0,0,100,100,100,0,154,154,252,999,-1,-1,0,0,0,0,-1,-1,1,0,0,0,0,84,999,0,0,-1,10,0,13,0,0,9,13,40,111,111,0,0,2,0,0,0,0,0,0,0,1,0,2,17,7,0,0,0,0,0,0,1,0,0,1,0,0,0,0,0,0,0,0,0,0,0,0,0,0,0,0,0,0,0,0,0,1,0,1,1,0,0,1,0,0,0,0,0,0,0,0,0,0,0,0,0,0,0,0,0,0,0,5,2.3,2,0,0,1,0,0,0,0,0,100,1,0,3,109,109,139,139,139,139,0,90030,0,0,90060,90160,0,5262,-1,0,0.4,1,1.1,1,1,1,1.2,1,1,0,0,0,-1,-1,256,2003,-1,200,30,252,0,0,5240,-1,13052,-1,5890,102304,102309,-1,-1,-1,-1,-1,-1,-1,-1,469,-1,0,2,1,0,0,1,1,1,0,0,-1,-1,0,0,0,0,0,0,-1,-1,-1,40,10,0,180,100,0.1,-1,-1,-1,-1,10,0,0,0,1,0,0,0,0,0,0,0,0,1,0,-1,-1,-1,-1,-1,-1,-1,-1,2910,0.1,0.4,-1,0,0,80,0.29,100,3004,-1,5004,6001,-1,0,0.5,1,0,-1,0,1,1,1,1,1,1,1,1,1,1,1,1,1,1,1,1,1,1,-1,0,-1,0,-1,-1,-1,-1,[0|0|0|0|0|0|0|0|0|0|0|0],
46300052,Runebear,0,0,[0|0|0],46300,1003,0,30,5,2.6,150,0,2585,0,1500,463000000,-1,10,5,0,-1,-1,1.4,-1,0,0,5360,7160,0,0,0,0,-1,0,0,0,0,0,-1,-1,-1,-1,-1,-1,105,3000,3001,3002,3003,3004,3005,3006,3007,3008,3009,6001,6000,0,1,1,1,1,1,1,1,1,1.5,0.23076923,0,50,21,100,0,0,0,100,100,100,0,154,154,252,999,-1,-1,0,0,0,0,-1,-1,1,0,0,0,0,84,999,0,0,-1,10,0,13,0,0,9,13,40,111,111,0,0,2,0,0,0,0,0,0,0,1,0,2,17,7,0,0,0,0,0,0,1,0,0,1,0,0,0,0,0,0,0,0,0,0,0,0,0,0,0,0,0,0,0,0,0,1,0,1,1,0,0,1,0,0,0,0,0,0,0,0,0,0,0,0,0,0,0,0,0,0,0,5,2.3,2,0,0,1,0,0,0,0,0,100,1,0,3,109,109,139,139,139,139,0,90030,0,0,90060,90160,0,5262,-1,0,0.4,1,1.1,1,1,1,1.2,1,1,0,0,0,-1,-1,256,2003,-1,200,30,252,0,0,5240,-1,13052,-1,5890,102304,102309,-1,-1,-1,-1,-1,-1,-1,-1,469,-1,0,2,1,0,0,1,1,1,0,0,-1,-1,0,0,0,0,0,0,-1,-1,-1,40,10,0,180,100,0.1,-1,-1,-1,-1,10,0,0,0,1,0,0,0,0,0,0,0,0,1,0,-1,-1,-1,-1,-1,-1,-1,-1,2910,0.1,0.4,-1,0,0,80,0.29,100,3004,-1,5004,6001,-1,0,0.5,1,0,-1,0,1,1,1,1,1,1,1,1,1,1,1,1,1,1,1,1,1,1,-1,0,-1,0,-1,-1,-1,-1,[0|0|0|0|0|0|0|0|0|0|0|0],
46300072,Runebear,0,0,[0|0|0],46300,1003,0,30,5,2.6,150,0,2585,0,1500,463000000,-1,10,5,0,-1,-1,1.4,-1,0,0,5360,7140,0,0,0,0,-1,0,0,0,0,0,-1,-1,-1,-1,-1,-1,105,3000,3001,3002,3003,3004,3005,3006,3007,3008,3009,6001,6000,0,1,1,1,1,1,1,1,1,1.5,0.23076923,0,50,21,100,0,0,0,100,100,100,0,154,154,252,999,-1,-1,0,0,0,0,-1,-1,1,0,0,0,0,84,999,0,0,-1,10,0,13,0,0,9,13,40,111,111,0,0,2,0,0,0,0,0,0,0,1,0,2,17,7,0,0,0,0,0,0,1,0,0,1,0,0,0,0,0,0,0,0,0,0,0,0,0,0,0,0,0,0,0,0,0,1,0,1,1,0,0,1,0,0,0,0,0,0,0,0,0,0,0,0,0,0,0,0,0,0,0,5,2.3,2,0,0,1,0,0,0,0,0,100,1,0,3,109,109,139,139,139,139,0,90030,0,0,90060,90160,0,5262,-1,0,0.4,1,1.1,1,1,1,1.2,1,1,0,0,0,-1,-1,256,2003,-1,200,30,252,0,0,5240,-1,13052,-1,5890,102304,102309,-1,-1,-1,-1,-1,-1,-1,-1,469,-1,0,2,1,0,0,1,1,1,0,0,-1,-1,0,0,0,0,0,0,-1,-1,-1,40,10,0,180,100,0.1,-1,-1,-1,-1,10,0,0,0,1,0,0,0,0,0,0,0,0,1,0,-1,-1,-1,-1,-1,-1,-1,-1,2910,0.1,0.4,-1,0,0,80,0.29,100,3004,-1,5004,6001,-1,0,0.5,1,0,-1,0,1,1,1,1,1,1,1,1,1,1,1,1,1,1,1,1,1,1,-1,0,-1,0,-1,-1,-1,-1,[0|0|0|0|0|0|0|0|0|0|0|0],
46300700,Runebear,0,0,[0|0|0],46300,1003,0,30,5,2.6,150,0,2585,0,1500,-1,-1,10,5,0,-1,-1,1.4,-1,0,0,5360,0,0,0,0,0,-1,0,0,0,0,0,-1,-1,-1,-1,-1,-1,105,3000,3001,3002,3003,3004,3005,3006,3007,3008,3009,6001,6000,0,1,1,1,1,1,1,1,1,1.5,0.23076923,0,50,21,100,0,0,0,100,100,100,0,154,154,252,999,-1,-1,0,0,0,0,-1,-1,1,0,0,0,0,84,999,0,0,-1,10,0,13,0,0,9,13,40,111,111,0,0,2,0,0,0,0,0,0,0,1,0,2,17,7,0,0,0,0,0,0,1,0,0,1,0,0,0,0,0,0,0,0,0,0,0,0,0,0,0,0,0,0,0,0,0,1,0,1,1,0,0,1,0,0,0,0,0,0,0,0,0,0,0,0,0,0,0,0,0,0,0,5,2.3,2,0,0,1,0,0,0,0,0,100,1,0,3,109,109,139,139,139,139,0,90030,0,0,90060,90160,0,5262,-1,0,0.4,1,1.1,1,1,1,1.2,1,1,0,0,0,-1,-1,256,2003,-1,200,30,252,0,0,5240,-1,13052,-1,5890,102304,102309,-1,-1,-1,-1,-1,-1,-1,-1,469,-1,0,2,1,0,0,1,1,1,0,0,-1,-1,0,0,0,0,0,0,-1,-1,-1,40,10,0,180,100,0.1,-1,-1,-1,-1,10,0,0,0,1,0,0,0,0,0,0,0,0,1,0,-1,-1,-1,-1,-1,-1,-1,-1,2910,0.1,0.4,-1,0,0,80,0.29,100,3004,-1,5004,6001,-1,0,0.5,1,0,-1,0,1,1,1,1,1,1,1,1,1,1,1,1,1,1,1,1,1,1,-1,0,-1,0,-1,-1,-1,-1,[0|0|0|0|0|0|0|0|0|0|0|0],
46300912,Runebear (Boss),0,0,[0|0|0],46300,1003,0,30,5,2.6,150,0,2585,0,1500,-1,-1,10,5,0,-1,-1,1.4,-1,0,0,5360,7020,0,90400,0,0,-1,0,0,0,0,0,-1,-1,-1,-1,-1,-1,105,3000,3001,3002,3003,3004,3005,3006,3007,3008,3009,6001,6000,0,1,1,1,1,1,1,1,1,1.5,0.23076923,0,50,21,100,0,0,0,100,100,100,0,154,154,252,999,-1,-1,0,0,0,0,-1,-1,1,0,0,0,0,84,999,0,0,-1,10,0,13,0,0,9,13,40,111,111,0,0,2,0,0,0,0,0,0,0,1,0,2,17,7,0,0,0,0,0,0,1,0,0,1,0,0,0,0,0,0,0,0,0,0,0,0,0,0,0,0,0,0,0,0,0,1,0,1,1,0,0,1,0,0,0,0,0,0,0,0,0,0,0,0,0,0,0,0,0,0,0,5,2.3,2,1,0,1,0,0,0,0,0,100,1,0,3,109,109,139,139,139,139,95000,90030,95010,95020,90060,90160,0,-1,-1,0,0.4,1,1.1,1,1,0.7,1.2,1,1,0,0,0,-1,-1,256,2003,-1,300,30,252,0,0,5240,-1,13052,-1,5890,102304,102309,-1,-1,-1,-1,-1,-1,-1,-1,469,4301,0,2,1,0,0,1,1,1,0,0,-1,-1,0,0,0,0,0,0,-1,-1,-1,40,10,0,180,100,0.1,-1,-1,-1,-1,10,0,0,0,1,0,0,0,0,0,0,0,0,1,0,-1,-1,-1,-1,-1,-1,-1,-1,2910,0.1,0.4,-1,0,0,80,0.29,100,3004,-1,5004,6001,-1,0,0.5,1,0,-1,0,1,1,1,1,1,1,1,1,1,1,1,1,1,1,1,1,1,1,-1,0,-1,0,-1,-1,-1,-1,[0|0|0|0|0|0|0|0|0|0|0|0],
46400007,Ulcerated Tree Spirit (Boss),0,0,[0|0|0],46400,1004,0,30,7.5,3.7,100,0,2713,0,3000,-1,-1,-1,5,0,-1,-1,3.7,-1,-1,5300,5360,7060,0,90400,0,0,-1,0,0,0,0,0,-1,-1,-1,-1,-1,-1,75,3000,3001,3002,3003,3004,3005,3006,3007,702,703,701,-1,0,1.5,1,1,1,1,1,1,1,1.5,0.84615386,0,50,21,100,0,0,0,100,100,100,0,252,252,252,999,-1,-1,0,0,0,0,-1,-1,1,100,0,100,0,999,999,0,0,-1,10,0,13,0,1,7,2,100,146,146,1,0,0,0,0,0,0,0,0,0,1,0,2,17,7,0,0,0,0,0,0,1,0,1,1,0,0,0,0,0,0,0,0,1,0,0,0,0,0,0,0,0,0,0,0,0,0,0,1,1,1,1,1,0,0,0,0,0,0,0,0,0,0,0,0,0,0,0,0,0,0,0,7.5,3.7,0,1,0,0,0,0,0,0,0,100,1,999,4,145,145,139,128,139,128,95000,90030,95010,90300,90060,90100,0,-1,-1,0,0.4,1,1,1,1,0.8,1.2,0.8,0.6,0,0,0,-1,-1,256,2004,-1,300,10,112,0,0,4640,5001,18875,18876,-1,-1,-1,-1,-1,-1,-1,-1,-1,-1,-1,-1,4301,0,2,0,0,0,1,1,1,0,0,-1,-1,0,0,0,0,0,0,-1,-1,-1,40,30,0,180,100,0.03,-1,-1,-1,-1,10,0,0,0,1,0,0,0,0,0,0,0,0,1,0,-1,-1,-1,-1,-1,-1,-1,-1,-1,0.1,0.4,-1,0,0,120,0.29,100,3004,-1,5002,-1,-1,0,0.5,1.1,0,-1,0,1,1,1,1,1,1,1,1,1,1,1,1,1,1,1,1,1,1,-1,0,-1,0,-1,-1,-1,-1,[0|0|0|0|0|0|0|0|0|0|0|0],
46400032,Ulcerated Tree Spirit (Boss),0,0,[0|0|0],46400,1004,0,30,7.5,3.7,100,0,2713,0,3000,-1,-1,-1,5,0,-1,-1,3.7,-1,-1,5300,5360,7110,0,90400,0,0,-1,0,0,0,0,0,-1,-1,-1,-1,-1,-1,75,3000,3001,3002,3003,3004,3005,3006,3007,702,703,701,-1,0,1.5,1,1,1,1,1,1,1,1.5,0.84615386,0,50,21,100,0,0,0,100,100,100,0,252,252,252,999,-1,-1,0,0,0,0,-1,-1,1,100,0,100,0,999,999,0,0,-1,10,0,13,0,1,7,2,100,146,146,1,0,0,0,0,0,0,0,0,0,1,0,2,17,7,0,0,0,0,0,0,1,0,1,1,0,0,0,0,0,0,0,0,1,0,0,0,0,0,0,0,0,0,0,0,0,0,0,1,1,1,1,1,0,0,0,0,0,0,0,0,0,0,0,0,0,0,0,0,0,0,0,7.5,3.7,0,1,0,0,0,1,0,0,0,100,18,999,4,145,145,139,128,139,128,95000,90030,95010,90300,90060,90100,0,-1,-1,0,0.4,1,1,1,1,0.8,1.2,0.8,0.6,0,0,0,-1,-1,256,2004,-1,400,10,112,0,0,4640,5001,18875,18876,-1,-1,-1,-1,-1,-1,-1,-1,-1,-1,-1,-1,4301,0,2,0,0,0,1,1,1,0,0,-1,-1,0,0,0,0,0,0,-1,-1,-1,40,30,0,180,100,0.03,-1,-1,-1,-1,10,0,0,0,1,0,0,0,0,0,0,0,0,1,0,-1,-1,-1,-1,-1,-1,-1,-1,-1,0.1,0.4,-1,0,0,120,0.29,100,3004,-1,5002,-1,-1,0,0.5,1.1,0,-1,0,1,1,1,1,1,1,1,1,1,1,1,1,1,1,1,1,1,1,-1,0,-1,0,-1,-1,-1,-1,[0|0|0|0|0|0|0|0|0|0|0|0],
46400100,Putrid Tree Spirit,0,0,[0|0|0],46400,1005,0,30,7.5,3.7,100,0,2713,0,3000,-1,-1,-1,5,0,-1,-1,3.7,-1,-1,5300,5360,0,0,0,0,0,-1,0,0,0,0,0,-1,-1,-1,-1,-1,-1,75,3000,3001,3002,3003,3004,3005,3006,3007,702,703,701,-1,0,1.5,1,1,1,1,1,1,1,1.5,0.84615386,0,50,21,100,0,0,0,100,100,100,0,542,542,252,999,-1,-1,0,0,0,0,-1,-1,1,100,0,100,0,999,999,0,0,-1,10,0,13,0,1,7,2,100,146,146,1,0,0,0,0,0,0,0,0,0,1,0,2,17,7,0,0,0,0,0,0,1,0,1,1,0,0,0,0,0,0,0,0,0,0,0,0,0,0,0,0,0,0,0,0,0,0,0,1,1,1,1,1,0,0,0,0,0,0,0,0,0,0,0,0,0,0,0,0,0,0,0,7.5,3.7,0,0,0,0,0,0,0,0,0,100,1,999,4,145,145,139,128,139,128,0,90030,0,90300,90060,90100,0,5262,-1,0,0.4,1,1,1,1,0.8,1.2,0.8,0.6,0,0,0,-1,-1,256,2005,-1,200,10,112,0,0,4640,5001,18877,18878,-1,-1,-1,-1,-1,-1,-1,-1,-1,-1,-1,-1,-1,0,2,0,0,0,1,1,1,0,0,-1,-1,0,0,0,0,0,0,-1,-1,-1,40,30,0,180,100,0.03,-1,-1,-1,-1,10,0,0,0,1,0,0,0,0,0,0,0,0,1,0,-1,-1,23300,23301,23302,-1,-1,-1,-1,0.1,0.4,-1,0,0,120,0.29,100,3004,-1,5002,-1,-1,0,0.5,1.1,0,-1,0,1,1,1,1,1,1,1,1,1,1,1,1,1,1,1,1,1,1,-1,0,-1,0,-1,-1,-1,-1,[0|0|0|0|0|0|0|0|0|0|0|0],
46400942,Putrid Tree Spirit (Boss),0,0,[0|0|0],46400,1005,0,30,7.5,3.7,100,0,2713,0,3000,-1,-1,-1,5,0,-1,-1,3.7,-1,-1,5300,5360,7150,0,90400,0,0,-1,0,0,0,0,0,-1,-1,-1,-1,-1,-1,75,3000,3001,3002,3003,3004,3005,3006,3007,702,703,701,-1,0,1.5,1,1,1,1,1,1,1,1.5,0.84615386,0,50,21,100,0,0,0,100,100,100,0,542,542,252,999,-1,-1,0,0,0,0,-1,-1,1,100,0,100,0,999,999,0,0,-1,10,0,13,0,1,7,2,100,146,146,1,0,0,0,0,0,0,0,0,0,1,0,2,17,7,0,0,0,0,0,0,1,0,1,1,0,0,0,0,0,0,0,0,0,0,0,0,0,0,0,0,0,0,0,0,0,0,0,1,1,1,1,1,0,0,0,0,0,0,0,0,0,0,0,0,0,0,0,0,0,0,0,7.5,3.7,0,1,0,0,0,0,0,0,0,100,1,999,4,145,145,139,128,139,128,95000,90030,95010,90300,90060,90100,0,-1,-1,0,0.4,1,1,1,1,0.8,1.2,0.8,0.6,0,0,0,-1,-1,256,2005,-1,300,10,112,0,0,4640,5001,18877,18878,-1,-1,-1,-1,-1,-1,-1,-1,-1,-1,-1,-1,4301,0,2,0,0,0,1,1,1,0,0,-1,-1,0,0,0,0,0,0,-1,-1,-1,40,30,0,180,100,0.03,-1,-1,-1,-1,10,0,0,0,1,0,0,0,0,0,0,0,0,1,0,-1,-1,23300,23301,23302,-1,-1,-1,-1,0.1,0.4,-1,0,0,120,0.29,100,3004,-1,5002,-1,-1,0,0.5,1.1,0,-1,0,1,1,1,1,1,1,1,1,1,1,1,1,1,1,1,1,1,1,-1,0,-1,0,-1,-1,-1,-1,[0|0|0|0|0|0|0|0|0|0|0|0],
46400950,Ulcerated Tree Spirit (Boss),0,0,[0|0|0],46400,1004,0,30,7.5,3.7,100,0,2713,0,3000,-1,-1,-1,5,0,-1,-1,3.7,-1,-1,5300,5360,7120,0,90400,0,0,-1,0,0,0,0,0,-1,-1,-1,-1,-1,-1,75,3000,3001,3002,3003,3004,3005,3006,3007,702,703,701,-1,0,1.5,1,1,1,1,1,1,1,1.5,0.84615386,0,50,21,100,0,0,0,100,100,100,0,252,252,252,999,-1,-1,0,0,0,0,-1,-1,1,100,0,100,0,999,999,0,0,-1,10,0,13,0,1,7,2,100,146,146,1,0,0,0,0,0,0,0,0,0,1,0,2,17,7,0,0,0,0,0,0,1,0,1,1,0,0,0,0,0,0,0,0,1,0,0,0,0,0,0,0,0,0,0,0,0,0,0,1,1,1,1,1,0,0,0,0,0,0,0,0,0,0,0,0,0,0,0,0,0,0,0,7.5,3.7,0,1,0,0,0,0,0,0,0,100,1,999,4,145,145,139,128,139,128,95000,90030,95010,90300,90060,90100,0,-1,-1,0,0.4,1,1,1,1,0.8,1.2,0.8,0.6,0,0,0,-1,-1,256,2004,-1,300,10,112,0,0,4640,5001,18875,18876,-1,-1,-1,-1,-1,-1,-1,-1,-1,-1,-1,-1,4301,0,2,0,0,0,1,1,1,0,0,-1,-1,0,0,0,0,0,0,-1,-1,-1,40,30,0,180,100,0.03,-1,-1,-1,-1,10,0,0,0,1,0,0,0,0,0,0,0,0,1,0,-1,-1,-1,-1,-1,-1,-1,-1,-1,0.1,0.4,-1,0,0,120,0.29,100,3004,-1,5002,-1,-1,0,0.5,1.1,0,-1,0,1,1,1,1,1,1,1,1,1,1,1,1,1,1,1,1,1,1,-1,0,-1,0,-1,-1,-1,-1,[0|0|0|0|0|0|0|0|0|0|0|0],
46500262,Dragonkin Soldier (Lake of Rot),0,0,[0|0|0],46500,1004,0,25,8.5,4,30000,0,1396,0,3000,-1,-1,10,5,0,-1,-1,4,-1,5400,5300,5360,7130,0,90400,0,90010,-1,0,0,0,0,0,-1,-1,-1,-1,-1,-1,240,3000,3001,3002,3003,3004,3005,3006,3007,702,703,701,-1,0,1,1,1,1,1,1,1,1,1.5,0.84615386,0,50,21,100,0,0,0,100,100,100,0,252,999,252,999,-1,-1,0,0,0,0,-1,-1,1,0,0,0,0,999,999,0,0,-1,10,0,13,0,1,7,12,80,111,111,1,0,0,0,0,0,0,0,0,0,1,0,2,17,7,0,0,0,0,0,0,1,0,1,0,0,0,0,0,0,0,0,0,0,0,0,0,0,0,0,1,0,0,0,0,0,0,0,1,1,1,1,1,0,0,0,0,0,0,0,0,0,0,0,0,0,0,0,0,0,0,0,8.5,4,0,1,0,1,0,1,0,0,0,100,25,999,4,140,109,139,106,139,106,95000,90030,95010,90300,90060,90100,0,-1,-1,0,0,0.9,1,0.9,0.9,0.8,0.8,0.6,0.8,0,0,0,-1,-1,512,-1,-1,400,30,542,0,0,4650,-1,-1,-1,-1,13212,-1,-1,-1,-1,-1,-1,-1,-1,-1,-1,4301,0,-1,1,0,0,1,1,1,0,0,-1,-1,0,0,0,0,0,0,-1,-1,-1,10,10,0,180,200,0.03,-1,-1,-1,-1,10,0,0,0,1,0,0,0,0,0,0,0,0,1,0,-1,-1,-1,-1,-1,-1,-1,-1,-1,0.1,0.4,-1,0,0,120,0.29,100,3004,-1,5005,-1,-1,0,0.7,1.23,0,-1,0,1,1,1,1,1,1,1,1,1,1,1,1,1,1,1,1,1,1,-1,0,-1,0,-1,-1,-1,-1,[0|0|0|0|0|0|0|0|0|0|0|0],
46500265,Dragonkin Soldier (Nokron),0,0,[0|0|0],46500,1004,0,25,8.5,4,30000,0,1396,0,3000,-1,-1,10,5,0,-1,-1,4,-1,5400,5300,5360,7110,0,90400,0,0,-1,0,0,0,0,0,-1,-1,-1,-1,-1,-1,240,3000,3001,3002,3003,3004,3005,3006,3007,702,703,701,-1,0,1,1,1,1,1,1,1,1,1.5,0.84615386,0,50,21,100,0,0,0,100,100,100,0,252,252,252,999,-1,-1,0,0,0,0,-1,-1,1,0,0,0,0,999,999,0,0,-1,10,0,13,0,1,7,12,80,111,111,1,0,0,0,0,0,0,0,0,0,1,0,2,17,7,0,0,0,0,0,0,1,0,1,0,0,0,0,0,0,0,0,0,0,0,0,0,0,0,0,1,0,0,0,0,0,0,0,1,1,1,1,1,0,0,0,0,0,0,0,0,0,0,0,0,0,0,0,0,0,0,0,8.5,4,0,1,0,1,0,1,0,0,0,100,25,999,4,140,109,139,106,139,106,95000,90030,95010,90300,90060,90100,0,-1,-1,0,0,0.9,1,0.9,0.9,0.8,0.8,0.6,0.8,0,0,0,-1,-1,512,2004,-1,400,30,542,0,0,4650,-1,-1,-1,-1,13212,-1,-1,-1,-1,-1,-1,-1,-1,-1,-1,4301,0,-1,1,0,0,1,1,1,0,0,-1,-1,0,0,0,0,0,0,-1,-1,-1,10,10,0,180,200,0.03,-1,-1,-1,-1,10,0,0,0,1,0,0,0,0,0,0,0,0,1,0,-1,-1,-1,-1,-1,-1,-1,-1,-1,0.1,0.4,-1,0,0,120,0.29,100,3004,-1,5005,-1,-1,0,0.7,1.23,0,-1,0,1,1,1,1,1,1,1,1,1,1,1,1,1,1,1,1,1,1,-1,0,-1,0,-1,-1,-1,-1,[0|0|0|0|0|0|0|0|0|0|0|0],
46500352,Dragonkin Soldier Phantom (Snowfields),0,0,[0|0|0],46500,-1,0,25,8.5,4,30000,0,272,0,3000,-1,-1,10,5,0,-1,-1,4,-1,5402,5300,5360,7160,0,0,90000,90010,-1,0,0,0,0,0,-1,-1,-1,-1,-1,-1,16,3000,3001,3002,3003,3004,3005,3006,3007,702,703,701,-1,0,1,1,1,1,1,1,1,1,1.5,0.84615386,0,50,21,100,0,0,0,100,100,100,0,999,999,999,999,-1,-1,0,0,0,0,-1,-1,1,0,0,0,0,999,999,0,0,-1,10,0,13,0,1,33,12,80,143,143,1,0,0,0,0,0,0,0,0,0,1,0,2,17,7,0,0,0,0,0,0,1,0,1,0,0,0,0,0,0,0,0,0,0,0,0,0,0,0,0,0,0,0,0,0,0,0,0,1,1,1,1,1,0,0,0,0,0,0,0,0,0,0,0,0,0,0,0,0,0,0,0,8.5,4,0,0,0,1,0,0,0,0,0,100,0,999,4,142,142,139,139,139,139,90020,90030,90040,90300,90060,90100,0,-1,-1,0,0,0.9,1,0.9,0.9,0.8,0.8,0.6,0.8,0,0,0,-1,-1,512,-1,-1,200,30,999,0,0,4650,-1,-1,-1,13211,-1,13213,13214,-1,-1,-1,-1,-1,-1,-1,-1,-1,0,-1,1,0,0,1,1,1,0,0,-1,-1,0,0,0,0,0,0,-1,-1,-1,10,10,0,180,200,0.03,-1,-1,-1,-1,10,0,0,0,1,0,0,0,0,0,0,0,0,1,0,-1,-1,-1,-1,-1,-1,-1,-1,-1,0.1,0.4,4651,0,0,120,0.29,100,-1,-1,-1,-1,-1,0,0.7,1.23,0,-1,0,1,1,1,1,1,1,1,1,1,1,1,1,1,1,1,1,1,1,-1,0,-1,0,-1,-1,-1,-1,[0|0|0|0|0|0|0|0|0|0|0|0],
46500960,Dragonkin Soldier of Nokstella Healthbar (Boss),0,0,[0|0|0],46500,1004,0,25,8.5,4,30000,0,2239,0,3000,-1,-1,10,5,0,-1,-1,4,-1,5400,5300,5360,7050,0,90400,0,0,-1,0,0,0,0,0,-1,-1,-1,-1,-1,-1,1000,3000,3001,3002,3003,3004,3005,3006,3007,702,703,701,-1,0,1,1,1,1,1,1,1,1,1.5,0.84615386,0,50,21,100,0,0,0,100,100,100,0,252,252,252,999,-1,-1,0,0,0,0,-1,-1,1,0,0,0,0,999,999,0,0,-1,10,0,13,0,1,7,12,80,111,111,1,0,0,0,0,0,0,0,0,0,1,0,2,17,7,0,0,0,0,0,0,1,0,1,0,0,0,0,0,0,0,0,0,0,0,0,0,0,0,0,1,0,0,0,0,0,0,0,1,1,1,1,1,0,0,0,0,0,0,0,0,0,0,0,0,0,0,0,0,0,0,0,8.5,4,0,1,0,1,0,0,0,0,0,100,1,999,4,140,109,139,106,139,106,95000,90030,95010,90300,90060,90100,0,-1,-1,0,0,0.9,1,0.9,0.9,0.8,0.8,0.6,0.8,0,0,0,-1,-1,512,2004,-1,300,30,542,0,0,-1,-1,-1,-1,-1,13212,-1,-1,-1,-1,-1,-1,-1,-1,-1,-1,4301,0,-1,1,0,0,1,1,1,0,0,-1,-1,0,0,0,0,0,0,-1,-1,-1,10,10,0,180,200,0.03,-1,-1,-1,-1,10,0,0,0,1,0,0,0,0,0,0,0,0,1,0,-1,-1,-1,-1,-1,-1,-1,-1,-1,0.1,0.4,-1,0,0,120,0.29,100,3004,-1,5005,-1,-1,0,0.7,1.23,0,-1,0,1,1,1,1,1,1,1,1,1,1,1,1,1,1,1,1,1,1,-1,0,-1,0,-1,-1,-1,-1,[0|0|0|0|0|0|0|0|0|0|0|0],
46600120,Guardian Golem,0,0,[0|0|0],46600,-1,0,30,12.5,2,150000,0,5236,0,1500,466000020,-1,10,5,0,-1,-1,2.5,-1,0,5333,5360,7060,12150,0,90000,90010,-1,0,0,0,0,0,-1,930,940,-1,-1,-1,1000,3000,3001,3002,3003,3004,3005,3006,3007,3008,3009,6001,6000,0,1,1,1,1,1,1,1,1,2.5,0.84615386,0,50,21,100,0,0,0,100,100,100,0,999,999,999,999,-1,-1,0,0,0,0,-1,-1,1,0,0,0,0,999,999,0,0,-1,10,0,13,0,0,7,3,60,119,119,1,0,0,0,0,0,0,0,0,0,1,0,2,17,7,0,0,0,0,0,0,0,0,1,0,0,0,0,0,0,0,0,0,0,0,0,0,0,0,0,0,0,0,0,0,0,0,0,1,1,0,0,1,0,0,0,0,0,0,0,0,0,1,0,1,0,0,0,0,0,0,0,12.5,2,1,0,0,1,0,0,0,0,0,100,1,4,4,117,117,139,117,139,139,90020,90030,90040,90300,90060,90100,0,5262,-1,0,0,0.9,0.9,1,0.9,0.8,0.6,0.6,0.6,0,0,0,-1,-1,512,-1,-1,200,30,999,0,0,4660,12160,12161,-1,-1,-1,5800,12172,12180,5815,12187,-1,-1,-1,-1,6922,-1,0,2,1,0,0,1,1,1,0,0,-1,-1,0,0,0,0,0,0,-1,-1,-1,0,0,0,180,200,0.02,-1,-1,-1,4660,10,0,0,0,1,0,0,0,0,0,0,0,0,1,0,-1,-1,-1,-1,-1,-1,-1,-1,-1,0.1,0.4,-1,0,0,120,0.29,100,-1,-1,-1,-1,-1,0,1.9,1.3,0,-1,0,1,1,1,1,1,1,1,1,1,1,1,1,1,1,1,1,1,1,-1,0,-1,0,-1,-1,-1,-1,[0|0|0|0|0|0|0|0|0|0|0|0],
46600150,Guardian Golem,0,0,[0|0|0],46600,-1,0,30,12.5,2,150000,0,5236,0,1500,466000050,-1,10,5,0,-1,-1,2.5,-1,0,5333,5360,7120,12150,0,90000,90010,-1,0,0,0,0,0,-1,930,940,-1,-1,-1,1000,3000,3001,3002,3003,3004,3005,3006,3007,3008,3009,6001,6000,0,1,1,1,1,1,1,1,1,2.5,0.84615386,0,50,21,100,0,0,0,100,100,100,0,999,999,999,999,-1,-1,0,0,0,0,-1,-1,1,0,0,0,0,999,999,0,0,-1,10,0,13,0,0,7,3,60,119,119,1,0,0,0,0,0,0,0,0,0,1,0,2,17,7,0,0,0,0,0,0,0,0,1,0,0,0,0,0,0,0,0,0,0,0,0,0,0,0,0,0,0,0,0,0,0,0,0,1,1,0,0,1,0,0,0,0,0,0,0,0,0,1,0,1,0,0,0,0,0,0,0,12.5,2,1,0,0,1,0,0,0,0,0,100,1,4,4,117,117,139,117,139,139,90020,90030,90040,90300,90060,90100,0,5262,-1,0,0,0.9,0.9,1,0.9,0.8,0.6,0.6,0.6,0,0,0,-1,-1,512,-1,-1,200,30,999,0,0,4660,12160,12161,-1,-1,-1,5800,12172,12180,5815,12187,-1,-1,-1,-1,6922,-1,0,2,1,0,0,1,1,1,0,0,-1,-1,0,0,0,0,0,0,-1,-1,-1,0,0,0,180,200,0.02,-1,-1,-1,4660,10,0,0,0,1,0,0,0,0,0,0,0,0,1,0,-1,-1,-1,-1,-1,-1,-1,-1,-1,0.1,0.4,-1,0,0,120,0.29,100,-1,-1,-1,-1,-1,0,1.9,1.3,0,-1,0,1,1,1,1,1,1,1,1,1,1,1,1,1,1,1,1,1,1,-1,0,-1,0,-1,-1,-1,-1,[0|0|0|0|0|0|0|0|0|0|0|0],
46600170,Guardian Golem,0,0,[0|0|0],46600,-1,0,30,12.5,2,150000,0,5236,0,1500,-1,-1,10,5,0,-1,-1,2.5,-1,0,5333,5360,7150,12150,0,90000,90010,-1,0,0,0,0,0,-1,930,940,-1,-1,-1,1000,3000,3001,3002,3003,3004,3005,3006,3007,3008,3009,6001,6000,0,1,1,1,1,1,1,1,1,2.5,0.84615386,0,50,21,100,0,0,0,100,100,100,0,999,999,999,999,-1,-1,0,0,0,0,-1,-1,1,0,0,0,0,999,999,0,0,-1,10,0,13,0,0,7,3,60,119,119,1,0,0,0,0,0,0,0,0,0,1,0,2,17,7,0,0,0,0,0,0,0,0,1,0,0,0,0,0,0,0,0,0,0,0,0,0,0,0,0,0,0,0,0,0,0,0,0,1,1,0,0,1,0,0,0,0,0,0,0,0,0,1,0,1,0,0,0,0,0,0,0,12.5,2,1,0,0,1,0,0,0,0,0,100,1,4,4,117,117,139,117,139,139,90020,90030,90040,90300,90060,90100,0,5262,-1,0,0,0.9,0.9,1,0.9,0.8,0.6,0.6,0.6,0,0,0,-1,-1,512,-1,-1,200,30,999,0,0,4660,12160,12161,-1,-1,-1,5800,12172,12180,5815,12187,-1,-1,-1,-1,6922,-1,0,2,1,0,0,1,1,1,0,0,-1,-1,0,0,0,0,0,0,-1,-1,-1,0,0,0,180,200,0.02,-1,-1,-1,4660,10,0,0,0,1,0,0,0,0,0,0,0,0,1,0,-1,-1,-1,-1,-1,-1,-1,-1,-1,0.1,0.4,-1,0,0,120,0.29,100,-1,-1,-1,-1,-1,0,1.9,1.3,0,-1,0,1,1,1,1,1,1,1,1,1,1,1,1,1,1,1,1,1,1,-1,0,-1,0,-1,-1,-1,-1,[0|0|0|0|0|0|0|0|0|0|0|0],
46600910,Guardian Golem (Limgrave Boss),0,0,[0|0|0],46600,-1,0,30,12.5,4,150000,0,5236,0,1500,-1,-1,10,5,0,-1,-1,2.5,-1,0,5333,5360,7010,12150,90400,90000,90010,-1,0,0,0,0,0,-1,930,940,-1,-1,-1,1000,3000,3001,3002,3003,3004,3005,3006,3007,3008,3009,6001,6000,0,1,1,1,1,1,1,1,1,2.5,0.84615386,0,50,21,100,0,0,0,100,100,100,0,999,999,999,999,-1,-1,0,0,0,0,-1,-1,1,0,0,0,0,999,999,0,0,-1,10,0,13,0,0,7,3,60,119,119,1,0,0,0,0,0,0,0,0,0,1,0,2,17,7,0,0,0,0,0,0,0,0,1,0,0,0,0,0,0,0,0,0,0,0,0,0,0,0,0,0,0,0,0,0,0,0,0,1,1,0,0,1,0,0,0,0,0,0,0,0,0,1,0,0,1,0,0,0,0,0,0,12.5,2,1,1,0,1,0,0,0,0,0,100,1,4,4,117,117,139,117,139,139,90020,90030,90040,90300,90060,90100,0,-1,-1,0,0,0.9,0.9,1,0.9,0.8,0.6,0.6,0.6,0,0,0,-1,-1,512,-1,-1,300,30,999,0,0,4660,12160,12161,12162,12163,-1,5800,12172,12180,5815,12187,-1,-1,-1,-1,6922,4301,0,2,1,0,0,1,1,1,0,0,-1,-1,0,0,0,0,0,0,-1,-1,-1,0,0,0,180,200,0.02,-1,-1,-1,4660,10,0,0,0,1,0,0,0,0,0,0,0,0,1,0,-1,-1,-1,-1,-1,-1,-1,-1,-1,0.1,0.4,-1,0,0,120,0.29,100,-1,-1,-1,-1,-1,0,1.9,1.3,0,-1,0,1,1,1,1,1,1,1,1,1,1,1,1,1,1,1,1,1,1,-1,0,-1,0,-1,-1,-1,-1,[0|0|0|0|0|0|0|0|0|0|0|0],
46601034,Guardian Golem (Leyndell),0,0,[0|0|0],46600,-1,0,30,12.5,2,150000,0,2442,0,1500,466000140,-1,10,5,0,-1,-1,2.5,-1,0,5333,5360,7100,12150,0,90000,90010,-1,0,0,0,0,0,-1,930,940,-1,-1,-1,1000,3000,3001,3002,3003,3004,3005,3006,3007,3008,3009,6001,6000,0,1,1,1,1,1,1,1,1,2.5,0.84615386,0,50,21,100,0,0,0,100,100,100,0,999,999,999,999,-1,-1,0,0,0,0,-1,-1,1,0,0,0,0,999,999,0,0,-1,10,0,13,0,0,7,3,60,119,119,1,0,0,0,0,0,0,0,0,0,1,0,2,17,7,0,0,0,0,0,0,0,0,0,1,0,0,0,0,0,0,0,0,0,0,0,0,0,0,0,0,0,0,0,0,0,0,0,1,1,0,0,1,0,0,0,0,0,0,1,0,0,0,1,0,1,0,0,0,0,0,0,12.5,2,1,0,0,1,0,0,0,0,0,100,1,4,4,117,117,139,117,139,139,90020,90030,90040,90300,90060,90100,0,5262,-1,0,0,0.9,0.9,1,0.9,0.8,0.6,0.6,0.6,0,0,0,-1,-1,512,-1,-1,200,30,999,0,0,4660,12160,12161,12162,12163,12155,5800,12172,12180,5815,12187,-1,-1,-1,-1,6922,-1,0,2,1,0,0,1,1,1,0,0,-1,-1,0,0,0,0,0,0,-1,-1,-1,0,0,0,180,500,0.02,-1,-1,-1,4660,10,0,0,0,1,0,0,0,0,0,0,0,0,1,0,-1,-1,-1,-1,-1,-1,-1,-1,-1,0.1,0.4,-1,0,0,120,0.29,100,-1,-1,-1,-1,-1,0,1.9,1.3,0,-1,0,1,1,1,1,1,1,1,1,1,1,1,1,1,1,1,1,1,1,-1,0,-1,0,-1,-1,-1,-1,[0|0|0|0|0|0|0|0|0|0|0|0],
46601040,Guardian Golem,0,0,[0|0|0],46600,-1,0,30,12.5,2,150000,0,2442,0,1500,466000130,-1,10,5,0,-1,-1,2.5,-1,0,5333,5360,7070,12150,0,90000,90010,-1,0,0,0,0,0,-1,930,940,-1,-1,-1,1000,3000,3001,3002,3003,3004,3005,3006,3007,3008,3009,6001,6000,0,1,1,1,1,1,1,1,1,2.5,0.84615386,0,50,21,100,0,0,0,100,100,100,0,999,999,999,999,-1,-1,0,0,0,0,-1,-1,1,0,0,0,0,999,999,0,0,-1,10,0,13,0,0,7,3,60,119,119,1,0,0,0,0,0,0,0,0,0,1,0,2,17,7,0,0,0,0,0,0,0,0,0,1,0,0,0,0,0,0,0,0,0,0,0,0,0,0,0,0,0,0,0,0,0,0,0,1,1,0,0,1,0,0,0,0,0,0,1,0,0,0,1,0,1,0,0,0,0,0,0,12.5,2,1,0,0,1,0,0,0,0,0,100,1,4,4,117,117,139,117,139,139,90020,90030,90040,90300,90060,90100,0,5262,-1,0,0,0.9,0.9,1,0.9,0.8,0.6,0.6,0.6,0,0,0,-1,-1,512,-1,-1,200,30,999,0,0,4660,12160,12161,12162,12163,12155,5800,12172,12180,5815,12187,-1,-1,-1,-1,6922,-1,0,2,1,0,0,1,1,1,0,0,-1,-1,0,0,0,0,0,0,-1,-1,-1,0,0,0,180,500,0.02,-1,-1,-1,4660,10,0,0,0,1,0,0,0,0,0,0,0,0,1,0,-1,-1,-1,-1,-1,-1,-1,-1,-1,0.1,0.4,-1,0,0,120,0.29,100,-1,-1,-1,-1,-1,0,1.9,1.3,0,-1,0,1,1,1,1,1,1,1,1,1,1,1,1,1,1,1,1,1,1,-1,0,-1,0,-1,-1,-1,-1,[0|0|0|0|0|0|0|0|0|0|0|0],
46601042,Guardian Golem,0,0,[0|0|0],46600,-1,0,30,12.5,2,150000,0,2442,0,1500,466000130,-1,10,5,0,-1,-1,2.5,-1,0,5333,5360,7150,12150,0,90000,90010,-1,0,0,0,0,0,-1,930,940,-1,-1,-1,1000,3000,3001,3002,3003,3004,3005,3006,3007,3008,3009,6001,6000,0,1,1,1,1,1,1,1,1,2.5,0.84615386,0,50,21,100,0,0,0,100,100,100,0,999,999,999,999,-1,-1,0,0,0,0,-1,-1,1,0,0,0,0,999,999,0,0,-1,10,0,13,0,0,7,3,60,119,119,1,0,0,0,0,0,0,0,0,0,1,0,2,17,7,0,0,0,0,0,0,0,0,0,1,0,0,0,0,0,0,0,0,0,0,0,0,0,0,0,0,0,0,0,0,0,0,0,1,1,0,0,1,0,0,0,0,0,0,1,0,0,0,1,0,1,0,0,0,0,0,0,12.5,2,1,0,0,1,0,0,0,0,0,100,1,4,4,117,117,139,117,139,139,90020,90030,90040,90300,90060,90100,0,5262,-1,0,0,0.9,0.9,1,0.9,0.8,0.6,0.6,0.6,0,0,0,-1,-1,512,-1,-1,200,30,999,0,0,4660,12160,12161,12162,12163,12155,5800,12172,12180,5815,12187,-1,-1,-1,-1,6922,-1,0,2,1,0,0,1,1,1,0,0,-1,-1,0,0,0,0,0,0,-1,-1,-1,0,0,0,180,500,0.02,-1,-1,-1,4660,10,0,0,0,1,0,0,0,0,0,0,0,0,1,0,-1,-1,-1,-1,-1,-1,-1,-1,-1,0.1,0.4,-1,0,0,120,0.29,100,-1,-1,-1,-1,-1,0,1.9,1.3,0,-1,0,1,1,1,1,1,1,1,1,1,1,1,1,1,1,1,1,1,1,-1,0,-1,0,-1,-1,-1,-1,[0|0|0|0|0|0|0|0|0|0|0|0],
46601120,Guardian Golem,0,0,[0|0|0],46600,-1,0,30,12.5,2,150000,0,2442,0,1500,466000120,-1,10,5,0,-1,-1,2.5,-1,0,5333,5360,7060,12150,0,90000,90010,-1,0,0,0,0,0,-1,930,940,-1,-1,-1,1000,3000,3001,3002,3003,3004,3005,3006,3007,3008,3009,6001,6000,0,1,1,1,1,1,1,1,1,2.5,0.84615386,0,50,21,100,0,0,0,100,100,100,0,999,999,999,999,-1,-1,0,0,0,0,-1,-1,1,0,0,0,0,999,999,0,0,-1,10,0,13,0,0,7,3,60,119,119,1,0,0,0,0,0,0,0,0,0,1,0,2,17,7,0,0,0,0,0,0,0,0,0,1,0,0,0,0,0,0,0,0,0,0,0,0,0,0,0,0,0,0,0,0,0,0,0,1,1,0,0,1,0,0,0,0,0,0,1,0,0,1,0,1,0,0,0,0,0,0,0,12.5,2,1,0,0,1,0,0,0,0,0,100,1,4,4,117,117,139,117,139,139,90020,90030,90040,90300,90060,90100,0,5262,-1,0,0,0.9,0.9,1,0.9,0.8,0.6,0.6,0.6,0,0,0,-1,-1,512,-1,-1,200,30,999,0,0,4660,12160,12161,-1,-1,12155,5800,12172,12180,5815,12187,-1,-1,-1,-1,6922,-1,0,2,1,0,0,1,1,1,0,0,-1,-1,0,0,0,0,0,0,-1,-1,-1,0,0,0,180,500,0.02,-1,-1,-1,4660,10,0,0,0,1,0,0,0,0,0,0,0,0,1,0,-1,-1,-1,-1,-1,-1,-1,-1,-1,0.1,0.4,-1,0,0,120,0.29,100,-1,-1,-1,-1,-1,0,1.9,1.3,0,-1,0,1,1,1,1,1,1,1,1,1,1,1,1,1,1,1,1,1,1,-1,0,-1,0,-1,-1,-1,-1,[0|0|0|0|0|0|0|0|0|0|0|0],
46601140,Guardian Golem,0,0,[0|0|0],46600,-1,0,30,12.5,2,150000,0,2442,0,1500,466000130,-1,10,5,0,-1,-1,2.5,-1,0,5333,5360,7070,12150,0,90000,90010,-1,0,0,0,0,0,-1,930,940,-1,-1,-1,1000,3000,3001,3002,3003,3004,3005,3006,3007,3008,3009,6001,6000,0,1,1,1,1,1,1,1,1,2.5,0.84615386,0,50,21,100,0,0,0,100,100,100,0,999,999,999,999,-1,-1,0,0,0,0,-1,-1,1,0,0,0,0,999,999,0,0,-1,10,0,13,0,0,7,3,60,119,119,1,0,0,0,0,0,0,0,0,0,1,0,2,17,7,0,0,0,0,0,0,0,0,0,1,0,0,0,0,0,0,0,0,0,0,0,0,0,0,0,0,0,0,0,0,0,0,0,1,1,0,0,1,0,0,0,0,0,0,1,0,0,1,0,1,0,0,0,0,0,0,0,12.5,2,1,0,0,1,0,0,0,0,0,100,1,4,4,117,117,139,117,139,139,90020,90030,90040,90300,90060,90100,0,5262,-1,0,0,0.9,0.9,1,0.9,0.8,0.6,0.6,0.6,0,0,0,-1,-1,512,-1,-1,200,30,999,0,0,4660,12160,12161,-1,-1,12155,5800,12172,12180,5815,12187,-1,-1,-1,-1,6922,-1,0,2,1,0,0,1,1,1,0,0,-1,-1,0,0,0,0,0,0,-1,-1,-1,0,0,0,180,500,0.02,-1,-1,-1,4660,10,0,0,0,1,0,0,0,0,0,0,0,0,1,0,-1,-1,-1,-1,-1,-1,-1,-1,-1,0.1,0.4,-1,0,0,120,0.29,100,-1,-1,-1,-1,-1,0,1.9,1.3,0,-1,0,1,1,1,1,1,1,1,1,1,1,1,1,1,1,1,1,1,1,-1,0,-1,0,-1,-1,-1,-1,[0|0|0|0|0|0|0|0|0|0|0|0],
46800032,Full-Grown Fallingstar Beast (Volcano Top),0,0,[0|0|0],46800,1004,0,30,6,2,30000,0,3154,0,3000,-1,-1,5,5,0,-1,-1,4,-1,-1,5300,5360,7110,0,90400,0,0,-1,0,0,0,0,0,-1,-1,-1,-1,-1,-1,90,3000,3001,3002,3003,3004,3005,3006,3007,702,703,701,-1,0,1,1,1,1,1,1,1,1,1.5,0.53846157,0,50,21,100,0,0,0,100,100,100,0,252,252,999,999,-1,-1,0,0,0,0,-1,-1,1,0,0,100,0,999,999,0,0,-1,10,0,13,0,0,7,13,60,110,110,1,0,0,0,0,0,0,0,0,0,1,0,2,17,7,0,0,1,1,0,0,1,0,1,0,0,0,0,0,0,0,0,0,1,1,1,1,0,0,0,0,0,0,0,0,0,0,0,1,1,1,1,1,0,0,0,0,0,0,0,0,0,0,0,0,0,0,0,0,0,0,0,6,2,0,1,0,0,0,1,1,0,0,100,19,999,4,112,112,139,139,117,139,90020,90030,90040,90300,90060,90100,0,-1,-1,0,0.4,0.65,0.65,0.65,0.65,0.8,0.8,0.8,0.8,0,0,0,-1,-1,256,2004,-1,400,30,999,0,0,4680,16490,-1,5001,-1,-1,-1,-1,-1,-1,-1,-1,-1,-1,-1,-1,4301,0,2,1,0,0,1,1,1,0,0,-1,-1,0,0,0,0,0,0,-1,-1,-1,40,5,0,180,200,0.1,-1,-1,-1,-1,10,0,0,0,1,0,0,0,0,0,0,0,0,1,0,-1,-1,-1,-1,-1,-1,-1,-1,-1,0.1,0.4,-1,0,0,100,0.29,100,-1,-1,-1,-1,-1,0,0.6,1.1,0,-1,0,1,1,1,1,1,1,1,1,1,1,1,1,1,1,1,1,1,1,-1,0,-1,0,-1,-1,-1,-1,[0|0|0|0|0|0|0|0|0|0|0|0],
46801930,Fallingstar Beast (Altus Plateau),0,0,[0|0|0],46800,1004,0,30,6,4,30000,0,1893,0,3000,-1,-1,5,5,0,-1,-1,4,-1,-1,5300,5360,7100,0,90400,0,0,-1,0,0,0,0,0,-1,-1,-1,-1,-1,-1,90,3000,3001,3002,3003,3004,3005,3006,3007,702,703,701,-1,0,1,1,1,1,1,1,1,1,1.5,0.53846157,0,50,21,100,0,0,0,100,100,100,0,252,252,999,999,-1,-1,0,0,0,0,-1,-1,1,0,0,100,0,999,999,0,0,-1,10,0,13,0,0,7,13,60,110,110,1,0,0,0,0,0,0,0,0,0,1,0,2,17,7,0,0,1,1,0,0,1,0,0,0,0,0,0,0,0,0,0,0,1,1,1,1,0,0,0,0,0,0,0,0,0,0,0,1,1,1,1,1,0,0,0,0,0,0,0,0,0,0,0,0,0,0,0,0,0,0,0,6,4,0,1,0,0,0,1,1,0,0,100,19,999,4,112,112,139,139,117,139,90020,90030,90040,90300,90060,90100,0,-1,-1,0,0.4,0.65,0.65,0.65,0.65,0.8,0.8,0.8,0.8,0,0,0,-1,-1,256,2004,-1,400,30,999,0,0,4680,0,-1,5001,-1,-1,-1,-1,-1,-1,-1,-1,-1,-1,-1,-1,4301,0,2,1,0,0,1,1,1,0,0,-1,-1,0,0,0,0,0,0,-1,-1,-1,40,5,0,180,200,0.1,-1,-1,-1,-1,10,0,0,0,1,0,0,0,0,0,0,0,0,1,0,-1,-1,-1,-1,-1,-1,-1,-1,-1,0.1,0.4,-1,0,0,100,0.29,100,-1,-1,-1,-1,-1,0,0.6,1.1,0,-1,0,1,1,1,1,1,1,1,1,1,1,1,1,1,1,1,1,1,1,-1,0,-1,0,-1,-1,-1,-1,[0|0|0|0|0|0|0|0|0|0|0|0],
46801940,Fallingstar Beast (Sellia Tunnel),0,0,[0|0|0],46800,1004,0,30,6,4,30000,0,1893,0,3000,-1,-1,5,5,0,-1,-1,4,-1,-1,5300,5360,7070,0,90400,0,0,-1,0,0,0,0,0,-1,-1,-1,-1,-1,-1,90,3000,3001,3002,3003,3004,3005,3006,3007,702,703,701,-1,0,1,1,1,1,1,1,1,1,1.5,0.53846157,0,50,21,100,0,0,0,100,100,100,0,252,252,999,999,-1,-1,0,0,0,0,-1,-1,1,0,0,100,0,999,999,0,0,-1,10,0,13,0,0,7,13,60,110,110,1,0,0,0,0,0,0,0,0,0,1,0,2,17,7,0,0,1,1,0,0,1,0,0,0,0,0,0,0,0,0,0,0,1,1,1,1,0,0,0,0,0,0,0,0,0,0,0,1,1,1,1,1,0,0,0,0,0,0,0,0,0,0,0,0,0,0,0,0,0,0,0,6,4,0,1,0,0,0,0,1,0,0,100,1,999,4,112,112,139,139,117,139,90020,90030,90040,90300,90060,90100,0,-1,-1,0,0.4,0.65,0.65,0.65,0.65,0.8,0.8,0.8,0.8,0,0,0,-1,-1,256,2004,-1,300,30,999,0,0,4680,0,-1,5001,-1,-1,-1,-1,-1,-1,-1,-1,-1,-1,-1,-1,4301,0,2,1,0,0,1,1,1,0,0,-1,-1,0,0,0,0,0,0,-1,-1,-1,40,5,0,180,200,0.1,-1,-1,-1,-1,10,0,0,0,1,0,0,0,0,0,0,0,0,1,0,-1,-1,-1,-1,-1,-1,-1,-1,-1,0.1,0.4,-1,0,0,100,0.29,100,-1,-1,-1,-1,-1,0,0.6,1.1,0,-1,0,1,1,1,1,1,1,1,1,1,1,1,1,1,1,1,1,1,1,-1,0,-1,0,-1,-1,-1,-1,[0|0|0|0|0|0|0|0|0|0|0|0],
47500014,Godrick the Grafted (Stormveil Castle),0,0,[0|0|0],47500,1003,0,100,2,1.3,1500,0,3354,0,3000,-1,-1,10,0,0,-1,-1,1.3,-1,0,5333,5360,7040,0,90400,0,0,-1,0,0,0,0,0,-1,-1,-1,-1,-1,-1,25,3000,3001,3002,3003,3004,3005,3006,3007,3008,3009,6001,6000,0,1,1,1,1,1,1,1,1,1.5,0.61538464,0,50,21,100,0,0,0,100,100,100,0,154,154,154,999,-1,-1,0,0,0,0,-1,-1,1,0,0,100,0,154,999,0,0,-1,10,0,13,0,1,6,3,60,110,110,1,0,0,0,0,0,0,0,0,0,2,0,2,17,7,0,0,0,0,0,0,0,0,1,0,0,0,0,0,0,0,0,0,1,0,0,0,0,0,0,0,0,0,0,0,0,0,0,0,1,0,0,1,0,0,0,0,0,0,0,1,1,0,1,1,1,1,1,0,0,0,0,2,1.3,0,1,0,1,0,0,0,0,0,100,1,0,3,109,109,139,113,139,113,95000,90030,95010,5851,90060,90100,0,-1,-1,0,0,1,1,1,1,0.8,0.8,0.8,0.6,0,0,0,-1,-1,512,2003,-1,300,30,154,0,0,4750,5800,-1,14751,14770,14780,5016,-1,-1,-1,-1,-1,-1,-1,-1,-1,-1,0,-1,0,0,0,1,1,1,0,0,-1,-1,0,0,0,0,0,0,-1,-1,-1,0,0,0,180,-1,0.1,-1,-1,-1,-1,2.5,0,0,0,1,0,0,0,0,0,0,0,0,1,0,-1,-1,-1,-1,-1,-1,-1,-1,-1,0.1,0.4,-1,0,0,105,0.29,100,3003,-1,5003,6003,-1,0,0.5,0.6,0,-1,0,1,1,1,1,1,1,1,1,1,1,1,1,1,1,1,1,1,1,-1,0,-1,0,-1,-1,-1,-1,[0|0|0|0|0|0|0|0|0|0|0|0],
47500030,Godefroy the Grafted (Altus),0,0,[0|0|0],47500,1003,0,100,2,1.3,1500,0,3354,0,3000,-1,-1,10,0,0,-1,-1,1.3,-1,0,5333,5360,7100,0,90400,0,0,-1,0,0,0,0,0,-1,-1,-1,-1,-1,-1,25,3000,3001,3002,3003,3004,3005,3006,3007,3008,3009,6001,6000,0,1,1,1,1,1,1,1,1,1.5,0.61538464,0,50,21,100,0,0,0,100,100,100,0,154,154,154,999,-1,-1,0,0,0,0,-1,-1,1,0,0,100,0,154,999,0,0,-1,10,0,13,0,1,6,3,60,110,110,1,0,0,0,0,0,0,0,0,0,2,0,2,17,7,0,0,0,0,0,0,0,0,1,0,0,0,0,0,0,0,0,0,1,0,0,0,0,0,0,0,0,0,0,0,0,0,0,0,1,0,0,1,0,0,0,0,0,0,0,1,1,0,1,1,1,1,1,0,0,0,0,2,1.3,0,1,0,1,0,0,0,0,0,100,1,0,3,109,109,139,113,139,113,95000,90030,95010,5851,90060,90100,0,-1,-1,0,0,1,1,1,1,0.8,0.8,0.8,0.6,0,0,0,-1,-1,512,2003,-1,300,30,154,0,0,4750,5800,-1,14751,14770,-1,5016,-1,-1,-1,-1,-1,-1,-1,-1,-1,-1,0,-1,0,0,0,1,1,1,0,0,-1,-1,0,0,0,0,0,0,-1,-1,-1,0,0,0,180,-1,0.1,-1,-1,-1,-1,2.5,0,0,0,1,0,0,0,0,0,0,0,0,1,0,-1,-1,-1,-1,-1,-1,-1,-1,-1,0.1,0.4,-1,0,0,105,0.29,100,3003,-1,5003,6003,-1,0,0.5,0.6,0,-1,0,1,1,1,1,1,1,1,1,1,1,1,1,1,1,1,1,1,1,-1,0,-1,0,-1,-1,-1,-1,[0|0|0|0|0|0|0|0|0|0|0|0],
47509000,Godrick the Grafted,0,0,[0|0|0],47500,1003,0,100,2.6,1.3,1500,0,2560,0,3000,-1,-1,10,0,0,-1,-1,1.3,-1,0,5333,5360,0,7755,0,0,0,-1,0,0,0,0,0,-1,-1,-1,-1,-1,-1,25,3000,3001,3002,3003,3004,3005,3006,3007,3008,3009,6001,6000,0,1,1,1,1,1,1,1,1,1.3,0.61538464,0,50,21,100,0,0,0,100,100,100,0,154,154,154,999,-1,-1,0,0,0,0,-1,-1,1,0,0,100,0,154,999,0,0,-1,10,0,13,0,0,6,3,60,110,110,1,0,0,0,0,0,0,0,0,0,2,0,2,17,7,0,0,0,0,0,0,0,0,1,0,0,0,0,0,0,0,0,0,1,0,0,0,0,0,0,0,0,0,0,0,0,0,0,0,1,0,0,1,0,0,0,0,0,0,0,1,1,0,1,1,1,1,1,0,0,0,0,2.6,1.3,0,0,0,1,0,0,0,0,0,100,1,0,3,109,109,139,113,139,113,0,90030,0,5851,90060,90100,0,-1,-1,0,0,1,1,1,1,0.8,0.8,0.8,0.6,0,0,0,-1,-1,512,2003,-1,0,30,154,0,0,4750,5800,-1,14751,14770,14780,5016,-1,-1,-1,-1,-1,-1,-1,700500,-1,-1,0,-1,0,0,0,1,1,1,0,0,-1,-1,0,0,0,0,0,0,-1,-1,-1,0,0,0,180,-1,0.1,-1,-1,-1,-1,10,0,0,0,1,0,0,0,0,0,0,0,0,1,0,-1,-1,-1,-1,-1,-1,-1,-1,-1,0.1,0.4,-1,0,0,105,0.29,100,3003,-1,5003,6003,-1,0,0.5,0.6,0,-1,0,1,1,1,1,1,1,1,1,1,1,1,1,1,1,1,1,1,1,-1,0,-1,0,113140,-1,-1,-1,[205|204|76|63|0|0|0|0|0|0|0|0],
47700034,Gargoyle (Leyndell - Royal Capital),0,0,[0|0|0],47700,-1,0,30,8,1.5,100,0,1745,0,3000,477000000,-1,10,5,0,-1,-1,1.5,-1,0,5300,5360,7100,0,0,90000,90010,-1,0,0,0,0,0,-1,-1,-1,-1,-1,-1,1000,3000,3001,3002,3003,3004,3005,3006,3007,3008,3009,6001,6000,0,1.5,1,1,1,1,1,1,1,1.5,0.6923077,0,50,21,100,0,0,0,100,100,100,0,999,999,999,999,-1,-1,0,0,0,0,-1,-1,1,0,0,0,0,999,999,0,0,-1,10,0,13,0,0,7,3,70,117,117,1,0,0,0,0,0,0,0,0,0,1,0,2,17,7,0,0,0,0,0,0,0,0,0,1,1,1,0,0,0,0,0,0,0,0,0,0,0,1,0,0,0,0,0,0,0,0,0,1,1,0,0,1,0,0,0,0,0,0,0,0,0,0,0,0,0,0,0,0,0,0,0,8,1.5,0,0,0,1,0,0,0,0,0,100,1,0,3,117,117,139,139,139,139,90020,90030,90040,90300,90060,90100,0,5262,-1,0,0,0.9,0.65,1,0.65,0.8,0.6,0.6,0.6,0,0,0,-1,-1,512,-1,-1,200,30,999,0,0,4770,5800,17642,5001,-1,-1,17630,-1,-1,-1,17628,5815,5481,-1,-1,-1,-1,0,2,0,0,0,1,1,1,0,0,-1,-1,0,0,0,0,0,0,-1,-1,-1,0,0,0,180,100,0.1,-1,-1,-1,-1,10,0,0,0,1,0,0,0,0,0,0,0,0,1,0,-1,-1,-1,-1,-1,-1,-1,-1,-1,0.1,0.4,-1,0,0,110,0.29,100,-1,-1,-1,-1,-1,0,0.8,1.1,0,-1,0,1,1,1,1,1,1,1,1,1,1,1,1,1,1,1,1,1,1,-1,0,-1,0,-1,-1,-1,-1,[0|0|0|0|0|0|0|0|0|0|0|0],
47700165,Valiant Gargoyle (Twinblade) (Nokron),0,0,[0|0|0],47700,-1,0,30,8,1.5,100,0,1745,0,3000,-1,-1,10,5,0,-1,-1,1.5,-1,0,5300,5360,7090,0,90400,90000,90010,-1,0,0,0,0,0,-1,-1,-1,-1,-1,-1,1000,3000,3001,3002,3003,3004,3005,3006,3007,3008,3009,6001,6000,0,1.5,1,1,1,1,1,1,1,1.5,0.6923077,0,50,21,100,0,0,0,100,100,100,0,999,999,999,999,-1,-1,0,0,0,0,-1,-1,1,0,0,0,0,999,999,0,0,-1,10,0,13,0,0,6,3,70,117,117,1,0,0,0,0,0,0,0,0,0,1,0,2,17,7,0,0,0,0,0,0,0,0,0,1,1,1,0,0,0,0,0,0,0,0,0,0,0,1,0,0,0,0,0,0,0,0,0,1,1,1,0,1,0,0,0,0,0,0,0,0,0,0,0,0,0,0,0,0,0,0,0,8,1.5,0,1,0,1,0,0,0,0,0,100,1,0,3,117,117,139,139,139,139,90020,90030,90040,90300,90060,90100,0,-1,-1,0,0,0.9,0.65,1,0.65,0.8,0.6,0.6,0.6,0,0,0,-1,-1,512,-1,-1,300,30,999,0,0,4770,5800,17642,5001,-1,17645,17630,-1,-1,-1,17628,5815,5481,-1,-1,-1,4301,0,2,0,0,0,1,1,1,0,0,-1,-1,0,0,0,0,0,0,-1,-1,-1,0,0,0,180,100,0.1,-1,-1,-1,-1,10,0,0,0,1,0,0,0,0,0,0,0,0,1,0,-1,-1,20900,-1,-1,-1,-1,-1,-1,0.1,0.4,-1,0,0,110,0.29,100,-1,-1,-1,-1,-1,0,0.8,1.1,0,-1,0,1,1,1,1,1,1,1,1,1,1,1,1,1,1,1,1,1,1,-1,0,-1,0,-1,-1,-1,-1,[0|0|0|0|0|0|0|0|0|0|0|0],
47700250,Black Blade Kindred (Forbidden Lands),0,0,[0|0|0],47700,-1,0,30,8,1.5,100,0,1745,0,3000,-1,-1,10,5,0,-1,-1,1.5,-1,0,5300,5360,7120,0,90400,90000,90010,-1,0,0,0,0,0,-1,-1,-1,-1,-1,-1,1000,3000,3001,3002,3003,3004,3005,3006,3007,3008,3009,6001,6000,0,1.5,1,1,1,1,1,1,1,1.5,0.6923077,0,50,21,100,0,0,0,100,100,100,0,999,999,999,999,-1,-1,0,0,0,0,-1,-1,1,0,0,0,0,999,999,0,0,-1,10,0,13,0,0,7,3,70,117,117,1,0,0,0,0,0,0,0,0,0,1,0,2,17,7,0,0,0,0,0,0,0,0,0,1,1,1,0,0,0,0,0,0,0,0,0,0,0,1,0,0,0,0,0,0,0,0,0,1,1,0,0,1,0,0,0,0,0,0,0,0,0,0,0,0,0,0,0,0,0,0,0,8,1.5,0,1,0,1,0,1,0,0,0,100,16,0,3,117,117,139,139,139,139,90020,90030,90040,90300,90060,90100,0,-1,-1,0,0,0.9,0.65,1,0.65,0.8,0.6,0.6,0.2,0,0,0,-1,-1,512,-1,-1,400,30,999,0,0,4770,5800,17642,5001,-1,-1,17630,-1,-1,17646,17628,5815,5481,-1,-1,-1,4301,0,2,0,0,0,1,1,1,0,0,-1,-1,0,0,0,0,0,0,-1,-1,-1,0,0,0,180,100,0.1,-1,-1,-1,-1,10,0,0,0,1,0,0,0,0,0,0,0,0,1,0,-1,-1,20905,20906,20907,20908,20909,-1,-1,0.1,0.4,-1,0,0,110,0.29,100,-1,-1,-1,-1,-1,0,0.8,1.1,0,-1,0,1,1,1,1,1,1,1,1,1,1,1,1,1,1,1,1,1,1,-1,0,-1,0,-1,-1,-1,-1,[0|0|0|0|0|0|0|0|0|0|0|0],
47701165,Valiant Gargoyle (Nokron),0,0,[0|0|0],47700,-1,0,30,8,1.5,100,0,1745,0,3000,-1,-1,10,5,0,-1,-1,1.5,-1,0,5300,5360,7090,0,90400,90000,90010,-1,0,0,0,0,0,-1,-1,-1,-1,-1,-1,1000,3000,3001,3002,3003,3004,3005,3006,3007,3008,3009,6001,6000,0,1.5,1,1,1,1,1,1,1,1.5,0.6923077,0,50,21,100,0,0,0,100,100,100,0,999,999,999,999,-1,-1,0,0,0,0,-1,-1,1,0,0,0,0,999,999,0,0,-1,10,0,13,0,0,6,3,70,117,117,1,0,0,0,0,0,0,0,0,0,1,0,2,17,7,0,0,0,0,0,0,0,0,0,0,0,0,0,0,0,1,1,1,0,0,0,0,0,1,0,0,0,0,0,0,0,0,0,1,1,1,0,1,0,0,0,0,0,0,0,0,0,0,0,0,0,0,0,0,0,0,0,8,1.5,0,1,0,1,0,0,0,0,0,100,1,0,3,117,117,139,139,139,139,90020,90030,90040,90300,90060,90100,0,-1,-1,0,0,0.9,0.65,1,0.65,0.8,0.6,0.6,0.6,0,0,0,-1,-1,512,-1,-1,300,30,999,0,0,4770,5800,17640,5001,-1,17645,17630,-1,-1,-1,17628,5815,5481,-1,-1,-1,4301,0,2,0,0,0,1,1,1,0,0,-1,-1,0,0,0,0,0,0,-1,-1,-1,0,0,0,180,100,0.1,-1,-1,-1,-1,10,0,0,0,1,0,0,0,0,0,0,0,0,1,0,-1,-1,20900,-1,-1,-1,-1,-1,-1,0.1,0.4,-1,0,0,110,0.29,100,-1,-1,-1,-1,-1,0,0.8,1.1,0,-1,0,1,1,1,1,1,1,1,1,1,1,1,1,1,1,1,1,1,1,-1,0,-1,0,-1,-1,-1,-1,[0|0|0|0|0|0|0|0|0|0|0|0],
47701242,Black Blade Kindred (Dragonbarrow - Bestial Sanctum),0,0,[0|0|0],47700,-1,0,30,8,1.5,100,0,1745,0,3000,-1,-1,10,5,0,-1,-1,1.5,-1,0,5300,5360,7170,0,90400,90000,90010,-1,0,0,0,0,0,-1,-1,-1,-1,-1,-1,1000,3000,3001,3002,3003,3004,3005,3006,3007,3008,3009,6001,6000,0,1.5,1,1,1,1,1,1,1,1.5,0.6923077,0,50,21,100,0,0,0,100,100,100,0,999,999,999,999,-1,-1,0,0,0,0,-1,-1,1,0,0,0,0,999,999,0,0,-1,10,0,13,0,0,7,3,70,117,117,1,0,0,0,0,0,0,0,0,0,1,0,2,17,7,0,0,0,0,0,0,0,0,0,0,0,0,0,0,0,1,1,1,0,0,0,0,0,1,0,0,0,0,0,0,0,0,0,1,1,0,0,1,0,0,0,0,0,0,0,0,0,0,0,0,0,0,0,0,0,0,0,8,1.5,0,1,0,1,0,1,0,0,0,100,16,0,3,117,117,139,139,139,139,90020,90030,90040,90300,90060,90100,0,-1,-1,0,0,0.9,0.65,1,0.65,0.8,0.6,0.6,0.2,0,0,0,-1,-1,512,-1,-1,400,30,999,0,0,4770,5800,17640,5001,-1,-1,17630,-1,-1,17646,17628,5815,5481,-1,-1,-1,4301,0,2,0,0,0,1,1,1,0,0,-1,-1,0,0,0,0,0,0,-1,-1,-1,0,0,0,180,100,0.1,-1,-1,-1,-1,10,0,0,0,1,0,0,0,0,0,0,0,0,1,0,-1,-1,20905,20906,20907,20908,20909,-1,-1,0.1,0.4,-1,0,0,110,0.29,100,-1,-1,-1,-1,-1,0,0.8,1.1,0,-1,0,1,1,1,1,1,1,1,1,1,1,1,1,1,1,1,1,1,1,-1,0,-1,0,-1,-1,-1,-1,[0|0|0|0|0|0|0|0|0|0|0|0],
47709910,Gargoyle (Greatsword) -Passive Battle State-,0,0,[0|0|0],47700,-1,0,30,8,1.5,100,0,1745,0,3000,-1,-1,10,5,0,-1,-1,1.5,-1,0,5300,5360,0,0,0,90000,90010,-1,0,0,0,0,0,-1,-1,-1,-1,-1,-1,1000,3000,3001,3002,3003,3004,3005,3006,3007,3008,3009,6001,6000,0,1.5,1,1,1,1,1,1,1,1.5,0.6923077,0,50,21,100,0,0,0,100,100,100,0,999,999,999,999,-1,-1,0,0,0,0,-1,-1,1,0,0,0,0,999,999,0,0,-1,10,0,13,0,1,6,3,70,117,117,1,0,0,0,0,0,0,0,0,0,1,0,2,17,7,0,0,0,0,0,0,0,0,0,0,0,0,0,0,0,1,1,1,0,0,0,0,0,1,0,0,0,0,0,0,0,0,0,1,1,0,0,1,0,0,0,0,0,0,0,0,0,0,0,0,0,0,0,0,0,0,0,8,1.5,0,0,0,1,0,0,0,0,0,100,1,0,3,117,117,139,139,139,139,90020,90030,90040,90300,90060,90100,0,5262,-1,0,0,0.9,0.65,1,0.65,0.8,0.6,0.6,0.6,0,0,0,-1,-1,512,-1,-1,200,30,999,0,0,4770,5800,17640,5001,-1,-1,17630,-1,17649,-1,17628,5815,5481,-1,-1,-1,-1,0,2,0,0,0,1,1,1,0,0,-1,-1,0,0,0,0,0,0,-1,-1,-1,0,0,0,180,100,0.1,-1,-1,-1,-1,10,0,0,0,1,0,0,0,0,0,0,0,0,1,0,-1,-1,20900,-1,-1,-1,-1,-1,-1,0.1,0.4,-1,0,0,110,0.29,100,-1,-1,-1,-1,-1,0,0.8,1.1,0,-1,0,1,1,1,1,1,1,1,1,1,1,1,1,1,1,1,1,1,1,-1,0,-1,0,-1,-1,-1,-1,[0|0|0|0|0|0|0|0|0|0|0|0],
48100012,Erdtree Avatar (Weeping Peninsula Boss),0,0,[0|0|0],48100,1003,0,30,4.6,1.8,480,0,1745,0,1500,-1,-1,10,5,0,-1,-1,2.5,-1,0,5300,5360,7040,0,90400,0,0,-1,0,0,0,0,0,-1,-1,-1,-1,-1,-1,25,3000,3001,3002,3003,3004,3005,3006,3007,702,703,701,-1,0,1,1,1,1,1,1,1,1,1.5,0.84615386,0,50,21,100,0,0,0,100,100,100,0,154,154,999,999,-1,-1,0,0,0,0,-1,-1,1,100,0,0,0,999,999,0,0,-1,10,0,13,0,0,7,3,40,139,139,1,0,0,0,0,0,0,0,0,0,1,0,2,17,7,0,0,0,0,0,0,0,0,1,1,0,0,0,0,0,0,0,0,0,0,0,0,0,0,0,0,0,0,0,0,0,0,0,1,1,1,0,1,0,0,0,0,0,0,0,0,0,0,0,0,0,0,0,0,0,0,0,4.6,1.8,0,1,0,0,0,1,0,0,0,100,18,999,3,128,128,139,139,139,139,90020,90030,95010,90300,90060,90100,0,-1,-1,0,0.4,0.9,0.9,1,0.9,0.8,1.4,0.8,0.6,0,0,0,-1,-1,512,2003,-1,400,30,112,0,0,4810,5001,-1,-1,-1,-1,-1,-1,-1,-1,-1,-1,-1,-1,-1,-1,4301,0,2,0,0,0,1,1,1,0,0,-1,-1,0,0,0,0,0,0,-1,-1,4810,0,0,0,180,100,0.1,-1,-1,-1,-1,10,0,0,0,1,0,0,0,0,0,0,0,0,1,0,-1,-1,-1,-1,-1,-1,-1,-1,-1,0.1,0.4,-1,0,0,120,0.29,100,-1,-1,5002,-1,-1,0,0.6,1,0,-1,0,1,1,1,1,1,1,1,1,1,1,1,1,1,1,1,1,1,1,-1,0,-1,0,-1,-1,-1,-1,[0|0|0|0|0|0|0|0|0|0|0|0],
48100040,Erdtree Avatar,0,0,[0|0|0],48100,1003,0,30,4.6,1.8,480,0,1745,0,1500,-1,-1,10,5,0,-1,-1,2.5,-1,0,5300,5360,7090,0,90400,0,0,-1,0,0,0,0,0,-1,-1,-1,-1,-1,-1,25,3000,3001,3002,3003,3004,3005,3006,3007,702,703,701,-1,0,1,1,1,1,1,1,1,1,1.5,0.84615386,0,50,21,100,0,0,0,100,100,100,0,154,154,999,999,-1,-1,0,0,0,0,-1,-1,1,100,0,0,0,999,999,0,0,-1,10,0,13,0,0,7,3,40,139,139,1,0,0,0,0,0,0,0,0,0,1,0,2,17,7,0,0,0,0,0,0,0,0,1,1,0,0,0,0,0,0,0,0,0,0,0,0,0,0,0,0,0,0,0,0,0,0,0,1,1,1,0,1,0,0,0,0,0,0,0,0,0,0,0,0,0,0,0,0,0,0,0,4.6,1.8,0,1,0,0,0,1,0,0,0,100,18,999,3,128,128,139,139,139,139,90020,90030,95010,90300,90060,90100,0,-1,-1,0,0.4,0.9,0.9,1,0.9,0.8,1.4,0.8,0.6,0,0,0,-1,-1,512,2003,-1,400,30,112,0,0,4810,5001,-1,-1,-1,-1,-1,-1,-1,-1,-1,-1,-1,-1,-1,-1,4301,0,2,0,0,0,1,1,1,0,0,-1,-1,0,0,0,0,0,0,-1,-1,4810,0,0,0,180,100,0.1,-1,-1,-1,-1,10,0,0,0,1,0,0,0,0,0,0,0,0,1,0,-1,-1,-1,-1,-1,-1,-1,-1,-1,0.1,0.4,-1,0,0,120,0.29,100,-1,-1,5002,-1,-1,0,0.6,1,0,-1,0,1,1,1,1,1,1,1,1,1,1,1,1,1,1,1,1,1,1,-1,0,-1,0,-1,-1,-1,-1,[0|0|0|0|0|0|0|0|0|0|0|0],
48100150,Erdtree Avatar (Giants Mountaintops),0,0,[0|0|0],48100,1003,0,30,4.6,1.8,480,0,1745,0,1500,-1,-1,10,5,0,-1,-1,2.5,-1,0,5300,5360,7140,0,90400,0,0,-1,0,0,0,0,0,-1,-1,-1,-1,-1,-1,25,3000,3001,3002,3003,3004,3005,3006,3007,702,703,701,-1,0,1,1,1,1,1,1,1,1,1.5,0.84615386,0,50,21,100,0,0,0,100,100,100,0,154,154,999,999,-1,-1,0,0,0,0,-1,-1,1,100,0,0,0,999,999,0,0,-1,10,0,13,0,0,33,3,40,139,139,1,0,0,0,0,0,0,0,0,0,1,0,2,17,7,0,0,0,0,0,0,0,0,1,1,0,0,0,0,0,0,0,0,0,0,0,0,0,0,0,0,0,0,0,0,0,0,0,1,1,1,0,1,0,0,0,0,0,0,0,0,0,0,0,0,0,0,0,0,0,0,0,4.6,1.8,0,1,0,0,0,1,0,0,0,100,18,999,3,128,128,139,139,139,139,90020,90030,95010,90300,90060,90100,0,-1,-1,0,0.4,0.9,0.9,1,0.9,0.8,1.4,0.8,0.6,0,0,0,-1,-1,512,2003,-1,400,30,112,0,0,4810,5001,17320,17333,-1,-1,-1,-1,-1,-1,-1,-1,-1,-1,-1,-1,4301,0,2,0,0,0,1,1,1,0,0,-1,-1,0,0,0,0,0,0,-1,-1,4810,0,0,0,180,100,0.1,-1,-1,-1,-1,10,0,0,0,1,0,0,0,0,0,0,0,0,1,0,-1,-1,-1,-1,-1,-1,-1,-1,-1,0.1,0.4,-1,0,0,120,0.29,100,-1,-1,5002,-1,-1,0,0.6,1,0,-1,0,1,1,1,1,1,1,1,1,1,1,1,1,1,1,1,1,1,1,-1,0,-1,0,-1,-1,-1,-1,[0|0|0|0|0|0|0|0|0|0|0|0],
48100920,Erdtree Avatar (South Liurnia),0,0,[0|0|0],48100,1003,0,30,4.6,1.8,480,0,1745,0,1500,-1,-1,10,5,0,-1,-1,2.5,-1,0,5300,5360,7080,0,90400,0,0,-1,0,0,0,0,0,-1,-1,-1,-1,-1,-1,25,3000,3001,3002,3003,3004,3005,3006,3007,702,703,701,-1,0,1,1,1,1,1,1,1,1,1.5,0.84615386,0,50,21,100,0,0,0,100,100,100,0,154,154,999,999,-1,-1,0,0,0,0,-1,-1,1,100,0,0,0,999,999,0,0,-1,10,0,13,0,0,7,3,40,139,139,1,0,0,0,0,0,0,0,0,0,1,0,2,17,7,0,0,0,0,0,0,0,0,1,1,0,0,0,0,0,0,0,0,0,0,0,0,0,0,0,0,0,0,0,0,0,0,0,1,1,1,0,1,0,0,0,0,0,0,0,0,0,0,0,0,0,0,0,0,0,0,0,4.6,1.8,0,1,0,0,0,1,0,0,0,100,18,999,3,128,128,139,139,139,139,90020,90030,95010,90300,90060,90100,0,-1,-1,0,0.4,0.9,0.9,1,0.9,0.8,1.4,0.8,0.6,0,0,0,-1,-1,512,2003,-1,400,30,112,0,0,4810,5001,-1,-1,-1,-1,-1,-1,-1,-1,-1,-1,-1,-1,-1,-1,4301,0,2,0,0,0,1,1,1,0,0,-1,-1,0,0,0,0,0,0,-1,-1,4810,0,0,0,180,100,0.1,-1,-1,-1,-1,10,0,0,0,1,0,0,0,0,0,0,0,0,1,0,-1,-1,-1,-1,-1,-1,-1,-1,-1,0.1,0.4,-1,0,0,120,0.29,100,-1,-1,5002,-1,-1,0,0.6,1,0,-1,0,1,1,1,1,1,1,1,1,1,1,1,1,1,1,1,1,1,1,-1,0,-1,0,-1,-1,-1,-1,[0|0|0|0|0|0|0|0|0|0|0|0],
48109990,Erdtree Avatar,0,0,[0|0|0],48100,1003,0,30,4.6,1.8,480,0,1745,0,1500,-1,-1,10,5,0,-1,-1,2.5,-1,0,5300,5360,0,0,0,0,0,-1,0,0,0,0,0,-1,-1,-1,-1,-1,-1,25,3000,3001,3002,3003,3004,3005,3006,3007,702,703,701,-1,0,1,1,1,1,1,1,1,1,1.5,0.84615386,0,50,21,100,0,0,0,100,100,100,0,154,154,999,999,-1,-1,0,0,0,0,-1,-1,1,100,0,0,0,999,999,0,0,-1,10,0,13,0,0,33,3,40,139,139,1,0,0,0,0,0,0,0,0,0,1,0,2,17,7,0,0,0,0,0,0,0,0,1,1,0,0,0,0,0,0,0,0,0,0,0,0,0,0,0,0,0,0,0,0,0,0,0,0,1,1,0,1,0,0,0,0,0,0,0,0,0,0,0,0,0,0,0,0,0,0,0,4.6,1.8,0,0,0,0,0,0,0,0,0,100,1,999,3,128,128,139,139,139,139,90020,90030,0,90300,90060,90100,0,5262,-1,0,0.4,0.9,0.9,1,0.9,0.8,1.4,0.8,0.6,0,0,0,-1,-1,512,2003,-1,200,30,112,0,0,4810,5001,17320,-1,-1,-1,-1,-1,-1,-1,-1,-1,-1,-1,-1,-1,-1,0,2,0,0,0,1,1,1,0,0,-1,-1,0,0,0,0,0,0,-1,-1,4810,0,0,0,180,100,0.1,-1,-1,-1,-1,10,0,0,0,1,0,0,0,0,0,0,0,0,1,0,-1,-1,-1,-1,-1,-1,-1,-1,-1,0.1,0.4,-1,0,0,120,0.29,100,-1,-1,5002,-1,-1,0,0.5,0.6,0,-1,0,1,1,1,1,1,1,1,1,1,1,1,1,1,1,1,1,1,1,-1,0,-1,0,-1,-1,-1,-1,[0|0|0|0|0|0|0|0|0|0|0|0],
48109991,Erdtree Avatar,0,0,[0|0|0],48100,1003,0,30,4.6,1.8,480,0,1745,0,1500,-1,-1,10,5,0,-1,-1,2.5,-1,0,5300,5360,0,0,0,0,0,-1,0,0,0,0,0,-1,-1,-1,-1,-1,-1,25,3000,3001,3002,3003,3004,3005,3006,3007,702,703,701,-1,0,1,1,1,1,1,1,1,1,1.5,0.84615386,0,50,21,100,0,0,0,100,100,100,0,154,154,999,999,-1,-1,0,0,0,0,-1,-1,1,100,0,0,0,999,999,0,0,-1,10,0,13,0,0,33,3,40,139,139,1,0,0,0,0,0,0,0,0,0,1,0,2,17,7,0,0,0,0,0,0,0,0,1,1,0,0,0,0,0,0,0,0,0,0,0,0,0,0,0,0,0,0,0,0,0,0,0,0,1,1,0,1,0,0,0,0,0,0,0,0,0,0,0,0,0,0,0,0,0,0,0,4.6,1.8,0,0,0,0,0,0,0,0,0,100,1,999,3,128,128,139,139,139,139,90020,90030,0,90300,90060,90100,0,5262,-1,0,0.4,0.9,0.9,1,0.9,0.8,1.4,0.8,0.6,0,0,0,-1,-1,512,2003,-1,200,30,112,0,0,4810,5001,17321,-1,-1,-1,-1,-1,-1,-1,-1,-1,-1,-1,-1,-1,-1,0,2,0,0,0,1,1,1,0,0,-1,-1,0,0,0,0,0,0,-1,-1,4810,0,0,0,180,100,0.1,-1,-1,-1,-1,10,0,0,0,1,0,0,0,0,0,0,0,0,1,0,-1,-1,-1,-1,-1,-1,-1,-1,-1,0.1,0.4,-1,0,0,120,0.29,100,-1,-1,5002,-1,-1,0,0.5,0.6,0,-1,0,1,1,1,1,1,1,1,1,1,1,1,1,1,1,1,1,1,1,-1,0,-1,0,-1,-1,-1,-1,[0|0|0|0|0|0|0|0|0|0|0|0],
48109992,Erdtree Avatar,0,0,[0|0|0],48100,1003,0,30,4.6,1.8,480,0,1745,0,1500,-1,-1,10,5,0,-1,-1,2.5,-1,0,5300,5360,0,0,0,0,0,-1,0,0,0,0,0,-1,-1,-1,-1,-1,-1,25,3000,3001,3002,3003,3004,3005,3006,3007,702,703,701,-1,0,1,1,1,1,1,1,1,1,1.5,0.84615386,0,50,21,100,0,0,0,100,100,100,0,154,154,999,999,-1,-1,0,0,0,0,-1,-1,1,100,0,0,0,999,999,0,0,-1,10,0,13,0,0,33,3,40,139,139,1,0,0,0,0,0,0,0,0,0,1,0,2,17,7,0,0,0,0,0,0,0,0,1,1,0,0,0,0,0,0,0,0,0,0,0,0,0,0,0,0,0,0,0,0,0,0,0,0,1,1,0,1,0,0,0,0,0,0,0,0,0,0,0,0,0,0,0,0,0,0,0,4.6,1.8,0,0,0,0,0,0,0,0,0,100,1,999,3,128,128,139,139,139,139,90020,90030,0,90300,90060,90100,0,5262,-1,0,0.4,0.9,0.9,1,0.9,0.8,1.4,0.8,0.6,0,0,0,-1,-1,512,2003,-1,200,30,112,0,0,4810,5001,17322,-1,-1,-1,-1,-1,-1,-1,-1,-1,-1,-1,-1,-1,-1,0,2,0,0,0,1,1,1,0,0,-1,-1,0,0,0,0,0,0,-1,-1,4810,0,0,0,180,100,0.1,-1,-1,-1,-1,10,0,0,0,1,0,0,0,0,0,0,0,0,1,0,-1,-1,-1,-1,-1,-1,-1,-1,-1,0.1,0.4,-1,0,0,120,0.29,100,-1,-1,5002,-1,-1,0,0.5,0.6,0,-1,0,1,1,1,1,1,1,1,1,1,1,1,1,1,1,1,1,1,1,-1,0,-1,0,-1,-1,-1,-1,[0|0|0|0|0|0|0|0|0|0|0|0],
49100026,Magma Wyrm Makar (Boss),0,0,[0|0|0],49100,1004,0,70,8,4.5,200,0,2968,0,1500,-1,-1,0,5,0,-1,-1,1.5,-1,5400,5300,5360,7070,0,90400,0,0,-1,0,0,0,0,0,240,90,-1,-1,-1,-1,60,3000,3001,3002,3003,3004,3005,3006,3007,3008,3009,6001,6000,0,1,1,1,1,1,1,1,1,1.5,0.84615386,0,50,21,100,0,0,0,100,100,100,0,252,252,252,999,-1,-1,0,0,0,0,-1,-1,1,0,0,0,0,112,999,0,0,-1,10,0,14,0,0,7,13,60,111,111,1,0,2,0,0,0,0,0,0,0,1,0,2,17,7,0,0,0,0,0,0,1,0,1,0,0,0,0,0,0,0,0,0,0,0,0,0,0,0,0,0,0,0,0,0,1,0,0,1,1,1,0,1,0,0,0,0,0,0,0,0,0,0,0,0,0,0,0,0,0,0,0,8,3,0,1,0,1,0,0,0,0,0,100,1,0,4,109,109,139,139,139,108,95000,90030,95010,5851,90060,90100,0,-1,-1,0,0.4,0.9,0.65,0.9,0.9,0.6,0.2,0.6,0.6,0,0,0,-1,-1,512,2004,-1,300,0,542,0,0,4910,11320,11324,8043,5800,5020,-1,-1,11328,5890,-1,-1,-1,-1,-1,469,4301,0,2,1,0,0,1,1,1,0,0,-1,-1,0,0,0,0,0,0,-1,-1,-1,30,30,0,180,200,0.05,-1,-1,-1,-1,10,0,0,0,1,0,0,0,0,0,0,0,0,1,0,-1,-1,-1,-1,-1,-1,-1,-1,-1,0.1,0.4,-1,0,0,120,0.29,100,3004,-1,5005,6002,-1,0,0.8,1.3,0,-1,0,1,1,1,1,1,1,1,1,1,1,1,1,1,1,1,1,1,1,-1,0,-1,0,-1,-1,-1,-1,[0|0|0|0|0|0|0|0|0|0|0|0],
49100032,Magma Wyrm (Lava Lake Boss),0,0,[0|0|0],49100,1004,0,70,8,6,200,0,2968,0,1500,-1,-1,0,5,0,-1,-1,1.5,-1,5400,5300,5360,7110,0,90400,0,0,-1,0,0,0,0,0,240,90,-1,-1,-1,-1,60,3000,3001,3002,3003,3004,3005,3006,3007,3008,3009,6001,6000,0,1,1,1,1,1,1,1,1,1.5,0.84615386,0,50,21,100,0,0,0,100,100,100,0,252,252,252,999,-1,-1,0,0,0,0,-1,-1,1,0,0,0,0,112,999,0,0,-1,10,0,14,0,0,7,13,60,111,111,1,0,2,0,0,0,0,0,0,0,1,0,2,17,7,0,0,0,0,0,0,1,0,1,0,0,0,0,0,0,0,0,0,0,0,0,0,0,0,0,0,0,0,0,0,1,0,0,1,1,0,0,1,0,0,0,0,0,0,0,0,0,0,0,0,0,0,0,0,0,0,0,8,3,0,1,0,1,0,1,0,0,0,100,5,0,4,109,109,139,139,139,108,95000,90030,95010,5851,90060,90100,0,-1,-1,0,0.4,0.9,0.65,0.9,0.9,0.6,0,0.6,0.6,0,0,0,-1,-1,512,2004,-1,400,0,542,0,0,4910,11320,11324,8043,5800,5020,-1,-1,11328,5890,-1,-1,-1,-1,-1,469,4301,0,2,1,0,0,1,1,1,0,0,-1,-1,0,0,0,0,0,0,-1,-1,-1,30,30,0,180,200,0.05,-1,-1,-1,-1,10,0,0,0,1,0,0,0,0,0,0,0,0,1,0,-1,-1,-1,-1,-1,-1,-1,-1,-1,0.1,0.4,-1,0,0,120,0.29,100,3004,-1,5005,6002,-1,0,0.8,1.3,0,-1,0,1,1,1,1,1,1,1,1,1,1,1,1,1,1,1,1,1,1,-1,0,-1,0,-1,-1,-1,-1,[0|0|0|0|0|0|0|0|0|0|0|0],
49100940,Magma Wyrm (Gael Tunnel Boss),0,0,[0|0|0],49100,1004,0,70,8,6,200,0,2968,0,1500,-1,-1,0,5,0,-1,-1,1.5,-1,5400,5300,5360,7070,0,90400,0,0,-1,0,0,0,0,0,240,90,-1,-1,-1,-1,60,3000,3001,3002,3003,3004,3005,3006,3007,3008,3009,6001,6000,0,1,1,1,1,1,1,1,1,1.5,0.84615386,0,50,21,100,0,0,0,100,100,100,0,252,252,252,999,-1,-1,0,0,0,0,-1,-1,1,0,0,0,0,112,999,0,0,-1,10,0,14,0,0,7,13,60,111,111,1,0,2,0,0,0,0,0,0,0,1,0,2,17,7,0,0,0,0,0,0,1,0,1,0,0,0,0,0,0,0,0,0,0,0,0,0,0,0,0,0,0,0,0,0,1,0,0,1,1,0,0,1,0,0,0,0,0,0,0,0,0,0,0,0,0,0,0,0,0,0,0,8,3,0,1,0,1,0,0,0,0,0,100,1,0,4,109,109,139,139,139,108,95000,90030,95010,5851,90060,90100,0,-1,-1,0,0.4,0.9,0.65,0.9,0.9,0.6,0.2,0.6,0.6,0,0,0,-1,-1,512,2004,-1,300,0,542,0,0,4910,11320,11324,8043,5800,-1,-1,-1,11328,5890,-1,-1,-1,-1,-1,469,4301,0,2,1,0,0,1,1,1,0,0,-1,-1,0,0,0,0,0,0,-1,-1,-1,30,30,0,180,200,0.05,-1,-1,-1,-1,10,0,0,0,1,0,0,0,0,0,0,0,0,1,0,-1,-1,-1,-1,-1,-1,-1,-1,-1,0.1,0.4,-1,0,0,120,0.29,100,3004,-1,5005,6002,-1,0,0.8,1.3,0,-1,0,1,1,1,1,1,1,1,1,1,1,1,1,1,1,1,1,1,1,-1,0,-1,0,-1,-1,-1,-1,[0|0|0|0|0|0|0|0|0|0|0|0],
49110052,Great Wyrm Theodorix (Boss),0,0,[0|0|0],49100,1004,0,70,8,6,200,0,3561,0,3000,-1,-1,0,5,0,-1,-1,2,-1,5400,5300,5360,7180,0,90400,0,0,-1,0,0,0,0,0,240,90,-1,-1,-1,-1,60,3000,3001,3002,3003,3004,3005,3006,3007,3008,3009,6001,6000,0,1,1,1,1,1,1,1,1,1.5,0.84615386,0,50,21,100,0,0,0,100,100,100,0,252,252,252,999,-1,-1,0,0,0,0,-1,-1,1,0,0,0,0,112,999,0,0,-1,10,0,14,0,0,24,13,60,111,111,1,0,2,0,0,0,0,0,0,0,1,0,2,17,7,0,0,0,0,0,0,1,0,1,0,0,0,0,0,0,0,0,0,0,0,0,0,0,0,0,0,0,0,0,0,1,0,0,1,1,0,0,1,0,0,0,0,0,0,0,0,0,0,0,0,0,0,0,0,0,0,0,8,3,0,1,0,1,0,1,0,0,0,100,5,0,4,109,109,139,139,139,108,95000,90030,95010,5851,90060,90100,0,-1,-1,0,0.4,0.9,0.65,0.9,0.9,0.6,0.2,0.6,0.6,0,0,0,-1,-1,512,2004,-1,400,0,542,0,0,4910,11320,11324,8043,5800,5020,5021,11326,11329,5890,-1,-1,-1,-1,-1,469,4301,0,2,1,0,0,1,1,1,0,0,-1,-1,0,0,0,0,0,0,-1,-1,4910,30,30,0,180,200,0.05,-1,-1,4910,-1,10,0,0,0,1,0,0,0,0,0,0,0,0,1.3,0,-1,-1,-1,-1,-1,-1,-1,-1,-1,0.1,0.4,-1,0,0,120,0.29,100,3004,-1,5005,6002,-1,0,0.9,1.4,0,-1,0,1,1,1,1,1,1,1,1,1,1,1,1,1,1,1,1,1,1,-1,0,-1,0,-1,-1,-1,-1,[0|0|0|0|0|0|0|0|0|0|0|0],
49500020,Tibia Mariner (Boss),0,0,[0|0|0],49500,-1,0,70,4,1.5,200,0,1918,0,3000,-1,-1,-1,3,0,-1,-1,1.5,-1,0,15330,0,7080,0,90400,90000,0,-1,0,0,0,0,0,-1,-1,-1,-1,-1,-1,29,3000,3001,3002,3003,3004,3005,3006,3007,3008,3009,6001,6000,0,1,1,1,1,1,1,1,1,1.5,0.23076923,0,50,21,100,0,0,0,100,100,100,0,999,154,999,999,-1,-1,0,0,0,0,-1,-1,1,0,0,0,0,999,999,0,0,-1,10,0,14,0,0,7,13,40,124,117,0,0,0,0,0,0,0,0,0,0,0,0,0,17,7,0,0,0,0,0,0,1,0,1,0,0,0,0,0,0,0,0,0,0,0,0,0,0,0,0,0,0,0,0,0,0,0,0,1,1,0,0,1,0,0,0,0,0,0,0,0,0,0,0,0,0,0,0,0,0,0,0,4,1.5,0,1,0,1,0,1,0,0,0,100,24,0,1,124,117,139,113,139,113,90020,90030,90040,90300,90060,90100,0,-1,-1,0,0.4,0.9,0.9,1.4,0.65,0.8,0.8,0.6,1.4,0,0,0,-1,-1,512,2003,-1,400,0,999,0,0,4950,15319,-1,-1,-1,-1,-1,-1,-1,-1,-1,-1,-1,-1,-1,-1,4301,0,2,0,0,0,1,1,1,0,0,-1,-1,0,0,0,0,0,0,-1,-1,4950,30,0,0,180,300,0.1,-1,-1,-1,-1,1.8,0,0,0,1,0,0,0,0,0,0,0,0,1,0,-1,-1,-1,-1,-1,-1,-1,-1,-1,0.1,0.4,-1,0,0,80,0.29,100,-1,-1,-1,-1,-1,0,0.5,0.6,0,-1,0,1,1,1,1,1,1,1,1,1,1,1,1,1,1,1,1,1,1,-1,0,-1,0,-1,-1,-1,-1,[0|0|0|0|0|0|0|0|0|0|0|0],
49500032,Tibia Mariner (Boss),0,0,[0|0|0],49500,-1,0,70,4,1.5,200,0,1918,0,3000,-1,-1,-1,3,0,-1,-1,1.5,-1,0,15330,0,7110,0,90400,90000,0,-1,0,0,0,0,0,-1,-1,-1,-1,-1,-1,29,3000,3001,3002,3003,3004,3005,3006,3007,3008,3009,6001,6000,0,1,1,1,1,1,1,1,1,1.5,0.23076923,0,50,21,100,0,0,0,100,100,100,0,999,154,999,999,-1,-1,0,0,0,0,-1,-1,1,0,0,0,0,999,999,0,0,-1,10,0,14,0,0,33,13,40,124,117,0,0,0,0,0,0,0,0,0,0,0,0,0,17,7,0,0,0,0,0,0,1,0,1,0,0,0,0,0,0,0,0,0,0,0,0,0,0,0,0,0,0,0,0,0,0,0,0,1,1,0,0,1,0,0,0,0,0,0,0,0,0,0,0,0,0,0,0,0,0,0,0,4,1.5,0,1,0,1,0,1,0,0,0,100,24,0,1,124,117,139,113,139,113,90020,90030,90040,90300,90060,90100,0,-1,-1,0,0.4,0.9,0.9,1.4,0.65,0.8,0.8,0.6,1.4,0,0,0,-1,-1,512,2003,-1,400,0,999,0,0,4950,15319,-1,-1,-1,-1,-1,-1,-1,-1,-1,-1,-1,-1,-1,-1,4301,0,2,0,0,0,1,1,1,0,0,-1,-1,0,0,0,0,0,0,-1,-1,4950,30,0,0,180,300,0.1,-1,-1,-1,-1,1.8,0,0,0,1,0,0,0,0,0,0,0,0,1,0,-1,-1,-1,-1,-1,-1,-1,-1,-1,0.1,0.4,-1,0,0,80,0.29,100,-1,-1,-1,-1,-1,0,0.5,0.6,0,-1,0,1,1,1,1,1,1,1,1,1,1,1,1,1,1,1,1,1,1,-1,0,-1,0,-1,-1,-1,-1,[0|0|0|0|0|0|0|0|0|0|0|0],
49800012,Death Bird (Weeping Peninsula),0,0,[0|0|0],49800,-1,0,30,8,3,200,0,2079,0,3000,-1,-1,10,5,0,-1,-1,3,-1,0,5300,0,7040,0,90400,90000,0,-1,0,0,0,0,0,-1,-1,-1,-1,-1,-1,1000,3000,3001,3002,3003,3004,3005,3006,3007,3008,3009,6001,6000,0,1,1,1,1,1,1,1,1,1.5,0.84615386,0,50,21,100,0,0,0,100,100,100,0,999,252,999,999,-1,-1,0,0,0,0,-1,-1,1,0,0,90,0,999,999,0,0,-1,10,0,14,0,1,7,3,40,110,110,1,0,0,0,0,0,0,0,0,0,1,0,2,17,7,0,0,0,0,0,0,1,0,1,0,0,0,0,0,0,0,0,0,1,0,0,1,0,0,0,0,0,0,1,0,0,0,0,1,1,1,0,1,0,0,0,0,0,0,0,0,0,0,0,0,0,0,0,0,0,0,0,8,3,0,1,0,1,0,1,0,0,0,100,24,0,3,109,109,139,139,139,117,90020,90030,90040,90300,90060,90100,0,-1,-1,0,0.4,0.9,0.9,1.4,0.65,0.8,0.8,0.6,1.4,0,0,0,-1,-1,512,2004,-1,400,30,999,0,0,4980,17650,5890,-1,-1,-1,-1,-1,-1,-1,-1,-1,-1,-1,-1,-1,-1,0,2,1,0,0,1,1,1,0,0,-1,-1,0,0,0,0,0,0,-1,-1,-1,25,20,0,180,300,0.03,-1,-1,-1,-1,1.8,0,0,0,1,0,0,0,0,0,0,0,0,1,0,-1,-1,-1,-1,-1,-1,-1,-1,-1,0.1,0.4,-1,0,0,120,0.29,100,-1,-1,-1,-1,-1,0,0.7,1.5,0,-1,0,1,1,1,1,1,1,1,1,1,1,1,1,1,1,1,1,1,1,-1,0,-1,0,-1,-1,-1,-1,[0|0|0|0|0|0|0|0|0|0|0|0],
49800032,Death Bird,0,0,[0|0|0],49800,-1,0,30,8,3,200,0,2079,0,3000,-1,-1,10,5,0,-1,-1,3,-1,0,5300,0,7090,0,0,90000,0,-1,0,0,0,0,0,-1,-1,-1,-1,-1,-1,1000,3000,3001,3002,3003,3004,3005,3006,3007,3008,3009,6001,6000,0,1,1,1,1,1,1,1,1,1.5,0.84615386,0,50,21,100,0,0,0,100,100,100,0,999,252,999,999,-1,-1,0,0,0,0,-1,-1,1,0,0,90,0,999,999,0,0,-1,10,0,14,0,1,7,3,40,110,110,1,0,0,0,0,0,0,0,0,0,1,0,2,17,7,0,0,0,0,0,0,1,0,1,0,0,0,0,0,0,0,0,0,1,0,0,1,0,0,0,0,0,0,1,0,0,0,0,1,1,0,0,1,0,0,0,0,0,0,0,0,0,0,0,0,0,0,0,0,0,0,0,8,3,0,0,0,1,0,0,0,0,0,100,24,0,3,109,109,139,139,139,117,90020,90030,90040,90300,90060,90100,0,5262,-1,0,0.4,0.9,0.9,1.4,0.65,0.8,0.8,0.6,1.4,0,0,0,-1,-1,512,2004,-1,200,30,999,0,0,4980,17650,5890,-1,-1,-1,-1,-1,-1,-1,-1,-1,-1,-1,-1,-1,-1,0,2,1,0,0,1,1,1,0,0,-1,-1,0,0,0,0,0,0,-1,-1,-1,25,20,0,180,300,0.03,-1,-1,-1,-1,1.8,0,0,0,1,0,0,0,0,0,0,0,0,1,0,-1,-1,-1,-1,-1,-1,-1,-1,-1,0.1,0.4,-1,0,0,120,0.29,100,-1,-1,-1,-1,-1,0,0.7,1.5,0,-1,0,1,1,1,1,1,1,1,1,1,1,1,1,1,1,1,1,1,1,-1,0,-1,0,-1,-1,-1,-1,[0|0|0|0|0|0|0|0|0|0|0|0],
49800033,Death Bird (Altus),0,0,[0|0|0],49800,-1,0,30,8,3,200,0,2079,0,3000,-1,-1,10,5,0,-1,-1,3,-1,0,5300,0,7110,0,90400,90000,0,-1,0,0,0,0,0,-1,-1,-1,-1,-1,-1,1000,3000,3001,3002,3003,3004,3005,3006,3007,3008,3009,6001,6000,0,1,1,1,1,1,1,1,1,1.5,0.84615386,0,50,21,100,0,0,0,100,100,100,0,999,252,999,999,-1,-1,0,0,0,0,-1,-1,1,0,0,90,0,999,999,0,0,-1,10,0,14,0,1,7,3,40,110,110,1,0,0,0,0,0,0,0,0,0,1,0,2,17,7,0,0,0,0,0,0,1,0,1,0,0,0,0,0,0,0,0,0,1,0,0,1,0,0,0,0,0,0,1,0,0,0,0,1,1,1,0,1,0,0,0,0,0,0,0,0,0,0,0,0,0,0,0,0,0,0,0,8,3,0,1,0,1,0,1,0,0,0,100,24,0,3,109,109,139,139,139,117,90020,90030,90040,90300,90060,90100,0,-1,-1,0,0.4,0.9,0.9,1.4,0.65,0.8,0.8,0.6,1.4,0,0,0,-1,-1,512,2004,-1,400,30,999,0,0,4980,17650,5890,-1,-1,-1,-1,-1,-1,-1,-1,-1,-1,-1,-1,-1,-1,0,2,1,0,0,1,1,1,0,0,-1,-1,0,0,0,0,0,0,-1,-1,-1,25,20,0,180,300,0.03,-1,-1,-1,-1,1.8,0,0,0,1,0,0,0,0,0,0,0,0,1,0,-1,-1,-1,-1,-1,-1,-1,-1,-1,0.1,0.4,-1,0,0,120,0.29,100,-1,-1,-1,-1,-1,0,0.7,1.5,0,-1,0,1,1,1,1,1,1,1,1,1,1,1,1,1,1,1,1,1,1,-1,0,-1,0,-1,-1,-1,-1,[0|0|0|0|0|0|0|0|0|0|0|0],
49801050,Death Rite Bird,0,0,[0|0|0],49800,-1,0,30,8,3,200,0,2447,0,3000,-1,-1,10,5,0,-1,-1,3,-1,0,5300,0,7140,0,90400,90000,0,-1,0,0,0,0,0,-1,-1,-1,-1,-1,-1,1000,3000,3001,3002,3003,3004,3005,3006,3007,3008,3009,6001,6000,0,1,1,1,1,1,1,1,1,1.5,0.84615386,0,50,21,100,0,0,0,100,100,100,0,999,252,999,999,-1,-1,0,0,0,0,-1,-1,1,0,0,90,0,999,999,0,0,-1,10,0,14,0,1,33,3,40,110,110,1,0,0,0,0,0,0,0,0,0,1,0,2,17,7,0,0,0,0,0,0,1,0,1,0,0,0,0,0,0,0,0,0,0,1,1,0,1,0,0,0,0,0,1,0,0,0,0,1,1,1,0,1,0,0,0,0,0,0,0,0,0,0,0,0,0,0,0,0,0,0,0,8,3,0,1,0,1,0,1,0,0,0,100,24,0,3,109,109,139,139,139,117,90020,90030,90040,90300,90060,90100,0,-1,-1,0,0.4,0.9,0.9,1.4,0.65,0.8,0.8,0.6,1.4,0,0,0,-1,-1,512,2004,-1,400,30,999,0,0,4980,17651,5890,-1,-1,-1,-1,-1,-1,-1,-1,-1,-1,-1,-1,-1,-1,0,2,1,0,0,1,1,1,0,0,-1,-1,0,0,0,0,0,0,-1,-1,-1,25,20,0,180,300,0.03,-1,-1,-1,-1,1.8,0,0,0,1,0,0,0,0,0,0,0,0,1,0,-1,-1,-1,-1,-1,-1,-1,-1,-1,0.1,0.4,-1,0,0,120,0.29,100,-1,-1,-1,-1,-1,0,0.7,1.5,0,-1,0,1,1,1,1,1,1,1,1,1,1,1,1,1,1,1,1,1,1,-1,0,-1,0,-1,-1,-1,-1,[0|0|0|0|0|0|0|0|0|0|0|0],
49801052,Death Rite Bird,0,0,[0|0|0],49800,-1,0,30,8,3,200,0,2447,0,3000,-1,-1,10,5,0,-1,-1,3,-1,0,5300,0,7180,0,90400,90000,0,-1,0,0,0,0,0,-1,-1,-1,-1,-1,-1,1000,3000,3001,3002,3003,3004,3005,3006,3007,3008,3009,6001,6000,0,1,1,1,1,1,1,1,1,1.5,0.84615386,0,50,21,100,0,0,0,100,100,100,0,999,252,999,999,-1,-1,0,0,0,0,-1,-1,1,0,0,90,0,999,999,0,0,-1,10,0,14,0,1,7,3,40,110,110,1,0,0,0,0,0,0,0,0,0,1,0,2,17,7,0,0,0,0,0,0,1,0,1,0,0,0,0,0,0,0,0,0,0,1,1,0,1,0,0,0,0,0,1,0,0,0,0,1,1,1,0,1,0,0,0,0,0,0,0,0,0,0,0,0,0,0,0,0,0,0,0,8,3,0,1,0,1,0,1,0,0,0,100,24,0,3,109,109,139,139,139,117,90020,90030,90040,90300,90060,90100,0,-1,-1,0,0.4,0.9,0.9,1.4,0.65,0.8,0.8,0.6,1.4,0,0,0,-1,-1,512,2004,-1,400,30,999,0,0,4980,17651,5890,-1,-1,-1,-1,-1,-1,-1,-1,-1,-1,-1,-1,-1,-1,0,2,1,0,0,1,1,1,0,0,-1,-1,0,0,0,0,0,0,-1,-1,-1,25,20,0,180,300,0.03,-1,-1,-1,-1,1.8,0,0,0,1,0,0,0,0,0,0,0,0,1,0,-1,-1,-1,-1,-1,-1,-1,-1,-1,0.1,0.4,-1,0,0,120,0.29,100,-1,-1,-1,-1,-1,0,0.7,1.5,0,-1,0,1,1,1,1,1,1,1,1,1,1,1,1,1,1,1,1,1,1,-1,0,-1,0,-1,-1,-1,-1,[0|0|0|0|0|0|0|0|0|0|0|0],
50110090,Golden Hippopotamus (Golden Wings),0,0,[0|0|0],50110,1003,0,60,6,3,100,0,1408,0,3000,501100000,-1,10,5,0,-1,-1,0.8,-1,5402,5360,0,20007040,0,0,0,0,-1,0,0,0,0,0,20,-1,-1,-1,-1,-1,230,3000,3001,3002,3003,3004,3005,3006,3007,3008,3009,6001,6000,0,1,1,1,1,1,1,1,1,1.5,0.23076923,0,50,21,100,0,0,0,100,100,100,0,154,154,252,999,-1,-1,0,0,0,0,-1,-1,1,0,0,0,0,999,999,0,0,-1,10,0,13,0,0,7,4,40,111,111,0,0,4,0,0,0,0,0,0,0,2,0,2,17,7,0,0,1,0,0,0,1,0,0,0,0,0,0,0,0,0,0,0,1,1,0,0,0,0,0,0,0,0,0,0,0,0,0,0,1,0,0,1,0,0,0,0,0,0,0,0,0,0,0,0,0,0,0,0,0,0,0,6,3,1,0,0,0,0,0,0,0,0,100,1,0,2,109,109,139,139,139,139,0,90030,0,5851,90060,90100,0,-1,-1,0,0.4,1,1.1,1,1,1,1.2,1.2,1,0,0,0,-1,-1,512,2003,-1,10000200,30,252,0,0,5010,-1,-1,-1,-1,-1,-1,-1,-1,-1,-1,-1,-1,-1,-1,-1,-1,0,-1,1,0,0,1,1,1,0,0,-1,-1,0,0,0,0,0,0,-1,-1,5010,30,0,0,180,100,0.1,-1,-1,5010,5010,1.8,0,0,0,1,0,0,0,0,0,0,0,0,0.8,0,-1,-1,-1,-1,-1,-1,-1,-1,-1,0.1,0.4,-1,0,0,80,0.29,100,3004,-1,5004,-1,-1,0,0.5,0.6,0,-1,0,1,1,1,1,1,1,1,1,1,1,1,1,1,1,1,1,1,1,-1,0,-1,0,-1,-1,-1,-1,[0|0|0|0|0|0|0|0|0|0|0|0],
58100001,Demi-Human Swordmaster Onze,0,0,[0|0|0],58100,1001,0,180,0.9,0.4,60,0,1056,0,3000,581000000,-1,10,0,0,-1,-1,0.4,-1,5400,0,0,7200,0,0,0,0,-1,90,90,50,50,0,-1,-1,-1,-1,-1,-1,21,3000,3001,3002,3003,3004,3005,3006,3007,3008,3009,6001,6000,0,1,1,1,1,1,1,1,1,1.5,0,0,50,21,100,0,0,0,100,100,100,0,84,84,112,999,-1,-1,0,0,0,0,-1,-1,1,0,0,0,55,112,999,0,0,-1,10,0,12,0,0,6,3,40,110,110,0,0,2,0,0,0,0,0,0,0,0,0,0,17,7,0,0,0,0,0,0,1,0,1,1,0,0,0,0,0,0,0,0,1,0,0,0,0,0,0,0,0,0,0,0,0,0,0,0,1,0,0,1,0,0,0,0,0,0,0,0,0,0,0,0,0,0,0,0,0,0,0,0.9,0.4,0,0,0,0,0,0,0,0,0,100,1,0,1,109,109,139,139,139,139,0,90030,0,5851,90060,90162,90200,5261,-1,0,0.4,1,1.2,1,1,1,1.2,1,1,0,0,0,-1,-1,64,2001,-1,10000100,30,112,0,0,-1,10590,-1,10570,5800,20010197,-1,-1,-1,-1,-1,-1,-1,-1,-1,152,-1,0,2,0,0,0,1,1,1,0,0,-1,-1,0,0,0,0,0,0,-1,-1,-1,20,0,0,180,100,0.1,-1,-1,-1,-1,1,0,0,0,1,0,0,0,0,0,0,0,0,1,0,-1,-1,-1,-1,-1,-1,-1,-1,-1,0.1,0.4,-1,0,0,65,0.29,100,3002,-1,5002,6002,-1,0,0.5,0.6,0,-1,0,1,1,1,1,1,1,1,1,1,1,1,1,1,1,1,1,1,1,-1,0,-1,0,-1,-1,-1,-1,[0|0|0|0|0|0|0|0|0|0|0|0],
58100083,Demi-Human Swordmaster Onze,0,0,[0|0|0],58100,1001,0,180,0.9,0.4,60,0,1056,0,3000,581000000,-1,10,0,0,-1,-1,0.4,-1,5400,0,0,20007030,0,0,0,0,-1,90,90,50,50,0,-1,-1,-1,-1,-1,-1,21,3000,3001,3002,3003,3004,3005,3006,3007,3008,3009,6001,6000,0,1,1,1,1,1,1,1,1,1.5,0,0,50,21,100,0,0,0,100,100,100,0,84,84,112,999,-1,-1,0,0,0,0,-1,-1,1,0,0,0,55,112,999,0,0,-1,10,0,12,0,0,6,3,40,110,110,0,0,2,0,0,0,0,0,0,0,0,0,0,17,7,0,0,0,0,0,0,1,0,1,1,0,0,0,0,0,0,0,0,1,0,0,0,0,0,0,0,0,0,0,0,0,0,0,0,1,0,0,1,0,0,0,0,0,0,0,0,0,0,0,0,0,0,0,0,0,0,0,0.9,0.4,0,0,0,0,0,0,0,0,0,100,1,0,1,109,109,139,139,139,139,0,90030,0,5851,90060,90162,90200,5261,-1,0,0.4,1,1.2,1,1,1,1.2,1,1,0,0,0,-1,-1,64,2001,-1,10000100,30,112,0,0,-1,10590,-1,10570,5800,20010197,-1,-1,-1,-1,-1,-1,-1,-1,-1,152,-1,0,2,0,0,0,1,1,1,0,0,-1,-1,0,0,0,0,0,0,-1,-1,-1,20,0,0,180,100,0.1,-1,-1,-1,-1,1,0,0,0,1,0,0,0,0,0,0,0,0,1,0,-1,-1,-1,-1,-1,-1,-1,-1,-1,0.1,0.4,-1,0,0,65,0.29,100,3002,-1,5002,6002,-1,0,0.5,0.6,0,-1,0,1,1,1,1,1,1,1,1,1,1,1,1,1,1,1,1,1,1,-1,0,-1,0,-1,-1,-1,-1,[0|0|0|0|0|0|0|0|0|0|0|0],
58100093,Demi-Human Swordmaster Onze,0,0,[0|0|0],58100,1001,0,180,0.9,0.4,60,0,1056,0,3000,581000000,-1,10,0,0,-1,-1,0.4,-1,5400,0,0,20007090,0,0,0,0,-1,90,90,50,50,0,-1,-1,-1,-1,-1,-1,21,3000,3001,3002,3003,3004,3005,3006,3007,3008,3009,6001,6000,0,1,1,1,1,1,1,1,1,1.5,0,0,50,21,100,0,0,0,100,100,100,0,84,84,112,999,-1,-1,0,0,0,0,-1,-1,1,0,0,0,55,112,999,0,0,-1,10,0,12,0,0,6,3,40,110,110,0,0,2,0,0,0,0,0,0,0,0,0,0,17,7,0,0,0,0,0,0,1,0,1,1,0,0,0,0,0,0,0,0,1,0,0,0,0,0,0,0,0,0,0,0,0,0,0,0,1,0,0,1,0,0,0,0,0,0,0,0,0,0,0,0,0,0,0,0,0,0,0,0.9,0.4,0,0,0,0,0,0,0,0,0,100,1,0,1,109,109,139,139,139,139,0,90030,0,5851,90060,90162,90200,5261,-1,0,0.4,1,1.2,1,1,1,1.2,1,1,0,0,0,-1,-1,64,2001,-1,10000100,30,112,0,0,-1,10590,-1,10570,5800,20010197,-1,-1,-1,-1,-1,-1,-1,-1,-1,152,-1,0,2,0,0,0,1,1,1,0,0,-1,-1,0,0,0,0,0,0,-1,-1,-1,20,0,0,180,100,0.1,-1,-1,-1,-1,1,0,0,0,1,0,0,0,0,0,0,0,0,1,0,-1,-1,-1,-1,-1,-1,-1,-1,-1,0.1,0.4,-1,0,0,65,0.29,100,3002,-1,5002,6002,-1,0,0.5,0.6,0,-1,0,1,1,1,1,1,1,1,1,1,1,1,1,1,1,1,1,1,1,-1,0,-1,0,-1,-1,-1,-1,[0|0|0|0|0|0|0|0|0|0|0|0],
58100980,Demi-Human Swordmaster Onze (Boss),0,0,[0|0|0],58100,1001,0,180,0.9,0.4,60,0,1056,0,3000,-1,-1,10,0,0,-1,-1,0.4,-1,5400,0,0,20007000,0,90400,0,0,-1,90,90,50,50,0,-1,-1,-1,-1,-1,-1,21,3000,3001,3002,3003,3004,3005,3006,3007,3008,3009,6001,6000,0,1,1,1,1,1,1,1,1,1.5,0,0,50,21,100,0,0,0,100,100,100,0,84,84,112,999,-1,-1,0,0,0,0,-1,-1,1,0,0,0,55,112,999,0,0,-1,10,0,12,0,0,6,3,40,110,110,0,0,2,0,0,0,0,0,0,0,0,0,0,17,7,0,0,0,0,0,0,1,0,1,0,1,0,0,0,0,0,0,0,1,0,0,0,0,0,0,0,0,0,0,0,0,0,0,0,1,1,0,1,0,0,0,0,0,0,0,0,0,0,0,0,0,0,0,0,0,0,0,0.9,0.4,0,1,0,0,0,0,0,0,0,100,1,0,1,109,109,139,139,139,139,95001,90030,95011,90300,90060,90162,0,-1,-1,0,0.4,1,1.2,1,1,1,1.2,1,1,0,0,0,-1,-1,64,2001,-1,10000300,30,112,0,0,-1,10590,-1,10570,5800,-1,20010198,-1,-1,-1,-1,-1,-1,4410,-1,152,4301,0,2,0,0,0,1,1,1,0,0,-1,-1,0,0,0,0,0,0,-1,-1,-1,20,0,0,180,100,0.1,-1,-1,-1,-1,1,0,0,0,1,0,0,0,0,0,0,0,0,1,0,-1,-1,-1,-1,-1,-1,-1,-1,-1,0.1,0.4,-1,0,0,65,0.29,100,3002,-1,5002,6002,-1,0,0.5,0.6,0,-1,0,1,1,1,1,1,1,1,1,1,1,1,1,1,1,1,1,1,1,-1,0,-1,0,-1,-1,-1,-1,[0|0|0|0|0|0|0|0|0|0|0|0],
71000012,Ancient Hero of Zamor (Weeping Peninsula) - Weeping Evergaol [Boss],0,0,[0|0|0],71000,1003,0,200,2.6,0.5,50,0,1418,0,1500,-1,-1,10,0,0,-1,-1,0.9,-1,5400,0,0,7040,0,90400,0,0,-1,0,0,0,0,0,-1,-1,-1,-1,-1,-1,50,3000,3001,3002,3003,3006,3005,3014,3007,3008,3016,3010,3012,0,1,1,1,1,1,1,1,1,1.5,0.23076923,0,50,21,100,0,0,0,100,100,100,0,154,154,252,999,-1,-1,0,0,0,0,-1,-1,1,0,0,0,0,112,999,0,0,-1,10,0,12,0,0,6,3,40,110,110,0,0,2,0,0,0,0,0,0,0,0,0,0,17,7,0,0,0,0,0,0,0,0,1,0,0,0,0,0,0,0,0,0,0,0,0,0,0,0,0,0,0,0,0,0,0,0,0,0,1,0,0,1,0,0,0,0,0,0,0,0,0,0,0,0,0,0,0,0,0,0,0,2.6,0.5,0,1,0,0,0,0,0,0,0,100,1,0,1,109,109,139,144,139,144,95000,90030,95010,5851,90060,90161,0,-1,-1,0,0.4,0.9,0.9,0.9,1,1,1.2,1.2,1,0,0,0,-1,-1,256,2003,-1,300,30,542,0,0,7100,4301,-1,-1,-1,16952,5800,16950,16956,-1,-1,5195,-1,-1,-1,-1,4301,0,2,0,0,0,1,1,1,0,0,-1,-1,0,0,0,0,0,0,-1,-1,-1,0,0,0,180,50,0.1,-1,-1,-1,-1,2.5,0,0,0,1,0,0,0,0,0,0,0,0,1,0,-1,-1,-1,-1,-1,-1,-1,-1,-1,0.1,0.4,-1,0,0,80,0.29,100,3004,-1,5005,6002,-1,0,0.5,0.6,0,-1,0,1,1,1,1,1,1,1,1,1,1,1,1,1,1,1,1,1,1,-1,0,-1,0,-1,-1,-1,-1,[0|0|0|0|0|0|0|0|0|0|0|0],
71000050,Ancient Hero of Zamor,0,0,[0|0|0],71000,1003,0,200,2.4,0.5,50,0,1418,0,1500,710000000,-1,10,0,0,-1,-1,0.9,-1,5400,0,0,7120,0,0,0,0,-1,0,0,0,0,0,-1,-1,-1,-1,-1,-1,50,3000,3001,3002,3003,3006,3005,3014,3007,3008,3016,3010,3012,0,1,1,1,1,1,1,1,1,1.5,0.23076923,0,50,21,100,0,0,0,100,100,100,0,154,154,252,999,-1,-1,0,0,0,0,-1,-1,1,0,0,0,0,112,999,0,0,-1,10,0,12,0,0,6,3,40,110,110,0,0,2,0,0,0,0,0,0,0,0,0,0,17,7,0,0,0,0,0,0,0,0,1,0,0,0,0,0,0,0,0,0,0,0,0,0,0,0,0,0,0,0,0,0,0,0,0,0,1,0,0,1,0,0,0,0,0,0,0,0,0,0,0,0,0,0,0,0,0,0,0,2.4,0.5,0,0,0,0,0,0,0,0,0,100,1,0,1,109,109,139,144,139,144,0,90030,0,5851,90060,90161,0,5262,-1,0,0.4,0.9,0.9,0.9,1,1,1.2,1.2,1,0,0,0,-1,-1,256,2003,-1,200,30,542,0,0,7100,-1,-1,-1,-1,16952,5800,16950,16956,-1,-1,5195,-1,-1,-1,-1,-1,0,2,0,0,0,1,1,1,0,0,-1,-1,0,0,0,0,0,0,-1,-1,-1,0,0,0,180,50,0.1,-1,-1,-1,-1,2.5,0,0,0,1,0,0,0,0,0,0,0,0,1,0,-1,-1,-1,-1,-1,-1,-1,-1,-1,0.1,0.4,-1,0,0,80,0.29,100,3004,-1,5005,6002,-1,0,0.5,0.6,0,-1,0,1,1,1,1,1,1,1,1,1,1,1,1,1,1,1,1,1,1,-1,0,-1,0,-1,-1,-1,-1,[0|0|0|0|0|0|0|0|0|0|0|0],
71000950,Ancient Hero of Zamor (Mountaintops of the Giants) - Giant-Conquering Hero's Grave [Boss],0,0,[0|0|0],71000,1003,0,200,2.6,0.5,50,0,1418,0,1500,-1,-1,10,0,0,-1,-1,0.9,-1,5400,0,0,7120,0,90400,0,0,-1,0,0,0,0,0,-1,-1,-1,-1,-1,-1,50,3000,3001,3002,3003,3006,3005,3014,3007,3008,3016,3010,3012,0,1,1,1,1,1,1,1,1,1.5,0.23076923,0,50,21,100,0,0,0,100,100,100,0,154,154,252,999,-1,-1,0,0,0,0,-1,-1,1,0,0,0,0,112,999,0,0,-1,10,0,12,0,0,6,3,40,110,110,0,0,2,0,0,0,0,0,0,0,0,0,0,17,7,0,0,0,0,0,0,0,0,1,0,0,0,0,0,0,0,0,0,0,0,0,0,0,0,0,0,0,0,0,0,0,0,0,0,1,0,0,1,0,0,0,0,0,0,0,0,0,0,0,0,0,0,0,0,0,0,0,2.6,0.5,0,1,0,0,0,0,0,0,0,100,1,0,1,109,109,139,144,139,144,95000,90030,95010,5851,90060,90161,0,-1,-1,0,0.4,0.9,0.9,0.9,1,1,1.2,1.2,1,0,0,0,-1,-1,256,2003,-1,300,30,542,0,0,7100,-1,-1,-1,-1,16952,5800,16950,16956,-1,-1,5195,-1,-1,-1,-1,4301,0,2,0,0,0,1,1,1,0,0,-1,-1,0,0,0,0,0,0,-1,-1,-1,0,0,0,180,50,0.1,-1,-1,-1,-1,2.5,0,0,0,1,0,0,0,0,0,0,0,0,1,0,-1,-1,-1,-1,-1,-1,-1,-1,-1,0.1,0.4,-1,0,0,80,0.29,100,3004,-1,5005,6002,-1,0,0.5,0.6,0,-1,0,1,1,1,1,1,1,1,1,1,1,1,1,1,1,1,1,1,1,-1,0,-1,0,-1,-1,-1,-1,[0|0|0|0|0|0|0|0|0|0|0|0],
137030000,[Revenant] Helen (Page),0,0,[0|0|0],37030,-1,0,140,1.9,0.4,130,0,860,0,0,-1,-1,10,0,0,-1,-1,0.4,-1,5404,0,0,0,573200301,0,90000,90010,-1,80,0,0,0,0,-1,-1,-1,-1,-1,-1,16,3000,3001,3002,3003,3004,3005,3006,3007,3008,3009,6001,6000,0,1,1,1,1,1,1,1,1,1.3,0.9,0,50,21,100,0,0,0,100,100,100,0,999,999,999,999,-1,-1,0,0,0,0,-1,-1,1,0,0,0,30,999,999,0,0,-1,10,0,11,0,0,47,3,40,143,143,0,0,2,0,0,0,0,0,0,0,0,0,0,17,7,0,0,0,0,0,0,0,0,0,1,0,0,0,0,0,0,0,0,1,0,0,0,0,0,0,0,0,0,0,0,0,1,0,0,1,0,0,1,0,0,1,0,0,0,0,0,0,0,0,0,0,0,0,0,0,0,0,1.9,0.4,0,0,0,0,1,0,0,0,0,100,1,0,0,142,142,139,139,139,139,90020,90030,90040,5851,90060,90161,90200,5260,-1,0,0.4,0.88,0.88,0.88,0.88,1,1,1,1.2,0,0,0,-1,-1,128,-1,-1,0,30,999,0,0,-1,-1,-1,-1,296300,14404,5800,14449,296400,-1,4302,573200311,296200,297000,-1,705012,573200211,0,-1,0,0,0,1,1,1,0,0,-1,-1,0,0,0,0,0,0,-1,-1,3700,0,0,0,180,50,0.1,-1,-1,3700,3700,1.8,0,0,0,0,0,0,0,0,0,0,0,0,0.85,-0.1,-1,-1,-1,-1,-1,-1,-1,-1,-1,0.1,0.4,-1,0,0,120,0.29,100,-1,-1,-1,-1,-1,0,0.5,0.6,0,-1,0,1,1,1,1,1,1,1,1,1,1,1,1,1,1,1,1,1,1,-1,0,-1,99000,-1,-1,-1,-1,[0|0|0|0|0|0|0|0|0|0|0|0],
143400000,[Revenant] Frederick (Pumpkin Head),0,0,[0|0|0],43400,-1,0,35,1.9,0.4,130,0,3200,0,0,-1,-1,10,0,0,-1,-1,0.7,-1,5402,0,5360,0,573200401,0,90000,90010,-1,100,0,0,0,0,-1,-1,-1,-1,-1,-1,16,3000,3001,3002,3003,3004,3005,3006,3007,3008,3009,6001,6000,0,1,1,1,1,1,1,1,1,1.3,2,0,50,21,100,0,0,0,100,100,100,0,999,999,999,999,-1,-1,0,0,0,0,-1,-1,1,0,0,0,0,999,999,0,0,-1,10,0,13,0,0,47,3,40,143,143,1,0,2,0,0,0,0,0,0,0,2,0,0,17,7,0,0,0,0,0,0,0,0,0,1,0,0,0,0,0,0,0,0,0,0,0,0,0,0,0,0,0,0,0,0,0,0,0,0,1,0,0,1,0,0,1,0,0,0,0,0,0,0,0,0,0,0,0,0,0,0,0,1.9,0.4,0,0,0,0,1,0,1,0,0,100,1,0,2,142,142,139,139,139,139,90020,90030,90040,0,90060,90161,90200,5260,-1,0,0.4,0.88,0.88,0.88,0.88,1,1,1,1.2,0,0,0,-1,-1,256,-1,-1,0,30,999,0,0,-1,5890,13251,-1,296310,5731,13245,-1,296400,-1,4302,573200411,296210,297000,297200,705012,573200211,0,-1,0,0,0,1,1,1,0,0,-1,-1,0,0,0,0,0,0,-1,-1,-1,0,0,0,180,150,0.1,-1,-1,-1,4340,2.5,0,0,0,0,0,0,0,0,0,0,0,0,1,0,-1,-1,-1,-1,-1,-1,-1,-1,-1,0.1,0.4,-1,0,0,6969,0.29,100,-1,-1,-1,-1,-1,0,0.5,0.6,0,-1,0,1,1,1,1,1,1,1,1,1,1,1,1,1,1,1,1,1,1,-1,0,-1,99001,-1,-1,-1,-1,[0|0|0|0|0|0|0|0|0|0|0|0],
149610000,[Revenant] Sebastian (Giant Skeleton Torso),0,0,[0|0|0],49600,-1,0,70,1,0.4,200,0,1640,0,0,-1,-1,-1,5,0,-1,-1,0.4,-1,5404,5300,0,0,573200501,0,90000,90010,-1,80,0,0,0,0,-1,-1,-1,-1,-1,-1,16,3000,3001,3002,3003,3004,3005,3006,3007,3008,3009,6001,6000,0,1,1,1,1,1,1,1,1,1.3,-1,0,50,21,100,0,0,0,100,100,100,0,999,999,999,999,-1,-1,120,0,0,0,-1,-1,1,0,0,0,0,999,999,0,0,-1,10,0,14,0,0,47,1,40,143,143,1,0,2,0,0,0,0,0,0,0,1,0,2,17,7,0,0,0,0,0,0,1,0,1,0,0,0,0,0,0,0,0,0,1,0,0,0,0,0,0,0,0,0,1,0,0,0,0,1,1,0,0,1,0,0,0,0,0,0,0,0,0,0,0,0,0,0,0,0,0,0,0,1,0.4,0,0,0,1,1,0,0,0,0,100,1,0,1,142,142,139,139,139,139,90020,90030,90040,90300,90060,90100,0,5260,-1,0,0.4,0.88,0.88,0.88,0.88,1,1,1,1.2,0,0,0,-1,-1,512,-1,-1,0,0,999,0,0,4960,-1,0,5350,296320,15340,-1,-1,296400,-1,4302,573200511,296220,297000,297103,705012,573200211,0,2,0,0,0,1,1,1,0,0,-1,-1,0,0,0,0,0,0,-1,-1,4950,30,30,0,180,300,0.1,-1,-1,4960,4960,1.8,0,0,0,0,0,0,0,0,0,0,0,0,0.35,0,-1,-1,-1,-1,-1,-1,-1,-1,-1,0.1,0.4,-1,0,0,-1,0.29,100,-1,-1,-1,-1,-1,0,0.5,0.6,0,-1,0,1,1,1,1,1,1,1,1,1,1,1,1,1,1,1,1,1,1,-1,0,-1,99002,-1,-1,-1,-1,[0|0|0|0|0|0|0|0|0|0|0|0],
