ID,Name,disableParam_NT,disableParamReserve1,disableParamReserve2,logicId,battleGoalID,searchEye_dist,searchEye_angY,isNoAvoidHugeEnemy,enableWeaponOnOff,targetAILockDmyPoly,pad8,spEffectId_RangedAttack,searchTargetLv1ForgetTime,searchTargetLv2ForgetTime,BackHomeLife_OnHitEneWal,SightTargetForgetTime,idAttackCannotMove,ear_dist,callHelp_ActionAnimId,callHelp_CallActionId,eye_dist,isGuard_Act,pad6,ear_soundcut_dist,nose_dist,maxBackhomeDist,backhomeDist,backhomeBattleDist,nonBattleActLife,BackHome_LookTargetTime,BackHome_LookTargetDist,SoundTargetForgetTime,BattleStartDist,callHelp_MyPeerId,callHelp_CallPeerId,targetSys_DmgEffectRate,TeamAttackEffectivity,eye_angX,eye_angY,disableDark,caravanRole,callHelp_CallValidMinDistTarget,callHelp_CallValidRange,callHelp_ForgetTimeByArrival,callHelp_MinWaitTime,callHelp_MaxWaitTime,goalAction_ToCaution,ear_listenLevel,callHelp_ReplyBehaviorType,disablePathMove,skipArrivalVisibleCheck,thinkAttr_doAdmirer,enableNaviFlg_Edge,enableNaviFlg_LargeSpace,enableNaviFlg_Ladder,enableNaviFlg_Hole,enableNaviFlg_Door,enableNaviFlg_InSideWall,enableNaviFlg_Lava,enableNaviFlg_Edge_Ordinary,enableNaviFlg_reserve1,searchThreshold_Lv0toLv1,searchThreshold_Lv1toLv2,platoonReplyTime,platoonReplyAddRandomTime,searchEye_angX,isUpdateBattleSight,battleEye_updateDist,battleEye_updateAngX,battleEye_updateAngY,unknown_1,unknown_2,unknown_3,unknown_4,eye_BackOffsetDist,eye_BeginDist,actTypeOnFailedPath,goalAction_ToCautionImportant,shiftAnimeId_RangedAttack,actTypeOnNonBtlFailedPath,isBuddyAI,goalAction_ToSearchLv1,goalAction_ToSearchLv2,enableJumpMove,disableLocalSteering,goalAction_ToDisappear,changeStateAction_ToNormal,MemoryTargetForgetTime,rangedAttackId,useFall_onNormalCaution,useFall_onSearchBattle,enableJumpMove_onBattle,backToHomeStuckAct,pad3,soundBehaviorId01,soundBehaviorId02,soundBehaviorId03,soundBehaviorId04,soundBehaviorId05,soundBehaviorId06,soundBehaviorId07,soundBehaviorId08,weaponOffSpecialEffectId,weaponOnSpecialEffectId,weaponOffAnimId,weaponOnAnimId,surpriseAnimId,
20400000,Juvenile Scholar (ADDED),0,0,[0|0|0],204000,204000,10,5,0,0,1,0,-1,5,8,0,999,3000,0.1,-1,-1,30,0,0,0,0,75,50,6,1,7,12,999,20,0,0,100,0,90,180,0,0,5,15,0,0,0,0,128,0,0,0,0,1,1,0,0,0,0,0,0,[0|0|0],5,35,0,2,0,0,0,0,0,0,0,0,0,1,1,3,2,-1,0,0,0,2,0,0,2,0,999,-1,0,0,0,0,[0|0|0|0],203000,-1,-1,-1,-1,-1,-1,-1,-1,-1,-1,-1,-1
20400010,Juvenile Scholar (NB),0,0,[0|0|0],204000,204000,10,5,0,0,1,0,-1,5,8,0,5,3000,0.1,-1,-1,30,0,0,0,200,75,85,6,1,7,12,5,20,0,0,100,40,90,180,0,0,5,15,0,0,0,0,128,0,0,0,0,1,1,0,0,0,0,0,0,[0|0|0],5,35,0,2,0,0,0,0,0,0,16544,16384,0,1,1,0,2,-1,0,0,0,2,0,0,2,0,5,-1,0,0,0,1,[0|0|0|0],203000,-1,-1,-1,-1,-1,-1,-1,-1,-1,-1,-1,-1
21000000,Black Knife Assassin,0,0,[0|0|0],10000,210000,16,20,0,0,1,0,-1,5,8,5,8,3018,0.1,0,0,24,0,1,0,0,100,30,20,1,7,12,3,30,0,0,100,100,60,30,1,0,0,0,0,0,0,1,128,0,0,0,1,1,1,1,0,1,0,0,0,[0|0|0],5,35,0,2,0,0,0,0,0,0,16544,16384,0,2,2,2,2,-1,0,0,1,2,1,0,2,0,5,3017,0,2,1,1,[0|0|0|0],-1,-1,-1,-1,-1,-1,-1,-1,-1,-1,-1,-1,-1
21000010,Black Knife Assassin,0,0,[0|0|0],10000,210000,16,20,0,0,1,0,-1,2,2,0,8,3018,0.1,0,0,24,0,1,0,0,55,40,10,1,7,12,3,30,0,0,100,100,60,30,1,0,0,0,0,0,0,1,128,0,0,0,1,1,1,1,0,1,0,0,0,[0|0|0],5,35,0,2,0,0,0,0,0,246,16544,16384,0,2,2,2,2,-1,0,0,1,2,1,0,2,0,2,3017,0,2,1,1,[0|0|0|0],-1,-1,-1,-1,-1,-1,-1,-1,-1,-1,-1,-1,-1
21000015,Black Knife Assassin (MMV),0,0,[0|0|0],10000,210000,16,20,0,0,1,0,-1,2,2,0,8,3018,0.1,0,0,24,0,1,0,0,55,40,10,1,7,12,3,30,0,0,100,100,60,30,1,0,0,0,0,0,0,1,128,0,0,0,1,1,1,1,0,1,0,0,0,[0|0|0],5,35,0,2,0,0,0,0,0,246,16544,16384,0,2,2,2,2,-1,0,0,1,2,1,0,2,0,2,3017,0,2,1,1,[0|0|0|0],-1,-1,-1,-1,-1,-1,-1,-1,-1,-1,-1,-1,-1
21000020,Black Knife Assassin,0,0,[0|0|0],10000,210000,16,20,0,0,1,0,-1,2,2,5,8,3018,0.1,0,0,24,0,1,0,0,40,30,20,1,7,12,3,30,0,0,100,100,60,30,1,0,0,0,0,0,0,1,128,0,0,0,1,1,1,1,0,1,0,0,0,[0|0|0],5,35,0,2,0,0,0,0,0,246,16544,16384,0,2,2,2,2,-1,0,0,1,2,1,0,2,0,2,3017,0,2,1,1,[0|0|0|0],-1,-1,-1,-1,-1,-1,-1,-1,-1,-1,-1,-1,-1
21000025,Black Knife Assassin (MMV),0,0,[0|0|0],10000,210000,16,20,0,0,1,0,-1,2,2,5,8,3018,0.1,0,0,24,0,1,0,0,40,30,20,1,7,12,3,30,0,0,100,100,60,30,1,0,0,0,0,0,0,1,128,0,0,0,1,1,1,1,0,1,0,0,0,[0|0|0],5,35,0,2,0,0,0,0,0,246,16544,16384,0,2,2,2,2,-1,0,0,1,2,1,0,2,0,2,3017,0,2,1,1,[0|0|0|0],-1,-1,-1,-1,-1,-1,-1,-1,-1,-1,-1,-1,-1
21000030,Black Knife Assassin (ADDED),0,0,[0|0|0],10000,210000,16,20,0,0,1,0,-1,5,8,5,8,3018,0.1,0,0,24,0,0,0,0,40,30,20,1,7,12,3,30,0,0,100,80,60,30,1,0,0,0,0,0,0,1,128,0,0,0,1,1,1,1,0,1,0,0,0,[0|0|0],5,35,0,2,0,0,0,0,0,0,0,0,0,2,2,2,2,-1,0,0,1,2,1,0,2,0,5,3017,0,2,1,1,[0|0|0|0],-1,-1,-1,-1,-1,-1,-1,-1,-1,-1,-1,-1,-1
21000052,Black Knife Assassin (ADDED),0,0,[0|0|0],10000,210000,16,20,0,0,1,0,-1,5,8,5,8,3018,0.1,0,0,24,0,0,0,3,100,30,20,1,7,12,3,30,0,0,100,80,60,30,1,0,0,0,0,0,0,1,128,0,0,0,1,1,1,1,0,1,0,0,0,[0|0|0],5,35,0,2,0,0,0,0,0,0,0,0,0,2,2,2,2,-1,0,0,1,2,1,0,2,0,5,3017,0,2,1,1,[0|0|0|0],-1,-1,-1,-1,-1,-1,-1,-1,-1,-1,-1,-1,-1
21300000,Morgott,1,0,[0|0|0],10000,213000,0,0,0,0,1,0,-1,5,8,0,500,3000,0.1,-1,-1,30,0,1,0,0,9999,9999,9999,1,7,12,3,10,0,0,100,100,90,180,0,0,5,15,0,0,0,0,128,0,0,0,0,1,1,0,0,0,0,0,0,[0|0|0],5,35,0,2,0,0,0,0,0,236,16544,16384,0,1,1,0,2,-1,0,0,0,2,0,0,2,0,600,-1,0,2,0,1,[0|0|0|0],-1,-1,-1,-1,-1,-1,-1,-1,-1,-1,-1,-1,-1
21300500,Morgott,1,0,[0|0|0],10000,213005,0,0,0,0,1,0,-1,5,8,0,500,3000,0.1,-1,-1,30,0,1,0,99,9999,9999,9999,1,7,12,3,10,0,0,100,100,90,180,0,0,5,15,0,0,0,0,128,0,0,0,0,1,1,0,0,0,0,0,0,[0|0|0],5,35,0,2,0,0,0,0,0,236,16544,16384,0,1,1,0,2,-1,0,0,0,2,0,0,2,0,600,3006,0,2,0,1,[0|0|0|0],-1,-1,-1,-1,-1,-1,-1,-1,-1,-1,-1,-1,-1
21300510,,1,0,[0|0|0],10000,213005,0,0,0,0,1,0,-1,5,8,5,8,3000,0.1,-1,-1,30,0,1,0,0,80,50,50,1,7,12,3,10,0,0,100,100,90,180,0,0,5,15,0,0,0,0,128,0,0,0,0,1,1,0,0,0,0,0,0,[0|0|0],5,35,0,2,0,0,0,0,0,236,16544,16384,0,1,1,0,2,-1,0,0,0,2,0,0,2,0,2,3006,0,2,0,1,[0|0|0|0],-1,-1,-1,-1,-1,-1,-1,-1,-1,-1,-1,-1,-1
22700100,Giant Crab,1,0,[0|0|0],227000,227000,20,20,0,0,0,0,-1,2,2,5,16,3000,0.1,-1,99999999,30,0,0,0,0,85,30,20,1,7,12,3,30,0,0,100,0,60,120,0,0,5,15,0,0,0,1,128,0,0,0,0,1,1,0,0,0,0,0,0,[0|0|0],5,35,0,0,0,0,0,0,0,0,16544,16384,0,3,3,3,2,-1,0,0,1,2,0,1,2,0,2,-1,0,0,0,0,[0|0|0|0],-1,-1,-1,-1,-1,-1,-1,-1,-1,-1,-1,-1,-1
22720100,,0,0,[0|0|0],227000,227000,20,20,0,0,0,0,-1,5,8,5,16,3000,0.1,-1,99999999,30,0,0,0,0,85,30,20,1,7,12,3,30,0,0,100,0,60,120,0,0,5,15,0,0,0,1,128,0,0,0,0,1,1,0,0,0,0,0,0,[0|0|0],5,35,0,0,0,0,0,0,0,0,16544,16384,0,3,3,3,2,-1,0,0,1,2,0,1,2,0,5,-1,0,0,0,0,[0|0|0|0],-1,-1,-1,-1,-1,-1,-1,-1,-1,-1,-1,-1,-1
22740100,Giant Albinauric Crab (ADDED),0,0,[0|0|0],227000,227000,20,20,0,0,0,0,-1,5,8,5,16,3000,0.1,-1,99999999,30,0,0,0,0,85,30,20,1,7,12,3,30,0,0,100,0,60,120,0,0,5,15,0,0,0,1,128,0,0,0,0,1,1,0,0,0,0,0,0,[0|0|0],5,35,0,0,0,0,0,0,0,0,0,0,0,3,3,3,2,-1,0,0,1,2,0,1,2,0,5,-1,0,0,0,0,[0|0|0|0],-1,-1,-1,-1,-1,-1,-1,-1,-1,-1,-1,-1,-1
25000040,,1,0,[0|0|0],10000,250000,5,5,0,0,1,0,-1,5,8,5,8,3000,0.1,0,0,30,1,1,0,0,80,50,50,1,7,12,3,20,0,0,100,100,55,180,0,0,0,0,0,0,0,1,128,0,0,0,1,1,1,0,0,1,0,0,0,[0|0|0],5,35,0,2,0,0,0,0,0,0,16544,16384,0,1,1,0,2,-1,0,0,1,2,1,0,2,0,2,-1,0,2,1,1,[0|0|0|0],-1,-1,-1,-1,-1,-1,-1,-1,-1,-1,-1,-1,-1
30000006,Exile Soldier (ADDED),0,0,[0|0|0],300000,300000,0,5,0,1,1,0,-1,2,2,5,8,3000,0.1,0,0,30,0,0,0,0,85,30,12,1,7,12,3,30,0,0,100,35,30,30,0,0,0,0,0,0,0,1,128,0,0,0,1,1,1,1,0,1,0,0,0,[0|0|0],5,35,0,2,0,0,0,0,0,0,0,0,0,3,3,1,0,-1,0,0,1,0,1,0,0,0,10,3010,0,2,1,0,[0|0|0|0],-1,-1,-1,-1,-1,-1,-1,-1,10179,10178,20010,20011,-1
30000020,Exile Soldier (ADDED),0,0,[0|0|0],300000,300000,0,5,0,1,1,0,-1,2,2,5,8,3000,0.1,0,0,30,0,0,0,0,85,30,12,1,7,12,3,20,0,0,100,35,20,45,0,0,0,0,0,0,0,1,128,0,0,0,1,1,1,1,0,1,0,0,0,[0|0|0],5,35,0,2,0,0,0,0,0,0,0,0,0,2,2,2,2,-1,0,0,1,2,1,0,2,0,10,3010,0,2,1,0,[0|0|0|0],300000,-1,-1,-1,-1,-1,-1,-1,10179,10178,20010,20011,-1
30000025,Exile Soldier (ADDED),0,0,[0|0|0],300000,300000,0,5,0,1,1,0,-1,2,2,5,8,3000,0.1,0,0,30,0,0,0,0,85,30,12,1,7,12,3,20,0,0,100,35,20,45,0,0,0,0,0,0,0,1,128,0,0,0,1,1,1,1,0,1,0,0,0,[0|0|0],5,35,0,2,0,0,0,0,0,0,0,0,0,2,2,2,2,-1,0,0,1,2,1,0,2,0,10,3010,0,2,1,0,[0|0|0|0],-1,-1,-1,-1,-1,-1,-1,-1,10179,10178,20010,20011,-1
30000030,Exile Soldier (ADDED),0,0,[0|0|0],300000,300000,0,5,0,1,1,0,-1,2,2,5,8,3000,0.1,0,0,30,0,0,0,0,85,30,12,1,7,12,3,20,0,0,100,35,30,30,0,0,0,0,0,0,0,1,128,0,0,0,1,1,1,1,0,1,0,0,0,[0|0|0],5,35,0,2,0,0,0,0,0,0,0,0,0,3,3,2,2,-1,0,0,1,2,1,0,2,0,10,3010,0,2,1,0,[0|0|0|0],-1,-1,-1,-1,-1,-1,-1,-1,10179,10178,20010,20011,-1
30000035,Exile Soldier (ADDED),0,0,[0|0|0],300000,300000,0,5,0,1,1,0,-1,2,2,5,8,3000,0.1,0,0,30,0,0,0,0,85,30,12,1,7,12,3,20,0,0,100,35,30,30,0,0,0,0,0,0,0,1,128,0,0,0,1,1,1,1,0,1,0,0,0,[0|0|0],5,35,0,2,0,0,0,0,0,0,0,0,0,3,3,2,2,-1,0,0,1,2,1,0,2,0,10,3010,0,2,1,0,[0|0|0|0],-1,-1,-1,-1,-1,-1,-1,-1,10179,10178,20010,20011,-1
30000130,,1,0,[0|0|0],300000,300000,5,5,0,1,1,0,-1,2,2,5,8,3000,0.1,0,0,30,0,1,0,0,80,50,50,1,7,12,3,20,0,0,100,40,25,180,0,0,0,0,0,0,0,1,128,0,0,0,1,1,1,1,0,1,0,0,0,[0|0|0],5,35,0,2,0,1,25,25,30,0,16544,16384,0,3,3,0,2,-1,0,0,1,2,1,0,2,0,2,-1,0,2,1,1,[0|0|0|0],300000,-1,-1,-1,-1,-1,-1,-1,10179,10178,20010,20011,-1
30000200,Exile Soldier,1,0,[0|0|0],300000,300000,5,5,0,1,1,0,-1,2,2,5,8,3000,0.1,0,0,30,0,0,0,0,85,30,12,1,7,12,3,20,0,0,100,35,25,30,0,0,0,0,0,0,0,1,128,0,0,0,1,1,1,1,0,1,0,0,0,[0|0|0],5,35,0,2,0,1,25,25,30,0,16544,16384,0,3,3,3,2,-1,0,0,1,2,1,0,2,0,10,-1,0,2,1,0,[0|0|0|0],-1,-1,-1,-1,-1,-1,-1,-1,10179,10178,20010,20011,-1
30000210,,1,0,[0|0|0],300000,300000,5,5,0,1,1,0,-1,2,2,5,8,3000,0.1,0,0,30,0,0,0,0,85,30,12,1,7,12,3,20,0,0,100,35,25,30,0,0,0,0,0,0,0,1,128,0,0,0,1,1,1,1,0,1,0,0,0,[0|0|0],5,35,0,2,0,1,25,25,30,0,16544,16384,0,3,3,3,1,-1,0,0,0,0,1,0,0,0,10,-1,0,2,1,0,[0|0|0|0],-1,-1,-1,-1,-1,-1,-1,-1,10179,10178,20010,20011,-1
30003020,Exile Soldier (ADDED),0,0,[0|0|0],300000,300030,0,0,0,0,1,0,-1,2,2,5,8,3000,0.1,0,0,30,0,0,0,0,85,30,12,1,7,12,3,20,0,0,100,35,30,20,1,0,0,0,0,0,0,1,128,0,0,0,1,1,1,1,0,1,0,0,0,[0|0|0],5,35,0,2,0,0,0,0,0,0,0,0,0,3,3,2,2,-1,0,0,1,2,1,0,2,0,10,3012,0,2,1,0,[0|0|0|0],300000,-1,-1,-1,-1,-1,-1,-1,-1,-1,-1,-1,-1
30003025,Exile Soldier (ADDED),0,0,[0|0|0],300000,300030,0,0,0,0,1,0,-1,2,2,5,8,3000,0.1,0,0,30,0,0,0,0,85,30,12,1,7,12,3,20,0,0,100,35,30,20,1,0,0,0,0,0,0,1,128,0,0,0,1,1,1,1,0,1,0,0,0,[0|0|0],5,35,0,2,0,0,0,0,0,0,0,0,0,3,3,2,2,-1,0,0,1,2,1,0,2,0,10,3012,0,2,1,0,[0|0|0|0],-1,-1,-1,-1,-1,-1,-1,-1,-1,-1,-1,-1,-1
30003200,Exile Soldier (ADDED),0,0,[0|0|0],300000,300030,0,0,0,0,1,0,-1,2,2,5,8,3000,0.1,0,0,30,0,0,0,0,85,30,12,1,7,12,3,20,0,0,100,35,30,20,1,0,0,0,0,0,0,1,128,0,0,0,1,1,1,1,0,1,0,0,0,[0|0|0],5,35,0,2,0,0,0,0,0,0,0,0,0,3,3,2,2,-1,0,0,1,2,1,0,2,0,10,3012,0,2,1,0,[0|0|0|0],300000,-1,-1,-1,-1,-1,-1,-1,-1,-1,-1,-1,-1
30003300,Exile Soldier (ADDED),0,0,[0|0|0],300000,300030,0,0,0,0,1,0,-1,2,2,5,8,3000,0.1,0,0,30,0,0,0,0,85,30,12,1,7,12,3,20,0,0,100,35,30,20,1,0,0,0,0,0,0,1,128,0,0,0,1,1,1,1,0,1,0,0,0,[0|0|0],5,35,0,2,0,0,0,0,0,0,0,0,0,3,3,2,2,-1,0,0,1,2,1,0,2,0,10,3012,0,2,1,0,[0|0|0|0],300000,-1,-1,-1,-1,-1,-1,-1,-1,-1,-1,-1,-1
30100060,,1,0,[0|0|0],301000,301000,20,10,0,1,1,0,-1,5,8,5,8,3000,0.1,-1,-1,30,1,1,0,0,80,50,50,1,7,12,3,15,0,0,100,100,30,180,0,0,5,15,0,0,0,1,128,0,0,0,1,1,1,1,0,1,0,0,0,[0|0|0],5,35,0,2,0,0,0,0,0,0,16544,16384,0,3,3,0,2,-1,0,0,1,2,1,0,2,0,2,-1,0,2,1,1,[0|0|0|0],-1,-1,-1,-1,-1,-1,-1,-1,10891,10892,20000,20001,-1
30101060,,1,0,[0|0|0],301000,301010,10,10,0,1,1,0,-1,5,8,5,8,3000,0.1,-1,-1,30,0,1,0,0,80,50,50,1,7,12,3,15,0,0,100,100,30,180,0,0,5,15,0,0,0,1,128,0,0,0,1,1,1,1,0,1,0,0,0,[0|0|0],5,35,0,2,0,0,0,0,0,0,16544,16384,0,3,3,0,2,-1,0,0,1,2,1,0,2,0,2,-1,0,2,1,1,[0|0|0|0],-1,-1,-1,-1,-1,-1,-1,-1,10891,10892,20000,20001,-1
30106050,Banished Knight (ADDED),0,0,[0|0|0],301000,301000,20,10,0,1,1,0,-1,5,8,5,8,3000,0.1,-1,-1,30,1,0,0,99,85,30,20,1,7,12,3,15,0,0,100,60,30,30,0,0,5,15,0,0,0,1,128,0,0,0,1,1,1,1,0,1,0,0,0,[0|0|0],5,35,0,2,0,0,0,0,0,0,0,0,0,3,3,3,2,-1,0,0,1,2,1,0,2,0,5,-1,0,2,1,0,[0|0|0|0],-1,-1,-1,-1,-1,-1,-1,-1,10891,10892,20000,20001,-1
30107050,Banished Knight (ADDED),0,0,[0|0|0],301000,301010,10,10,0,1,1,0,-1,5,8,5,8,3000,0.1,-1,-1,30,0,0,0,99,85,30,20,1,7,12,3,15,0,0,100,60,30,30,0,0,5,15,0,0,0,1,128,0,0,0,1,1,1,1,0,1,0,0,0,[0|0|0],5,35,0,2,0,0,0,0,0,0,0,0,0,3,3,3,2,-1,0,0,1,2,1,0,2,0,5,-1,0,2,1,0,[0|0|0|0],-1,-1,-1,-1,-1,-1,-1,-1,10891,10892,20000,20001,-1
30108050,Banished Knight (ADDED),0,0,[0|0|0],10000,301020,10,10,0,0,1,0,-1,5,8,5,8,3000,0.1,-1,-1,30,0,0,0,99,85,30,20,1,7,12,3,15,0,0,100,60,30,30,0,0,5,15,0,0,0,1,128,0,0,0,1,1,1,1,0,1,0,0,0,[0|0|0],5,35,0,2,0,0,0,0,0,0,0,0,0,3,3,3,2,-1,0,0,1,2,1,0,2,0,5,-1,0,2,1,0,[0|0|0|0],-1,-1,-1,-1,-1,-1,-1,-1,-1,-1,-1,-1,-1
30200020,,1,0,[0|0|0],300000,302000,7,20,0,0,1,0,-1,5,8,5,8,3000,0.1,0,0,30,0,1,0,0,80,50,50,1,7,12,3,15,0,0,100,60,25,180,0,0,0,0,0,0,0,1,128,0,0,0,1,1,1,1,0,1,0,0,0,[0|0|0],5,35,0,2,0,1,25,25,25,251,16544,16384,0,3,3,0,2,-1,0,0,1,2,1,0,2,0,2,-1,0,2,1,1,[0|0|0|0],300000,450001,-1,-1,-1,-1,-1,-1,-1,-1,-1,-1,-1
30500000,Battlefield Commander,0,0,[0|0|0],10000,305000,0,0,1,0,1,0,-1,5,8,0,8,3000,0.1,0,0,30,0,1,0,99,9999,9999,9999,1,7,12,3,30,0,0,100,30,30,65,0,0,0,0,0,0,0,0,128,0,0,0,1,1,1,0,0,0,0,0,0,[0|0|0],5,35,0,2,0,0,0,0,0,0,16544,16384,0,2,3,0,2,-1,0,0,0,2,0,0,2,0,5,-1,0,2,0,1,[0|0|0|0],-1,-1,-1,-1,-1,-1,-1,-1,-1,-1,-1,-1,-1
30500010,,0,0,[0|0|0],10000,305000,0,0,1,0,1,0,-1,5,8,5,8,3000,0.1,0,0,30,0,1,0,0,80,50,50,1,7,12,3,30,0,0,100,30,30,180,0,0,0,0,0,0,0,0,128,0,0,0,1,1,1,0,0,0,0,0,0,[0|0|0],5,35,0,2,0,0,0,0,0,0,16544,16384,0,2,3,0,2,-1,0,0,0,2,0,0,2,0,2,-1,0,2,0,1,[0|0|0|0],-1,-1,-1,-1,-1,-1,-1,-1,-1,-1,-1,-1,-1
30500940,Commander (ADDED),0,0,[0|0|0],10000,305000,0,0,1,0,1,0,-1,5,8,0,16,3000,0.1,0,0,30,0,0,0,0,80,30,40,1,7,12,3,30,0,0,100,80,30,65,1,0,0,0,0,0,0,0,128,0,0,0,1,1,1,0,0,0,0,0,0,[0|0|0],5,35,0,2,0,0,0,0,0,0,0,0,0,2,3,0,2,-1,0,0,0,2,0,0,2,0,8,-1,0,2,0,1,[0|0|0|0],-1,-1,-1,-1,-1,-1,-1,-1,-1,-1,-1,-1,-1
30600020,Giant Skeleton,0,0,[0|0|0],10000,306000,30,180,0,0,1,0,-1,2,2,0,8,3000,0.1,-1,-1,30,0,1,0,200,200,85,20,1,7,12,3,15,0,0,100,70,25,180,1,0,5,15,0,0,0,1,128,0,0,0,1,1,1,1,0,1,0,0,0,[0|0|0],5,35,0,2,0,1,25,25,180,0,16544,16384,0,3,3,0,2,-1,0,0,1,2,1,0,2,0,2,-1,0,2,1,1,[0|0|0|0],-1,-1,-1,-1,-1,-1,-1,-1,-1,-1,-1,-1,-1
30600090,Giant Skeleton,0,0,[0|0|0],10000,306000,30,180,0,0,1,0,-1,2,2,0,8,3000,0.1,-1,-1,30,0,1,0,200,85,85,12,1,7,12,3,15,0,0,100,70,25,180,1,0,5,15,0,0,0,1,128,0,0,0,1,1,1,1,0,1,0,0,0,[0|0|0],5,35,0,2,0,1,25,25,180,0,16544,16384,0,3,3,0,2,-1,0,0,1,2,1,0,2,0,2,-1,0,2,1,1,[0|0|0|0],-1,-1,-1,-1,-1,-1,-1,-1,-1,-1,-1,-1,-1
30601020,Giant Skeleton,0,0,[0|0|0],10000,306010,30,180,0,0,1,0,-1,2,2,0,8,3000,0.1,-1,-1,30,0,1,0,200,200,85,20,1,7,12,3,15,0,0,100,70,25,180,1,0,5,15,0,0,0,1,128,0,0,0,1,1,1,1,0,1,0,0,0,[0|0|0],5,35,0,2,0,1,25,25,180,0,16544,16384,0,3,3,0,2,-1,0,0,1,2,1,0,2,0,2,-1,0,2,1,1,[0|0|0|0],-1,-1,-1,-1,-1,-1,-1,-1,-1,-1,-1,-1,-1
30800020,Imp (ADDED),0,0,[0|0|0],10000,308000,20,20,0,0,1,0,-1,5,8,5,8,3000,0.1,-1,-1,30,0,0,0,0,85,30,12,1,7,12,3,30,0,0,100,30,25,60,1,0,5,15,0,0,0,1,128,1,0,0,1,1,1,1,0,0,0,0,0,[0|0|0],5,35,0,2,0,0,0,0,0,0,0,0,0,3,3,2,2,-1,0,0,1,2,1,0,2,0,2,3014,0,2,1,0,[0|0|0|0],-1,-1,-1,-1,-1,-1,-1,-1,-1,-1,-1,-1,-1
30800040,Imp (ADDED),0,0,[0|0|0],10000,308000,20,20,0,0,1,0,-1,5,8,5,8,3000,0.1,-1,-1,30,0,0,0,0,85,30,12,1,7,12,3,30,0,0,100,30,25,60,1,0,5,15,0,0,0,1,128,1,0,0,1,1,1,1,0,0,0,0,0,[0|0|0],5,35,0,2,0,0,0,0,0,0,0,0,0,3,3,2,2,-1,0,0,1,2,1,0,2,0,2,3014,0,2,1,0,[0|0|0|0],-1,-1,-1,-1,-1,-1,-1,-1,-1,-1,-1,-1,-1
30800110,Imp (ADDED),0,0,[0|0|0],10000,308000,20,20,0,0,1,0,-1,5,8,5,8,3000,0.1,-1,-1,30,0,0,0,0,85,30,12,1,7,12,3,30,0,0,100,30,25,60,1,0,5,15,0,0,0,1,128,1,0,0,1,1,1,1,0,0,0,0,0,[0|0|0],5,35,0,2,0,0,0,0,0,0,0,0,0,3,3,2,1,-1,0,0,1,1,1,0,1,0,2,3014,0,2,1,0,[0|0|0|0],-1,-1,-1,-1,-1,-1,-1,-1,-1,-1,-1,-1,-1
31000050,,0,0,[0|0|0],10000,310000,20,20,0,0,1,0,-1,5,8,5,8,3000,0.1,0,0,30,0,1,0,0,80,50,50,1,7,12,3,15,0,0,100,100,60,180,0,0,0,0,0,0,0,0,128,0,0,0,1,1,1,0,0,0,0,0,0,[0|0|0],5,35,0,2,0,0,0,0,0,0,16544,16384,0,3,3,0,2,-1,0,0,0,2,1,0,2,0,2,3012,0,2,1,1,[0|0|0|0],-1,-1,-1,-1,-1,-1,-1,-1,-1,-1,-1,-1,-1
31000931,Elemer of the Briar (ADDED),0,0,[0|0|0],10000,310000,20,20,0,0,1,0,-1,5,8,5,999,3000,0.1,0,0,30,0,0,0,100,100,30,20,1,7,12,999,30,0,0,100,80,90,180,1,0,0,0,0,0,0,0,128,0,0,0,1,1,1,0,0,0,0,0,0,[0|0|0],5,35,0,2,0,0,0,0,0,0,0,0,0,3,3,2,2,-1,0,0,0,2,1,0,2,0,999,3012,0,2,1,1,[0|0|0|0],-1,-1,-1,-1,-1,-1,-1,-1,-1,-1,-1,-1,-1
31500030,,0,0,[0|0|0],315000,315000,16,20,0,0,1,0,-1,5,8,5,8,3000,0.1,0,0,30,0,1,0,0,80,50,50,3,7,50,3,15,0,0,100,100,180,180,1,0,0,0,0,0,0,1,128,0,0,0,1,1,1,0,0,0,0,0,0,[0|0|0],5,35,0,2,0,0,0,0,0,0,16544,16384,0,2,2,0,2,-1,0,0,1,2,1,0,2,0,2,-1,0,2,1,1,[0|0|0|0],-1,-1,-1,-1,-1,-1,-1,-1,-1,-1,-1,-1,-1
31501030,,0,0,[0|0|0],315000,315000,16,20,0,0,1,0,-1,5,8,5,8,3000,0.1,0,0,30,0,1,0,0,80,50,50,3,7,50,3,15,0,0,100,100,180,180,1,0,0,0,0,0,0,1,128,0,0,0,1,1,1,0,0,0,0,0,0,[0|0|0],5,35,0,2,0,0,0,0,0,0,16544,16384,0,2,2,0,2,-1,0,0,1,2,1,0,2,0,2,-1,0,2,1,1,[0|0|0|0],-1,-1,-1,-1,-1,-1,-1,-1,-1,-1,-1,-1,-1
31700052,Albinauric Archer (ADDED),0,0,[0|0|0],317000,317000,0,60,0,0,1,0,-1,5,8,5,6,3004,0.1,0,0,30,0,0,0,0,85,30,20,3,7,50,5,10,0,0,100,10,60,40,1,0,0,0,0,0,0,1,128,0,0,0,0,1,1,0,0,0,0,0,0,[0|0|0],5,35,0,2,0,0,0,0,0,0,0,0,0,1,1,2,1,-1,0,0,1,1,2,0,1,0,6,3000,0,2,2,0,[0|0|0|0],-1,-1,-1,-1,-1,-1,-1,-1,-1,-1,-1,-1,-1
31700053,Albinauric Archer (ADDED),0,0,[0|0|0],317000,317000,0,60,0,0,1,0,-1,5,8,5,6,3004,0.1,0,0,30,0,0,0,0,85,30,20,3,7,50,5,10,0,0,100,10,20,35,1,0,0,0,0,0,0,1,128,0,0,0,0,1,1,0,0,0,0,0,0,[0|0|0],5,35,0,2,0,0,0,0,0,0,0,0,0,1,1,2,1,-1,0,0,1,1,2,0,1,0,6,3000,0,2,2,0,[0|0|0|0],-1,-1,-1,-1,-1,-1,-1,-1,-1,-1,-1,-1,-1
31700054,Albinauric Archer (ADDED),0,0,[0|0|0],317000,317000,0,60,0,0,1,0,-1,5,8,5,6,3004,0.1,0,0,30,0,0,0,0,85,30,20,3,7,50,5,10,0,0,100,10,20,35,1,0,0,0,0,0,0,1,128,0,0,0,0,1,1,0,0,0,0,0,0,[0|0|0],5,35,0,2,0,0,0,0,0,0,0,0,0,1,1,2,1,-1,0,0,1,1,2,0,1,0,6,3000,0,2,2,0,[0|0|0|0],-1,-1,-1,-1,-1,-1,-1,-1,-1,-1,-1,-1,-1
31700055,Albinauric Archer (ADDED),0,0,[0|0|0],317000,317000,0,60,0,0,1,0,-1,5,8,5,6,3004,0.1,0,0,30,0,0,0,0,85,30,20,3,7,50,5,10,0,0,100,10,20,35,1,0,0,0,0,0,0,1,128,0,0,0,0,1,1,0,0,0,0,0,0,[0|0|0],5,35,0,2,0,0,0,0,0,0,0,0,0,1,1,2,1,-1,0,0,1,1,2,0,1,0,6,3000,0,2,2,0,[0|0|0|0],-1,-1,-1,-1,-1,-1,-1,-1,-1,-1,-1,-1,-1
31700056,Albinauric Archer (ADDED),0,0,[0|0|0],317000,317000,0,60,0,0,1,0,-1,5,8,5,6,3004,0.1,0,0,30,0,0,0,0,85,30,20,3,7,50,5,10,0,0,100,10,20,35,1,0,0,0,0,0,0,1,128,0,0,0,0,1,1,0,0,0,0,0,0,[0|0|0],5,35,0,2,0,0,0,0,0,0,0,0,0,1,1,2,1,-1,0,0,1,1,2,0,1,0,6,3000,0,2,2,0,[0|0|0|0],-1,-1,-1,-1,-1,-1,-1,-1,-1,-1,-1,-1,-1
31700057,Albinauric Archer (ADDED),0,0,[0|0|0],317000,317000,0,60,0,0,1,0,-1,5,8,5,6,3004,0.1,0,0,30,0,0,0,0,85,30,20,3,7,50,5,10,0,0,100,10,20,35,1,0,0,0,0,0,0,1,128,0,0,0,0,1,1,0,0,0,0,0,0,[0|0|0],5,35,0,2,0,0,0,0,0,0,0,0,0,1,1,2,1,-1,0,0,1,1,2,0,1,0,6,3000,0,2,2,0,[0|0|0|0],-1,-1,-1,-1,-1,-1,-1,-1,-1,-1,-1,-1,-1
31810024,Red Wolf of Radagon (ADDED),0,0,[0|0|0],10000,318100,15,50,0,0,1,0,-1,5,8,0,12,-1,0.1,0,0,30,0,0,0,0,100,30,20,3,7,50,5,20,0,0,100,60,20,180,1,0,0,0,0,0,0,1,128,0,0,0,1,1,1,0,0,0,0,0,0,[0|0|0],5,35,0,2,0,0,0,0,0,0,0,0,0,2,1,3,2,-1,0,0,1,2,1,0,2,0,10,-1,0,2,1,1,[0|0|0|0],-1,-1,-1,-1,-1,-1,-1,-1,-1,-1,-1,-1,-1
31810052,Red Wolf of Radagon (ADDED),0,0,[0|0|0],10000,318100,0,50,0,0,1,0,-1,5,8,5,12,-1,0.1,0,0,30,0,0,0,0,100,30,20,3,7,50,5,20,0,0,100,60,20,90,1,0,0,0,0,0,0,1,128,0,0,0,1,1,1,0,0,0,0,0,0,[0|0|0],5,35,0,2,0,0,0,0,0,0,0,0,0,2,1,3,2,-1,0,0,1,2,1,0,2,0,10,-1,0,2,1,1,[0|0|0|0],-1,-1,-1,-1,-1,-1,-1,-1,-1,-1,-1,-1,-1
31810500,Red Wolf of Radagon (ADDED),0,0,[0|0|0],10000,318100,5,50,0,0,1,0,-1,5,8,5,12,-1,0.1,0,0,30,0,0,0,0,100,30,20,3,7,50,5,20,0,0,100,60,20,90,1,0,0,0,0,0,0,1,128,0,0,0,1,1,1,0,0,0,0,0,0,[0|0|0],5,35,0,2,0,0,0,0,0,0,0,0,0,2,1,3,2,-1,0,0,1,2,1,0,2,0,10,-1,0,2,1,1,[0|0|0|0],-1,-1,-1,-1,-1,-1,-1,-1,-1,-1,-1,-1,-1
31810932,Red Wolf of Radagon (ADDED),0,0,[0|0|0],10000,318100,15,50,0,0,1,0,-1,5,8,5,999,-1,0.1,0,0,30,0,0,0,100,9999,9999,9999,3,7,50,999,20,0,0,100,60,20,90,1,0,0,0,0,0,0,1,128,0,0,0,1,1,1,0,0,0,0,0,0,[0|0|0],5,35,0,2,0,0,0,0,0,0,0,0,0,2,1,3,2,-1,0,0,1,2,1,0,2,0,999,-1,0,2,1,1,[0|0|0|0],-1,-1,-1,-1,-1,-1,-1,-1,-1,-1,-1,-1,-1
32500040,,1,0,[0|0|0],10000,325000,10,5,1,0,1,0,-1,5,8,5,8,3000,0.1,0,0,30,0,1,0,0,80,50,50,1,7,12,3,20,0,0,100,100,75,180,0,0,0,0,0,0,0,1,128,0,0,0,1,1,1,0,0,0,0,0,0,[0|0|0],5,35,0,2,0,0,0,0,0,0,16544,16384,0,0,1,0,2,-1,0,0,1,2,1,0,2,0,2,3030,0,2,1,1,[0|0|0|0],-1,-1,-1,-1,-1,-1,-1,-1,-1,-1,-1,-1,-1
32500500,Draconic Tree Sentinel,1,0,[0|0|0],10000,325000,10,37,1,0,1,0,-1,5,8,0,8,3000,0.1,0,0,30,0,1,0,200,200,85,20,3,7,50,3,20,0,0,100,100,180,180,1,0,0,0,0,0,0,1,128,0,0,0,1,1,1,0,0,0,0,0,0,[0|0|0],5,35,0,2,0,0,0,0,0,0,16544,16384,0,0,1,0,2,-1,0,0,1,2,0,0,2,0,5,3030,0,2,0,1,[0|0|0|0],-1,-1,-1,-1,-1,-1,-1,-1,-1,-1,-1,-1,-1
32510030,,0,0,[0|0|0],10000,325100,10,5,1,0,1,0,-1,2,2,5,8,3005,0.1,0,0,30,0,1,0,0,80,50,50,1,7,12,3,20,0,0,100,100,75,180,0,0,0,0,0,0,0,1,128,0,0,0,1,1,1,0,0,0,0,0,0,[0|0|0],5,35,0,2,0,0,0,0,0,0,16544,16384,0,0,1,0,2,-1,0,0,1,2,1,0,2,0,2,3023,0,2,1,1,[0|0|0|0],-1,-1,-1,-1,-1,-1,-1,-1,-1,-1,-1,-1,-1
32510500,Tree Sentinel,0,0,[0|0|0],10000,325100,10,37,1,0,1,0,-1,2,2,0,8,3005,0.1,0,0,30,0,1,0,200,200,85,20,3,7,50,3,20,0,0,100,100,180,180,1,0,0,0,0,0,0,1,128,0,0,0,1,1,1,0,0,0,0,0,0,[0|0|0],5,35,0,2,0,0,0,0,0,0,16544,16384,0,0,1,0,2,-1,0,0,1,2,0,0,2,0,5,3023,0,2,0,1,[0|0|0|0],-1,-1,-1,-1,-1,-1,-1,-1,-1,-1,-1,-1,-1
32520054,Loretta (ADDED),0,0,[0|0|0],10000,325200,40,5,1,0,1,0,-1,5,8,0,8,3000,0.1,0,0,30,0,0,0,1,9999,9999,9999,1,7,12,3,20,0,0,100,80,75,85,1,0,0,0,0,0,0,1,128,0,0,0,1,1,1,0,0,0,0,0,0,[0|0|0],5,35,0,2,0,0,0,0,0,0,0,0,0,0,1,2,2,-1,0,0,3,3,1,0,2,0,5,3024,0,2,1,1,[0|0|0|0],-1,-1,-1,-1,-1,-1,-1,-1,-1,-1,-1,-1,-1
32520110,Loretta (ADDED),0,0,[0|0|0],10000,325210,10,37,1,0,1,0,-1,5,8,5,8,3000,0.1,0,0,30,0,0,0,1,999,999,999,1,7,12,3,20,0,0,100,80,90,180,1,0,0,0,0,0,0,1,128,0,0,0,1,1,1,0,0,0,0,0,0,[0|0|0],5,35,0,2,0,0,0,0,0,0,0,0,0,0,1,2,2,-1,0,0,1,2,1,0,2,0,5,3024,0,2,1,1,[0|0|0|0],-1,-1,-1,-1,-1,-1,-1,-1,-1,-1,-1,-1,-1
33000900,Nox Swordstress (ADDED),0,0,[0|0|0],10000,330000,0,20,0,0,1,0,-1,5,8,5,8,3000,0.1,0,0,30,0,0,0,0,999,999,999,1,7,12,3,18,0,0,100,80,90,180,1,0,0,0,0,0,0,1,128,0,0,0,1,1,1,1,0,1,0,0,0,[0|0|0],5,35,0,2,0,0,0,0,0,0,0,0,0,3,3,1,2,-1,0,0,1,2,1,0,2,0,5,-1,0,2,1,0,[0|0|0|0],-1,-1,-1,-1,-1,-1,-1,-1,-1,-1,-1,-1,-1
33200100,Silver Tear (ADDED),0,0,[0|0|0],10000,332000,20,20,0,0,1,0,-1,5,8,5,8,3000,0.1,0,0,30,0,0,0,0,85,30,12,1,7,12,3,15,0,0,100,80,60,45,1,0,0,0,0,0,0,0,128,0,0,0,1,1,1,0,0,1,0,0,0,[0|0|0],5,35,0,2,0,0,0,0,0,0,0,0,0,1,2,2,2,-1,0,0,0,2,1,0,2,0,5,3002,0,2,1,0,[0|0|0|0],-1,-1,-1,-1,-1,-1,-1,-1,-1,-1,-1,-1,-1
33200200,Electrified Silver Tear (ADDED),0,0,[0|0|0],10000,332000,20,20,0,0,1,0,-1,5,8,5,8,3000,0.1,0,0,30,0,0,0,0,85,30,12,1,7,12,3,15,0,0,100,80,60,45,1,0,0,0,0,0,0,0,128,0,0,0,1,1,1,0,0,1,0,0,0,[0|0|0],5,35,0,2,0,0,0,0,0,0,0,0,0,1,2,2,2,-1,0,0,0,2,1,0,2,0,5,3002,0,2,1,1,[0|0|0|0],-1,-1,-1,-1,-1,-1,-1,-1,-1,-1,-1,-1,-1
33300020,Giant Silver Tear (ADDED),0,0,[0|0|0],10000,333000,0,0,0,0,1,0,-1,5,8,5,20,-1,0.1,-1,-1,30,0,0,0,0,9999,9999,9999,1,7,12,0,30,0,0,100,80,60,180,1,0,5,15,0,0,0,0,0,0,0,0,1,0,1,0,0,0,0,0,0,[0|0|0],5,35,0,2,0,0,0,0,0,0,0,0,0,1,0,3,0,-1,0,0,0,2,0,1,2,0,20,-1,2,2,0,0,[0|0|0|0],-1,-1,-1,-1,-1,-1,-1,-1,-1,-1,-1,-1,-1
33300062,Giant Silver Tear (ADDED),0,0,[0|0|0],10000,333000,0,0,0,0,1,0,-1,5,8,5,20,-1,0.1,-1,-1,30,0,0,0,0,9999,9999,9999,1,7,12,0,15,0,0,100,80,60,180,1,0,5,15,0,0,0,0,0,0,0,0,1,0,1,0,0,0,0,0,0,[0|0|0],5,35,0,2,0,0,0,0,0,0,0,0,0,1,0,3,0,-1,0,0,0,2,0,1,2,0,20,-1,2,2,0,0,[0|0|0|0],-1,-1,-1,-1,-1,-1,-1,-1,-1,-1,-1,-1,-1
33600510,,0,0,[0|0|0],336000,336000,8,20,0,0,1,0,-1,5,8,5,8,3038,0.1,-1,-1,30,0,0,0,0,85,30,12,1,7,12,3,15,0,0,100,40,60,45,1,0,5,15,0,0,0,1,128,0,0,0,1,1,1,1,0,1,0,0,0,[0|0|0],5,35,0,2,0,0,0,0,0,0,16544,16384,0,2,2,2,1,-1,0,0,1,1,1,0,1,0,5,3000,0,2,1,0,[0|0|0|0],337001,-1,-1,-1,-1,-1,-1,-1,-1,-1,-1,-1,-1
33600530,,0,0,[0|0|0],336000,336000,0,0,0,0,1,0,-1,5,8,5,8,3038,0.1,-1,-1,30,0,1,0,0,85,30,12,1,7,12,3,15,0,0,100,40,60,45,1,0,5,15,0,0,0,1,128,0,0,0,1,1,1,1,0,1,0,0,0,[0|0|0],5,35,0,2,0,0,0,0,0,0,16544,16384,0,2,2,2,1,-1,0,0,1,1,1,0,1,0,5,3000,0,2,1,1,[0|0|0|0],337001,-1,-1,-1,-1,-1,-1,-1,-1,-1,-1,-1,-1
33600600,Ancestral Follower (ADDED),0,0,[0|0|0],336000,336000,20,20,0,0,1,0,-1,5,8,5,8,3038,0.1,-1,-1,30,0,0,0,0,85,30,12,1,7,12,3,15,0,0,100,60,180,60,1,0,5,15,0,0,0,2,128,0,0,0,1,1,1,1,0,1,0,0,0,[0|0|0],5,35,0,2,0,0,0,0,0,0,0,0,0,2,2,2,2,-1,0,0,2,3,1,0,1,0,5,3000,0,2,1,0,[0|0|0|0],337001,-1,-1,-1,-1,-1,-1,-1,-1,-1,-1,-1,-1
33600610,Ancestral Follower (ADDED),0,0,[0|0|0],336000,336000,20,20,0,0,1,0,-1,5,8,5,8,3038,0.1,-1,-1,30,0,0,0,0,85,30,12,1,7,12,3,15,0,0,100,60,15,60,1,0,5,15,0,0,0,2,128,0,0,0,1,1,1,1,0,1,0,0,0,[0|0|0],5,35,0,2,0,0,0,0,0,0,0,0,0,2,2,2,2,-1,0,0,2,3,1,0,1,0,5,3000,0,2,1,0,[0|0|0|0],337001,-1,-1,-1,-1,-1,-1,-1,-1,-1,-1,-1,-1
34601000,Leonine Misbegotten (ADDED),0,0,[0|0|0],10000,346000,18,20,0,0,1,0,-1,2,2,0,8,3006,0.1,0,0,22,0,0,0,9999,9999,9999,9999,1,7,12,3,15,0,0,100,80,60,45,1,0,0,0,0,0,0,1,128,0,0,0,1,1,1,0,0,0,0,0,0,[0|0|0],5,35,0,2,0,0,0,0,0,0,0,0,0,3,3,0,2,-1,0,0,1,2,1,0,2,0,5,-1,0,2,1,0,[0|0|0|0],-1,-1,-1,-1,-1,-1,-1,-1,-1,-1,-1,-1,-1
34602000,Leonine Misbegotten (ADDED),0,0,[0|0|0],10000,346000,0,20,0,0,1,0,-1,2,2,5,8,3006,0.1,0,0,30,0,0,0,0,999,999,999,1,7,12,3,15,0,0,100,80,90,180,1,0,0,0,0,0,0,1,128,0,0,0,1,1,1,0,0,0,0,0,0,[0|0|0],5,35,0,2,0,0,0,0,0,0,0,0,0,3,3,2,2,-1,0,0,1,2,1,0,2,0,5,3000,0,2,1,0,[0|0|0|0],-1,-1,-1,-1,-1,-1,-1,-1,-1,-1,-1,-1,-1
34702052,Albinauric (ADDED),0,0,[0|0|0],10000,347020,0,5,0,0,1,0,-1,2,2,5,8,3000,0.1,-1,-1,30,1,0,0,0,85,30,12,1,7,12,3,20,0,0,100,50,60,45,0,0,5,15,0,0,0,1,128,1,0,0,1,1,1,1,0,1,0,0,0,[0|0|0],5,35,0,5,0,0,0,0,0,0,0,0,0,2,2,3,1,-1,0,0,1,1,1,0,1,0,2,-1,0,2,1,0,[0|0|0|0],-1,-1,-1,-1,-1,-1,-1,-1,-1,-1,-1,-1,-1
34704052,Albinauric (ADDED),0,0,[0|0|0],10000,347040,0,5,0,0,1,0,-1,2,2,5,8,3012,0.1,-1,-1,30,0,0,0,0,85,30,12,1,7,12,3,20,0,0,100,50,60,45,0,0,5,15,0,0,0,1,128,1,0,0,1,1,1,1,0,1,0,0,0,[0|0|0],5,35,0,5,0,0,0,0,0,0,0,0,0,2,2,3,1,-1,0,0,1,1,1,0,1,0,2,-1,0,2,1,0,[0|0|0|0],-1,-1,-1,-1,-1,-1,-1,-1,-1,-1,-1,-1,-1
35000020,Skeletal Militiaman/Bandit/Knight/Grave Warden,0,0,[0|0|0],10000,350000,30,180,0,0,1,0,-1,2,2,0,8,3004,0.1,-1,0,30,0,1,0,200,200,85,20,1,7,12,3,20,0,0,100,50,60,180,1,0,0,0,0,0,0,1,128,1,0,0,1,1,1,1,0,1,0,0,0,[0|0|0],5,35,0,0,0,0,0,0,0,0,16544,16384,0,2,2,0,2,-1,0,0,1,2,1,0,2,0,2,-1,0,2,1,1,[0|0|0|0],-1,-1,-1,-1,-1,-1,-1,-1,-1,-1,-1,-1,-1
35000090,Skeletal Militiaman/Bandit/Knight/Grave Warden,1,0,[0|0|0],10000,350000,30,180,0,0,1,0,-1,2,2,0,8,3004,0.1,-1,0,30,0,1,0,200,85,85,12,1,7,12,3,20,0,0,100,50,60,180,1,0,0,0,0,0,0,1,128,1,0,0,1,1,1,1,0,1,0,0,0,[0|0|0],5,35,0,0,0,0,0,0,0,0,16544,16384,0,2,2,0,2,-1,0,0,1,2,1,0,2,0,2,-1,0,2,1,1,[0|0|0|0],-1,-1,-1,-1,-1,-1,-1,-1,-1,-1,-1,-1,-1
35001021,Large Skeleton (ADDED),0,0,[0|0|0],10000,350010,10,5,0,0,1,0,-1,2,2,5,8,3020,0.1,-1,0,30,0,0,0,0,85,30,12,1,7,12,3,20,0,0,100,50,60,45,1,0,0,0,0,0,0,1,128,1,0,0,1,1,1,1,0,1,0,0,0,[0|0|0],5,35,0,0,0,0,0,0,0,0,0,0,0,2,2,2,1,-1,0,0,1,1,1,0,1,0,2,3021,0,2,1,0,[0|0|0|0],-1,-1,-1,-1,-1,-1,-1,-1,-1,-1,-1,-1,-1
35001030,Skeletal Militiaman/Bandit/Knight/Grave Warden,0,0,[0|0|0],10000,350010,10,180,0,0,1,0,-1,2,2,0,8,3020,0.1,-1,0,30,0,1,0,200,200,85,20,1,7,12,3,20,0,0,100,50,60,180,1,0,0,0,0,0,0,1,128,1,0,0,1,1,1,1,0,1,0,0,0,[0|0|0],5,35,0,0,0,0,0,0,0,0,16544,16384,0,2,2,0,2,-1,0,0,1,2,1,0,2,0,2,3021,0,2,1,1,[0|0|0|0],-1,-1,-1,-1,-1,-1,-1,-1,-1,-1,-1,-1,-1
35002020,Skeletal Militiaman/Bandit/Knight/Grave Warden,0,0,[0|0|0],10000,350020,10,180,0,0,1,0,-1,2,2,0,8,3011,0.1,-1,0,30,0,1,0,200,200,85,20,1,7,12,3,20,0,0,100,50,60,180,1,0,0,0,0,0,0,1,128,1,0,0,1,1,1,1,0,1,0,0,0,[0|0|0],5,35,0,0,0,0,0,0,0,0,16544,16384,0,2,2,0,2,-1,0,0,1,2,1,0,2,0,2,3010,0,2,1,1,[0|0|0|0],-1,-1,-1,-1,-1,-1,-1,-1,-1,-1,-1,-1,-1
35003020,Skeletal Militiaman/Bandit/Knight/Grave Warden,0,0,[0|0|0],10000,350030,30,180,0,0,1,0,-1,2,2,0,8,3000,0.1,-1,0,30,1,1,0,200,200,85,20,1,7,12,3,20,0,0,100,50,60,180,1,0,0,0,0,0,0,1,128,1,0,0,1,1,1,1,0,1,0,0,0,[0|0|0],5,35,0,0,0,0,0,0,0,0,16544,16384,0,2,2,0,2,-1,0,0,1,2,1,0,2,0,2,-1,0,2,1,1,[0|0|0|0],-1,-1,-1,-1,-1,-1,-1,-1,-1,-1,-1,-1,-1
35004020,Skeletal Militiaman/Bandit/Knight/Grave Warden,0,0,[0|0|0],10000,350040,30,180,0,0,1,0,-1,2,2,0,8,3010,0.1,-1,0,30,0,1,0,200,200,85,20,1,7,12,3,20,0,0,100,50,60,180,1,0,0,0,0,0,0,1,128,1,0,0,1,1,1,1,0,1,0,0,0,[0|0|0],5,35,0,0,0,0,0,0,0,0,16544,16384,0,2,2,0,2,-1,0,0,1,2,1,0,2,0,2,-1,0,2,1,1,[0|0|0|0],-1,-1,-1,-1,-1,-1,-1,-1,-1,-1,-1,-1,-1
35102010,Skeleton (Bow) (ADDED),0,0,[0|0|0],10000,351003,4,0,0,0,1,0,-1,5,8,5,8,3031,0.1,-1,-1,30,0,0,0,0,85,30,12,1,7,12,3,30,0,0,100,34,120,30,1,0,5,15,0,0,0,1,50,1,0,0,1,1,1,1,0,1,0,0,0,[0|0|0],5,35,0,0,0,0,0,0,0,0,0,0,0,3,3,2,1,-1,0,0,1,1,1,0,1,0,5,3030,0,2,1,0,[0|0|0|0],-1,-1,-1,-1,-1,-1,-1,-1,-1,-1,-1,-1,-1
35104010,Skeleton (ADDED),0,0,[0|0|0],10000,351009,4,0,0,0,1,0,-1,5,8,5,8,3012,0.1,-1,-1,30,0,0,0,0,85,30,12,1,7,12,3,15,0,0,100,34,45,30,1,0,5,15,0,0,0,1,50,1,0,0,1,1,1,1,0,1,0,0,0,[0|0|0],5,35,0,0,0,0,0,0,0,0,0,0,0,3,3,2,1,-1,0,0,1,1,1,0,1,0,5,3012,0,2,1,0,[0|0|0|0],-1,-1,-1,-1,-1,-1,-1,-1,-1,-1,-1,-1,-1
35600040,,0,0,[0|0|0],356000,356000,5,5,1,0,1,0,-1,5,8,5,8,3000,0.1,0,0,30,0,1,0,0,150,30,20,1,7,12,3,30,0,0,100,100,20,50,0,0,0,0,0,0,0,1,128,0,0,0,1,1,1,0,0,1,0,0,0,[0|0|0],5,35,0,2,0,0,0,0,0,0,16544,16384,0,1,1,0,2,-1,0,0,1,2,0,0,2,0,5,3027,0,2,0,1,[0|0|0|0],357000,357001,-1,-1,-1,-1,-1,-1,-1,-1,-1,-1,-1
35600100,Godskin Apostle,0,0,[0|0|0],356000,356000,5,5,1,0,1,0,-1,5,8,5,8,3000,0.1,0,0,30,0,1,0,0,150,30,20,1,7,12,3,30,0,0,100,100,20,50,0,0,0,0,0,0,0,1,128,0,0,0,1,1,1,0,0,1,0,0,0,[0|0|0],5,35,0,2,0,0,0,0,0,0,16544,16384,0,1,1,0,2,-1,0,0,1,2,0,0,2,0,5,3027,0,2,0,1,[0|0|0|0],357000,357001,-1,-1,-1,-1,-1,-1,-1,-1,-1,-1,-1
35600110,Godskin Apostle,0,0,[0|0|0],356000,356000,5,5,1,0,1,0,-1,5,8,0,8,3000,0.1,0,0,30,0,1,0,0,60,30,20,1,7,12,3,30,0,0,100,100,20,50,1,0,0,0,0,0,0,1,128,0,0,0,1,1,1,0,0,1,0,0,0,[0|0|0],5,35,0,2,0,0,0,0,0,246,16544,16384,0,1,1,2,2,-1,0,0,1,2,0,0,2,0,5,3027,0,2,0,1,[0|0|0|0],357000,357001,-1,-1,-1,-1,-1,-1,-1,-1,-1,-1,-1
35600120,Godskin Apostle,0,0,[0|0|0],356000,356000,5,5,1,0,1,0,-1,5,8,0,8,3000,0.1,0,0,30,0,1,0,200,200,85,20,1,7,12,3,30,0,0,100,100,20,50,1,0,0,0,0,0,0,1,128,0,0,0,1,1,1,0,0,1,0,0,0,[0|0|0],5,35,0,2,0,0,0,0,0,0,16544,16384,0,1,1,0,2,-1,0,0,1,2,0,0,2,0,5,3027,0,2,0,1,[0|0|0|0],357000,357001,-1,-1,-1,-1,-1,-1,-1,-1,-1,-1,-1
35600130,,0,0,[0|0|0],356000,356000,5,5,1,0,1,0,-1,5,8,0,8,3000,0.1,0,0,30,0,1,0,0,60,50,20,1,7,12,3,30,0,0,100,100,20,50,0,0,0,0,0,0,0,1,128,0,0,0,1,1,1,0,0,1,0,0,0,[0|0|0],5,35,0,2,0,0,0,0,0,0,16544,16384,0,1,1,0,2,-1,0,0,1,2,0,0,2,0,5,3027,0,2,0,1,[0|0|0|0],357000,357001,-1,-1,-1,-1,-1,-1,-1,-1,-1,-1,-1
35600140,,0,0,[0|0|0],356000,356000,5,5,1,0,1,0,-1,5,8,5,8,3000,0.1,0,0,30,0,1,0,0,80,50,50,1,7,12,3,30,0,0,100,100,20,180,0,0,0,0,0,0,0,1,128,0,0,0,1,1,1,0,0,1,0,0,0,[0|0|0],5,35,0,2,0,0,0,0,0,0,16544,16384,0,1,1,0,2,-1,0,0,1,2,0,0,2,0,2,3027,0,2,0,1,[0|0|0|0],357000,357001,-1,-1,-1,-1,-1,-1,-1,-1,-1,-1,-1
35600200,Godskin Apostle (ADDED),0,0,[0|0|0],356000,356000,1,5,1,0,1,0,-1,5,8,0,16,3000,0.1,0,0,30,0,0,0,1,150,30,20,1,7,12,3,30,0,0,100,70,20,50,0,0,0,0,0,0,0,1,128,0,0,0,1,1,1,0,0,1,0,0,0,[0|0|0],5,35,0,2,0,0,0,0,0,0,0,0,0,1,1,2,2,-1,0,0,1,2,0,0,2,0,5,3027,0,2,0,1,[0|0|0|0],357000,357001,-1,-1,-1,-1,-1,-1,-1,-1,-1,-1,-1
35600942,Godskin Apostle (ADDED),0,0,[0|0|0],356000,356000,0,5,1,0,1,0,-1,5,8,0,8,3000,0.1,0,0,30,0,0,0,1,9999,9999,9999,1,7,12,3,30,0,0,100,70,20,180,1,0,0,0,0,0,0,1,128,0,0,0,1,1,1,0,0,1,0,0,0,[0|0|0],5,35,0,2,0,0,0,0,0,0,0,0,0,1,1,2,2,-1,0,0,1,2,0,0,2,0,5,3027,0,2,0,1,[0|0|0|0],357000,357001,-1,-1,-1,-1,-1,-1,-1,-1,-1,-1,-1
35700100,Godskin Noble,1,0,[0|0|0],357000,357000,5,5,1,0,1,0,-1,5,8,5,8,3034,0.1,0,0,30,0,1,0,0,150,30,20,1,7,12,3,30,0,0,100,100,20,50,0,0,0,0,0,0,0,1,128,0,0,0,1,1,1,0,0,1,0,0,0,[0|0|0],5,35,0,2,0,0,0,0,0,0,16544,16384,0,1,1,0,2,-1,0,0,1,2,0,0,2,0,5,3027,0,2,0,1,[0|0|0|0],356000,356001,-1,-1,-1,-1,-1,-1,-1,-1,-1,-1,-1
35700110,Godskin Noble,1,0,[0|0|0],357000,357000,5,5,1,0,1,0,-1,5,8,0,8,3034,0.1,0,0,30,0,1,0,0,60,30,20,1,7,12,3,30,0,0,100,100,20,50,1,0,0,0,0,0,0,1,128,0,0,0,1,1,1,0,0,1,0,0,0,[0|0|0],5,35,0,2,0,0,0,0,0,246,16544,16384,0,1,1,2,2,-1,0,0,1,2,0,0,2,0,5,3027,0,2,0,1,[0|0|0|0],356000,356001,-1,-1,-1,-1,-1,-1,-1,-1,-1,-1,-1
35700120,Godskin Noble,1,0,[0|0|0],357000,357000,5,5,1,0,1,0,-1,5,8,0,8,3034,0.1,0,0,30,0,1,0,200,200,85,20,1,7,12,3,30,0,0,100,100,20,50,1,0,0,0,0,0,0,1,128,0,0,0,1,1,1,0,0,1,0,0,0,[0|0|0],5,35,0,2,0,0,0,0,0,0,16544,16384,0,1,1,0,2,-1,0,0,1,2,0,0,2,0,5,3027,0,2,0,1,[0|0|0|0],356000,356001,-1,-1,-1,-1,-1,-1,-1,-1,-1,-1,-1
35700130,,1,0,[0|0|0],357000,357000,5,5,1,0,1,0,-1,5,8,0,8,3034,0.1,0,0,30,0,1,0,0,60,50,20,1,7,12,3,30,0,0,100,100,20,50,0,0,0,0,0,0,0,1,128,0,0,0,1,1,1,0,0,1,0,0,0,[0|0|0],5,35,0,2,0,0,0,0,0,0,16544,16384,0,1,1,0,2,-1,0,0,1,2,0,0,2,0,5,3027,0,2,0,1,[0|0|0|0],356000,356001,-1,-1,-1,-1,-1,-1,-1,-1,-1,-1,-1
35700140,,1,0,[0|0|0],357000,357000,5,5,1,0,1,0,-1,5,8,5,8,3034,0.1,0,0,30,0,1,0,0,80,50,50,1,7,12,3,30,0,0,100,100,20,180,0,0,0,0,0,0,0,1,128,0,0,0,1,1,1,0,0,1,0,0,0,[0|0|0],5,35,0,2,0,0,0,0,0,0,16544,16384,0,1,1,0,2,-1,0,0,1,2,0,0,2,0,2,3027,0,2,0,1,[0|0|0|0],356000,356001,-1,-1,-1,-1,-1,-1,-1,-1,-1,-1,-1
35700900,Godskin Noble (ADDED),0,0,[0|0|0],357000,357000,5,5,1,0,1,0,-1,5,8,0,8,3034,0.1,0,0,30,0,0,0,100,9999,9999,9999,1,7,12,3,30,0,0,100,70,180,50,1,0,0,0,0,0,0,1,128,0,0,0,1,1,1,0,0,1,0,0,0,[0|0|0],5,35,0,2,0,0,0,0,0,0,0,0,0,1,1,2,2,-1,0,0,1,2,0,0,2,0,5,3027,0,2,0,1,[0|0|0|0],356000,-1,-1,-1,-1,-1,-1,-1,-1,-1,-1,-1,-1
35700910,Godskin Noble (ADDED),0,0,[0|0|0],357000,357000,18,5,1,0,1,0,-1,5,8,0,8,3034,0.1,0,0,30,0,0,0,100,9999,9999,9999,1,7,12,3,30,0,0,100,70,180,180,1,0,0,0,0,0,0,1,128,0,0,0,1,1,1,0,0,1,0,0,0,[0|0|0],5,35,0,2,0,0,0,0,0,0,0,0,0,1,1,2,2,-1,0,0,1,2,0,0,2,0,5,3027,0,2,0,1,[0|0|0|0],356000,-1,-1,-1,-1,-1,-1,-1,-1,-1,-1,-1,-1
36001100,Onyx Lord (ADDED),0,0,[0|0|0],10000,360010,12,20,0,0,1,0,-1,5,8,5,8,3000,0.1,0,0,30,0,0,0,100,9999,9999,9999,1,7,12,3,30,0,0,100,80,60,45,1,0,0,0,0,0,0,1,128,0,0,0,1,1,1,1,0,1,0,0,0,[0|0|0],5,35,0,2,0,0,0,0,0,0,0,0,0,3,3,2,2,-1,0,0,1,2,1,0,2,0,5,3009,0,2,1,0,[0|0|0|0],-1,-1,-1,-1,-1,-1,-1,-1,-1,-1,-1,-1,-1
36100090,Oracle Envoy,0,0,[0|0|0],10000,361000,999,20,0,0,1,0,-1,5,8,5,8,3000,0.1,0,0,30,0,0,0,0,999,999,999,0,7,12,3,30,0,0,100,40,180,180,1,0,0,0,0,0,0,1,128,0,0,0,1,1,1,0,0,1,0,0,0,[0|0|0],5,35,0,2,0,0,0,0,0,0,0,0,0,999,2,2,2,-1,0,0,1,2,1,0,2,0,5,3003,0,2,1,0,[0|0|0|0],-1,-1,-1,-1,-1,-1,-1,-1,-1,-1,-1,-1,-1
36301000,Oracle Envoy (ADDED),0,0,[0|0|0],10000,363000,20,20,0,0,1,0,-1,5,8,5,8,3000,0.1,0,0,30,0,0,0,0,85,30,20,1,7,12,3,30,0,0,100,70,60,45,1,0,0,0,0,0,0,1,128,0,0,0,1,1,1,0,0,1,0,0,0,[0|0|0],5,35,0,2,0,0,0,0,0,0,0,0,0,2,2,2,2,-1,0,0,1,2,1,0,2,0,5,3005,0,2,1,0,[0|0|0|0],-1,-1,-1,-1,-1,-1,-1,-1,-1,-1,-1,-1,-1
36301054,Oracle Envoy (ADDED),0,0,[0|0|0],10000,363000,20,20,0,0,1,0,-1,5,8,5,8,3000,0.1,0,0,30,0,0,0,0,85,30,20,1,7,12,3,30,0,0,100,70,80,45,1,0,0,0,0,0,0,1,128,0,0,0,1,1,1,0,0,1,0,0,0,[0|0|0],5,35,0,2,0,0,0,0,0,0,0,0,0,2,2,2,1,-1,0,0,1,1,1,0,1,0,5,3005,0,2,1,0,[0|0|0|0],-1,-1,-1,-1,-1,-1,-1,-1,-1,-1,-1,-1,-1
36620100,Putrid Corpse (Large),1,0,[0|0|0],10000,366100,20,10,0,0,1,0,-1,5,8,5,60,3024,0.1,0,0,30,0,0,0,0,85,30,12,1,7,12,60,20,0,0,100,40,60,45,0,0,0,0,0,0,0,1,128,0,0,0,1,1,1,0,0,1,0,0,0,[0|0|0],5,35,0,2,0,0,0,0,0,0,16544,16384,0,1,1,3,2,-1,0,0,1,2,0,0,2,0,60,-1,0,2,0,0,[0|0|0|0],366100,-1,-1,-1,-1,-1,-1,-1,-1,-1,-1,-1,-1
36640912,Cemetery Shade (ADDED),0,0,[0|0|0],10000,366400,10,10,0,0,1,0,-1,5,8,5,999,3000,0.1,0,0,30,0,0,0,100,999,999,999,1,7,12,999,20,0,0,100,10,60,45,1,0,0,0,0,0,0,1,128,0,0,0,1,1,1,0,0,1,0,0,0,[0|0|0],5,35,0,2,0,0,0,0,0,0,0,0,0,1,1,3,2,-1,0,0,1,2,0,0,2,0,999,-1,0,2,0,1,[0|0|0|0],-1,-1,-1,-1,-1,-1,-1,-1,-1,-1,-1,-1,-1
36640920,Cemetery Shade (ADDED),0,0,[0|0|0],10000,366400,10,10,0,0,1,0,-1,5,8,5,999,3000,0.1,0,0,30,0,0,0,100,999,999,999,1,7,12,999,20,0,0,100,10,60,45,1,0,0,0,0,0,0,1,128,0,0,0,1,1,1,0,0,1,0,0,0,[0|0|0],5,35,0,2,0,0,0,0,0,0,0,0,0,1,1,3,2,-1,0,0,1,2,0,0,2,0,999,-1,0,2,0,1,[0|0|0|0],-1,-1,-1,-1,-1,-1,-1,-1,-1,-1,-1,-1,-1
37020100,Glintstone Sorcerer,1,0,[0|0|0],10000,370200,20,20,0,0,1,0,-1,5,8,5,8,3011,0.1,0,0,30,0,0,0,0,85,30,12,1,7,12,3,30,0,0,100,40,60,45,0,0,0,0,0,0,0,1,128,0,0,0,1,1,1,1,0,1,0,0,0,[0|0|0],5,35,0,2,0,0,0,0,0,0,16544,16384,0,3,3,3,2,-1,0,0,1,2,1,0,2,0,5,-1,0,2,1,0,[0|0|0|0],-1,-1,-1,-1,-1,-1,-1,-1,-1,-1,-1,-1,-1
37020120,Glintstone Sorcerer,1,0,[0|0|0],10000,370200,20,20,0,0,1,0,-1,5,8,5,8,3011,0.1,0,0,30,0,0,0,0,85,30,12,1,7,12,3,30,0,0,100,40,60,45,0,0,0,0,0,0,0,1,128,0,0,0,1,1,1,1,0,1,0,0,0,[0|0|0],5,35,0,2,0,0,0,0,0,0,16544,16384,0,3,3,3,0,-1,0,0,1,0,1,0,0,0,5,-1,0,2,1,0,[0|0|0|0],-1,-1,-1,-1,-1,-1,-1,-1,-1,-1,-1,-1,-1
37020121,Glintstone Sorcerer (ADDED),0,0,[0|0|0],10000,370200,0,20,0,0,1,0,-1,5,8,5,8,3011,0.1,0,0,30,0,0,0,0,85,30,12,1,7,12,3,30,0,0,100,0,60,45,0,0,0,0,0,0,0,1,128,0,0,0,1,1,1,1,0,1,0,0,0,[0|0|0],5,35,0,2,0,0,0,0,0,0,0,0,0,3,3,3,0,-1,0,0,1,0,1,0,0,0,5,-1,0,2,1,0,[0|0|0|0],-1,-1,-1,-1,-1,-1,-1,-1,-1,-1,-1,-1,-1
37020130,Glintstone Sorcerer (NB),1,0,[0|0|0],10000,370200,20,20,0,0,1,0,-1,5,8,0,8,3011,0.1,0,0,30,0,0,0,200,85,85,12,1,7,12,3,30,0,0,100,40,60,45,0,0,0,0,0,0,0,1,128,0,0,0,1,1,1,1,0,1,0,0,0,[0|0|0],5,35,0,2,0,0,0,0,0,0,16544,16384,0,3,3,0,2,-1,0,0,1,2,1,0,2,0,5,-1,0,2,1,1,[0|0|0|0],-1,-1,-1,-1,-1,-1,-1,-1,-1,-1,-1,-1,-1
37040020,Battlemage (ADDED),0,0,[0|0|0],10000,370400,5,5,0,0,1,0,-1,5,8,5,8,3000,0.1,0,0,30,0,0,0,1,85,30,20,1,7,12,3,25,0,0,100,60,25,20,0,0,0,0,0,0,0,1,128,0,0,0,1,1,1,1,0,1,0,0,0,[0|0|0],5,35,0,2,0,1,0,0,55,0,0,0,0,1,1,2,2,-1,0,0,1,2,1,0,2,0,5,3010,0,2,1,0,[0|0|0|0],-1,-1,-1,-1,-1,-1,-1,-1,-1,-1,-1,-1,-1
37040900,Battlemage (ADDED),0,0,[0|0|0],10000,370400,0,37,0,0,1,0,-1,5,8,0,8,3000,0.1,0,0,30,0,0,0,1,85,30,20,1,7,12,3,25,0,0,100,60,50,180,0,0,0,0,0,0,0,1,128,0,0,0,1,1,1,1,0,1,0,0,0,[0|0|0],5,35,0,2,0,0,0,0,0,0,0,0,0,1,1,2,2,-1,0,0,1,2,1,0,2,0,5,3010,0,2,1,1,[0|0|0|0],-1,-1,-1,-1,-1,-1,-1,-1,-1,-1,-1,-1,-1
37300010,,0,0,[0|0|0],10000,373000,10,20,0,0,1,0,-1,1,1,5,1,3000,0.1,0,0,30,0,0,0,25,85,30,12,1,1,12,0,15,0,0,100,70,180,180,0,0,0,0,0,0,0,0,128,0,0,0,0,1,1,1,0,1,0,0,0,[0|0|0],5,35,0,2,0,0,0,0,0,0,16544,16384,0,0,0,3,0,-1,0,0,0,0,0,0,0,0,1,-1,0,2,0,0,[0|0|0|0],-1,-1,-1,-1,-1,-1,-1,-1,-1,-1,-1,-1,-1
38500150,Marionette (ADDED),0,0,[0|0|0],10000,385000,0,20,0,0,1,0,-1,5,8,5,8,3020,0.1,-1,0,30,0,0,0,0,85,30,12,1,7,12,3,21,0,0,100,34,25,40,1,0,0,0,0,0,0,1,128,1,0,0,1,1,1,1,0,1,0,0,0,[0|0|0],5,35,0,0,0,0,0,0,0,0,0,0,0,3,3,2,1,-1,0,0,1,1,0,0,1,0,5,3020,0,0,0,0,[0|0|0|0],-1,-1,-1,-1,-1,-1,-1,-1,-1,-1,-1,-1,-1
38600011,Avionette (ADDED),0,0,[0|0|0],10000,386000,5,10,0,0,1,0,-1,5,8,5,999,3002,0.1,-1,0,30,0,0,0,0,250,210,200,1,7,12,3,15,0,0,100,34,45,35,1,0,0,0,0,0,0,1,128,1,0,0,1,1,1,0,0,0,0,0,0,[0|0|0],5,35,0,0,0,0,0,0,0,0,0,0,0,2,2,2,1,-1,0,0,1,1,1,0,1,0,999,3030,0,2,1,0,[0|0|0|0],-1,-1,-1,-1,-1,-1,-1,-1,-1,-1,-1,-1,-1
38600500,Avionette (ADDED),0,0,[0|0|0],10000,386000,5,10,0,0,1,0,-1,5,8,5,999,3002,0.1,-1,0,30,0,0,0,0,250,210,200,1,7,12,3,15,0,0,100,34,180,180,1,0,0,0,0,0,0,1,128,1,0,0,1,1,1,0,0,0,0,0,0,[0|0|0],5,35,0,0,0,0,0,0,0,0,0,0,0,2,2,2,1,-1,0,0,1,1,1,0,1,0,999,3030,0,2,1,0,[0|0|0|0],-1,-1,-1,-1,-1,-1,-1,-1,-1,-1,-1,-1,-1
38601011,Avionette (ADDED),0,0,[0|0|0],10000,386010,5,10,0,0,1,0,-1,5,8,5,999,3006,0.1,-1,0,30,0,0,0,0,250,210,200,1,7,12,3,15,0,0,100,34,45,35,1,0,0,0,0,0,0,1,128,1,0,0,1,1,1,0,0,0,0,0,0,[0|0|0],5,35,0,0,0,0,0,0,0,0,0,0,0,2,2,2,1,-1,0,0,1,1,1,0,1,0,999,3030,0,2,1,0,[0|0|0|0],-1,-1,-1,-1,-1,-1,-1,-1,-1,-1,-1,-1,-1
39701100,Azula Beastman (ADDED),0,0,[0|0|0],397000,397010,6,5,0,0,1,0,-1,5,8,5,8,3000,0.1,-1,-1,18,0,0,0,9999,9999,9999,12,1,7,12,3,20,0,0,100,60,30,80,1,0,5,15,0,0,0,1,128,0,0,0,1,1,1,1,0,1,0,0,0,[0|0|0],5,35,1,3,0,0,0,0,0,0,0,0,0,1,1,3,2,-1,0,0,1,2,1,0,2,0,5,-1,0,2,1,1,[0|0|0|0],397000,-1,-1,-1,-1,-1,-1,-1,-1,-1,-1,-1,-1
39701200,Azula Beastman (ADDED),0,0,[0|0|0],397000,397010,6,5,0,0,1,0,-1,5,8,5,8,3000,0.1,-1,-1,18,0,0,0,0,9999,9999,12,1,7,12,3,20,0,0,100,60,30,80,1,0,5,15,0,0,0,1,128,0,0,0,1,1,1,1,0,1,0,0,0,[0|0|0],5,35,1,3,0,0,0,0,0,0,0,0,0,1,1,3,2,-1,0,0,1,2,1,0,2,0,5,-1,0,2,1,0,[0|0|0|0],397000,-1,-1,-1,-1,-1,-1,-1,-1,-1,-1,-1,-1
39702100,Azula Beastman (ADDED),0,0,[0|0|0],397000,397020,6,5,0,0,1,0,-1,5,8,5,8,3021,0.1,-1,-1,18,0,0,0,0,150,150,150,1,7,12,3,20,0,0,100,35,30,80,1,0,5,15,0,0,0,1,128,0,0,0,1,1,1,0,0,1,0,0,0,[0|0|0],5,35,1,3,0,0,0,0,0,0,0,0,0,1,1,3,2,-1,0,0,1,2,1,0,2,0,5,-1,0,2,1,0,[0|0|0|0],397000,-1,-1,-1,-1,-1,-1,-1,-1,-1,-1,-1,-1
39703300,Azula Beastman (ADDED),0,0,[0|0|0],397000,397000,6,5,0,0,1,0,-1,5,8,5,8,3021,0.1,-1,-1,30,0,0,0,0,85,30,12,1,7,12,3,20,0,0,100,60,30,80,1,0,5,15,0,0,0,1,128,0,0,0,1,1,1,1,0,1,0,0,0,[0|0|0],5,35,1,3,0,0,0,0,0,0,0,0,0,1,1,3,2,-1,0,0,1,2,1,0,2,0,5,-1,0,2,1,0,[0|0|0|0],397000,-1,-1,-1,-1,-1,-1,-1,-1,-1,-1,-1,-1
40210040,,0,0,[0|0|0],10000,402100,12,20,1,0,1,0,-1,5,8,5,8,3000,0.1,-1,-1,30,0,1,0,0,80,50,50,1,7,50,3,15,0,0,100,100,60,180,1,0,5,15,0,0,0,14,128,0,0,0,0,1,1,0,0,0,0,0,0,[0|0|0],5,35,0,2,0,0,0,0,0,236,16544,16384,0,1,2,0,16,-1,0,0,15,2,0,0,2,0,2,-1,0,0,0,1,[0|0|0|0],-1,-1,-1,-1,-1,-1,-1,-1,-1,-1,-1,-1,-1
40400000,Slug,0,0,[0|0|0],10000,404000,4,20,0,0,1,0,-1,5,8,0,8,3003,0.1,-1,-1,12,0,1,0,200,200,85,20,1,7,12,3,30,0,0,100,30,30,72,0,0,5,15,0,0,0,0,128,0,0,0,1,1,1,0,0,0,0,0,0,[0|0|0],5,35,0,2,0,1,25,30,72,0,16544,16384,0,3,0,0,2,-1,0,0,0,2,0,0,2,0,5,-1,0,0,0,1,[0|0|0|0],-1,-1,-1,-1,-1,-1,-1,-1,-1,-1,-1,-1,-1
40400010,Slug,1,0,[0|0|0],10000,404000,4,20,0,0,1,0,-1,5,8,5,8,3003,0.1,-1,-1,12,0,0,0,0,85,30,12,1,7,50,3,30,0,0,100,30,30,72,0,0,5,15,0,0,0,0,128,0,0,0,1,1,1,0,0,0,0,0,0,[0|0|0],5,35,0,2,0,1,25,30,72,0,16544,16384,0,3,0,3,2,-1,0,0,0,2,0,0,2,0,5,-1,0,0,0,0,[0|0|0|0],-1,-1,-1,-1,-1,-1,-1,-1,-1,-1,-1,-1,-1
40400020,Slug,1,0,[0|0|0],10000,404000,4,20,0,0,1,0,-1,5,8,5,8,3003,0.1,-1,-1,9,0,0,0,0,85,30,12,1,7,50,3,30,0,0,100,30,70,72,0,0,5,15,0,0,0,0,128,0,0,0,1,1,1,0,0,0,0,0,0,[0|0|0],5,35,0,2,0,1,25,30,72,0,16544,16384,0,3,0,3,2,-1,0,0,0,2,0,0,2,0,5,-1,0,0,0,0,[0|0|0|0],-1,-1,-1,-1,-1,-1,-1,-1,-1,-1,-1,-1,-1
40400030,,1,0,[0|0|0],10000,404000,4,20,0,0,1,0,-1,5,8,5,8,3003,0.1,-1,-1,12,0,0,0,0,85,30,12,1,7,50,3,30,0,0,100,30,30,72,0,0,5,15,0,0,0,0,128,0,0,0,1,1,1,0,0,0,0,0,0,[0|0|0],5,35,0,2,0,1,25,30,72,0,16544,16384,0,3,0,3,2,-1,0,0,0,2,0,0,2,0,5,-1,0,0,0,0,[0|0|0|0],-1,-1,-1,-1,-1,-1,-1,-1,-1,-1,-1,-1,-1
40400100,Slug (ADDED),0,0,[0|0|0],10000,404000,5,20,0,0,1,0,-1,5,8,5,8,3003,0.1,-1,-1,5,0,0,0,0,85,30,12,1,7,50,3,30,0,0,100,40,30,72,0,0,5,15,0,0,0,0,128,0,0,0,1,1,1,0,0,0,0,0,0,[0|0|0],5,35,0,2,0,0,0,0,0,0,0,0,0,3,0,3,2,-1,0,0,0,2,0,0,2,0,5,-1,0,0,0,0,[0|0|0|0],-1,-1,-1,-1,-1,-1,-1,-1,-1,-1,-1,-1,-1
40500900,Kaiden Sellsword (ADDED),0,0,[0|0|0],10000,405000,0,20,0,0,1,0,-1,2,2,5,8,3002,0.1,0,0,30,1,0,0,0,9999,9999,9999,3,7,50,3,30,0,0,100,80,60,45,1,1,0,0,0,0,0,1,128,0,0,0,1,1,1,1,0,1,0,0,0,[0|0|0],5,35,0,2,0,0,0,0,0,0,0,0,0,1,1,3,2,-1,0,0,1,2,1,0,2,0,5,-1,0,2,1,1,[0|0|0|0],450000,-1,900000,-1,-1,-1,-1,-1,-1,-1,-1,-1,-1
40704052,Wolf (ADDED),0,0,[0|0|0],10000,407000,0,20,0,0,1,0,-1,2,2,5,10,3000,0.1,0,0,30,0,0,0,0,85,30,12,1,7,12,10,17,0,0,100,34,55,30,1,0,0,0,0,0,0,1,128,0,0,0,1,1,1,0,0,0,0,0,0,[0|0|0],5,35,0,2,0,0,0,0,0,0,0,0,0,1,0,3,2,-1,0,0,1,2,2,0,2,0,2,-1,0,2,2,0,[0|0|0|0],450002,407000,407001,-1,-1,-1,-1,-1,-1,-1,-1,-1,-1
41000040,,1,0,[0|0|0],410000,410000,10,5,0,0,1,0,-1,2,2,5,8,3004,0.1,0,0,30,1,1,0,0,80,50,50,1,7,12,3,20,0,0,100,40,30,180,0,0,0,0,0,0,0,1,128,0,0,0,1,1,1,0,0,1,0,0,0,[0|0|0],5,35,0,1,0,0,0,0,0,0,16544,16384,0,1,1,0,2,-1,0,0,1,2,2,0,2,0,2,-1,0,2,2,1,[0|0|0|0],413000,413002,413006,410000,-1,-1,-1,-1,-1,-1,-1,-1,-1
41001040,,1,0,[0|0|0],410000,410010,10,5,0,0,1,0,-1,2,2,5,8,3001,0.1,0,0,30,0,1,0,0,80,50,50,1,7,12,3,20,0,0,100,40,30,180,0,0,0,0,0,0,0,1,128,0,0,0,1,1,1,0,0,1,0,0,0,[0|0|0],5,35,0,1,0,0,0,0,0,0,16544,16384,0,1,1,0,2,-1,0,0,1,2,2,0,2,0,2,-1,0,2,2,1,[0|0|0|0],413000,413002,413006,410000,-1,-1,-1,-1,-1,-1,-1,-1,-1
41002040,,1,0,[0|0|0],410000,410020,10,5,0,0,1,0,-1,2,2,5,8,3000,0.1,0,0,30,0,1,0,0,80,50,50,1,7,12,3,20,0,0,100,40,30,180,0,0,0,0,0,0,0,1,128,0,0,0,1,1,1,0,0,1,0,0,0,[0|0|0],5,35,0,1,0,0,0,0,0,0,16544,16384,0,1,1,0,2,-1,0,0,1,2,2,0,2,0,2,-1,0,2,2,1,[0|0|0|0],413000,413002,413006,410000,-1,-1,-1,-1,-1,-1,-1,-1,-1
41009040,,1,0,[0|0|0],410000,410090,10,5,0,0,1,0,-1,2,2,5,8,3004,0.1,0,0,30,1,1,0,0,80,50,50,1,7,12,3,20,0,0,100,40,30,180,0,0,0,0,0,0,0,1,128,0,0,0,1,1,1,0,0,1,0,0,0,[0|0|0],5,35,0,1,0,0,0,0,0,0,16544,16384,0,1,1,0,2,-1,0,0,1,2,2,0,2,0,2,-1,0,2,2,1,[0|0|0|0],413000,413002,413006,410000,-1,-1,-1,-1,-1,-1,-1,-1,-1
41010040,,1,0,[0|0|0],410000,410100,10,5,0,0,1,0,-1,2,2,5,8,3000,0.1,0,0,30,0,1,0,0,80,50,50,1,7,12,3,20,0,0,100,40,30,180,0,0,0,0,0,0,0,1,128,0,0,0,1,1,1,0,0,1,0,0,0,[0|0|0],5,35,0,1,0,0,0,0,0,0,16544,16384,0,1,1,0,2,-1,0,0,1,2,2,0,2,0,2,-1,0,2,2,1,[0|0|0|0],413000,413002,413006,410000,-1,-1,-1,-1,-1,-1,-1,-1,-1
41010050,Large Demi-Human (ADDED),0,0,[0|0|0],410000,410100,5,5,0,0,1,0,-1,2,2,5,8,3000,0.1,0,0,30,0,0,0,0,85,30,12,1,7,12,3,20,0,0,100,40,30,60,0,0,0,0,0,0,0,1,128,0,0,0,1,1,1,0,0,1,0,0,0,[0|0|0],5,35,0,1,0,0,0,0,0,0,0,0,0,1,1,3,2,-1,0,0,1,2,2,0,2,0,2,-1,0,2,2,0,[0|0|0|0],413000,413002,413006,410000,-1,-1,-1,-1,-1,-1,-1,-1,-1
41100040,,1,0,[0|0|0],411000,411000,10,5,0,0,1,0,-1,2,2,5,8,3003,0.1,0,0,30,0,1,0,0,80,50,50,1,7,12,3,20,0,0,100,40,30,180,0,0,0,0,0,0,0,1,128,0,0,0,1,1,1,0,0,1,0,0,0,[0|0|0],5,35,0,1,0,0,0,0,0,0,16544,16384,0,1,1,0,2,-1,0,0,1,2,2,0,2,0,2,-1,0,2,2,1,[0|0|0|0],413001,413003,413006,410000,-1,-1,-1,-1,-1,-1,-1,-1,-1
41301020,,1,0,[0|0|0],10000,413010,10,5,0,0,0,0,-1,2,2,5,8,-1,0.1,0,0,30,0,1,0,0,80,50,50,3,7,50,3,25,0,0,100,100,35,180,0,0,0,0,0,0,0,1,128,0,0,0,1,1,1,0,0,0,0,0,0,[0|0|0],5,35,0,2,0,0,0,0,0,0,16544,16384,0,3,1,0,2,-1,0,0,1,2,1,0,2,0,2,-1,0,2,1,1,[0|0|0|0],-1,-1,-1,410000,-1,-1,-1,-1,-1,-1,-1,-1,-1
41400000,,0,0,[0|0|0],10000,414000,8,20,0,0,1,0,-1,5,8,5,8,3000,0.1,-1,-1,12,0,0,0,0,85,30,12,1,7,50,3,30,0,0,100,40,30,72,1,0,5,15,0,0,0,1,128,0,0,0,1,1,1,0,0,0,0,0,0,[0|0|0],5,35,0,2,0,1,25,30,72,0,16544,16384,0,3,0,2,2,-1,0,0,1,2,0,0,2,0,5,3004,0,0,0,0,[0|0|0|0],-1,-1,-1,-1,-1,-1,-1,-1,-1,-1,-1,-1,-1
41401000,,0,0,[0|0|0],10000,414000,8,20,0,0,1,0,-1,5,8,5,8,3001,0.1,-1,-1,12,0,0,0,0,85,30,12,1,7,50,3,30,0,0,100,40,30,72,1,0,5,15,0,0,0,1,128,0,0,0,1,1,1,0,0,0,0,0,0,[0|0|0],5,35,0,2,0,1,25,30,72,0,16544,16384,0,3,0,2,2,-1,0,0,1,2,0,0,2,0,5,3005,0,0,0,0,[0|0|0|0],-1,-1,-1,-1,-1,-1,-1,-1,-1,-1,-1,-1,-1
41402000,,0,0,[0|0|0],10000,414000,0,20,0,0,1,0,-1,999,999,5,999,3000,0.1,-1,-1,23,0,0,0,0,85,30,12,1,7,50,999,30,0,0,100,40,50,180,1,0,5,15,0,0,0,1,128,0,0,0,1,1,1,0,0,0,0,0,0,[0|0|0],5,35,0,2,0,0,0,0,0,0,16544,16384,0,3,0,2,2,-1,0,0,1,2,0,0,2,0,999,3000,0,0,0,0,[0|0|0|0],-1,-1,-1,-1,-1,-1,-1,-1,-1,-1,-1,-1,-1
41402001,Snail (ADDED),0,0,[0|0|0],10000,414000,0,20,0,0,1,0,-1,999,999,5,999,3000,0.1,-1,-1,30,0,0,0,0,85,30,12,1,7,50,999,30,0,0,100,30,50,180,1,0,5,15,0,0,0,1,128,0,0,0,1,1,1,0,0,0,0,0,0,[0|0|0],5,35,0,2,0,0,0,0,0,0,0,0,0,3,0,2,2,-1,0,0,1,2,0,0,2,0,999,3000,0,0,0,0,[0|0|0|0],-1,-1,-1,-1,-1,-1,-1,-1,-1,-1,-1,-1,-1
41402002,Snail (ADDED),0,0,[0|0|0],10000,414000,0,20,0,0,1,0,-1,5,8,5,8,3000,0.1,-1,-1,5,0,0,0,0,85,30,12,1,7,50,3,30,0,0,100,30,30,72,1,0,5,15,0,0,0,1,128,0,0,0,1,1,1,0,0,0,0,0,0,[0|0|0],5,35,0,2,0,0,0,0,0,0,0,0,0,3,0,2,2,-1,0,0,1,2,0,0,2,0,5,3004,0,0,0,0,[0|0|0|0],-1,-1,-1,-1,-1,-1,-1,-1,-1,-1,-1,-1,-1
41402003,Snail (ADDED),0,0,[0|0|0],10000,414000,0,20,0,0,1,0,-1,5,5,5,8,3000,0.1,-1,-1,30,0,0,0,0,85,30,12,1,7,50,3,30,0,0,100,30,50,180,1,0,5,15,0,0,0,1,128,0,0,0,1,1,1,0,0,0,0,0,0,[0|0|0],5,35,0,2,0,0,0,0,0,0,0,0,0,3,0,2,2,-1,0,0,1,2,0,0,2,0,5,3000,0,0,0,0,[0|0|0|0],-1,-1,-1,-1,-1,-1,-1,-1,-1,-1,-1,-1,-1
41402010,,0,0,[0|0|0],10000,414000,0,20,0,0,1,0,-1,999,999,0,999,3000,0.1,-1,-1,30,0,1,0,0,50,45,20,1,7,50,999,30,0,0,100,40,50,180,1,0,5,15,0,0,0,1,128,0,0,0,1,1,1,0,0,0,0,0,0,[0|0|0],5,35,0,2,0,0,0,0,0,0,16544,16384,0,3,0,2,2,-1,0,0,1,2,0,0,2,0,999,3000,0,0,0,1,[0|0|0|0],-1,-1,-1,-1,-1,-1,-1,-1,-1,-1,-1,-1,-1
41402903,Snail (ADDED),0,0,[0|0|0],10000,414000,18,5,0,0,1,0,-1,5,8,5,8,3000,0.1,-1,-1,30,0,0,0,100,9999,9999,9999,1,7,12,3,30,0,0,100,30,180,180,1,0,5,15,0,0,0,1,128,0,0,0,1,1,1,0,0,0,0,0,0,[0|0|0],5,35,0,2,0,0,0,0,0,0,0,0,0,1,1,2,2,-1,0,0,1,2,0,0,2,0,5,3000,0,0,0,0,[0|0|0|0],-1,-1,-1,-1,-1,-1,-1,-1,-1,-1,-1,-1,-1
41403000,,0,0,[0|0|0],10000,414000,8,20,0,0,1,0,-1,5,8,5,8,3000,0.1,-1,-1,12,0,0,0,0,85,30,12,1,7,50,3,30,0,0,100,40,30,72,1,0,5,15,0,0,0,1,128,0,0,0,1,1,1,0,0,0,0,0,0,[0|0|0],5,35,0,2,0,1,25,30,72,0,16544,16384,0,3,0,2,2,-1,0,0,1,2,0,0,2,0,5,3001,0,0,0,0,[0|0|0|0],-1,-1,-1,-1,-1,-1,-1,-1,-1,-1,-1,-1,-1
41403001,Snail (ADDED),0,0,[0|0|0],10000,414000,8,20,0,0,1,0,-1,5,8,5,8,3000,0.1,-1,-1,12,0,0,0,0,85,30,12,1,7,50,3,30,0,0,100,30,30,72,1,0,5,15,0,0,0,1,128,0,1,0,1,1,1,0,0,0,0,0,0,[0|0|0],5,35,0,2,0,0,0,0,0,0,0,0,0,3,0,2,2,-1,0,0,1,2,0,0,2,0,5,3001,0,0,0,0,[0|0|0|0],-1,-1,-1,-1,-1,-1,-1,-1,-1,-1,-1,-1,-1
41404000,,0,0,[0|0|0],10000,414000,8,20,0,0,1,0,-1,5,8,5,8,3000,0.1,-1,-1,12,0,0,0,0,85,30,12,1,7,50,3,30,0,0,100,40,30,72,1,0,5,15,0,0,0,1,128,0,0,0,1,1,1,0,0,0,0,0,0,[0|0|0],5,35,0,2,0,1,25,30,72,0,16544,16384,0,3,0,2,2,-1,0,0,1,2,0,0,2,0,5,3004,0,0,0,0,[0|0|0|0],-1,-1,-1,-1,-1,-1,-1,-1,-1,-1,-1,-1,-1
41600010,Stray (Large),1,0,[0|0|0],10000,416000,8,5,0,0,1,0,-1,5,8,0,8,3000,0.1,-1,-1,30,0,1,0,200,200,85,20,1,7,12,3,20,0,0,100,60,180,180,1,0,5,15,0,0,0,1,128,0,0,0,1,1,1,0,0,1,0,0,0,[0|0|0],5,35,0,2,0,0,0,0,0,246,16544,16384,0,1,1,0,2,-1,0,0,1,2,2,0,2,0,5,3006,0,2,2,1,[0|0|0|0],431001,-1,-1,-1,-1,-1,-1,-1,-1,-1,-1,-1,-1
41610020,Stray,1,0,[0|0|0],10000,416100,8,5,0,0,1,0,-1,2,2,0,8,3000,0.1,-1,-1,30,0,1,0,200,200,85,20,1,7,12,3,20,0,0,100,60,180,180,1,0,5,15,0,0,0,1,128,0,0,0,1,1,1,0,0,1,0,0,0,[0|0|0],5,35,0,2,0,0,0,0,0,246,16544,16384,0,1,1,0,2,-1,0,0,1,2,2,0,2,0,2,3005,0,2,2,1,[0|0|0|0],431001,-1,-1,-1,-1,-1,-1,-1,-1,-1,-1,-1,-1
42100050,Warhawk (ADDED),0,0,[0|0|0],421000,421000,5,0,0,0,1,0,-1,5,8,5,8,3000,0.1,0,0,30,0,0,0,0,85,30,12,1,7,12,3,20,0,0,100,60,90,100,0,0,0,0,0,0,0,1,128,0,0,0,1,1,1,0,0,0,0,0,0,[0|0|0],5,35,0,2,0,0,0,0,0,0,0,0,0,0,0,3,2,-1,0,0,1,2,1,0,2,0,5,-1,0,2,1,0,[0|0|0|0],-1,-1,-1,-1,-1,-1,-1,-1,-1,-1,-1,-1,-1
42100100,Warhawk (ADDED),0,0,[0|0|0],421000,421000,10,0,0,0,1,0,-1,5,8,5,8,3000,0.1,0,0,30,0,0,0,0,85,30,12,1,7,12,3,20,0,0,100,60,90,100,0,0,0,0,0,0,0,1,128,0,0,0,1,1,1,0,0,0,0,0,0,[0|0|0],5,35,0,2,0,0,0,0,0,0,0,0,0,0,0,3,2,-1,0,0,1,2,1,0,2,0,5,-1,0,2,1,0,[0|0|0|0],-1,-1,-1,-1,-1,-1,-1,-1,-1,-1,-1,-1,-1
42400020,Fingercreeper (ADDED),0,0,[0|0|0],424000,424000,10,10,0,0,0,0,-1,3,5,5,8,3000,0.1,-1,-1,30,0,0,0,2,85,30,20,3,7,50,4,20,0,0,100,80,30,62,1,0,5,15,0,0,0,1,128,0,0,0,0,1,1,0,0,0,0,0,0,[0|0|0],5,35,0,2,0,0,0,0,0,0,0,0,0,0,0,3,2,-1,0,0,1,2,1,0,2,0,2,-1,0,2,1,0,[0|0|0|0],-1,-1,-1,-1,-1,-1,-1,-1,-1,-1,-1,-1,-1
42400900,Fingercreeper (ADDED),0,0,[0|0|0],424000,424000,5,10,0,0,0,0,-1,3,5,5,8,3000,4,-1,-1,30,0,0,0,2,85,30,20,3,7,50,4,20,0,0,100,80,30,62,1,0,5,15,0,0,0,1,128,0,0,0,0,1,1,0,0,0,0,0,0,[0|0|0],5,35,0,2,0,0,0,0,0,0,0,0,0,0,0,3,2,-1,0,0,1,2,1,0,2,0,2,-1,0,2,1,0,[0|0|0|0],-1,-1,-1,-1,-1,-1,-1,-1,-1,-1,-1,-1,-1
42410000,Fingercreeper (Large),0,0,[0|0|0],424000,424000,8,10,0,0,0,0,-1,3,5,5,8,3000,0.1,-1,-1,30,0,0,0,2,100,30,20,3,7,50,4,20,0,0,100,100,30,62,1,0,5,15,0,0,0,1,128,0,0,0,1,1,1,0,0,0,0,0,0,[0|0|0],5,35,0,2,0,0,0,0,0,246,16544,16384,0,0,0,3,2,-1,0,0,1,2,1,0,2,0,2,-1,0,2,1,0,[0|0|0|0],-1,-1,-1,-1,-1,-1,-1,-1,-1,-1,-1,-1,-1
42410010,Fingercreeper (Large),0,0,[0|0|0],424000,424000,8,10,0,0,0,0,-1,3,5,5,8,3000,0.1,-1,-1,30,0,1,0,2,100,30,20,3,7,50,4,20,0,0,100,100,30,62,1,0,5,15,0,0,0,1,128,0,0,0,1,1,1,0,0,0,0,0,0,[0|0|0],5,35,0,2,0,0,0,0,0,246,16544,16384,0,0,0,3,2,-1,0,0,1,2,1,0,2,0,2,-1,0,2,1,1,[0|0|0|0],-1,-1,-1,-1,-1,-1,-1,-1,-1,-1,-1,-1,-1
42410020,Fingercreeper (Large),0,0,[0|0|0],424000,424000,8,10,0,0,0,0,-1,3,5,5,8,3000,0.1,-1,-1,30,0,0,0,4,100,30,20,3,7,50,4,20,0,0,100,100,30,62,1,0,5,15,0,0,0,1,128,0,0,0,1,1,1,0,0,0,0,0,0,[0|0|0],5,35,0,2,0,0,0,0,0,246,16544,16384,0,0,0,3,2,-1,0,0,1,2,1,0,2,0,2,-1,0,2,1,0,[0|0|0|0],-1,-1,-1,-1,-1,-1,-1,-1,-1,-1,-1,-1,-1
42410030,Fingercreeper (Large) (NB) ,0,0,[0|0|0],424000,424000,8,10,0,0,0,0,-1,3,5,5,8,3000,0.1,-1,-1,30,0,0,0,200,85,85,12,3,7,50,4,20,0,0,100,100,30,62,1,0,5,15,0,0,0,1,128,0,0,0,1,1,1,0,0,0,0,0,0,[0|0|0],5,35,0,2,0,0,0,0,0,246,16544,16384,0,0,0,3,2,-1,0,0,1,2,1,0,2,0,2,-1,0,2,1,0,[0|0|0|0],-1,-1,-1,-1,-1,-1,-1,-1,-1,-1,-1,-1,-1
42410050,Giant Fingercreeper (ADDED),0,0,[0|0|0],424000,424000,8,10,0,0,0,0,-1,3,5,5,8,3000,0.1,-1,-1,30,0,0,0,2,100,30,20,3,7,50,4,20,0,0,100,80,30,62,1,0,5,15,0,0,0,1,128,0,1,0,0,1,1,0,0,0,0,0,0,[0|0|0],5,35,0,2,0,0,0,0,0,0,0,0,0,0,0,0,2,-1,0,0,1,2,1,0,2,0,2,-1,0,2,1,0,[0|0|0|0],-1,-1,-1,-1,-1,-1,-1,-1,-1,-1,-1,-1,-1
42500000,Fingercreeper (Small),1,0,[0|0|0],10000,425000,2,5,0,0,1,0,-1,3,5,5,8,3001,0.1,-1,-1,16,0,0,0,0,85,30,12,3,7,50,4,30,0,0,100,40,30,62,1,0,5,15,0,0,0,1,128,0,0,0,1,1,1,0,0,0,0,0,0,[0|0|0],5,35,0,2,0,1,23,30,62,246,16544,16384,0,0,0,3,2,-1,0,0,1,2,1,0,2,0,2,-1,0,2,1,0,[0|0|0|0],-1,-1,-1,-1,-1,-1,-1,-1,-1,-1,-1,-1,-1
42500010,Fingercreeper (Small),1,0,[0|0|0],10000,425000,2,5,0,0,1,0,-1,3,5,5,8,3001,0.1,-1,-1,16,0,1,0,0,35,30,12,3,7,50,4,30,0,0,100,40,30,62,1,0,5,15,0,0,0,1,128,0,0,0,1,1,1,0,0,0,0,0,0,[0|0|0],5,35,0,2,0,1,23,30,62,246,16544,16384,0,0,0,1,2,-1,0,0,1,2,1,0,2,0,2,-1,0,2,1,1,[0|0|0|0],-1,-1,-1,-1,-1,-1,-1,-1,-1,-1,-1,-1,-1
42500020,Fingercreeper (Small),1,0,[0|0|0],10000,425000,2,5,0,0,1,0,-1,3,5,5,8,3001,0.1,-1,-1,16,0,1,0,0,85,30,12,3,7,50,4,30,0,0,100,40,30,62,1,0,5,15,0,0,0,1,128,0,0,0,1,1,1,0,0,0,0,0,0,[0|0|0],5,35,0,2,0,1,23,30,62,246,16544,16384,0,0,0,3,2,-1,0,0,1,2,1,0,2,0,2,-1,0,2,1,1,[0|0|0|0],-1,-1,-1,-1,-1,-1,-1,-1,-1,-1,-1,-1,-1
42500030,Fingercreeper (Small) (NB),1,0,[0|0|0],10000,425000,2,5,0,0,1,0,-1,3,5,0,8,3001,0.1,-1,-1,16,0,0,0,200,85,85,12,3,7,50,4,30,0,0,100,40,30,62,1,0,5,15,0,0,0,1,128,0,0,0,1,1,1,0,0,0,0,0,0,[0|0|0],5,35,0,2,0,1,23,30,62,246,16544,16384,0,0,0,0,2,-1,0,0,1,2,1,0,2,0,2,-1,0,2,1,1,[0|0|0|0],-1,-1,-1,-1,-1,-1,-1,-1,-1,-1,-1,-1,-1
42500800,Fingercreeper (Small),1,0,[0|0|0],10000,425000,2,5,0,0,1,0,-1,3,5,5,8,3001,0.1,-1,-1,16,0,0,0,99,85,30,12,3,7,50,4,30,0,0,100,40,30,62,1,0,5,15,0,0,0,1,128,0,0,0,1,1,1,0,0,0,0,0,0,[0|0|0],5,35,0,2,0,1,23,30,62,246,16544,16384,0,0,0,3,2,-1,0,0,1,2,1,0,2,0,2,-1,0,2,1,0,[0|0|0|0],-1,-1,-1,-1,-1,-1,-1,-1,-1,-1,-1,-1,-1
42500810,Fingercreeper (Small),1,0,[0|0|0],10000,425000,2,5,0,0,1,0,-1,3,5,0,8,3001,0.1,-1,-1,16,0,1,0,200,85,85,12,3,7,50,4,30,0,0,100,40,30,62,1,0,5,15,0,0,0,1,128,0,0,0,1,1,1,0,0,0,0,0,0,[0|0|0],5,35,0,2,0,1,23,30,62,246,16544,16384,0,0,0,0,2,-1,0,0,1,2,1,0,2,0,2,-1,0,2,1,1,[0|0|0|0],-1,-1,-1,-1,-1,-1,-1,-1,-1,-1,-1,-1,-1
42600000,Erdtree Burial Watchdog,0,0,[0|0|0],10000,426000,1,1,0,0,1,0,-1,3,5,5,999,3010,0.1,-1,-1,30,0,0,0,0,85,30,20,1,7,12,999,30,0,0,100,100,60,180,1,0,5,15,0,0,0,0,128,0,0,0,1,1,1,0,0,0,0,0,0,[0|0|0],5,35,0,2,0,0,0,0,0,236,16544,16384,0,0,0,3,0,-1,0,0,0,0,0,0,0,0,999,-1,0,0,0,0,[0|0|0|0],-1,-1,-1,-1,-1,-1,-1,-1,-1,-1,-1,-1,-1
42600005,Erdtree Burial Watchdog (MMV),0,0,[0|0|0],10000,426000,1,1,0,0,1,0,-1,3,5,5,999,3010,0.1,-1,-1,30,0,0,0,0,85,30,20,1,7,12,999,30,0,0,100,100,60,180,1,0,5,15,0,0,0,0,128,0,0,0,1,1,1,0,0,0,0,0,0,[0|0|0],5,35,0,2,0,0,0,0,0,236,16544,16384,0,0,0,3,0,-1,0,0,0,0,0,0,0,0,999,-1,0,0,0,0,[0|0|0|0],-1,-1,-1,-1,-1,-1,-1,-1,-1,-1,-1,-1,-1
42600010,Erdtree Burial Watchdog,0,0,[0|0|0],10000,426000,1,1,0,0,1,0,-1,3,5,0,999,3010,0.1,-1,-1,30,0,1,0,200,85,85,20,1,7,12,999,30,0,0,100,100,60,180,1,0,5,15,0,0,0,0,128,0,0,0,1,1,1,0,0,0,0,0,0,[0|0|0],5,35,0,2,0,0,0,0,0,236,16544,16384,0,0,0,0,0,-1,0,0,0,0,0,0,0,0,999,-1,0,0,0,1,[0|0|0|0],-1,-1,-1,-1,-1,-1,-1,-1,-1,-1,-1,-1,-1
42600020,Erdtree Burial Watchdog,0,0,[0|0|0],10000,426000,1,1,0,0,1,0,-1,3,5,5,12,3010,0.1,-1,-1,30,0,1,0,0,40,35,20,1,7,12,4,30,0,0,100,100,60,180,1,0,5,15,0,0,0,0,128,0,0,0,0,1,1,0,0,0,0,0,0,[0|0|0],5,35,0,2,0,0,0,0,0,236,16544,16384,0,0,0,1,0,-1,0,0,0,0,0,0,0,0,8,-1,0,0,0,1,[0|0|0|0],-1,-1,-1,-1,-1,-1,-1,-1,-1,-1,-1,-1,-1
42600200,Erdtree Burial Watchdog (ADDED),0,0,[0|0|0],10000,426000,1,1,0,0,1,0,-1,3,5,5,8,3010,0.1,-1,-1,20,0,0,0,0,85,30,20,1,7,12,3,30,0,0,100,100,60,60,1,0,5,15,0,0,0,0,128,0,0,0,0,1,1,0,0,0,0,0,0,[0|0|0],5,35,0,2,0,0,0,0,0,0,0,0,0,0,0,3,0,-1,0,0,0,0,0,0,0,0,5,-1,0,0,0,0,[0|0|0|0],-1,-1,-1,-1,-1,-1,-1,-1,-1,-1,-1,-1,-1
42600900,Erdtree Burial Watchdog (ADDED),0,0,[0|0|0],10000,426000,1,1,0,0,1,0,-1,3,5,5,999,3010,0.1,-1,-1,30,0,0,0,0,85,30,20,1,7,12,999,30,0,0,100,0,60,180,1,0,5,15,0,0,0,0,128,0,0,0,0,1,1,0,0,0,0,0,0,[0|0|0],5,35,0,2,0,0,0,0,0,0,0,0,0,0,0,3,0,-1,0,0,0,0,0,0,0,0,999,-1,0,0,0,0,[0|0|0|0],-1,-1,-1,-1,-1,-1,-1,-1,-1,-1,-1,-1,-1
42601000,Erdtree Burial Watchdog,0,0,[0|0|0],10000,426010,1,1,0,0,1,0,-1,3,5,5,999,3010,0.1,-1,-1,30,0,0,0,0,85,30,20,1,7,12,999,30,0,0,100,100,60,180,1,0,5,15,0,0,0,0,128,0,0,0,1,1,1,0,0,0,0,0,0,[0|0|0],5,35,0,2,0,0,0,0,0,236,16544,16384,0,0,0,2,0,-1,0,0,0,0,0,0,0,0,999,3008,0,0,0,0,[0|0|0|0],-1,-1,-1,-1,-1,-1,-1,-1,-1,-1,-1,-1,-1
42601010,Erdtree Burial Watchdog,0,0,[0|0|0],10000,426010,1,1,0,0,1,0,-1,3,5,0,999,3010,0.1,-1,-1,30,0,1,0,200,85,85,20,1,7,12,999,30,0,0,100,100,60,180,1,0,5,15,0,0,0,0,128,0,0,0,1,1,1,0,0,0,0,0,0,[0|0|0],5,35,0,2,0,0,0,0,0,236,16544,16384,0,0,0,0,0,-1,0,0,0,0,0,0,0,0,999,3008,0,0,0,1,[0|0|0|0],-1,-1,-1,-1,-1,-1,-1,-1,-1,-1,-1,-1,-1
42601020,Erdtree Burial Watchdog,0,0,[0|0|0],10000,426010,1,1,0,0,1,0,-1,3,5,5,12,3010,0.1,-1,-1,30,0,1,0,0,45,40,20,1,7,12,4,30,0,0,100,100,60,180,1,0,5,15,0,0,0,0,128,0,0,0,0,1,1,0,0,0,0,0,0,[0|0|0],5,35,0,2,0,0,0,0,0,236,16544,16384,0,0,0,2,0,-1,0,0,0,0,0,0,0,0,8,3008,0,0,0,1,[0|0|0|0],-1,-1,-1,-1,-1,-1,-1,-1,-1,-1,-1,-1,-1
42601100,Erdtree Burial Watchdog (ADDED),0,0,[0|0|0],10000,426010,1,1,0,0,1,0,-1,3,5,5,999,3010,0.1,-1,-1,30,0,0,0,0,85,30,20,1,7,12,999,30,0,0,100,100,60,180,1,0,5,15,0,0,0,0,128,0,0,0,0,1,1,0,0,0,0,0,0,[0|0|0],5,35,0,2,0,0,0,0,0,0,0,0,0,0,0,2,0,-1,0,0,0,0,0,0,0,0,999,3008,0,0,0,0,[0|0|0|0],-1,-1,-1,-1,-1,-1,-1,-1,-1,-1,-1,-1,-1
42601200,Erdtree Burial Watchdog (ADDED),0,0,[0|0|0],10000,426010,1,1,0,0,1,0,-1,3,5,5,8,3010,0.1,-1,-1,20,0,0,0,0,85,30,20,1,7,12,3,30,0,0,100,100,60,60,1,0,5,15,0,0,0,0,128,0,0,0,0,1,1,0,0,0,0,0,0,[0|0|0],5,35,0,2,0,0,0,0,0,0,0,0,0,0,0,2,0,-1,0,0,0,0,0,0,0,0,5,3008,0,0,0,0,[0|0|0|0],-1,-1,-1,-1,-1,-1,-1,-1,-1,-1,-1,-1,-1
42700000,Elder Lion,1,0,[0|0|0],10000,427000,1,1,0,0,0,0,-1,3,5,5,12,3001,0.1,-1,-1,30,0,0,0,0,100,30,20,3,7,12,4,30,0,0,100,100,60,60,1,0,5,15,0,0,0,1,128,0,0,0,1,1,1,0,0,0,0,0,0,[0|0|0],5,35,0,2,0,0,0,0,0,236,16544,16384,0,4,0,3,2,-1,0,0,1,2,1,0,2,0,8,-1,0,2,1,0,[0|0|0|0],-1,-1,-1,-1,-1,-1,-1,-1,-1,-1,-1,-1,-1
42700005,Elder Lion (MMV),1,0,[0|0|0],10000,427000,1,1,0,0,0,0,-1,3,5,5,12,3001,0.1,-1,-1,30,0,0,0,0,100,30,20,3,7,12,4,30,0,0,100,100,60,60,1,0,5,15,0,0,0,1,128,0,0,0,1,1,1,0,0,0,0,0,0,[0|0|0],5,35,0,2,0,0,0,0,0,236,16544,16384,0,4,0,3,2,-1,0,0,1,2,1,0,2,0,8,-1,0,2,1,0,[0|0|0|0],-1,-1,-1,-1,-1,-1,-1,-1,-1,-1,-1,-1,-1
42700010,Elder Lion,1,0,[0|0|0],10000,427000,1,1,0,0,0,0,-1,2,2,0,8,3001,0.1,-1,-1,30,0,1,0,0,90,70,20,3,7,50,3,30,0,0,100,100,60,60,1,0,5,15,0,0,0,1,128,0,0,0,0,1,1,0,0,0,0,0,0,[0|0|0],5,35,0,2,0,0,0,0,0,236,16544,16384,0,4,0,0,2,-1,0,0,1,2,1,0,2,0,2,-1,0,2,1,1,[0|0|0|0],-1,-1,-1,-1,-1,-1,-1,-1,-1,-1,-1,-1,-1
42700020,Elder Lion,1,0,[0|0|0],10000,427000,1,1,0,0,0,0,-1,2,2,0,8,3001,0.1,-1,-1,28,0,1,0,0,50,40,10,3,7,12,3,30,0,0,100,100,60,60,1,0,5,15,0,0,0,1,128,0,0,0,0,1,1,0,0,0,0,0,0,[0|0|0],5,35,0,2,0,0,0,0,0,236,16544,16384,0,4,0,3,2,-1,0,0,1,2,1,0,2,0,2,-1,0,2,1,1,[0|0|0|0],-1,-1,-1,-1,-1,-1,-1,-1,-1,-1,-1,-1,-1
42700030,Elder Lion,1,0,[0|0|0],10000,427000,1,1,0,0,0,0,-1,2,2,5,8,3001,0.1,-1,-1,30,0,1,0,0,60,30,20,3,7,50,3,30,0,0,100,100,60,60,1,0,5,15,0,0,0,1,128,0,0,0,0,1,1,0,0,0,0,0,0,[0|0|0],5,35,0,2,0,0,0,0,0,236,16544,16384,0,4,0,1,2,-1,0,0,1,2,1,0,2,0,2,-1,0,2,1,1,[0|0|0|0],-1,-1,-1,-1,-1,-1,-1,-1,-1,-1,-1,-1,-1
42700040,,1,0,[0|0|0],10000,427000,1,1,0,0,0,0,-1,2,2,0,8,3001,0.1,-1,-1,28,0,1,0,0,45,40,20,3,7,12,3,30,0,0,100,100,60,60,1,0,5,15,0,0,0,1,128,0,0,0,0,1,1,0,0,0,0,0,0,[0|0|0],5,35,0,2,0,0,0,0,0,236,16544,16384,0,4,0,3,2,-1,0,0,1,2,1,0,2,0,2,-1,0,2,1,1,[0|0|0|0],-1,-1,-1,-1,-1,-1,-1,-1,-1,-1,-1,-1,-1
42700050,,1,0,[0|0|0],10000,427000,1,1,0,0,0,0,-1,2,2,0,8,3001,0.1,-1,-1,28,0,1,0,0,25,23,20,3,7,12,3,30,0,0,100,100,60,60,1,0,5,15,0,0,0,1,128,0,0,0,0,1,1,0,0,0,0,0,0,[0|0|0],5,35,0,2,0,0,0,0,0,236,16544,16384,0,4,0,3,2,-1,0,0,1,2,1,0,2,0,2,-1,0,2,1,1,[0|0|0|0],-1,-1,-1,-1,-1,-1,-1,-1,-1,-1,-1,-1,-1
42700100,Elder Lion (ADDED),0,0,[0|0|0],10000,427000,1,1,0,0,0,0,-1,3,5,5,12,3001,0.1,-1,-1,30,0,0,0,0,50,30,20,3,7,12,4,30,0,0,100,100,60,60,1,0,5,15,0,0,0,1,128,0,0,0,0,1,1,0,0,0,0,0,0,[0|0|0],5,35,0,2,0,0,0,0,0,0,0,0,0,4,0,3,2,-1,0,0,1,2,1,0,2,0,8,-1,0,2,1,0,[0|0|0|0],-1,-1,-1,-1,-1,-1,-1,-1,-1,-1,-1,-1,-1
42700700,Elder Lion,1,0,[0|0|0],10000,427000,1,1,0,0,0,0,-1,3,5,0,12,3001,0.1,-1,-1,30,0,0,0,200,100,50,50,3,7,12,4,30,0,0,100,100,60,60,1,0,5,15,0,0,0,1,128,0,0,0,1,1,1,0,0,0,0,0,0,[0|0|0],5,35,0,2,0,0,0,0,0,236,16544,16384,0,4,0,0,2,-1,0,0,1,2,1,0,2,0,8,-1,0,2,1,0,[0|0|0|0],-1,-1,-1,-1,-1,-1,-1,-1,-1,-1,-1,-1,-1
42701000,Elder Lion (ADDED),0,0,[0|0|0],10000,427000,1,1,0,0,0,0,-1,3,5,5,12,3001,0.1,-1,-1,30,0,0,0,0,100,30,20,3,7,12,4,30,0,0,100,100,60,60,1,0,5,15,0,0,0,1,128,0,0,0,1,1,1,0,0,0,0,0,0,[0|0|0],5,35,0,2,0,0,0,0,0,0,0,0,0,4,0,3,2,-1,0,0,1,2,1,0,2,0,8,-1,0,2,1,0,[0|0|0|0],-1,-1,-1,-1,-1,-1,-1,-1,-1,-1,-1,-1,-1
42702000,Elder Lion (ADDED),0,0,[0|0|0],10000,427000,1,1,0,0,0,0,-1,3,5,5,12,3001,0.1,-1,-1,30,0,0,0,0,100,30,20,3,7,12,4,30,0,0,100,100,60,60,1,0,5,15,0,0,0,1,128,0,1,0,0,1,1,0,0,0,0,0,0,[0|0|0],5,35,0,2,0,0,0,0,0,0,0,0,0,4,0,3,2,-1,0,0,1,2,1,0,2,0,8,-1,0,2,1,0,[0|0|0|0],-1,-1,-1,-1,-1,-1,-1,-1,-1,-1,-1,-1,-1
42800000,Giant Ant,1,0,[0|0|0],10000,428000,1,1,0,0,1,0,-1,3,5,5,8,3000,0.1,-1,-1,16,0,0,0,0,85,30,12,200,200,200,10,30,0,0,100,40,60,60,1,0,5,15,0,0,0,1,128,0,0,0,1,1,1,0,0,0,0,0,0,[0|0|0],5,35,0,2,0,1,26,60,60,246,16544,16384,0,4,0,2,2,-1,0,0,1,2,1,0,2,0,10,3005,0,2,1,0,[0|0|0|0],-1,-1,-1,-1,-1,-1,-1,-1,-1,-1,-1,-1,-1
42800100,Giant Ant (ADDED),0,0,[0|0|0],10000,428000,1,1,0,0,1,0,-1,3,5,5,8,3000,0.1,-1,-1,10,0,0,0,0,85,30,12,200,200,200,10,30,0,0,100,35,30,30,1,0,5,15,0,0,0,1,128,0,0,0,0,1,1,0,0,0,0,0,0,[0|0|0],5,35,0,2,0,0,10,0,0,0,0,0,0,4,0,2,2,-1,0,0,1,2,1,0,2,0,10,3005,0,2,1,0,[0|0|0|0],-1,-1,-1,-1,-1,-1,-1,-1,-1,-1,-1,-1,-1
42800200,Giant Ant (ADDED),0,0,[0|0|0],10000,428000,1,1,0,0,1,0,-1,3,5,5,8,3000,0.1,-1,-1,16,0,0,0,0,20,10,5,200,200,200,10,30,0,0,100,35,60,60,1,0,5,15,0,0,0,1,128,0,0,0,0,1,1,0,0,0,0,0,0,[0|0|0],5,35,0,2,0,0,0,0,0,0,0,0,0,4,0,2,2,-1,0,0,1,2,1,0,2,0,10,3005,0,2,1,0,[0|0|0|0],-1,-1,-1,-1,-1,-1,-1,-1,-1,-1,-1,-1,-1
42800800,Giant Ant,1,0,[0|0|0],10000,428000,1,1,0,0,1,0,-1,3,5,5,8,3000,0.1,-1,-1,30,0,0,0,0,85,30,12,200,200,200,10,30,0,0,100,40,60,100,1,0,5,15,0,0,0,1,128,0,0,0,1,1,1,0,0,0,0,0,0,[0|0|0],5,35,0,2,0,1,26,60,100,246,16544,16384,0,4,0,2,2,-1,0,0,1,2,1,0,2,0,10,3005,0,2,1,0,[0|0|0|0],-1,-1,-1,-1,-1,-1,-1,-1,-1,-1,-1,-1,-1
42800810,Giant Ant,1,0,[0|0|0],10000,428000,1,1,0,0,1,0,-1,3,5,5,8,3000,0.1,-1,-1,16,0,1,0,0,85,30,12,200,200,200,10,30,0,0,100,40,60,60,1,0,5,15,0,0,0,1,128,0,0,0,1,1,1,0,0,0,0,0,0,[0|0|0],5,35,0,2,0,1,26,60,60,246,16544,16384,0,4,0,2,2,-1,0,0,1,2,1,0,2,0,10,3005,0,2,1,1,[0|0|0|0],-1,-1,-1,-1,-1,-1,-1,-1,-1,-1,-1,-1,-1
42801000,Giant Ant,1,0,[0|0|0],10000,428000,0,1,0,0,1,0,-1,3,5,5,8,3000,0,-1,-1,10,0,0,0,0,85,30,12,200,200,200,10,30,0,0,100,40,30,30,1,0,5,15,0,0,0,0,0,0,0,0,1,1,1,0,0,0,0,0,0,[0|0|0],5,35,0,2,0,1,23,30,30,246,16544,16384,0,1,0,1,0,-1,0,0,0,0,1,0,0,0,10,-1,0,2,1,0,[0|0|0|0],-1,-1,-1,-1,-1,-1,-1,-1,-1,-1,-1,-1,-1
42900000,Bloodhound Knight,0,0,[0|0|0],10000,429000,1,1,0,0,1,0,-1,3,5,5,8,3005,0.1,-1,-1,20,0,0,0,0,85,30,20,3,7,50,4,30,0,0,100,100,60,60,0,0,5,15,0,0,0,1,128,0,0,0,1,1,1,0,0,0,0,0,0,[0|0|0],5,35,0,2,0,0,0,0,0,0,16544,16384,0,0,0,1,2,-1,0,0,1,2,1,0,2,0,2,-1,0,2,1,0,[0|0|0|0],-1,-1,-1,-1,-1,-1,-1,-1,-1,-1,-1,-1,-1
42900005,Bloodhound Knight (MMV),0,0,[0|0|0],10000,429000,1,1,0,0,1,0,-1,3,5,5,8,3005,0.1,-1,-1,20,0,0,0,0,85,30,20,3,7,50,4,30,0,0,100,100,60,60,0,0,5,15,0,0,0,1,128,0,0,0,1,1,1,0,0,0,0,0,0,[0|0|0],5,35,0,2,0,0,0,0,0,0,16544,16384,0,0,0,1,2,-1,0,0,1,2,1,0,2,0,2,-1,0,2,1,0,[0|0|0|0],-1,-1,-1,-1,-1,-1,-1,-1,-1,-1,-1,-1,-1
42900010,Bloodhound Knight,0,0,[0|0|0],10000,429000,1,1,0,0,1,0,-1,5,8,0,8,3005,0.1,-1,-1,20,0,1,0,0,40,30,20,1,7,12,3,30,0,0,100,100,60,60,1,0,5,15,0,0,0,1,128,0,0,0,1,1,1,0,0,0,0,0,0,[0|0|0],5,35,0,2,0,0,0,0,0,0,16544,16384,0,0,0,3,2,-1,0,0,1,2,1,0,2,0,5,-1,0,2,1,1,[0|0|0|0],-1,-1,-1,-1,-1,-1,-1,-1,-1,-1,-1,-1,-1
42900011,Bloodhound Knight (ADDED),0,0,[0|0|0],10000,429000,1,1,0,0,1,0,-1,3,5,5,8,3005,0.1,-1,-1,20,0,0,0,0,85,30,20,3,7,50,4,30,0,0,100,0,60,60,0,0,5,15,0,0,0,3,128,0,0,0,1,1,1,0,0,0,0,0,0,[0|0|0],5,35,0,2,0,0,0,0,0,0,0,0,0,0,0,1,3,-1,0,0,3,3,1,0,2,0,2,-1,0,2,1,0,[0|0|0|0],-1,-1,-1,-1,-1,-1,-1,-1,-1,-1,-1,-1,-1
42900020,Bloodhound Knight,0,0,[0|0|0],10000,429000,1,1,0,0,1,0,-1,5,8,0,8,3005,0.1,-1,-1,20,0,1,0,30,50,40,20,3,7,12,3,30,0,0,100,100,60,60,1,0,5,15,0,0,0,1,128,0,0,0,1,1,1,0,0,0,0,0,0,[0|0|0],5,35,0,2,0,0,0,0,0,0,16544,16384,0,0,0,3,2,-1,0,0,1,2,1,0,2,0,5,-1,0,2,1,1,[0|0|0|0],-1,-1,-1,-1,-1,-1,-1,-1,-1,-1,-1,-1,-1
42900030,,0,0,[0|0|0],10000,429000,1,1,0,0,1,0,-1,3,5,5,8,3005,0.1,-1,-1,20,0,0,0,0,85,30,20,3,7,50,4,30,0,0,100,100,60,60,0,0,5,15,0,0,0,1,128,0,0,0,1,1,1,0,0,0,0,0,0,[0|0|0],5,35,0,2,0,0,0,0,0,0,16544,16384,0,0,0,3,2,-1,0,0,1,2,1,0,2,0,2,-1,0,2,1,1,[0|0|0|0],-1,-1,-1,-1,-1,-1,-1,-1,-1,-1,-1,-1,-1
42900100,Bloodhound Knight,0,0,[0|0|0],10000,429000,1,1,0,0,1,0,-1,3,5,5,8,3005,0.1,-1,-1,20,0,0,0,0,85,30,20,3,7,50,4,30,0,0,100,100,60,60,1,0,5,15,0,0,0,1,128,0,0,0,1,1,1,0,0,0,0,0,0,[0|0|0],5,35,0,2,0,0,0,0,0,0,16544,16384,0,0,0,1,2,-1,0,0,1,2,1,0,2,0,2,-1,0,2,1,0,[0|0|0|0],-1,-1,-1,-1,-1,-1,-1,-1,-1,-1,-1,-1,-1
42909000,Bloodhound Knight (ADDED),0,0,[0|0|0],10000,429000,1,1,0,0,1,0,-1,3,5,5,8,3005,0.1,-1,-1,30,0,0,0,0,9999,9999,9999,3,7,50,3,30,0,0,100,100,90,180,1,0,5,15,0,0,0,1,128,0,0,0,1,1,1,0,0,0,0,0,0,[0|0|0],5,35,0,2,0,0,0,0,0,0,0,0,0,0,0,1,2,-1,0,0,1,2,1,0,2,0,5,-1,0,2,1,0,[0|0|0|0],-1,-1,-1,-1,-1,-1,-1,-1,-1,-1,-1,-1,-1
43002110,Wandering Noble (ADDED),0,0,[0|0|0],430000,430020,5,5,0,0,1,0,-1,2,2,5,8,-1,0.1,0,0,30,0,0,0,0,85,30,12,1,7,12,3,15,0,0,100,20,40,60,0,0,0,0,0,0,0,1,128,0,0,0,1,1,1,1,0,1,0,0,0,[0|0|0],5,35,0,2,0,0,0,0,0,0,0,0,0,1,1,2,2,-1,0,0,1,2,0,0,2,0,2,3000,0,2,0,0,[0|0|0|0],450001,430000,430001,430002,431001,-1,-1,-1,-1,-1,-1,-1,-1
43002700,Wandering Noble (ADDED),0,0,[0|0|0],430000,430020,5,180,0,0,1,0,-1,2,2,5,8,3002,0.1,0,0,30,0,0,0,0,85,30,12,1,7,12,3,15,0,0,100,20,40,60,0,0,0,0,0,0,0,1,128,0,0,0,1,1,1,1,0,1,0,0,0,[0|0|0],5,35,0,2,90,0,0,0,0,0,0,0,0,1,1,2,1,-1,0,0,1,1,0,0,0,0,2,3000,0,2,0,0,[0|0|0|0],450001,430000,430001,430002,-1,-1,-1,-1,-1,-1,-1,-1,20020
43110200,Godrick Soldier,1,0,[0|0|0],431000,431000,0,20,0,1,1,0,-1,2,2,5,8,3002,0.1,-1,-1,30,1,0,0,0,7,5,4,1,7,12,3,30,0,0,100,50,60,45,0,0,5,15,0,0,0,1,128,0,0,0,1,1,1,1,0,1,0,0,0,[0|0|0],5,35,0,2,0,0,0,0,0,0,16544,16384,0,1,1,3,2,-1,0,0,1,2,1,0,0,0,2,-1,0,2,1,0,[0|0|0|0],431000,431001,431002,-1,-1,-1,-1,-1,13065,13064,20020,20021,-1
43113900,Godrick Soldier (ADDED),0,0,[0|0|0],10000,431020,0,20,0,1,1,0,-1,2,2,5,8,3000,0.1,-1,-1,30,0,0,0,0,9999,9999,9999,1,7,12,3,30,0,0,100,50,60,45,1,0,5,15,0,0,0,1,128,0,0,0,1,1,1,1,0,1,0,0,0,[0|0|0],5,35,0,2,0,0,0,0,0,0,0,0,0,1,1,3,2,-1,0,0,1,2,1,0,2,0,5,-1,0,2,1,0,[0|0|0|0],431000,431001,431002,-1,-1,-1,-1,-1,13065,13064,20020,20021,-1
43120020,Raya Lucaria Soldier (ADDED),0,0,[0|0|0],431000,431000,8,20,0,1,1,0,-1,2,2,5,8,3000,0.1,-1,-1,30,1,0,0,0,85,30,12,1,7,12,3,15,0,0,100,50,60,45,0,0,5,15,0,0,0,1,128,0,0,0,1,1,1,1,0,1,0,0,0,[0|0|0],5,35,0,2,0,0,0,0,0,0,0,0,0,1,1,3,2,-1,0,0,1,2,1,0,2,0,2,-1,0,2,1,0,[0|0|0|0],431000,431001,431002,-1,-1,-1,-1,-1,13065,13064,20020,20021,-1
43121020,Raya Lucaria Soldier (ADDED),0,0,[0|0|0],431000,431010,8,20,0,1,1,0,-1,2,2,5,8,3000,0.1,-1,-1,30,1,0,0,0,85,30,12,1,7,12,3,15,0,0,100,50,60,45,0,0,5,15,0,0,0,1,128,0,0,0,1,1,1,1,0,1,0,0,0,[0|0|0],5,35,0,2,0,0,0,0,0,0,0,0,0,1,1,3,2,-1,0,0,1,2,1,0,2,0,2,-1,0,2,1,0,[0|0|0|0],431000,431001,431002,-1,-1,-1,-1,-1,13065,13064,20020,20021,-1
43130010,Leyndell Soldier,1,0,[0|0|0],431000,431000,8,20,0,1,1,0,-1,2,2,0,8,3002,0.1,-1,-1,30,1,1,0,200,85,85,12,1,7,12,3,15,0,0,100,50,180,180,0,0,5,15,0,0,0,1,128,0,0,0,1,1,1,1,0,1,0,0,0,[0|0|0],5,35,0,2,0,0,0,0,0,0,16544,16384,0,1,1,0,2,-1,0,0,1,2,1,0,2,0,10,-1,0,2,1,1,[0|0|0|0],431000,431001,431002,-1,-1,-1,-1,-1,13065,13064,20020,20021,-1
43131010,Leyndell Soldier,1,0,[0|0|0],431000,431010,8,20,0,1,1,0,-1,2,2,5,8,3000,0.1,-1,-1,30,1,0,0,0,999,999,999,1,7,12,3,15,0,0,100,50,180,180,0,0,5,15,0,0,0,1,128,0,0,0,1,1,1,1,0,1,0,0,0,[0|0|0],5,35,0,2,0,0,0,0,0,0,16544,16384,0,1,1,3,2,-1,0,0,1,2,1,0,2,0,10,-1,0,2,1,0,[0|0|0|0],431000,431001,431002,-1,-1,-1,-1,-1,13065,13064,20020,20021,-1
43132010,Leyndell Soldier,1,0,[0|0|0],10000,431020,8,20,0,1,1,0,-1,2,2,0,8,3000,0.1,-1,-1,30,0,1,0,200,85,85,12,1,7,12,3,15,0,0,100,50,180,180,0,0,5,15,0,0,0,1,128,0,0,0,1,1,1,1,0,1,0,0,0,[0|0|0],5,35,0,2,0,0,0,0,0,0,16544,16384,0,1,1,0,2,-1,0,0,1,2,1,0,2,0,10,-1,0,2,1,1,[0|0|0|0],431000,431001,431002,-1,-1,-1,-1,-1,13065,13064,20020,20021,-1
43132020,Leyndell Soldier (NB),1,0,[0|0|0],10000,431020,8,20,0,1,1,0,-1,2,2,0,8,3000,0.1,-1,-1,30,0,1,0,200,85,85,12,1,7,12,3,15,0,0,100,50,180,180,0,0,5,15,0,0,0,1,128,0,0,0,1,1,1,1,0,1,0,0,0,[0|0|0],5,35,0,2,0,0,0,0,0,0,16544,16384,0,1,1,0,2,-1,0,0,1,2,1,0,2,0,10,-1,0,2,1,1,[0|0|0|0],431000,431001,431002,-1,-1,-1,-1,-1,13065,13064,20020,20021,-1
43133010,Leyndell Soldier,1,0,[0|0|0],10000,431030,8,20,0,1,1,0,-1,2,2,5,8,3100,0.1,-1,-1,30,1,0,0,0,999,999,999,1,7,12,3,15,0,0,100,50,180,180,0,0,5,15,0,0,0,1,128,0,0,0,1,1,1,1,0,1,0,0,0,[0|0|0],5,35,0,2,0,0,0,0,0,0,16544,16384,0,1,1,3,2,-1,0,0,1,2,1,0,2,0,10,-1,0,2,1,0,[0|0|0|0],431000,431001,431002,-1,-1,-1,-1,-1,13065,13064,20020,20021,-1
43140040,Radahn Soldier (ADDED),0,0,[0|0|0],431000,431000,0,0,0,1,1,0,-1,2,2,5,8,3000,0.1,-1,-1,30,1,0,0,0,9999,9999,9999,1,7,12,3,15,0,0,100,50,60,90,1,0,5,15,0,0,0,1,128,0,0,0,1,1,1,1,0,1,0,0,0,[0|0|0],5,35,0,2,0,0,0,0,0,0,0,0,0,1,1,3,2,-1,0,0,1,2,1,0,2,0,5,-1,0,2,1,0,[0|0|0|0],431000,431001,431002,-1,-1,-1,-1,-1,13065,13064,20020,20021,-1
43140900,Radahn Soldier (ADDED),0,0,[0|0|0],431000,431000,8,20,0,1,1,0,-1,2,2,5,20,3000,0.1,-1,-1,30,1,0,0,0,85,30,12,1,7,12,15,25,0,0,100,50,60,180,1,0,5,15,0,0,0,1,128,0,0,0,1,1,1,1,0,1,0,0,0,[0|0|0],5,35,0,2,0,0,0,0,0,0,0,0,0,1,1,3,2,-1,0,0,1,2,1,0,2,0,10,-1,0,0,1,0,[0|0|0|0],431000,431001,431002,-1,-1,-1,-1,-1,13065,13064,20020,20021,-1
43140910,Radahn Soldier (ADDED),0,0,[0|0|0],431000,431000,8,40,0,1,1,0,-1,2,2,5,20,3000,0.1,-1,-1,30,1,0,0,0,85,30,12,1,7,12,15,25,0,0,100,50,60,180,1,0,5,15,0,0,0,1,128,0,0,0,1,1,1,1,0,1,0,0,0,[0|0|0],5,35,0,2,0,0,0,0,0,0,0,0,0,1,1,3,2,-1,0,0,1,2,1,0,2,0,10,-1,0,2,1,0,[0|0|0|0],431000,431001,431002,-1,-1,-1,-1,-1,13065,13064,20020,20021,-1
43400110,Mad Pumpkin Head (ADDED),0,0,[0|0|0],434000,434000,0,10,0,0,1,0,-1,5,8,5,8,3004,0.1,0,0,30,0,0,0,0,9999,9999,9999,1,7,12,3,28,0,0,100,100,60,50,1,1,0,0,0,0,0,1,128,0,0,0,0,1,1,0,0,0,0,0,0,[0|0|0],5,35,0,2,0,0,0,0,0,0,0,0,0,2,1,3,2,-1,0,0,1,2,1,0,2,0,5,-1,0,2,1,1,[0|0|0|0],431000,431001,431002,-1,-1,-1,-1,-1,-1,-1,-1,-1,-1
43400900,Mad Pumpkin Head (ADDED),0,0,[0|0|0],434000,434000,0,10,0,0,1,0,-1,5,8,5,8,3004,0.1,0,0,30,0,0,0,0,9999,9999,9999,1,7,12,3,28,0,0,100,100,60,180,1,1,0,0,0,0,0,1,128,0,0,0,1,1,1,0,0,0,0,0,0,[0|0|0],5,35,0,2,0,0,0,0,0,0,0,0,0,2,1,3,2,-1,0,0,1,2,1,0,2,0,5,-1,0,2,1,0,[0|0|0|0],431000,431001,431002,-1,-1,-1,-1,-1,-1,-1,-1,-1,-1
43401900,Mad Pumpkin Head (ADDED),0,0,[0|0|0],10000,434010,0,20,0,0,1,0,-1,5,8,5,8,3005,0.1,0,0,30,0,0,0,0,9999,9999,9999,1,7,12,3,28,0,0,100,100,60,180,1,1,0,0,0,0,0,1,128,0,0,0,1,1,1,0,0,0,0,0,0,[0|0|0],5,35,0,2,0,0,0,0,0,0,0,0,0,2,1,3,2,-1,0,0,1,2,1,0,2,0,5,-1,0,2,1,0,[0|0|0|0],431000,431001,431002,-1,-1,-1,-1,-1,-1,-1,-1,-1,-1
43512010,Godrick Knight,1,0,[0|0|0],10000,435100,10,10,0,0,1,0,-1,2,2,5,8,3000,0.1,-1,-1,30,1,0,0,0,85,30,20,1,7,12,3,15,0,0,100,100,39,25,0,1,5,15,0,0,0,1,128,0,0,0,1,1,1,1,0,1,0,0,0,[0|0|0],5,35,0,2,0,0,0,0,0,0,16544,16384,0,1,1,2,2,3020,1,0,1,2,1,0,2,0,2,3000,0,2,1,0,[0|0|0|0],-1,-1,-1,-1,-1,-1,-1,-1,-1,-1,-1,-1,-1
43520020,,0,0,[0|0|0],10000,435200,10,10,0,0,1,0,-1,2,2,5,8,3000,0.1,-1,-1,16,1,1,0,0,85,30,20,1,7,12,3,15,0,0,100,100,35,45,0,1,5,15,0,0,0,1,128,0,0,0,1,1,1,1,0,1,0,0,0,[0|0|0],5,35,0,2,0,0,0,0,0,0,16544,16384,0,1,1,3,2,-1,1,0,1,2,1,0,2,0,2,-1,0,2,1,0,[0|0|0|0],-1,-1,-1,-1,-1,-1,-1,-1,-1,-1,-1,-1,-1
43521020,,0,0,[0|0|0],10000,435210,10,10,0,0,1,0,-1,2,2,5,8,3001,0.1,-1,-1,18,1,1,0,0,85,30,20,1,7,12,3,15,0,0,100,100,35,45,0,1,5,15,0,0,0,1,128,0,0,0,1,1,1,1,0,1,0,0,0,[0|0|0],5,35,0,2,0,0,0,0,0,0,16544,16384,0,1,1,3,2,-1,1,0,1,2,1,0,2,0,2,-1,0,2,1,0,[0|0|0|0],-1,-1,-1,-1,-1,-1,-1,-1,-1,-1,-1,-1,-1
43530010,Leyndell Knight,1,0,[0|0|0],10000,435300,10,10,0,0,1,0,-1,5,8,0,8,3000,0.1,-1,-1,30,1,1,0,200,85,85,12,1,7,12,3,15,0,0,100,100,180,180,0,1,5,15,0,0,0,1,128,0,0,0,1,1,1,1,0,1,0,0,0,[0|0|0],5,35,0,2,0,0,0,0,0,0,16544,16384,0,1,1,0,2,-1,1,0,1,2,1,0,2,0,5,-1,0,2,1,1,[0|0|0|0],-1,-1,-1,-1,-1,-1,-1,-1,-1,-1,-1,-1,-1
43531040,,1,0,[0|0|0],10000,435310,10,10,0,0,1,0,-1,5,8,5,8,3001,40,-1,-1,30,1,1,0,0,80,50,50,1,7,12,3,15,0,0,100,100,35,180,0,1,5,15,0,0,0,1,128,0,0,0,1,1,1,1,0,1,0,0,0,[0|0|0],5,35,0,2,0,0,0,0,0,0,16544,16384,0,1,1,0,2,-1,1,0,1,2,1,0,2,0,2,-1,0,2,1,1,[0|0|0|0],-1,-1,-1,-1,-1,-1,-1,-1,-1,-1,-1,-1,-1
43531100,Leyndell Knight,1,0,[0|0|0],10000,435310,10,10,0,0,1,0,-1,5,8,0,8,3001,0.1,-1,-1,30,1,1,0,200,200,85,20,1,7,12,3,15,0,0,100,100,180,180,0,1,5,15,0,0,0,1,128,0,0,0,1,1,1,1,0,1,0,0,0,[0|0|0],5,35,0,2,0,0,0,0,0,10,16544,16384,0,1,1,0,2,-1,1,0,1,2,1,0,2,0,5,-1,0,2,1,1,[0|0|0|0],-1,-1,-1,-1,-1,-1,-1,-1,-1,-1,-1,-1,-1
43532100,Leyndell Knight (ADDED),0,0,[0|0|0],10000,435300,10,10,0,0,1,0,-1,5,8,5,8,3000,0.1,-1,-1,30,1,0,0,0,85,30,20,1,7,12,3,15,0,0,100,80,35,45,0,1,5,15,0,0,0,1,128,0,0,0,0,1,1,1,0,1,0,0,0,[0|0|0],5,35,0,2,0,0,0,0,0,0,0,0,0,1,1,2,2,3020,1,0,1,2,1,0,2,0,5,3000,0,2,1,0,[0|0|0|0],-1,-1,-1,-1,-1,-1,-1,-1,-1,-1,-1,-1,-1
43542010,Redmane Knight,0,0,[0|0|0],10000,435400,0,10,0,0,1,0,-1,5,8,5,12,3000,0.1,-1,-1,30,1,1,0,0,35,30,20,1,7,12,3,15,0,0,100,0,75,70,0,1,5,15,0,0,0,1,128,0,0,0,0,1,1,1,0,1,0,0,0,[0|0|0],5,35,0,2,0,0,0,0,0,0,16544,16384,0,1,1,2,1,3020,1,0,1,0,1,0,0,0,5,3000,0,2,1,1,[0|0|0|0],-1,-1,-1,-1,-1,-1,-1,-1,-1,-1,-1,-1,-1
43542300,Redmane Knight (ADDED),0,0,[0|0|0],10000,435420,10,10,0,0,1,0,-1,5,8,5,8,3000,0.1,-1,-1,30,1,0,0,0,85,30,20,1,7,12,3,30,0,0,100,80,35,45,0,1,5,15,0,0,0,1,128,0,0,0,0,1,1,1,0,1,0,0,0,[0|0|0],5,35,0,2,0,0,0,0,0,0,0,0,0,1,1,2,2,3020,1,0,1,2,1,0,2,0,5,3000,0,0,1,0,[0|0|0|0],-1,-1,-1,-1,-1,-1,-1,-1,-1,-1,-1,-1,-1
43552100,Mausoleum Knight (ADDED),0,0,[0|0|0],10000,435500,0,10,0,0,1,0,-1,5,8,5,8,3000,0.1,-1,-1,30,1,0,0,0,85,30,20,1,7,12,3,15,0,0,100,80,75,70,0,1,5,15,0,0,0,1,128,0,0,0,0,1,1,1,0,1,0,0,0,[0|0|0],5,35,0,2,0,0,0,0,0,0,0,0,0,1,1,2,2,3020,1,0,1,2,1,0,2,0,5,3000,0,2,1,0,[0|0|0|0],-1,-1,-1,-1,-1,-1,-1,-1,-1,-1,-1,-1,-1
43562010,,0,0,[0|0|0],10000,435600,10,10,0,0,1,0,-1,5,8,5,8,3000,0.1,-1,-1,30,1,0,0,0,85,30,20,1,7,12,3,15,0,0,100,100,35,45,0,1,5,15,0,0,0,1,128,0,0,0,1,1,1,1,0,1,0,0,0,[0|0|0],5,35,0,2,0,0,0,0,0,0,16544,16384,0,1,1,2,2,3020,1,0,1,2,1,0,2,0,5,3000,0,2,1,0,[0|0|0|0],-1,-1,-1,-1,-1,-1,-1,-1,-1,-1,-1,-1,-1
43562020,,0,0,[0|0|0],10000,435600,10,10,0,0,1,0,-1,5,8,5,8,3000,0.1,-1,-1,30,1,0,0,0,85,30,20,1,7,12,3,15,0,0,100,100,35,45,0,1,5,15,0,0,0,1,128,0,0,0,1,1,1,1,0,1,0,0,0,[0|0|0],5,35,0,2,0,0,0,0,0,0,16544,16384,0,1,1,2,2,3020,1,0,1,2,1,0,2,0,5,3000,0,2,1,0,[0|0|0|0],-1,-1,-1,-1,-1,-1,-1,-1,-1,-1,-1,-1,-1
43710200,Godrick Foot Soldier,1,0,[0|0|0],437000,437000,1,20,0,0,1,0,-1,2,2,5,8,3000,0.1,-1,-1,30,0,0,0,0,85,30,12,1,7,12,3,15,0,0,100,50,60,10,0,0,5,15,0,0,0,1,128,0,0,0,1,1,1,1,0,1,0,0,0,[0|0|0],5,35,0,2,0,0,0,0,0,0,16544,16384,0,3,3,3,2,-1,0,0,0,0,1,0,0,0,2,-1,0,2,1,0,[0|0|0|0],431000,431001,431002,-1,-1,-1,-1,-1,-1,-1,-1,-1,-1
43710210,Godrick Foot Soldier (ADDED),0,0,[0|0|0],437000,437000,1,20,0,0,1,0,-1,2,2,5,8,3000,0.1,-1,-1,30,0,0,0,0,85,30,12,1,7,12,3,15,0,0,100,50,60,10,0,0,5,15,0,0,0,1,128,0,0,0,1,1,1,1,0,1,0,0,0,[0|0|0],5,35,0,2,0,0,0,0,0,0,0,0,0,3,3,3,2,-1,0,0,0,0,1,0,0,0,2,-1,0,2,1,0,[0|0|0|0],431000,431001,431002,-1,-1,-1,-1,-1,-1,-1,-1,-1,-1
43710510,Godrick Foot Soldier,1,0,[0|0|0],10000,437000,10,20,0,0,1,0,13653,2,2,5,8,3000,0.1,-1,-1,30,0,0,0,0,85,30,12,1,7,12,3,30,0,0,100,40,60,45,0,0,5,15,0,0,0,1,128,0,0,0,0,1,1,1,0,1,0,0,0,[0|0|0],5,35,0,2,0,1,25,60,45,0,16544,16384,0,3,3,2,2,-1,0,0,1,2,1,0,2,0,2,3005,0,2,1,0,[0|0|0|0],431000,431001,431002,-1,-1,-1,-1,-1,-1,-1,-1,-1,-1
43720200,Raya Lucaria Foot Soldier,0,0,[0|0|0],437000,437000,10,20,0,0,1,0,-1,2,2,5,8,3000,0.1,-1,-1,30,0,0,0,0,85,30,12,1,7,12,3,15,0,0,100,50,60,45,0,0,5,15,0,0,0,1,128,0,0,0,1,1,1,1,0,1,0,0,0,[0|0|0],5,35,0,2,0,0,0,0,0,0,16544,16384,0,3,3,3,2,-1,0,0,0,0,1,0,0,0,2,-1,0,2,1,0,[0|0|0|0],431000,431001,431002,-1,-1,-1,-1,-1,-1,-1,-1,-1,-1
43730010,Leyndell Foot Soldier,1,0,[0|0|0],10000,437000,8,20,0,0,1,0,-1,2,2,0,8,3000,0.1,-1,-1,30,0,1,0,200,85,85,12,1,7,12,3,15,0,0,100,50,180,180,0,0,5,15,0,0,0,1,128,0,0,0,1,1,1,1,0,1,0,0,0,[0|0|0],5,35,0,2,0,0,0,0,0,0,16544,16384,0,3,3,0,2,-1,0,0,1,2,1,0,2,0,10,-1,0,2,1,1,[0|0|0|0],431000,431001,431002,-1,-1,-1,-1,-1,-1,-1,-1,-1,-1
43730200,Leyndell Foot Soldier,1,0,[0|0|0],437000,437000,8,20,0,0,1,0,-1,2,2,5,8,3000,0.1,-1,-1,30,0,0,0,0,85,30,12,1,7,12,3,15,0,0,100,50,60,45,0,0,5,15,0,0,0,1,128,0,0,0,1,1,1,1,0,1,0,0,0,[0|0|0],5,35,0,2,0,0,0,0,0,0,16544,16384,0,3,3,3,2,-1,0,0,0,0,1,0,0,0,10,-1,0,2,1,0,[0|0|0|0],431000,431001,431002,-1,-1,-1,-1,-1,-1,-1,-1,-1,-1
43731010,Leyndell Foot Soldier,1,0,[0|0|0],10000,437010,8,20,0,0,1,0,-1,2,2,5,8,3003,0.1,-1,-1,30,0,0,0,0,999,999,999,1,7,12,3,15,0,0,100,50,180,180,0,0,5,15,0,0,0,1,128,0,0,0,1,1,1,1,0,1,0,0,0,[0|0|0],5,35,0,2,0,0,0,0,0,0,16544,16384,0,3,3,3,2,-1,0,0,1,2,1,0,2,0,10,-1,0,2,1,0,[0|0|0|0],431000,431001,431002,-1,-1,-1,-1,-1,-1,-1,-1,-1,-1
43731020,Leyndell Foot Soldier,1,0,[0|0|0],10000,437010,8,20,0,0,1,0,-1,2,2,0,8,3003,0.1,-1,-1,30,0,1,0,200,85,85,12,1,7,12,3,15,0,0,100,50,180,180,0,0,5,15,0,0,0,1,128,0,0,0,1,1,1,1,0,1,0,0,0,[0|0|0],5,35,0,2,0,0,0,0,0,0,16544,16384,0,3,3,0,2,-1,0,0,1,2,1,0,2,0,10,-1,0,2,1,1,[0|0|0|0],431000,431001,431002,-1,-1,-1,-1,-1,-1,-1,-1,-1,-1
43740200,Radahn Foot Soldier,0,0,[0|0|0],437000,437000,10,20,0,0,1,0,-1,2,2,5,8,3000,0.1,-1,-1,30,0,0,0,0,85,30,12,1,7,12,3,15,0,0,100,50,60,45,0,0,5,15,0,0,0,1,128,0,0,0,1,1,1,1,0,1,0,0,0,[0|0|0],5,35,0,2,0,0,0,0,0,0,16544,16384,0,3,3,3,2,-1,0,0,0,0,1,0,0,0,10,-1,0,2,1,0,[0|0|0|0],431000,431001,431002,-1,-1,-1,-1,-1,-1,-1,-1,-1,-1
43740400,Radahn Foot Soldier,0,0,[0|0|0],437000,437000,10,20,0,0,1,0,-1,2,2,5,8,3000,0.1,-1,-1,30,0,0,0,0,85,30,12,1,7,12,3,15,0,0,100,50,60,45,0,0,5,15,0,0,0,1,128,0,0,0,1,1,1,1,0,1,0,0,0,[0|0|0],5,35,0,2,0,0,0,0,0,0,16544,16384,0,3,3,3,2,-1,0,0,0,0,1,0,0,0,10,-1,0,2,1,0,[0|0|0|0],431000,431001,431002,-1,-1,-1,-1,-1,-1,-1,-1,-1,-1
43740600,Radahn Foot Soldier,0,0,[0|0|0],437000,437000,10,20,0,0,1,0,-1,2,2,5,8,3000,0.1,-1,-1,30,0,0,0,0,85,30,12,1,7,12,3,15,0,0,100,50,60,45,0,0,5,15,0,0,0,1,128,0,0,0,1,1,1,1,0,1,0,0,0,[0|0|0],5,35,0,2,0,0,0,0,0,0,16544,16384,0,3,3,3,2,-1,0,0,0,0,1,0,0,0,10,-1,0,2,1,0,[0|0|0|0],431000,431001,431002,-1,-1,-1,-1,-1,-1,-1,-1,-1,-1
43740620,Radahn Foot Soldier (ADDED),0,0,[0|0|0],437000,437000,10,20,0,0,1,0,-1,2,2,5,8,3000,0.1,-1,-1,30,0,0,0,0,85,30,12,1,7,12,3,15,0,0,100,50,60,45,0,0,5,15,0,0,0,1,128,0,0,0,1,1,1,1,0,1,0,0,0,[0|0|0],5,35,0,2,0,0,0,0,0,0,0,0,0,3,3,3,2,-1,0,0,0,0,1,0,0,0,10,-1,0,2,1,0,[0|0|0|0],431000,431001,431002,-1,-1,-1,-1,-1,-1,-1,-1,-1,-1
43742000,Radahn Foot Soldier (ADDED),0,0,[0|0|0],437000,437000,10,20,0,0,1,0,-1,2,2,5,8,3000,0.1,-1,-1,30,0,0,0,0,85,30,12,1,7,12,3,15,0,0,100,50,60,45,0,0,5,15,0,0,0,1,128,0,0,0,1,1,1,1,0,1,0,0,0,[0|0|0],5,35,0,2,0,0,0,0,0,0,0,0,0,3,3,3,2,-1,0,0,0,0,1,0,0,0,10,-1,0,2,1,0,[0|0|0|0],431000,431001,431002,-1,-1,-1,-1,-1,-1,-1,-1,-1,-1
43750200,Mausoleum Foot Soldier,0,0,[0|0|0],437000,437000,8,20,0,0,1,0,-1,2,2,5,8,3000,0.1,-1,-1,30,0,0,0,0,85,30,12,1,7,12,3,15,0,0,100,50,60,45,0,0,5,15,0,0,0,1,128,0,0,0,1,1,1,1,0,1,0,0,0,[0|0|0],5,35,0,2,0,0,0,0,0,0,16544,16384,0,3,3,3,2,-1,0,0,0,0,1,0,0,0,10,-1,0,2,1,0,[0|0|0|0],431000,431001,431002,-1,-1,-1,-1,-1,-1,-1,-1,-1,-1
43760200,,0,0,[0|0|0],437000,437000,8,20,0,0,1,0,-1,2,2,5,8,3000,0.1,-1,-1,30,0,0,0,0,85,30,12,1,7,12,3,15,0,0,100,50,60,45,0,0,5,15,0,0,0,1,128,0,0,0,1,1,1,1,0,1,0,0,0,[0|0|0],5,35,0,2,0,0,0,0,0,0,16544,16384,0,3,3,3,2,-1,0,0,0,0,1,0,0,0,10,-1,0,2,1,0,[0|0|0|0],431000,431001,431002,-1,-1,-1,-1,-1,-1,-1,-1,-1,-1
43760510,,0,0,[0|0|0],10000,437000,8,20,0,0,1,0,13653,2,2,5,8,3000,0.1,-1,-1,30,0,0,0,0,85,30,12,1,7,12,3,15,0,0,100,40,60,45,0,0,5,15,0,0,0,1,128,0,0,0,1,1,1,1,0,1,0,0,0,[0|0|0],5,35,0,2,0,1,25,60,45,0,16544,16384,0,3,3,2,2,-1,0,0,1,2,1,0,2,0,10,3005,0,2,1,0,[0|0|0|0],431000,431001,431002,-1,-1,-1,-1,-1,-1,-1,-1,-1,-1
43760520,Haligtree Foot Soldier (NB),0,0,[0|0|0],10000,437000,8,20,0,0,1,0,13653,2,2,0,8,3000,0.1,-1,-1,30,0,0,0,200,85,85,12,1,7,12,3,15,0,0,100,40,60,45,0,0,5,15,0,0,0,1,128,0,0,0,1,1,1,1,0,1,0,0,0,[0|0|0],5,35,0,2,0,1,25,60,45,0,16544,16384,0,3,3,0,2,-1,0,0,1,2,1,0,2,0,10,3005,0,2,1,1,[0|0|0|0],431000,431001,431002,-1,-1,-1,-1,-1,-1,-1,-1,-1,-1
43770200,Highwayman,1,0,[0|0|0],437000,437000,8,20,0,0,1,0,-1,2,2,5,8,3000,0.1,-1,-1,30,0,0,0,0,85,30,12,1,7,12,3,15,0,0,100,50,60,45,0,0,5,15,0,0,0,1,128,0,0,0,1,1,1,1,0,1,0,0,0,[0|0|0],5,35,0,2,0,0,0,0,0,0,16544,16384,0,3,3,3,2,-1,0,0,0,0,1,0,0,0,10,-1,0,2,1,0,[0|0|0|0],431000,431001,431002,-1,-1,-1,-1,-1,-1,-1,-1,-1,-1
44200000,,0,0,[0|0|0],10000,442000,10,10,0,0,0,0,-1,5,8,5,20,3002,0.1,-1,-1,15,0,0,0,0,85,30,20,1,7,12,10,30,0,0,100,100,60,60,0,0,5,15,0,0,0,1,128,0,0,0,1,1,1,0,0,0,0,0,0,[0|0|0],5,35,0,2,0,0,0,0,0,0,16544,16384,0,2,1,2,2,-1,1,0,1,2,0,0,2,0,5,3010,0,2,0,0,[0|0|0|0],-1,-1,-1,-1,-1,-1,-1,-1,-1,-1,-1,-1,-1
44200010,,0,0,[0|0|0],10000,442000,10,10,0,0,0,0,-1,5,8,5,8,3002,0.1,-1,-1,30,0,1,0,0,40,35,20,1,7,12,3,30,0,0,100,100,60,60,0,0,5,15,0,0,0,1,128,0,0,0,1,1,1,0,0,0,0,0,0,[0|0|0],5,35,0,2,0,0,0,0,0,0,16544,16384,0,2,1,2,2,-1,1,0,1,2,0,0,2,0,2,3010,0,2,0,1,[0|0|0|0],-1,-1,-1,-1,-1,-1,-1,-1,-1,-1,-1,-1,-1
44200020,,0,0,[0|0|0],10000,442000,10,10,0,0,0,0,-1,5,8,5,20,3002,0.1,-1,-1,15,0,1,0,0,85,30,20,1,7,12,10,30,0,0,100,100,60,60,0,0,5,15,0,0,0,1,128,0,0,0,1,1,1,0,0,0,0,0,0,[0|0|0],5,35,0,2,0,0,0,0,0,0,16544,16384,0,2,1,2,2,-1,1,0,1,2,0,0,2,0,5,3010,0,2,0,1,[0|0|0|0],-1,-1,-1,-1,-1,-1,-1,-1,-1,-1,-1,-1,-1
44200030,,0,0,[0|0|0],10000,442000,10,10,0,0,0,0,-1,5,8,5,8,3002,0.1,-1,-1,15,0,0,0,0,40,35,20,1,7,12,3,30,0,0,100,100,60,60,0,0,5,15,0,0,0,1,128,0,0,0,1,1,1,0,0,0,0,0,0,[0|0|0],5,35,0,2,0,0,0,0,0,236,16544,16384,0,2,1,2,2,-1,1,0,1,2,0,0,2,0,2,3010,0,2,0,0,[0|0|0|0],-1,-1,-1,-1,-1,-1,-1,-1,-1,-1,-1,-1,-1
44400000,Land Squirt,1,0,[0|0|0],10000,444000,0,0,0,0,1,0,-1,5,8,5,8,3002,0.1,-1,-1,10,0,0,0,0,85,30,12,1,7,12,3,30,0,0,100,30,90,180,1,0,5,15,0,0,0,0,128,0,0,0,1,1,1,0,0,1,0,0,0,[0|0|0],5,35,0,2,0,0,0,0,0,0,16544,16384,0,0,0,3,0,-1,1,0,0,0,0,0,0,0,5,-1,0,2,0,0,[0|0|0|0],-1,-1,-1,-1,-1,-1,-1,-1,-1,-1,-1,-1,-1
44410000,,0,0,[0|0|0],10000,444100,0,0,0,0,0,0,-1,5,8,5,8,3002,0.1,-1,-1,30,0,0,0,0,85,30,20,3,7,50,3,30,0,0,100,100,90,180,1,0,5,15,0,0,0,0,128,0,0,0,1,1,1,0,0,0,0,0,0,[0|0|0],5,35,0,2,0,0,0,0,0,0,16544,16384,0,0,0,3,0,-1,1,0,0,0,0,0,0,0,5,-1,0,2,0,0,[0|0|0|0],-1,-1,-1,-1,-1,-1,-1,-1,-1,-1,-1,-1,-1
44700900,Abductor Virgin (ADDED),0,0,[0|0|0],10000,447000,5,10,0,0,1,0,-1,5,8,0,8,3002,0.1,-1,-1,30,0,0,0,100,9999,9999,9999,3,7,50,3,30,0,0,100,80,180,62,1,0,5,15,0,0,0,1,128,0,0,0,1,1,1,0,0,0,0,1,0,[0|0|0],5,35,0,2,0,0,0,0,0,0,0,0,0,0,0,3,2,-1,0,0,1,2,0,1,2,0,5,-1,0,2,0,1,[0|0|0|0],-1,-1,-1,-1,-1,-1,-1,-1,-1,-1,-1,-1,-1
44701900,Abductor Virgin,0,0,[0|0|0],10000,447010,5,10,0,0,1,0,-1,5,8,5,8,3035,0.1,-1,-1,30,0,1,0,100,9999,9999,9999,3,7,50,3,30,0,0,100,100,180,62,1,0,5,15,0,0,0,1,128,0,0,0,1,1,1,0,0,0,0,1,0,[0|0|0],5,35,0,2,0,0,0,0,0,0,16544,16384,0,0,0,3,2,-1,0,0,1,2,0,1,2,0,5,-1,0,2,0,1,[0|0|0|0],-1,-1,-1,-1,-1,-1,-1,-1,-1,-1,-1,-1,-1
44900040,Living Jar Warrior (ADDED),0,0,[0|0|0],10000,449000,0,0,0,0,1,0,-1,5,8,0,8,3005,0.1,-1,-1,30,0,0,0,9999,9999,9999,9999,1,7,12,3,15,0,0,100,60,60,90,1,0,5,15,0,0,0,1,128,0,0,0,0,1,1,0,0,0,0,0,0,[0|0|0],5,35,0,2,0,0,0,0,0,0,0,0,0,3,3,3,2,-1,1,0,2,0,1,0,1,0,5,-1,0,2,1,0,[0|0|0|0],-1,-1,-1,-1,-1,-1,-1,-1,-1,-1,-1,-1,-1
44900052,Living Jar Warrior (ADDED),0,0,[0|0|0],10000,449000,0,0,0,0,1,0,-1,5,8,0,8,3005,0.1,-1,-1,30,0,0,0,0,9999,9999,9999,1,7,12,3,15,0,0,100,60,60,90,1,0,5,15,0,0,0,1,128,0,0,0,0,1,1,0,0,0,0,0,0,[0|0|0],5,35,0,2,0,0,0,0,0,0,0,0,0,3,3,3,2,-1,1,0,1,2,1,0,2,0,5,-1,0,2,1,0,[0|0|0|0],-1,-1,-1,-1,-1,-1,-1,-1,-1,-1,-1,-1,-1
45000000,Flying Dragon,1,0,[0|0|0],450000,450000,35,20,1,0,0,0,-1,2,2,5,20,-1,0.1,0,0,45,0,1,0,0,150,30,40,3,7,50,5,25,0,0,100,100,20,20,0,0,0,0,0,0,0,14,128,0,0,0,0,1,1,0,0,0,0,0,0,[0|0|0],15,35,0,2,0,0,0,0,0,0,16544,16384,0,35,18,0,16,-1,0,0,15,2,1,0,2,0,7,-1,0,2,1,1,[0|0|0|0],-1,-1,-1,-1,-1,-1,-1,-1,-1,-1,-1,-1,-1
45000001,Flying Dragon (ADDED),0,0,[0|0|0],10000,450000,35,20,1,0,0,0,-1,2,2,5,8,-1,0.1,-1,-1,45,0,0,0,0,150,30,40,3,7,50,100,25,0,0,100,0,20,20,0,0,5,15,0,0,0,14,128,0,0,0,0,1,1,0,0,0,0,0,0,[0|0|0],15,35,0,2,0,0,0,0,0,0,0,0,0,35,18,3,16,-1,0,0,15,2,1,0,2,0,8,-1,0,2,1,1,[0|0|0|0],-1,-1,-1,-1,-1,-1,-1,-1,-1,-1,-1,-1,-1
45000005,Flying Dragon (MMV),1,0,[0|0|0],450000,450000,35,20,1,0,0,0,-1,2,2,5,20,-1,0.1,0,0,45,0,1,0,0,150,30,40,3,7,50,5,25,0,0,100,100,20,20,0,0,0,0,0,0,0,14,128,0,0,0,0,1,1,0,0,0,0,0,0,[0|0|0],15,35,0,2,0,0,0,0,0,0,16544,16384,0,35,18,0,16,-1,0,0,15,2,1,0,2,0,7,-1,0,2,1,1,[0|0|0|0],-1,-1,-1,-1,-1,-1,-1,-1,-1,-1,-1,-1,-1
45000010,Flying Dragon,1,0,[0|0|0],450000,450000,4,20,1,0,0,0,-1,2,2,0,8,-1,0.1,0,0,45,0,1,0,0,135,70,20,3,7,50,3,25,0,0,100,100,20,20,1,0,0,0,0,0,0,14,128,0,0,0,0,1,1,0,0,0,0,0,0,[0|0|0],5,35,0,2,0,0,0,0,0,236,16544,16384,0,35,18,2,16,-1,0,0,15,2,1,0,2,0,2,3001,0,2,1,1,[0|0|0|0],-1,-1,-1,-1,-1,-1,-1,-1,-1,-1,-1,-1,-1
45000100,Flying Dragon (ADDED),0,0,[0|0|0],450000,450000,35,20,1,0,0,0,-1,2,2,0,20,-1,0.1,0,0,45,0,0,0,0,9999,9999,9999,3,7,50,5,25,0,0,100,0,20,20,0,0,0,0,0,0,0,14,128,0,0,0,0,1,1,0,0,0,0,0,0,[0|0|0],15,35,0,2,0,0,0,0,0,0,0,0,0,35,18,0,16,-1,0,0,15,2,1,0,2,0,7,-1,0,2,1,1,[0|0|0|0],-1,-1,-1,-1,-1,-1,-1,-1,-1,-1,-1,-1,-1
45000900,Flying Dragon (ADDED),0,0,[0|0|0],450000,450000,35,20,1,0,0,0,-1,2,2,0,20,-1,0.1,0,0,45,0,0,0,0,150,30,40,3,7,50,5,25,0,0,100,0,20,20,1,0,0,0,0,0,0,14,128,0,0,0,0,1,1,0,0,0,0,0,0,[0|0|0],15,35,0,2,0,0,0,0,0,0,0,0,0,35,18,0,16,-1,0,0,15,2,1,0,2,0,7,-1,0,2,1,1,[0|0|0|0],-1,-1,-1,-1,-1,-1,-1,-1,-1,-1,-1,-1,-1
45000942,Flying Dragon (ADDED),0,0,[0|0|0],10000,450000,35,20,1,0,0,0,-1,2,2,0,40,-1,0.1,0,0,45,0,0,0,0,140,80,50,3,7,50,5,25,0,0,100,0,20,20,1,0,0,0,0,0,0,14,128,0,0,0,0,1,1,0,0,0,0,0,0,[0|0|0],15,35,0,2,0,0,0,0,0,0,0,0,0,35,18,0,16,-1,0,0,15,2,1,0,2,0,7,-1,0,2,1,1,[0|0|0|0],-1,-1,-1,-1,-1,-1,-1,-1,-1,-1,-1,-1,-1
45008000,Flying Dragon (Rennala) (ADDED),0,0,[0|0|0],450000,450000,35,20,1,0,0,0,-1,2,2,0,20,-1,0.1,0,0,45,0,0,0,0,9999,9999,9999,3,7,50,5,25,0,0,100,0,20,20,0,0,0,0,0,0,0,14,128,0,0,0,0,1,1,0,0,0,0,0,0,[0|0|0],15,35,0,2,0,0,0,0,0,0,0,0,0,35,18,3,16,-1,0,0,15,2,1,0,2,0,7,-1,0,2,1,1,[0|0|0|0],-1,-1,-1,-1,-1,-1,-1,-1,-1,-1,-1,-1,-1
45010000,Decaying Ekzykes,0,0,[0|0|0],450000,450100,35,20,1,0,0,0,-1,2,2,5,20,-1,0.1,0,0,45,0,1,0,0,150,30,40,3,7,50,5,25,0,0,100,100,20,20,0,0,0,0,0,0,0,14,128,0,0,0,0,1,1,0,0,0,0,0,0,[0|0|0],15,35,0,2,0,0,0,0,0,0,16544,16384,0,35,18,0,16,-1,0,0,15,2,1,0,2,0,7,-1,0,2,1,1,[0|0|0|0],-1,-1,-1,-1,-1,-1,-1,-1,-1,-1,-1,-1,-1
45010005,Decaying Ekzykes (MMV),0,0,[0|0|0],450000,450100,35,20,1,0,0,0,-1,2,2,5,20,-1,0.1,0,0,45,0,1,0,0,150,30,40,3,7,50,5,25,0,0,100,100,20,20,0,0,0,0,0,0,0,14,128,0,0,0,0,1,1,0,0,0,0,0,0,[0|0|0],15,35,0,2,0,0,0,0,0,0,16544,16384,0,35,18,0,16,-1,0,0,15,2,1,0,2,0,7,-1,0,2,1,1,[0|0|0|0],-1,-1,-1,-1,-1,-1,-1,-1,-1,-1,-1,-1,-1
45010900,Decaying Ekzykes (ADDED),0,0,[0|0|0],450000,450100,35,20,1,0,0,0,-1,2,2,0,20,-1,0.1,0,0,45,0,0,0,0,70,30,40,3,7,50,5,25,0,0,100,0,20,20,1,0,0,0,0,0,0,14,128,0,0,0,0,1,1,0,0,0,0,0,0,[0|0|0],15,35,0,2,0,0,0,0,0,0,0,0,0,35,18,0,16,-1,0,0,15,2,1,0,2,0,7,-1,0,2,1,1,[0|0|0|0],-1,-1,-1,-1,-1,-1,-1,-1,-1,-1,-1,-1,-1
45020000,,0,0,[0|0|0],450000,450200,35,20,1,0,0,0,-1,2,2,5,20,-1,0.1,0,0,45,0,1,0,0,150,30,40,3,7,50,5,25,0,0,100,100,20,20,0,0,0,0,0,0,0,14,128,0,0,0,0,1,1,0,0,0,0,0,0,[0|0|0],15,35,0,2,0,0,0,0,0,0,16544,16384,0,35,18,0,16,-1,0,0,15,2,1,0,2,0,7,-1,0,2,1,1,[0|0|0|0],-1,-1,-1,-1,-1,-1,-1,-1,-1,-1,-1,-1,-1
45020005,Smarag / Adula (MMV),0,0,[0|0|0],450000,450200,35,20,1,0,0,0,-1,2,2,5,20,-1,0.1,0,0,45,0,1,0,0,150,30,40,3,7,50,5,25,0,0,100,100,20,20,0,0,0,0,0,0,0,14,128,0,0,0,0,1,1,0,0,0,0,0,0,[0|0|0],15,35,0,2,0,0,0,0,0,0,16544,16384,0,35,18,0,16,-1,0,0,15,2,1,0,2,0,7,-1,0,2,1,1,[0|0|0|0],-1,-1,-1,-1,-1,-1,-1,-1,-1,-1,-1,-1,-1
45020020,Glintstone Dragon (ADDED),0,0,[0|0|0],450000,450200,35,20,1,0,0,0,-1,2,2,5,20,-1,0.1,0,0,45,0,0,0,0,100,30,40,3,7,50,5,25,0,0,100,0,20,20,1,0,0,0,0,0,0,14,128,0,0,0,0,1,1,0,0,0,0,0,0,[0|0|0],15,35,0,2,0,0,0,0,0,0,0,0,0,35,18,0,16,-1,0,0,15,2,1,0,2,0,7,-1,0,2,1,1,[0|0|0|0],-1,-1,-1,-1,-1,-1,-1,-1,-1,-1,-1,-1,-1
45020900,Glintstone Dragon (ADDED),0,0,[0|0|0],450000,450200,35,20,1,0,0,0,-1,2,2,0,20,-1,0.1,0,0,45,0,0,0,0,150,30,40,3,7,50,5,25,0,0,100,0,20,20,1,0,0,0,0,0,0,14,128,0,0,0,0,1,1,0,0,0,0,0,0,[0|0|0],15,35,0,2,0,0,0,0,0,0,0,0,0,35,18,0,16,-1,0,0,15,2,1,0,2,0,7,-1,0,2,1,1,[0|0|0|0],-1,-1,-1,-1,-1,-1,-1,-1,-1,-1,-1,-1,-1
45020920,Glintstone Dragon Adula (ADDED),0,0,[0|0|0],450000,450200,35,20,1,0,0,0,-1,2,2,0,20,-1,0.1,0,0,45,0,0,0,0,70,30,40,3,7,50,5,25,0,0,100,0,20,20,1,0,0,0,0,0,0,14,128,0,0,0,0,1,1,0,0,0,0,0,0,[0|0|0],15,35,0,2,0,0,0,0,0,0,0,0,0,35,18,0,16,-1,0,0,15,2,1,0,2,0,7,-1,0,2,1,1,[0|0|0|0],-1,-1,-1,-1,-1,-1,-1,-1,-1,-1,-1,-1,-1
45020922,Glintstone Dragon Adula (ADDED),0,0,[0|0|0],450000,450200,35,20,1,0,0,0,-1,2,2,0,20,-1,0.1,0,0,45,0,0,0,0,85,30,40,3,7,50,5,25,0,0,100,0,20,20,1,0,0,0,0,0,0,14,128,0,0,0,0,1,1,0,0,0,0,0,0,[0|0|0],15,35,0,2,0,0,0,0,0,0,0,0,0,35,18,0,16,-1,0,0,15,2,1,0,2,0,7,-1,0,2,1,1,[0|0|0|0],-1,-1,-1,-1,-1,-1,-1,-1,-1,-1,-1,-1,-1
45020950,Glintstone Dragon Adula (NB1),0,0,[0|0|0],450000,450200,35,20,1,0,0,0,-1,2,2,0,8,-1,0.1,0,0,45,0,0,0,999,9999,9999,9999,3,7,12,3,30,0,0,100,0,20,20,1,0,0,0,0,0,0,14,128,0,0,0,0,1,1,0,0,0,0,0,0,[0|0|0],15,35,0,2,0,0,0,0,0,0,16544,16384,0,35,18,0,16,-1,0,0,15,2,1,0,2,0,5,-1,0,2,1,1,[0|0|0|0],-1,-1,-1,-1,-1,-1,-1,-1,-1,-1,-1,-1,-1
45030000,Borealis the Freezing Fog,0,0,[0|0|0],450000,450300,35,20,1,0,0,0,-1,2,2,0,20,-1,0.1,0,0,45,0,1,0,0,150,70,20,3,7,50,5,25,0,0,100,100,20,20,0,0,0,0,0,0,0,14,128,0,0,0,0,1,1,0,0,0,0,0,0,[0|0|0],15,35,0,2,0,0,0,0,0,0,16544,16384,0,35,18,0,16,-1,0,0,15,2,1,0,2,0,7,-1,0,2,1,1,[0|0|0|0],-1,-1,-1,-1,-1,-1,-1,-1,-1,-1,-1,-1,-1
45030005,Borealis the Freezing Fog (MMV),0,0,[0|0|0],450000,450300,35,20,1,0,0,0,-1,2,2,0,20,-1,0.1,0,0,45,0,1,0,0,150,70,20,3,7,50,5,25,0,0,100,100,20,20,0,0,0,0,0,0,0,14,128,0,0,0,0,1,1,0,0,0,0,0,0,[0|0|0],15,35,0,2,0,0,0,0,0,0,16544,16384,0,35,18,0,16,-1,0,0,15,2,1,0,2,0,7,-1,0,2,1,1,[0|0|0|0],-1,-1,-1,-1,-1,-1,-1,-1,-1,-1,-1,-1,-1
45030900,Borealis the Freezing Fog (ADDED),0,0,[0|0|0],450000,450300,35,20,1,0,0,0,-1,2,2,0,20,-1,0.1,0,0,45,0,0,0,60,200,60,70,3,7,50,5,25,0,0,100,0,20,20,1,0,0,0,0,0,0,14,128,0,0,0,0,1,1,0,0,0,0,0,0,[0|0|0],15,35,0,2,0,0,0,0,0,0,0,0,0,35,18,0,16,-1,0,0,15,2,1,0,2,0,7,-1,0,2,1,1,[0|0|0|0],-1,-1,-1,-1,-1,-1,-1,-1,-1,-1,-1,-1,-1
45040000,,0,0,[0|0|0],450000,450000,35,20,1,0,0,0,-1,2,2,0,20,-1,0.1,0,0,30,0,1,0,0,9999,9999,9999,3,7,50,5,25,0,0,100,100,20,20,0,0,0,0,0,0,0,0,128,0,0,0,0,1,1,0,0,0,0,0,0,[0|0|0],15,35,0,2,0,0,0,0,0,0,16544,16384,0,15,0,0,0,-1,0,0,0,0,1,0,0,0,7,-1,0,2,1,1,[0|0|0|0],-1,-1,-1,-1,-1,-1,-1,-1,-1,-1,-1,-1,-1
45050000,Flying Dragon (Small),0,0,[0|0|0],450000,450500,35,20,1,0,0,0,-1,2,2,5,20,-1,0.1,0,0,30,0,1,0,0,150,30,40,3,7,50,5,25,0,0,100,100,20,20,0,0,0,0,0,0,0,14,128,0,0,0,1,1,1,0,0,0,0,0,0,[0|0|0],15,35,0,2,0,0,0,0,0,246,16544,16384,0,20,8,0,16,-1,0,0,15,2,1,0,2,0,7,-1,0,2,1,1,[0|0|0|0],-1,-1,-1,-1,-1,-1,-1,-1,-1,-1,-1,-1,-1
45050010,Flying Dragon (Small),0,0,[0|0|0],450000,450500,35,20,1,0,0,0,-1,2,2,5,20,-1,0.1,0,0,30,0,1,0,0,150,30,40,3,7,50,5,25,0,0,100,100,20,20,0,0,0,0,0,0,0,14,128,0,0,0,1,1,1,0,0,0,0,0,0,[0|0|0],15,35,0,2,0,0,0,0,0,246,16544,16384,0,20,8,0,16,-1,0,0,15,2,1,0,2,0,7,-1,0,2,1,1,[0|0|0|0],-1,-1,-1,-1,-1,-1,-1,-1,-1,-1,-1,-1,-1
45050020,Flying Dragon (Small),0,0,[0|0|0],450000,450500,35,20,1,0,0,0,-1,2,2,5,20,-1,0.1,0,0,30,0,1,0,0,100,30,40,3,7,50,5,25,0,0,100,100,20,20,0,0,0,0,0,0,0,14,128,0,0,0,1,1,1,0,0,0,0,0,0,[0|0|0],15,35,0,2,0,0,0,0,0,246,16544,16384,0,20,8,0,16,-1,0,0,15,2,1,0,2,0,7,-1,0,2,1,1,[0|0|0|0],-1,-1,-1,-1,-1,-1,-1,-1,-1,-1,-1,-1,-1
45050030,Flying Dragon (Small),0,0,[0|0|0],450000,450500,35,20,1,0,0,0,-1,2,2,0,20,-1,0.1,0,0,30,0,1,0,0,90,70,20,3,7,50,5,25,0,0,100,100,20,20,0,0,0,0,0,0,0,14,128,0,0,0,1,1,1,0,0,0,0,0,0,[0|0|0],15,35,0,2,0,0,0,0,0,246,16544,16384,0,20,8,0,16,-1,0,0,15,2,1,0,2,0,7,-1,0,2,1,1,[0|0|0|0],-1,-1,-1,-1,-1,-1,-1,-1,-1,-1,-1,-1,-1
45050040,Flying Dragon (Small),0,0,[0|0|0],450000,450500,35,20,1,0,0,0,-1,2,2,0,20,-1,0.1,0,0,30,0,1,0,0,90,70,20,3,7,50,5,25,0,0,100,100,20,20,0,0,0,0,0,0,0,14,128,0,0,0,1,1,1,0,0,0,0,0,0,[0|0|0],15,35,0,2,0,0,0,0,0,246,16544,16384,0,20,8,0,16,-1,0,0,15,2,1,0,2,0,7,-1,0,2,1,1,[0|0|0|0],-1,-1,-1,-1,-1,-1,-1,-1,-1,-1,-1,-1,-1
45050050,,0,0,[0|0|0],450000,450500,35,20,1,0,0,0,-1,2,2,5,20,-1,0.1,0,0,30,0,1,0,0,150,30,40,3,7,50,5,25,0,0,100,100,20,20,0,0,0,0,0,0,0,14,128,0,0,0,1,1,1,0,0,0,0,0,0,[0|0|0],15,35,0,2,0,0,0,0,0,246,16544,16384,0,20,8,0,16,-1,0,0,15,2,1,0,2,0,7,-1,0,2,1,1,[0|0|0|0],-1,-1,-1,-1,-1,-1,-1,-1,-1,-1,-1,-1,-1
45050800,Flying Dragon (Small),0,0,[0|0|0],450000,450500,35,20,1,0,0,0,-1,2,2,5,20,-1,0.1,0,0,30,0,1,0,99,150,30,40,3,7,50,5,25,0,0,100,100,20,20,0,0,0,0,0,0,0,14,128,0,0,0,1,1,1,0,0,0,0,0,0,[0|0|0],15,35,0,2,0,0,0,0,0,246,16544,16384,0,20,8,0,16,-1,0,0,15,2,1,0,2,0,7,-1,0,2,1,1,[0|0|0|0],-1,-1,-1,-1,-1,-1,-1,-1,-1,-1,-1,-1,-1
45100000,Ancient Dragon,1,0,[0|0|0],10000,451000,10,20,1,0,0,0,-1,5,8,0,8,3000,0.1,0,0,45,0,1,0,200,150,30,40,3,7,50,3,20,0,0,100,100,50,120,0,0,0,0,0,0,0,1,128,0,1,0,1,1,1,0,0,0,0,0,0,[0|0|0],5,35,0,2,0,0,0,0,0,236,16544,16384,0,15,1,2,2,-1,0,0,1,2,0,0,2,0,5,3022,0,2,0,1,[0|0|0|0],-1,-1,-1,-1,-1,-1,-1,-1,-1,-1,-1,-1,-1
45100005,Ancient Dragon (MMV),1,0,[0|0|0],10000,451000,4,20,1,0,0,0,-1,5,8,0,8,3000,0.1,0,0,45,0,1,0,0,150,30,40,3,7,50,3,20,0,0,100,100,20,20,0,0,0,0,0,0,0,1,128,0,1,0,1,1,1,0,0,0,0,0,0,[0|0|0],5,35,0,2,0,0,0,0,0,236,16544,16384,0,35,18,2,2,-1,0,0,1,2,0,0,2,0,5,3022,0,2,0,1,[0|0|0|0],-1,-1,-1,-1,-1,-1,-1,-1,-1,-1,-1,-1,-1
45100010,Ancient Dragon,1,0,[0|0|0],10000,451000,10,20,1,0,0,0,-1,5,8,0,10,3000,0.1,0,0,45,0,1,0,0,90,60,50,3,7,50,4,20,0,0,100,100,50,120,1,0,0,0,0,0,0,1,128,0,0,0,1,1,1,0,0,0,0,0,0,[0|0|0],5,35,0,2,0,0,0,0,0,236,16544,16384,0,15,1,2,2,-1,0,0,1,2,0,0,2,0,10,3022,0,2,0,1,[0|0|0|0],-1,-1,-1,-1,-1,-1,-1,-1,-1,-1,-1,-1,-1
45100100,Ancient Dragon (ADDED),0,0,[0|0|0],10000,414010,20,20,1,0,0,0,-1,5,8,5,8,3000,0.1,0,0,45,0,0,0,100,9999,9999,9999,999,999,9999,3,30,0,0,100,0,60,180,0,0,0,0,0,0,0,1,128,0,0,0,0,1,1,0,0,0,0,0,0,[0|0|0],5,35,0,0,0,0,0,0,0,0,0,0,0,3,3,3,2,-1,0,0,1,2,0,0,2,0,5,-1,0,2,0,1,[0|0|0|0],-1,-1,-1,-1,-1,-1,-1,-1,-1,-1,-1,-1,-1
45100200,Ancient Dragon (ADDED),0,0,[0|0|0],10000,451000,10,20,1,0,0,0,-1,5,8,0,8,3000,0.1,0,0,45,0,0,0,0,150,30,40,3,7,50,3,20,0,0,100,0,50,120,0,0,0,0,0,0,0,1,128,0,1,0,0,1,1,0,0,0,0,0,0,[0|0|0],5,35,0,2,0,0,0,0,0,0,0,0,0,15,1,2,2,-1,0,0,1,2,0,0,2,0,5,3022,0,2,0,1,[0|0|0|0],-1,-1,-1,-1,-1,-1,-1,-1,-1,-1,-1,-1,-1
45100300,Ancient Dragon (ADDED),0,0,[0|0|0],10000,451000,10,20,1,0,0,0,-1,5,8,0,8,3000,0.1,0,0,45,0,0,0,0,150,30,40,3,7,50,3,20,0,0,100,0,50,120,0,0,0,0,0,0,0,1,128,0,1,0,0,1,1,0,0,0,0,0,0,[0|0|0],5,35,0,2,0,0,0,0,0,0,0,0,0,15,1,2,2,-1,0,0,1,2,0,0,1,0,5,3022,0,2,0,1,[0|0|0|0],-1,-1,-1,-1,-1,-1,-1,-1,-1,-1,-1,-1,-1
45100900,Ancient Dragon (ADDED),0,0,[0|0|0],10000,451000,10,20,1,0,0,0,-1,5,8,5,8,3000,0.1,0,0,45,0,0,0,0,150,30,40,3,7,50,3,20,0,0,100,0,50,120,1,0,0,0,0,0,0,1,128,0,1,0,0,1,1,0,0,0,0,0,0,[0|0|0],5,35,0,2,0,0,0,0,0,0,0,0,0,15,1,2,2,-1,0,0,1,2,0,0,2,0,5,3022,0,2,0,1,[0|0|0|0],-1,-1,-1,-1,-1,-1,-1,-1,-1,-1,-1,-1,-1
45100930,Ancient Dragon (ADDED),0,0,[0|0|0],10000,451000,10,20,1,0,0,0,-1,5,8,5,8,3000,0.1,0,0,45,0,0,0,0,80,30,40,3,7,50,3,20,0,0,100,0,50,120,1,0,0,0,0,0,0,1,128,0,1,0,0,1,1,0,0,0,0,0,0,[0|0|0],5,35,0,2,0,0,0,0,0,0,0,0,0,15,1,2,2,-1,0,0,1,2,0,0,2,0,5,3022,0,2,0,1,[0|0|0|0],-1,-1,-1,-1,-1,-1,-1,-1,-1,-1,-1,-1,-1
45500300,Giant Dog (ADDED),0,0,[0|0|0],455000,455000,0,0,1,0,0,0,-1,10,15,5,20,3002,0.1,-1,-1,30,0,0,0,0,160,90,70,3,7,50,10,20,0,0,100,80,40,50,1,0,5,15,0,0,0,1,128,0,0,0,0,1,1,0,0,0,0,0,0,[0|0|0],5,35,0,2,0,0,0,0,0,0,0,0,0,2,1,3,2,-1,0,0,1,2,0,0,2,0,10,-1,0,2,0,0,[0|0|0|0],-1,455001,-1,-1,-1,-1,-1,-1,-1,-1,-1,-1,-1
45600000,Giant Crow,0,0,[0|0|0],456000,456000,8,20,0,0,0,0,-1,5,8,5,20,3002,0.1,0,0,30,0,0,0,0,150,30,20,3,7,50,10,30,0,0,100,100,60,80,1,0,0,0,0,0,0,1,128,0,0,0,1,1,1,0,0,0,0,0,0,[0|0|0],5,35,0,2,0,0,0,0,0,246,16544,16384,0,4,0,3,2,-1,0,0,1,2,0,0,2,0,5,-1,0,2,0,0,[0|0|0|0],-1,-1,-1,-1,-1,-1,-1,-1,-1,-1,-1,-1,-1
45600010,Giant Crow,0,0,[0|0|0],456000,456000,8,20,0,0,0,0,-1,5,8,5,20,3002,0.1,0,0,30,0,0,0,0,150,30,20,3,7,50,10,30,0,0,100,100,60,80,1,0,0,0,0,0,0,1,128,0,0,0,1,1,1,0,0,0,0,0,0,[0|0|0],5,35,0,2,0,0,0,0,0,246,16544,16384,0,4,0,3,2,-1,0,0,1,2,0,0,2,0,5,-1,0,2,0,0,[0|0|0|0],-1,-1,-1,-1,-1,-1,-1,-1,-1,-1,-1,-1,-1
45600030,Giant Crow,0,0,[0|0|0],456000,456000,8,20,0,0,0,0,-1,5,8,5,20,3002,0.1,0,0,30,0,1,0,0,150,30,20,3,7,50,10,30,0,0,100,100,60,80,1,0,0,0,0,0,0,1,128,0,0,0,1,1,1,0,0,0,0,0,0,[0|0|0],5,35,0,2,0,0,0,0,0,246,16544,16384,0,4,0,3,2,-1,0,0,1,2,0,0,2,0,5,-1,0,2,0,1,[0|0|0|0],-1,-1,-1,-1,-1,-1,-1,-1,-1,-1,-1,-1,-1
45600040,Giant Crow,0,0,[0|0|0],456000,456000,8,20,0,0,0,0,-1,5,8,5,20,3002,0.1,0,0,30,0,0,0,0,150,60,50,3,7,50,10,30,0,0,100,80,60,80,1,0,0,0,0,0,0,1,128,0,0,0,1,1,1,0,0,0,0,0,0,[0|0|0],5,35,0,2,0,0,0,0,0,246,16544,16384,0,4,0,3,2,-1,0,0,1,2,0,0,2,0,5,-1,0,2,0,0,[0|0|0|0],-1,-1,-1,-1,-1,-1,-1,-1,-1,-1,-1,-1,-1
45600050,,0,0,[0|0|0],456000,456000,8,20,0,0,0,0,-1,5,8,5,20,3002,0.1,0,0,30,0,1,0,0,150,30,20,3,7,50,10,30,0,0,100,100,60,80,1,0,0,0,0,0,0,1,128,0,0,0,1,1,1,0,0,0,0,0,0,[0|0|0],5,35,0,2,0,0,0,0,0,246,16544,16384,0,4,0,3,2,-1,0,0,1,2,0,0,2,0,5,-1,0,2,0,1,[0|0|0|0],-1,-1,-1,-1,-1,-1,-1,-1,-1,-1,-1,-1,-1
45600800,Giant Crow,0,0,[0|0|0],456000,456000,8,20,0,0,0,0,-1,5,8,5,20,3002,0.1,0,0,30,0,0,0,99,150,30,20,3,7,50,10,30,0,0,100,100,60,80,1,0,0,0,0,0,0,1,128,0,0,0,1,1,1,0,0,0,0,0,0,[0|0|0],5,35,0,2,0,0,0,0,0,246,16544,16384,0,4,0,3,2,-1,0,0,1,2,0,0,2,0,5,-1,0,2,0,0,[0|0|0|0],-1,-1,-1,-1,-1,-1,-1,-1,-1,-1,-1,-1,-1
45609990,Giant Crow (ADDED),0,0,[0|0|0],456000,456000,10,20,0,0,0,0,-1,5,8,5,20,3002,0.1,0,0,30,0,0,0,0,200,150,20,3,7,50,10,30,0,0,100,80,60,80,1,0,0,0,0,0,0,1,128,0,0,0,0,1,1,0,0,0,0,0,0,[0|0|0],5,35,0,2,0,0,0,0,0,0,0,0,0,4,0,3,2,-1,0,0,1,2,0,0,2,0,5,-1,0,2,0,0,[0|0|0|0],-1,-1,-1,-1,-1,-1,-1,-1,-1,-1,-1,-1,-1
45610000,,0,0,[0|0|0],456000,456000,8,20,0,0,0,0,-1,5,8,5,20,3002,0.1,0,0,30,0,0,0,0,150,30,20,3,7,50,10,30,0,0,100,100,60,80,1,0,0,0,0,0,0,1,128,0,0,0,1,1,1,0,0,0,0,0,0,[0|0|0],5,35,0,2,0,0,0,0,0,0,16544,16384,0,4,0,3,2,-1,0,0,1,2,0,0,2,0,5,-1,0,2,0,0,[0|0|0|0],-1,-1,-1,-1,-1,-1,-1,-1,-1,-1,-1,-1,-1
45610010,,0,0,[0|0|0],456000,456000,8,20,0,0,0,0,-1,5,8,5,8,3002,0.1,0,0,30,0,1,0,0,50,30,20,3,7,50,3,30,0,0,100,100,60,80,1,0,0,0,0,0,0,1,128,0,0,0,1,1,1,0,0,0,0,0,0,[0|0|0],5,35,0,2,0,0,0,0,0,236,16544,16384,0,4,0,3,2,-1,0,0,1,2,0,0,2,0,2,-1,0,2,0,1,[0|0|0|0],-1,-1,-1,-1,-1,-1,-1,-1,-1,-1,-1,-1,-1
45800100,Giant Wormface (ADDED),0,0,[0|0|0],10000,458000,20,5,1,0,0,0,-1,5,8,5,8,3000,0.1,0,0,30,0,0,0,1,150,30,20,3,7,50,3,30,0,0,100,80,50,80,0,0,0,0,0,0,0,2,128,0,0,0,0,1,1,0,0,0,0,0,0,[0|0|0],5,35,0,2,5,0,0,0,0,0,0,0,0,6,1,2,2,-1,0,0,1,2,0,1,2,0,5,3011,0,2,0,0,[0|0|0|0],-1,-1,-1,-1,-1,-1,-1,-1,-1,-1,-1,-1,-1
46000010,Troll,1,0,[0|0|0],460000,460000,0,4,1,0,0,0,-1,5,8,0,5,3003,0.1,0,0,30,0,1,0,0,50,30,20,3,7,50,3,30,0,0,100,0,40,60,0,0,0,0,0,0,0,1,128,0,0,0,0,1,1,0,0,0,0,0,0,[0|0|0],5,35,0,2,0,0,0,0,0,0,16544,16384,0,3,1,2,1,-1,0,0,1,1,0,1,1,0,5,-1,0,2,0,1,[0|0|0|0],-1,-1,-1,-1,-1,-1,-1,-1,-1,-1,-1,-1,-1
46000041,Troll (ADDED),0,0,[0|0|0],460000,460000,0,4,1,0,0,0,-1,5,8,5,45,3003,0.1,0,0,30,0,0,0,0,150,30,20,3,7,50,3,30,0,0,100,80,80,75,0,0,0,0,0,0,0,1,128,0,0,0,0,1,1,0,0,0,0,0,0,[0|0|0],5,35,0,2,0,0,0,0,0,0,0,0,0,3,1,1,1,-1,0,0,1,1,0,1,1,0,30,-1,0,2,0,0,[0|0|0|0],-1,-1,-1,-1,-1,-1,-1,-1,-1,-1,-1,-1,-1
46010900,Troll Knight (ADDED),0,0,[0|0|0],460000,460100,5,5,1,0,0,0,-1,5,8,0,8,3003,0.1,0,0,30,0,0,0,0,9999,9999,9999,3,7,50,3,30,0,0,100,80,35,60,1,0,0,0,0,0,0,15,128,0,0,0,0,1,1,0,0,0,0,0,0,[0|0|0],5,35,0,2,0,0,0,0,0,0,0,0,0,3,1,2,16,-1,0,0,15,2,0,1,2,0,5,20030,0,2,0,0,[0|0|0|0],-1,-1,-1,-1,-1,-1,-1,-1,-1,-1,-1,-1,-1
46020050,Troll Knight (ADDED),0,0,[0|0|0],460000,460200,0,5,1,0,0,0,-1,5,8,5,20,3003,0.1,0,0,30,0,0,0,0,50,15,15,3,7,50,3,30,0,0,100,80,35,60,0,0,0,0,0,0,0,1,128,0,0,0,0,1,1,0,0,0,0,0,0,[0|0|0],5,35,0,2,0,0,0,0,0,0,0,0,0,3,1,1,1,-1,0,0,1,1,0,1,0,0,5,-1,0,2,0,0,[0|0|0|0],-1,-1,-1,-1,-1,-1,-1,-1,-1,-1,-1,-1,-1
46030100,Stonedigger Troll (ADDED),0,0,[0|0|0],460000,460300,5,5,1,0,0,0,-1,5,8,0,20,3003,0.1,0,0,30,0,0,0,0,150,30,20,3,7,50,3,30,0,0,100,80,35,60,0,0,0,0,0,0,0,1,128,0,0,0,0,1,1,0,0,0,0,0,0,[0|0|0],5,35,0,2,0,0,0,0,0,0,0,0,0,3,1,2,2,-1,0,0,1,2,0,1,2,0,5,20030,0,2,0,0,[0|0|0|0],-1,-1,-1,-1,-1,-1,-1,-1,-1,-1,-1,-1,-1
46030200,Stonedigger Troll (ADDED),0,0,[0|0|0],460000,460300,5,5,1,0,0,0,-1,5,8,0,20,3003,0.1,0,0,30,0,0,0,0,150,30,20,3,7,50,3,30,0,0,100,80,35,180,0,0,0,0,0,0,0,1,128,0,0,0,0,1,1,0,0,0,0,0,0,[0|0|0],5,35,0,2,0,0,0,0,0,0,0,0,0,3,1,2,2,-1,0,0,1,2,0,1,2,0,5,20030,0,2,0,0,[0|0|0|0],-1,-1,-1,-1,-1,-1,-1,-1,-1,-1,-1,-1,-1
46200000,Astel- Naturalborn of the Void,0,0,[0|0|0],10000,462000,30,20,1,0,0,0,-1,5,8,0,60,3004,0.1,0,0,30,0,1,0,8,9999,9999,9999,3,7,50,0.1,30,0,0,100,100,40,140,1,0,0,0,0,0,0,0,128,0,0,0,0,1,1,0,0,0,0,0,0,[0|0|0],5,35,0,2,0,0,0,0,0,0,16544,16384,0,10,1,3,2,-1,0,0,0,2,0,1,2,0,10,-1,0,0,0,1,[0|0|0|0],-1,-1,-1,-1,-1,-1,-1,-1,-1,-1,-1,-1,-1
46200100,Astel- Naturalborn of the Void (ADDED),0,0,[0|0|0],10000,462000,30,20,1,0,0,0,-1,5,8,5,8,3004,0.1,0,0,30,0,0,0,9999,9999,9999,9999,3,7,50,3,30,0,0,100,0,90,180,1,0,0,0,0,0,0,0,128,0,0,0,0,1,1,0,0,0,0,0,0,[0|0|0],5,35,0,2,0,0,0,0,0,0,0,0,0,10,1,3,2,-1,0,0,0,2,0,1,2,0,5,-1,0,0,0,1,[0|0|0|0],-1,-1,-1,-1,-1,-1,-1,-1,-1,-1,-1,-1,-1
46200200,Astel- Naturalborn of the Void (ADDED),0,0,[0|0|0],10000,462000,30,20,1,0,0,0,-1,5,8,5,60,3004,0.1,0,0,30,0,0,0,8,9999,9999,9999,3,7,50,0.1,30,0,0,100,0,40,140,1,0,0,0,0,0,0,0,128,0,0,0,0,1,1,0,0,0,0,0,0,[0|0|0],5,35,0,2,0,0,0,0,0,0,0,0,0,10,1,3,2,-1,0,0,0,2,0,1,2,0,10,-1,0,0,0,1,[0|0|0|0],-1,-1,-1,-1,-1,-1,-1,-1,-1,-1,-1,-1,-1
46201000,Astel- Naturalborn of the Void (ADDED),0,0,[0|0|0],10000,462010,30,20,1,0,0,0,-1,5,5,5,5,3001,0.1,0,0,30,0,0,0,8,9999,9999,9999,3,7,50,0.1,30,0,0,100,0,40,140,1,0,0,0,0,0,0,0,128,0,1,0,0,1,1,0,0,0,0,0,0,[0|0|0],5,35,0,2,0,0,0,0,0,0,0,0,0,10,1,3,0,-1,0,0,0,0,0,1,0,0,0.1,-1,0,0,0,1,[0|0|0|0],-1,-1,-1,-1,-1,-1,-1,-1,-1,-1,-1,-1,-1
46201100,Astel- Naturalborn of the Void (ADDED),0,0,[0|0|0],10000,462010,30,20,1,0,0,0,-1,5,5,5,5,3001,0.1,0,0,30,0,0,0,8,9999,9999,9999,3,7,50,0.1,30,0,0,100,0,40,180,1,0,0,0,0,0,0,0,128,0,1,0,0,1,1,0,0,0,0,0,0,[0|0|0],5,35,0,2,0,0,0,0,0,0,0,0,0,10,1,3,0,-1,0,0,0,0,0,1,0,0,0.1,-1,0,0,0,1,[0|0|0|0],-1,-1,-1,-1,-1,-1,-1,-1,-1,-1,-1,-1,-1
46201200,Astel- Naturalborn of the Void (ADDED),0,0,[0|0|0],10000,462010,30,20,1,0,0,0,-1,5,5,5,5,3001,0.1,0,0,30,0,0,0,8,9999,9999,9999,3,7,50,0.1,30,0,0,100,0,40,140,1,0,0,0,0,0,0,0,128,0,1,0,0,1,1,0,0,0,0,0,0,[0|0|0],5,35,0,2,0,0,0,0,0,0,0,0,0,10,1,3,0,-1,0,0,0,0,0,1,0,0,0.1,-1,0,0,0,1,[0|0|0|0],-1,-1,-1,-1,-1,-1,-1,-1,-1,-1,-1,-1,-1
46201500,Astel- Naturalborn of the Void (ADDED),0,0,[0|0|0],10000,462010,30,20,1,0,0,0,-1,5,5,5,5,3001,0.1,0,0,30,0,0,0,8,9999,9999,9999,3,7,50,0.1,30,0,0,100,0,90,180,1,0,0,0,0,0,0,0,128,0,1,0,0,1,1,0,0,0,0,0,0,[0|0|0],5,35,0,2,0,0,0,0,0,0,0,0,0,10,1,3,0,-1,0,0,0,0,0,1,0,0,0.1,-1,0,0,0,1,[0|0|0|0],-1,-1,-1,-1,-1,-1,-1,-1,-1,-1,-1,-1,-1
46201600,Astel- Naturalborn of the Void,0,0,[0|0|0],10000,462010,30,20,1,0,0,0,-1,5,5,0,0.1,3001,0.1,0,0,30,0,1,0,8,9999,9999,9999,3,7,50,0.1,30,0,0,100,0,75,140,1,0,0,0,0,0,0,0,128,0,1,0,0,1,1,0,0,0,0,0,0,[0|0|0],5,35,0,2,0,0,0,0,0,0,16544,16384,0,10,1,3,0,-1,0,0,0,0,0,1,0,0,0.1,-1,0,0,0,1,[0|0|0|0],-1,-1,-1,-1,-1,-1,-1,-1,-1,-1,-1,-1,-1
46209000,Astel- Naturalborn of the Void (ADDED),0,0,[0|0|0],10000,462000,30,20,1,0,0,0,-1,5,8,5,60,3004,0.1,0,0,30,0,0,0,8,9999,9999,9999,3,7,50,0.1,30,0,0,100,0,40,140,1,0,0,0,0,0,0,0,128,0,0,0,0,1,1,0,0,0,0,0,0,[0|0|0],5,35,0,2,0,0,0,0,0,0,0,0,0,10,1,3,2,-1,0,0,0,2,0,1,2,0,10,-1,0,0,0,1,[0|0|0|0],462000,462010,462020,462030,-1,-1,-1,-1,-1,-1,-1,-1,-1
46209100,Astel- Naturalborn of the Void (ADDED),0,0,[0|0|0],10000,462000,30,20,1,0,0,0,-1,5,8,5,60,3004,0.1,0,0,30,0,0,0,8,9999,9999,9999,3,7,50,0.1,30,0,0,100,0,40,140,1,0,0,0,0,0,0,0,128,0,0,0,0,1,1,0,0,0,0,0,0,[0|0|0],5,35,0,2,0,0,0,0,0,0,0,0,0,10,1,3,2,-1,0,0,0,2,0,1,2,0,10,-1,0,0,0,1,[0|0|0|0],462000,-1,-1,-1,-1,-1,-1,-1,-1,-1,-1,-1,-1
46209200,Astel- Naturalborn of the Void (ADDED),0,0,[0|0|0],10000,462000,30,20,1,0,0,0,-1,5,8,5,60,3004,0.1,0,0,30,0,0,0,8,9999,9999,9999,3,7,50,0.1,30,0,0,100,0,40,140,1,0,0,0,0,0,0,0,128,0,0,0,0,1,1,0,0,0,0,0,0,[0|0|0],5,35,0,2,0,0,0,0,0,0,0,0,0,10,1,3,2,-1,0,0,0,2,0,1,2,0,10,-1,0,0,0,1,[0|0|0|0],-1,462010,-1,-1,-1,-1,-1,-1,-1,-1,-1,-1,-1
46209300,Astel- Naturalborn of the Void (ADDED),0,0,[0|0|0],10000,462000,30,20,1,0,0,0,-1,5,8,5,60,3004,0.1,0,0,30,0,0,0,8,9999,9999,9999,3,7,50,0.1,30,0,0,100,0,40,140,1,0,0,0,0,0,0,0,128,0,0,0,0,1,1,0,0,0,0,0,0,[0|0|0],5,35,0,2,0,0,0,0,0,0,0,0,0,10,1,3,2,-1,0,0,0,2,0,1,2,0,10,-1,0,0,0,1,[0|0|0|0],-1,-1,462020,-1,-1,-1,-1,-1,-1,-1,-1,-1,-1
46300000,Runebear,0,0,[0|0|0],10000,463000,15,20,1,0,0,0,-1,2,2,5,4,3001,0.1,0,0,17,0,0,0,8,150,30,20,3,7,50,3,30,0,0,100,100,40,60,1,0,0,0,0,0,0,1,128,0,0,0,1,1,1,0,0,0,0,0,0,[0|0|0],5,35,0,2,0,0,0,0,0,236,16544,16384,0,2,1,2,2,-1,0,0,1,2,1,1,2,0,2,3007,0,2,1,0,[0|0|0|0],463000,-1,-1,-1,-1,-1,-1,-1,-1,-1,-1,-1,-1
46300005,Runebear (MMV),0,0,[0|0|0],10000,463000,15,20,1,0,0,0,-1,2,2,5,4,3001,0.1,0,0,17,0,0,0,0,150,30,20,3,7,50,3,30,0,0,100,100,40,60,1,0,0,0,0,0,0,1,128,0,0,0,1,1,1,0,0,0,0,0,0,[0|0|0],5,35,0,2,0,0,0,0,0,236,16544,16384,0,2,1,2,2,-1,0,0,1,2,1,1,2,0,2,3007,0,2,1,0,[0|0|0|0],463000,-1,-1,-1,-1,-1,-1,-1,-1,-1,-1,-1,-1
46300010,Runebear,0,0,[0|0|0],10000,463000,15,20,1,0,0,0,-1,2,2,5,4,3001,0.1,0,0,17,0,1,0,8,55,40,20,3,7,50,3,30,0,0,100,100,40,60,1,0,0,0,0,0,0,1,128,0,0,0,0,1,1,0,0,0,0,0,0,[0|0|0],5,35,0,2,0,0,0,0,0,236,16544,16384,0,2,1,2,2,-1,0,0,1,2,1,1,2,0,2,3007,0,2,1,1,[0|0|0|0],463000,-1,-1,-1,-1,-1,-1,-1,-1,-1,-1,-1,-1
46300020,Runebear,0,0,[0|0|0],10000,463000,15,20,1,0,0,0,-1,2,2,5,4,3001,0.1,0,0,17,0,1,0,8,55,40,20,3,7,50,3,30,0,0,100,100,40,60,1,0,0,0,0,0,0,1,128,0,0,0,0,1,1,0,0,0,0,0,0,[0|0|0],5,35,0,2,0,0,0,0,0,236,16544,16384,0,2,1,2,2,-1,0,0,1,2,1,1,2,0,2,3007,0,2,1,1,[0|0|0|0],463000,-1,-1,-1,-1,-1,-1,-1,-1,-1,-1,-1,-1
46300030,,0,0,[0|0|0],10000,463000,15,20,1,0,0,0,-1,2,2,0,4,3001,0.1,0,0,17,0,1,0,200,85,85,20,3,7,50,3,30,0,0,100,100,40,60,1,0,0,0,0,0,0,1,128,0,0,0,1,1,1,0,0,0,0,0,0,[0|0|0],5,35,0,2,0,0,0,0,0,236,16544,16384,0,2,1,2,2,-1,0,0,1,2,1,1,2,0,2,3007,0,2,1,1,[0|0|0|0],463000,-1,-1,-1,-1,-1,-1,-1,-1,-1,-1,-1,-1
46300040,,0,0,[0|0|0],10000,463000,15,20,1,0,0,0,-1,2,2,5,4,3001,0.1,0,0,17,0,1,0,8,70,55,20,3,7,50,3,30,0,0,100,100,40,60,1,0,0,0,0,0,0,1,128,0,0,0,1,1,1,0,0,0,0,0,0,[0|0|0],5,35,0,2,0,0,0,0,0,236,16544,16384,0,2,1,2,2,-1,0,0,1,2,1,1,2,0,2,3007,0,2,1,1,[0|0|0|0],463000,-1,-1,-1,-1,-1,-1,-1,-1,-1,-1,-1,-1
46300050,,0,0,[0|0|0],10000,463000,15,20,1,0,0,0,-1,2,2,5,4,3001,0.1,0,0,17,0,1,0,8,41,36,20,3,7,50,3,30,0,0,100,100,40,60,1,0,0,0,0,0,0,1,128,0,0,0,0,1,1,0,0,0,0,0,0,[0|0|0],5,35,0,2,0,0,0,0,0,236,16544,16384,0,2,1,2,2,-1,0,0,1,2,1,1,2,0,2,3007,0,2,1,1,[0|0|0|0],463000,-1,-1,-1,-1,-1,-1,-1,-1,-1,-1,-1,-1
46300052,Runebear (ADDED),0,0,[0|0|0],10000,463000,15,20,1,0,0,0,-1,2,2,5,4,3001,0.1,0,0,17,0,0,0,8,75,30,20,3,7,50,3,30,0,0,100,0,40,60,1,0,0,0,0,0,0,1,128,0,0,0,0,1,1,0,0,0,0,0,0,[0|0|0],5,35,0,2,0,0,0,0,0,0,0,0,0,2,1,2,2,-1,0,0,1,2,1,1,2,0,2,3007,0,2,1,0,[0|0|0|0],463000,-1,-1,-1,-1,-1,-1,-1,-1,-1,-1,-1,-1
46400000,Ulcerated Tree Spirit,0,0,[0|0|0],10000,464000,0,0,1,0,0,0,-1,5,8,5,8,3001,0.1,-1,-1,30,0,1,0,0,150,30,20,3,7,50,3,30,0,0,100,100,40,45,1,0,5,15,0,0,0,1,128,0,0,0,0,1,1,0,0,0,0,0,0,[0|0|0],10,35,0,2,0,0,0,0,0,0,16544,16384,0,3,3,3,2,-1,0,0,1,2,0,1,2,0,5,-1,0,0,0,1,[0|0|0|0],-1,-1,-1,-1,-1,-1,-1,-1,-1,-1,-1,-1,-1
46400005,Ulcerated Tree Spirit (MMV),0,0,[0|0|0],10000,464000,0,0,1,0,0,0,-1,5,8,5,8,3001,0.1,-1,-1,30,0,1,0,0,150,30,20,3,7,50,3,30,0,0,100,100,40,45,1,0,5,15,0,0,0,1,128,0,0,0,0,1,1,0,0,0,0,0,0,[0|0|0],10,35,0,2,0,0,0,0,0,0,16544,16384,0,3,3,3,2,-1,0,0,1,2,0,1,2,0,5,-1,0,0,0,1,[0|0|0|0],-1,-1,-1,-1,-1,-1,-1,-1,-1,-1,-1,-1,-1
46400007,Ulcerated Tree Spirit (ADDED),0,0,[0|0|0],10000,464000,0,0,1,0,0,0,-1,5,8,0,8,3001,0.1,-1,-1,30,0,0,0,0,9999,9999,9999,3,7,50,3,30,0,0,100,100,40,180,1,0,5,15,0,0,0,1,128,0,0,0,0,1,1,0,0,0,0,0,0,[0|0|0],10,35,0,2,0,0,0,0,0,0,0,0,0,3,3,3,2,-1,0,0,1,2,0,1,2,0,5,-1,0,0,0,1,[0|0|0|0],-1,-1,-1,-1,-1,-1,-1,-1,-1,-1,-1,-1,-1
46400010,Ulcerated Tree Spirit,0,0,[0|0|0],10000,464000,0,0,1,0,0,0,-1,5,8,0,8,3001,0.1,-1,-1,30,0,1,0,200,200,85,20,3,7,50,3,30,0,0,100,100,40,45,1,0,5,15,0,0,0,1,128,0,0,0,0,1,1,0,0,0,0,0,0,[0|0|0],5,35,0,2,0,0,0,0,0,0,16544,16384,0,3,3,0,2,-1,0,0,1,2,0,1,2,0,5,-1,0,0,0,1,[0|0|0|0],-1,-1,-1,-1,-1,-1,-1,-1,-1,-1,-1,-1,-1
46400020,Ulcerated Tree Spirit,0,0,[0|0|0],10000,464000,0,0,1,0,0,0,-1,2,2,0,8,3001,0.1,-1,-1,30,0,1,0,0,90,70,20,3,7,50,3,30,0,0,100,100,40,45,1,0,5,15,0,0,0,1,128,0,0,0,0,1,1,0,0,0,0,0,0,[0|0|0],5,35,0,2,0,0,0,0,0,236,16544,16384,0,3,3,2,2,-1,0,0,1,2,0,1,2,0,2,3004,0,0,0,1,[0|0|0|0],-1,-1,-1,-1,-1,-1,-1,-1,-1,-1,-1,-1,-1
46400030,,0,0,[0|0|0],10000,464000,0,0,1,0,0,0,-1,5,8,0,8,3001,0.1,-1,-1,30,0,1,0,0,150,30,20,3,7,50,3,30,0,0,100,100,40,45,1,0,5,15,0,0,0,1,128,0,0,0,0,1,1,0,0,0,0,0,0,[0|0|0],10,35,0,2,0,0,0,0,0,0,16544,16384,0,3,3,3,2,-1,0,0,1,2,0,1,2,0,5,-1,0,0,0,1,[0|0|0|0],-1,-1,-1,-1,-1,-1,-1,-1,-1,-1,-1,-1,-1
46400032,Ulcerated Tree Spirit (ADDED),0,0,[0|0|0],10000,464000,0,0,1,0,0,0,-1,5,8,0,8,3001,0.1,-1,-1,30,0,0,0,0,150,30,20,3,7,50,3,30,0,0,100,100,40,45,1,0,5,15,0,0,0,1,128,0,0,0,0,1,1,0,0,0,0,0,0,[0|0|0],10,35,0,2,0,0,0,0,0,0,0,0,0,3,3,0,2,-1,0,0,1,2,0,1,2,0,5,-1,0,0,0,1,[0|0|0|0],-1,-1,-1,-1,-1,-1,-1,-1,-1,-1,-1,-1,-1
46400033,Ulcerated Tree Spirit (ADDED),0,0,[0|0|0],10000,464000,0,0,1,0,0,0,-1,5,8,0,20,3001,0.1,-1,-1,30,0,0,0,0,150,30,20,3,7,50,5,30,0,0,100,100,40,45,1,0,5,15,0,0,0,1,128,0,0,0,0,1,1,0,0,0,0,0,0,[0|0|0],10,35,0,2,0,0,0,0,0,0,0,0,0,3,3,3,2,-1,0,0,1,2,0,1,2,0,5,-1,0,0,0,1,[0|0|0|0],-1,-1,-1,-1,-1,-1,-1,-1,-1,-1,-1,-1,-1
46400040,,0,0,[0|0|0],10000,464000,0,0,1,0,0,0,-1,5,8,5,8,3001,0.1,-1,-1,30,0,1,0,0,80,50,50,3,7,50,3,30,0,0,100,100,40,180,1,0,5,15,0,0,0,1,128,0,0,0,0,1,1,0,0,0,0,0,0,[0|0|0],10,35,0,2,0,0,0,0,0,0,16544,16384,0,3,3,0,2,-1,0,0,1,2,0,1,2,0,2,-1,0,0,0,1,[0|0|0|0],-1,-1,-1,-1,-1,-1,-1,-1,-1,-1,-1,-1,-1
46400056,Ulcerated Tree Spirit (ADDED),0,0,[0|0|0],10000,464000,0,0,1,0,0,0,-1,5,8,0,8,3001,0.1,-1,-1,30,0,0,0,0,150,30,20,3,7,50,3,30,0,0,100,100,40,45,1,0,5,15,0,0,0,1,128,0,0,0,0,1,1,0,0,0,0,0,0,[0|0|0],10,35,0,2,0,0,0,0,0,0,0,0,0,3,3,0,2,-1,0,0,1,2,0,1,2,0,5,-1,0,0,0,1,[0|0|0|0],-1,-1,-1,-1,-1,-1,-1,-1,-1,-1,-1,-1,-1
46400062,Ulcerated Tree Spirit (ADDED),0,0,[0|0|0],10000,464000,0,0,1,0,0,0,-1,5,8,0,8,3001,0.1,-1,-1,30,0,0,0,0,150,80,80,3,7,50,3,30,0,0,100,100,40,45,1,0,5,15,0,0,0,1,128,0,0,0,0,1,1,0,0,0,0,0,0,[0|0|0],10,35,0,2,0,0,0,0,0,0,0,0,0,3,3,3,2,-1,0,0,1,2,0,1,2,0,5,-1,0,0,0,1,[0|0|0|0],-1,-1,-1,-1,-1,-1,-1,-1,-1,-1,-1,-1,-1
46400100,Ulcerated Tree Spirit (ADDED),0,0,[0|0|0],10000,464000,0,0,1,0,0,0,-1,5,8,0,8,3001,0.1,-1,-1,30,0,0,0,0,150,30,20,3,7,50,3,30,0,0,100,100,40,45,1,0,5,15,0,0,0,1,128,0,0,0,0,1,1,0,0,0,0,0,0,[0|0|0],10,35,0,2,0,0,0,0,0,0,0,0,0,3,3,0,2,-1,0,0,1,2,0,1,2,0,5,-1,0,0,0,1,[0|0|0|0],-1,-1,-1,-1,-1,-1,-1,-1,-1,-1,-1,-1,-1
46400700,Ulcerated Tree Spirit,0,0,[0|0|0],10000,464000,0,0,1,0,0,0,-1,5,8,0,8,3001,0.1,-1,-1,30,0,1,0,200,150,50,50,3,7,50,3,30,0,0,100,100,40,45,1,0,5,15,0,0,0,1,128,0,0,0,0,1,1,0,0,0,0,0,0,[0|0|0],10,35,0,2,0,0,0,0,0,0,16544,16384,0,3,3,0,2,-1,0,0,1,2,0,1,2,0,5,-1,0,0,0,1,[0|0|0|0],-1,-1,-1,-1,-1,-1,-1,-1,-1,-1,-1,-1,-1
46400800,Ulcerated Tree Spirit (ADDED),0,0,[0|0|0],10000,464000,0,0,1,0,0,0,-1,5,8,0,8,3001,0.1,-1,-1,30,0,0,0,50,150,30,20,3,7,50,3,30,0,0,100,100,40,180,1,0,5,15,0,0,0,1,128,0,0,0,0,1,1,0,0,0,0,0,0,[0|0|0],10,35,0,2,0,0,0,0,0,0,0,0,0,3,3,3,2,-1,0,0,1,2,0,1,2,0,5,-1,0,0,0,1,[0|0|0|0],-1,-1,-1,-1,-1,-1,-1,-1,-1,-1,-1,-1,-1
46400842,Ulcerated Tree Spirit (ADDED),0,0,[0|0|0],10000,464000,0,0,1,0,0,0,-1,5,8,0,8,3001,0.1,-1,-1,30,0,0,0,50,150,30,20,3,7,50,3,30,0,0,100,100,40,180,1,0,5,15,0,0,0,1,128,0,0,0,0,1,1,0,0,0,0,0,0,[0|0|0],10,35,0,2,0,0,0,0,0,0,0,0,0,3,3,3,2,-1,0,0,1,2,0,1,2,0,5,-1,0,0,0,1,[0|0|0|0],-1,-1,-1,-1,-1,-1,-1,-1,-1,-1,-1,-1,-1
46400900,Ulcerated Tree Spirit (ADDED),0,0,[0|0|0],10000,464000,0,0,1,0,0,0,-1,5,8,0,8,3001,0.1,-1,-1,30,0,0,0,0,150,30,20,3,7,50,3,30,0,0,100,100,40,45,1,0,5,15,0,0,0,1,128,0,0,0,0,1,1,0,0,0,0,0,0,[0|0|0],10,35,0,2,0,0,0,0,0,0,0,0,0,3,3,3,2,-1,0,0,1,2,0,1,2,0,5,-1,0,0,0,1,[0|0|0|0],-1,-1,-1,-1,-1,-1,-1,-1,-1,-1,-1,-1,-1
46500000,Dragonkin Soldier,0,0,[0|0|0],10000,465000,5,3,1,0,0,0,-1,5,8,0,20,3000,0.1,-1,-1,30,0,1,0,5,150,30,20,3,7,50,10,30,0,0,100,100,40,105,0,0,5,15,0,0,0,14,128,0,0,0,0,1,1,0,0,0,0,0,0,[0|0|0],5,35,0,2,0,0,0,0,0,0,16544,16384,0,6,1,2,16,-1,0,0,15,2,0,0,2,0,10,20030,0,2,0,1,[0|0|0|0],-1,-1,-1,-1,-1,-1,-1,-1,-1,-1,-1,-1,-1
46500005,Dragonkin Soldier (MMV),0,0,[0|0|0],10000,465000,5,3,1,0,0,0,-1,5,8,0,20,3000,0.1,-1,-1,30,0,1,0,0,150,30,20,3,7,50,10,30,0,0,100,100,40,105,0,0,5,15,0,0,0,14,128,0,0,0,0,1,1,0,0,0,0,0,0,[0|0|0],5,35,0,2,0,0,0,0,0,0,16544,16384,0,6,1,2,16,-1,0,0,15,2,0,0,2,0,10,20030,0,2,0,1,[0|0|0|0],-1,-1,-1,-1,-1,-1,-1,-1,-1,-1,-1,-1,-1
46500010,Dragonkin Soldier,0,0,[0|0|0],10000,465000,5,3,1,0,0,0,-1,5,8,0,20,3000,0.1,-1,-1,30,0,1,0,200,200,85,20,3,7,50,10,30,0,0,100,100,40,105,0,0,5,15,0,0,0,14,128,0,0,0,0,1,1,0,0,0,0,0,0,[0|0|0],5,35,0,2,0,0,0,0,0,0,16544,16384,0,6,1,0,16,-1,0,0,15,2,0,0,2,0,10,-1,0,2,0,1,[0|0|0|0],-1,-1,-1,-1,-1,-1,-1,-1,-1,-1,-1,-1,-1
46500020,,0,0,[0|0|0],10000,465000,5,3,1,0,0,0,-1,5,8,5,8,3000,0.1,-1,-1,30,0,1,0,0,80,50,50,3,7,50,3,30,0,0,100,100,40,180,0,0,5,15,0,0,0,14,128,0,0,0,0,1,1,0,0,0,0,0,0,[0|0|0],5,35,0,2,0,0,0,0,0,0,16544,16384,0,6,1,0,16,-1,0,0,15,2,0,0,2,0,2,20030,0,2,0,1,[0|0|0|0],-1,-1,-1,-1,-1,-1,-1,-1,-1,-1,-1,-1,-1
46500100,Dragonkin Soldier (ADDED),0,0,[0|0|0],10000,465000,20,20,1,0,0,0,-1,5,8,0,8,3000,0.1,-1,-1,30,0,0,0,200,9999,9999,9999,3,7,50,3,30,0,0,100,0,45,90,0,0,5,15,0,0,0,14,128,0,0,0,0,1,1,0,0,0,0,0,0,[0|0|0],5,35,0,2,0,0,0,0,0,0,0,0,0,0,1,3,16,-1,0,0,15,2,0,0,2,0,5,-1,0,2,0,1,[0|0|0|0],-1,-1,-1,-1,-1,-1,-1,-1,-1,-1,-1,-1,-1
46500200,Dragonkin Soldier,0,0,[0|0|0],10000,465010,5,3,1,0,0,0,-1,5,8,0,20,3000,0.1,-1,-1,30,0,1,0,5,150,100,100,3,7,50,10,30,0,0,100,100,40,105,0,0,5,15,0,0,0,14,128,0,0,0,0,1,1,0,0,0,0,0,0,[0|0|0],5,35,0,2,0,0,0,0,0,0,16544,16384,0,6,1,2,16,-1,0,0,15,2,0,0,2,0,10,20030,0,2,0,1,[0|0|0|0],-1,-1,-1,-1,-1,-1,-1,-1,-1,-1,-1,-1,-1
46500210,Dragonkin Soldier,0,0,[0|0|0],10000,465010,5,3,1,0,0,0,-1,5,8,0,10,3000,0.1,-1,-1,30,0,1,0,0,90,60,50,3,7,50,4,30,0,0,100,100,40,105,1,0,5,15,0,0,0,14,128,0,0,0,0,1,1,0,0,0,0,0,0,[0|0|0],5,35,0,2,0,0,0,0,0,0,16544,16384,0,6,1,2,16,-1,0,0,15,2,0,0,2,0,10,3000,0,2,0,1,[0|0|0|0],-1,-1,-1,-1,-1,-1,-1,-1,-1,-1,-1,-1,-1
46500265,Dragonkin Soldier (ADDED),0,0,[0|0|0],10000,465010,5,3,1,0,0,0,-1,5,8,0,20,3000,0.1,-1,-1,30,0,0,0,5,100,80,80,3,7,50,10,30,0,0,100,0,40,105,0,0,5,15,0,0,0,14,128,0,0,0,0,1,1,0,0,0,0,0,0,[0|0|0],5,35,0,2,0,0,0,0,0,0,0,0,0,6,1,3,16,-1,0,0,15,2,0,0,2,0,10,-1,0,2,0,1,[0|0|0|0],-1,-1,-1,-1,-1,-1,-1,-1,-1,-1,-1,-1,-1
46500300,Dragonkin Soldier (ADDED),0,0,[0|0|0],465020,465020,0,0,1,0,0,0,-1,5,8,0,10,3000,0.1,-1,-1,30,0,0,0,50,100,100,100,3,7,50,10,20,0,0,100,0,180,180,0,0,5,15,0,0,0,14,128,0,0,0,0,1,1,0,0,0,0,0,0,[0|0|0],5,35,0,2,0,0,0,0,0,0,0,0,0,6,1,3,16,-1,0,0,15,2,0,0,2,0,10,-1,0,2,0,1,[0|0|0|0],-1,-1,-1,-1,-1,-1,-1,-1,-1,-1,-1,-1,-1
46500310,Dragonkin Soldier (ADDED),0,0,[0|0|0],465020,465020,0,0,1,0,0,0,-1,5,8,0,10,3000,0.1,-1,-1,30,0,0,0,35,100,100,100,3,7,50,10,20,0,0,100,0,180,180,0,0,5,15,0,0,0,14,128,0,0,0,0,1,1,0,0,0,0,0,0,[0|0|0],5,35,0,2,0,0,0,0,0,0,0,0,0,6,1,3,16,-1,0,0,15,2,0,0,2,0,10,-1,0,2,0,1,[0|0|0|0],-1,-1,-1,-1,-1,-1,-1,-1,-1,-1,-1,-1,-1
46600000,Guardian Golem,1,0,[0|0|0],10000,466000,4,0,1,1,0,0,-1,2,4,5,25,3000,0.1,0,0,30,0,0,0,0,150,30,20,3,7,50,5,30,0,0,100,100,60,55,1,0,0,0,0,0,0,1,128,0,0,0,1,1,1,0,0,0,0,0,0,[0|0|0],5,35,0,2,0,0,0,0,0,236,16544,16384,0,5,2,0,2,-1,0,0,1,2,0,1,2,0,5,-1,0,1,0,0,[0|0|0|0],-1,-1,-1,-1,-1,-1,-1,-1,12180,12181,20015,20016,-1
46600010,Guardian Golem,1,0,[0|0|0],10000,466000,4,0,1,1,0,0,-1,2,4,5,25,3000,0.1,0,0,30,0,1,0,30,50,30,20,3,7,50,5,30,0,0,100,100,60,55,1,0,0,0,0,0,0,1,128,0,0,0,1,1,1,0,0,0,0,0,0,[0|0|0],5,35,0,2,0,0,0,0,0,236,16544,16384,0,5,2,0,2,-1,0,0,1,2,0,1,2,0,5,-1,0,1,0,1,[0|0|0|0],-1,-1,-1,-1,-1,-1,-1,-1,12180,12181,20015,20016,-1
46600020,Guardian Golem,1,0,[0|0|0],10000,466000,4,0,1,1,0,0,-1,2,4,5,25,3000,0.1,0,0,30,0,1,0,0,35,30,20,3,7,50,5,30,0,0,100,100,60,55,1,0,0,0,0,0,0,1,128,0,0,0,1,1,1,0,0,0,0,0,0,[0|0|0],5,35,0,2,0,0,0,0,0,236,16544,16384,0,5,2,1,2,-1,0,0,1,2,0,1,2,0,5,-1,0,1,0,1,[0|0|0|0],-1,-1,-1,-1,-1,-1,-1,-1,12180,12181,20015,20016,-1
46600030,Guardian Golem,1,0,[0|0|0],10000,466000,4,0,1,1,0,0,-1,2,4,5,25,3000,0.1,0,0,30,0,1,0,0,150,30,20,3,7,50,5,30,0,0,100,100,60,55,1,0,0,0,0,0,0,1,128,0,0,0,1,1,1,0,0,0,0,0,0,[0|0|0],5,35,0,2,0,0,0,0,0,236,16544,16384,0,5,2,0,2,-1,0,0,1,2,0,1,2,0,5,-1,0,1,0,1,[0|0|0|0],-1,-1,-1,-1,-1,-1,-1,-1,12180,12181,20015,20016,-1
46600100,Guardian Golem (ADDED),0,0,[0|0|0],10000,466000,4,0,1,1,0,0,-1,5,8,5,25,3000,0.1,0,0,30,0,0,0,0,150,30,20,1,7,50,5,30,0,0,100,0,180,180,1,0,0,0,0,0,0,1,128,0,0,0,0,1,1,0,0,0,0,0,0,[0|0|0],5,35,0,2,0,0,0,0,0,0,0,0,0,5,2,0,2,-1,0,0,1,2,0,1,2,0,5,-1,0,1,0,0,[0|0|0|0],-1,-1,-1,-1,-1,-1,-1,-1,12180,12181,20015,20016,-1
46600200,Guardian Golem (ADDED),0,0,[0|0|0],10000,466000,10,0,1,1,0,0,-1,2,4,5,5,3000,0.1,-1,-1,30,0,0,0,0,25,20,1,3,7,50,5,30,0,0,100,0,60,55,1,0,5,15,0,0,0,1,128,0,0,0,0,1,1,0,0,0,0,0,0,[0|0|0],5,35,0,2,0,0,0,0,0,0,0,0,0,5,2,1,1,-1,0,0,1,1,0,1,1,0,5,-1,0,1,0,0,[0|0|0|0],-1,-1,-1,-1,-1,-1,-1,-1,12180,12181,20015,20016,-1
46600300,Guardian Golem (ADDED),0,0,[0|0|0],10000,466000,4,0,1,1,0,0,-1,2,4,5,25,3000,0.1,0,0,30,0,0,0,0,130,120,20,3,7,50,5,30,0,0,100,0,60,55,1,0,0,0,0,0,0,1,128,0,0,0,0,1,1,0,0,0,0,0,0,[0|0|0],5,35,0,2,0,0,0,0,0,0,0,0,0,5,2,0,2,-1,0,0,1,2,0,1,2,0,5,-1,0,1,0,0,[0|0|0|0],-1,-1,-1,-1,-1,-1,-1,-1,12180,12181,20015,20016,-1
46600301,Guardian Golem (ADDED),0,0,[0|0|0],10000,466000,4,0,1,1,0,0,-1,2,4,5,25,3000,0.1,0,0,30,0,0,0,0,105,95,20,3,7,50,5,30,0,0,100,0,60,55,1,0,0,0,0,0,0,1,128,0,0,0,0,1,1,0,0,0,0,0,0,[0|0|0],5,35,0,2,0,0,0,0,0,0,0,0,0,5,2,0,2,-1,0,0,1,2,0,1,2,0,5,-1,0,1,0,0,[0|0|0|0],-1,-1,-1,-1,-1,-1,-1,-1,12180,12181,20015,20016,-1
46600330,Guardian Golem (ADDED),0,0,[0|0|0],10000,466000,4,0,1,1,0,0,-1,2,4,5,25,3000,0.1,0,0,30,0,0,0,0,150,70,20,3,7,50,5,30,0,0,100,0,60,55,1,0,0,0,0,0,0,1,128,0,0,0,0,1,1,0,0,0,0,0,0,[0|0|0],5,35,0,2,0,0,0,0,0,0,0,0,0,5,2,0,2,-1,0,0,1,2,0,1,2,0,5,-1,0,1,0,0,[0|0|0|0],-1,-1,-1,-1,-1,-1,-1,-1,12180,12181,20015,20016,-1
46601000,Guardian Golem (ADDED),0,0,[0|0|0],10000,466000,10,0,1,1,0,0,-1,2,4,5,25,3032,0.1,0,0,30,0,0,0,0,150,30,20,3,7,50,5,30,0,0,100,0,60,55,1,0,0,0,0,0,0,1,128,0,0,0,0,1,1,0,0,0,0,0,0,[0|0|0],5,35,0,2,0,0,0,0,0,0,0,0,0,5,2,0,2,-1,0,0,1,2,0,1,2,0,5,-1,0,1,0,0,[0|0|0|0],-1,-1,-1,-1,-1,-1,-1,-1,12180,12181,20015,20016,-1
46601010,Guardian Golem,1,0,[0|0|0],10000,466000,10,0,1,1,0,0,-1,2,4,5,10,3032,0.1,0,0,30,0,1,0,0,35,10,20,3,7,50,5,30,0,0,100,100,60,90,1,0,0,0,0,0,0,1,128,0,0,0,1,1,1,0,0,0,0,0,0,[0|0|0],5,35,0,2,0,0,0,0,0,206,16544,16384,0,5,2,1,1,-1,0,0,1,1,0,1,1,0,5,-1,0,1,0,1,[0|0|0|0],-1,-1,-1,-1,-1,-1,-1,-1,12180,12181,20015,20016,-1
46601033,Guardian Golem (ADDED),0,0,[0|0|0],10000,466000,10,0,1,1,0,0,-1,2,4,5,25,3032,0.1,0,0,30,0,0,0,0,150,30,20,3,7,50,5,30,0,0,100,0,60,55,1,0,0,0,0,0,0,1,128,0,0,0,0,1,1,0,0,0,0,0,0,[0|0|0],5,35,0,2,0,0,0,0,0,0,0,0,0,5,2,0,0,-1,0,0,1,0,0,1,0,0,5,-1,0,1,0,0,[0|0|0|0],-1,-1,-1,-1,-1,-1,-1,-1,12180,12181,20015,20016,-1
46601050,Guardian Golem (ADDED),0,0,[0|0|0],10000,466000,10,0,1,1,0,0,-1,2,4,5,15,3032,0.1,0,0,30,0,0,0,0,150,30,20,3,7,50,5,30,0,0,100,0,60,55,1,0,0,0,0,0,0,1,128,0,0,0,0,1,1,0,0,0,0,0,0,[0|0|0],5,35,0,2,0,0,0,0,0,0,0,0,0,5,2,0,1,-1,0,0,1,1,0,1,1,0,5,-1,0,1,0,0,[0|0|0|0],-1,-1,-1,-1,-1,-1,-1,-1,12180,12181,20015,20016,-1
46601100,Guardian Golem (ADDED),0,0,[0|0|0],10000,466000,10,0,1,1,0,0,-1,2,4,5,25,3032,0.1,0,0,30,0,0,0,0,150,30,20,3,7,50,5,30,0,0,100,0,60,25,1,0,0,0,0,0,0,1,128,0,0,0,0,1,1,0,0,0,0,0,0,[0|0|0],5,35,0,2,0,0,0,0,0,0,0,0,0,5,2,2,2,-1,0,0,1,2,0,1,2,0,5,-1,0,1,0,0,[0|0|0|0],-1,-1,-1,-1,-1,-1,-1,-1,12180,12181,20015,20016,-1
46601133,Guardian Golem (ADDED),0,0,[0|0|0],10000,466000,10,0,1,1,0,0,-1,2,4,5,25,3032,0.1,0,0,30,0,0,0,0,150,30,20,3,7,50,5,30,0,0,100,0,60,55,1,0,0,0,0,0,0,1,128,0,0,0,0,1,1,0,0,0,0,0,0,[0|0|0],5,35,0,2,0,0,0,0,0,0,0,0,0,5,2,0,0,-1,0,0,1,0,0,1,0,0,5,-1,0,1,0,0,[0|0|0|0],-1,-1,-1,-1,-1,-1,-1,-1,12180,12181,20015,20016,-1
46601233,Guardian Golem (ADDED),0,0,[0|0|0],10000,466000,10,0,1,1,0,0,-1,2,4,5,25,3032,0.1,0,0,30,0,0,0,0,150,30,20,3,7,50,5,30,0,0,100,0,20,40,1,0,0,0,0,0,0,1,128,0,0,0,0,1,1,0,0,0,0,0,0,[0|0|0],5,35,0,2,0,0,0,0,0,0,0,0,0,5,2,0,0,-1,0,0,1,0,0,1,0,0,5,-1,0,1,0,0,[0|0|0|0],-1,-1,-1,-1,-1,-1,-1,-1,12180,12181,20015,20016,-1
46700000,Ancestor Spirit,0,0,[0|0|0],10000,467000,0,0,1,0,0,0,-1,5,8,5,8,3000,0.1,-1,-1,30,0,1,0,0,150,30,20,1,7,12,3,30,0,0,100,100,90,120,1,0,5,15,0,0,0,0,128,0,0,0,1,1,1,0,0,0,0,0,0,[0|0|0],10,35,0,2,0,0,0,0,0,236,16544,16384,0,3,3,3,2,-1,0,0,0,2,0,0,2,0,5,-1,0,2,0,1,[0|0|0|0],-1,-1,-1,-1,-1,-1,-1,-1,-1,-1,-1,-1,-1
46700050,Ancestor Spirit (NB1),0,0,[0|0|0],10000,467000,0,0,1,0,0,0,-1,5,8,0,8,3000,0.1,-1,-1,30,0,1,0,999,9999,9999,9999,1,7,12,3,30,0,0,100,100,90,120,1,0,5,15,0,0,0,0,128,0,0,0,1,1,1,0,0,0,0,0,0,[0|0|0],10,35,0,2,0,0,0,0,0,236,16544,16384,0,3,3,3,2,-1,0,0,0,2,0,0,2,0,5,-1,0,2,0,1,[0|0|0|0],-1,-1,-1,-1,-1,-1,-1,-1,-1,-1,-1,-1,-1
46700100,Ancestor Spirit (ADDED),0,0,[0|0|0],10000,467000,0,0,1,0,0,0,-1,5,8,0,8,3000,0.1,-1,-1,30,0,0,0,0,9999,9999,9999,1,7,12,3,30,0,0,100,0,90,180,1,0,5,15,0,0,0,0,128,0,0,0,0,1,1,0,0,0,0,0,0,[0|0|0],10,35,0,2,0,0,0,0,0,0,0,0,0,3,3,3,2,-1,0,0,0,2,0,0,2,0,5,-1,0,2,0,1,[0|0|0|0],-1,-1,-1,-1,-1,-1,-1,-1,-1,-1,-1,-1,-1
46700200,Ancestor Spirit (ADDED),0,0,[0|0|0],10000,467000,0,0,1,0,0,0,-1,5,8,0,15,3000,0.1,-1,-1,30,0,0,0,0,85,90,20,1,7,12,5,30,0,0,100,0,90,120,1,0,5,15,0,0,0,0,128,0,0,0,0,1,1,0,0,0,0,0,0,[0|0|0],10,35,0,2,0,0,0,0,0,0,0,0,0,3,3,3,2,-1,0,0,0,2,0,0,2,0,5,-1,0,2,0,1,[0|0|0|0],-1,-1,-1,-1,-1,-1,-1,-1,-1,-1,-1,-1,-1
46700900,Ancestor Spirit (ADDED),0,0,[0|0|0],10000,467000,0,0,1,0,0,0,-1,5,8,0,8,3000,0.1,-1,-1,30,0,0,0,0,150,30,20,1,7,12,3,30,0,0,100,0,90,120,1,0,5,15,0,0,0,0,128,0,0,0,0,1,1,0,0,0,0,0,0,[0|0|0],10,35,0,2,0,0,0,0,0,0,0,0,0,3,3,3,2,-1,0,0,0,2,0,0,2,0,5,-1,0,2,0,1,[0|0|0|0],-1,-1,-1,-1,-1,-1,-1,-1,-1,-1,-1,-1,-1
46800000,Fallingstar Beast,0,0,[0|0|0],10000,468000,0,0,1,0,0,0,-1,5,8,5,8,3001,0.1,-1,-1,30,0,1,0,0,150,30,20,1,7,12,3,30,0,0,100,100,90,120,1,0,5,15,0,0,0,1,128,0,0,0,0,1,1,0,0,0,0,0,0,[0|0|0],10,35,0,2,0,0,0,0,0,0,16544,16384,0,3,3,3,2,-1,0,0,1,2,0,1,2,0,5,3019,0,0,0,1,[0|0|0|0],-1,-1,-1,-1,-1,-1,-1,-1,-1,-1,-1,-1,-1
46800001,Fallingstar Beast (ADDED),0,0,[0|0|0],10000,468000,0,0,1,0,0,0,-1,5,8,0,8,3001,0.1,-1,-1,30,0,0,0,0,150,30,20,1,7,12,3,30,0,0,100,100,90,120,1,0,5,15,0,0,0,1,128,0,0,0,0,1,1,0,0,0,0,0,0,[0|0|0],10,35,0,2,0,0,0,0,0,0,0,0,0,3,3,3,2,-1,0,0,1,2,0,1,2,0,5,3019,0,0,0,1,[0|0|0|0],-1,-1,-1,-1,-1,-1,-1,-1,-1,-1,-1,-1,-1
46800010,Fallingstar Beast,0,0,[0|0|0],10000,468000,0,0,1,0,0,0,-1,2,2,0,8,3001,0.1,-1,-1,30,0,1,0,0,90,70,20,3,7,50,3,30,0,0,100,100,90,120,1,0,5,15,0,0,0,1,128,0,0,0,0,1,1,0,0,0,0,0,0,[0|0|0],5,35,0,2,0,0,0,0,0,236,16544,16384,0,3,3,2,2,-1,0,0,1,2,0,1,2,0,2,3019,0,0,0,1,[0|0|0|0],-1,-1,-1,-1,-1,-1,-1,-1,-1,-1,-1,-1,-1
46800020,Fallingstar Beast,0,0,[0|0|0],10000,468000,0,0,1,0,0,0,-1,2,2,0,8,3001,0.1,-1,-1,30,0,1,0,0,80,40,50,1,7,12,3,30,0,0,100,100,90,120,1,0,5,15,0,0,0,1,128,0,0,0,0,1,1,0,0,0,0,0,0,[0|0|0],10,35,0,2,0,0,0,0,0,236,16544,16384,0,3,3,0,2,-1,0,0,1,2,0,1,2,0,2,3019,0,0,0,1,[0|0|0|0],-1,-1,-1,-1,-1,-1,-1,-1,-1,-1,-1,-1,-1
46800030,,0,0,[0|0|0],10000,468000,0,0,1,0,0,0,-1,5,8,5,8,3001,0.1,-1,-1,30,0,1,0,0,80,50,50,1,7,12,3,30,0,0,100,100,90,180,1,0,5,15,0,0,0,1,128,0,0,0,0,1,1,0,0,0,0,0,0,[0|0|0],10,35,0,2,0,0,0,0,0,0,16544,16384,0,3,3,0,2,-1,0,0,1,2,0,1,2,0,2,3019,0,0,0,1,[0|0|0|0],-1,-1,-1,-1,-1,-1,-1,-1,-1,-1,-1,-1,-1
46800090,Fallingstar Beast,0,0,[0|0|0],10000,468000,0,0,1,0,0,0,-1,5,8,0,8,3001,0.1,-1,-1,30,0,1,0,200,200,85,20,3,7,50,3,30,0,0,100,100,90,120,1,0,5,15,0,0,0,1,128,0,0,0,0,1,1,0,0,0,0,0,0,[0|0|0],5,35,0,2,0,0,0,0,0,0,16544,16384,0,3,3,0,2,-1,0,0,1,2,0,1,2,0,5,3019,0,0,0,1,[0|0|0|0],-1,-1,-1,-1,-1,-1,-1,-1,-1,-1,-1,-1,-1
46800900,Fallingstar Beast (ADDED),0,0,[0|0|0],10000,468000,0,0,1,0,0,0,-1,5,8,0,8,3001,0.1,-1,-1,30,0,0,0,0,150,30,20,1,7,12,3,30,0,0,100,100,90,120,1,0,5,15,0,0,0,1,128,0,0,0,0,1,1,0,0,0,0,0,0,[0|0|0],10,35,0,2,0,0,0,0,0,0,0,0,0,3,3,3,2,-1,0,0,1,2,0,1,2,0,5,3019,0,0,0,1,[0|0|0|0],-1,-1,-1,-1,-1,-1,-1,-1,-1,-1,-1,-1,-1
46800930,Fallingstar Beast (ADDED),0,0,[0|0|0],10000,468000,0,0,1,0,0,0,-1,5,8,0,15,3001,0.1,-1,-1,30,0,0,0,0,150,30,20,1,7,12,8,30,0,0,100,100,90,120,1,0,5,15,0,0,0,1,128,0,0,0,0,1,1,0,0,0,0,0,0,[0|0|0],10,35,0,2,0,0,0,0,0,0,0,0,0,3,3,3,2,-1,0,0,1,2,0,1,2,0,8,3019,0,0,0,1,[0|0|0|0],-1,-1,-1,-1,-1,-1,-1,-1,-1,-1,-1,-1,-1
46900000,Grafted Scion,0,0,[0|0|0],10000,469000,8,10,0,0,1,0,-1,5,8,5,20,3000,0.1,-1,-1,30,0,1,0,0,150,30,20,1,7,12,10,30,0,0,100,100,60,60,0,0,5,15,0,0,0,1,128,0,0,0,1,1,1,0,0,0,0,0,0,[0|0|0],5,35,0,2,0,0,0,0,0,0,16544,16384,0,5,1,3,2,-1,1,0,1,2,0,0,2,0,10,-1,0,0,0,1,[0|0|0|0],-1,-1,-1,-1,-1,-1,-1,-1,-1,-1,-1,-1,-1
46900005,Grafted Scion (MMV),0,0,[0|0|0],10000,469000,8,10,0,0,1,0,-1,5,8,5,20,3000,0.1,-1,-1,30,0,1,0,0,150,30,20,1,7,12,10,30,0,0,100,100,60,60,0,0,5,15,0,0,0,1,128,0,0,0,1,1,1,0,0,0,0,0,0,[0|0|0],5,35,0,2,0,0,0,0,0,0,16544,16384,0,5,1,3,2,-1,1,0,1,2,0,0,2,0,10,-1,0,0,0,1,[0|0|0|0],-1,-1,-1,-1,-1,-1,-1,-1,-1,-1,-1,-1,-1
46900007,Grafted Scion (ADDED),0,0,[0|0|0],10000,469000,8,10,0,0,1,0,-1,5,8,5,20,3000,0.1,-1,-1,30,0,0,0,0,150,30,20,1,7,12,10,30,0,0,100,30,60,60,0,0,5,15,0,0,0,1,128,0,0,0,1,1,1,0,0,0,0,0,0,[0|0|0],5,35,0,2,0,0,0,0,0,0,0,0,0,5,1,3,2,-1,1,0,1,2,0,0,2,0,10,-1,0,0,0,0,[0|0|0|0],-1,-1,-1,-1,-1,-1,-1,-1,-1,-1,-1,-1,-1
46900010,Grafted Scion,0,0,[0|0|0],10000,469000,8,10,0,0,1,0,-1,2,2,0,8,3000,0.1,-1,-1,30,1,1,0,0,55,40,10,1,7,12,3,30,0,0,100,100,60,60,1,0,5,15,0,0,0,1,128,0,0,0,1,1,1,0,0,0,0,0,0,[0|0|0],5,35,0,2,0,0,0,0,0,236,16544,16384,0,5,1,3,2,-1,1,0,1,2,0,0,2,0,2,-1,0,0,0,1,[0|0|0|0],-1,-1,-1,-1,-1,-1,-1,-1,-1,-1,-1,-1,-1
46900020,Grafted Scion,0,0,[0|0|0],10000,469000,8,10,0,0,1,0,-1,2,2,5,8,3000,0.1,-1,-1,30,1,1,0,0,40,30,20,1,7,12,3,30,0,0,100,100,60,60,1,0,5,15,0,0,0,1,128,0,0,0,1,1,1,0,0,0,0,0,0,[0|0|0],5,35,0,2,0,0,0,0,0,236,16544,16384,0,5,1,3,2,-1,1,0,1,2,0,0,2,0,2,-1,0,0,0,1,[0|0|0|0],-1,-1,-1,-1,-1,-1,-1,-1,-1,-1,-1,-1,-1
46900025,Grafted Scion (MMV),0,0,[0|0|0],10000,469000,8,10,0,0,1,0,-1,2,2,5,8,3000,0.1,-1,-1,30,1,1,0,0,40,30,20,1,7,12,3,30,0,0,100,100,60,60,1,0,5,15,0,0,0,1,128,0,0,0,1,1,1,0,0,0,0,0,0,[0|0|0],5,35,0,2,0,0,0,0,0,236,16544,16384,0,5,1,3,2,-1,1,0,1,2,0,0,2,0,2,-1,0,0,0,1,[0|0|0|0],-1,-1,-1,-1,-1,-1,-1,-1,-1,-1,-1,-1,-1
46900032,Grafted Scion (ADDED),0,0,[0|0|0],10000,469000,8,10,0,0,1,0,-1,5,8,5,20,3000,0.1,-1,-1,30,0,0,0,0,150,90,20,1,7,12,10,30,0,0,100,30,60,60,0,0,5,15,0,0,0,1,128,0,0,0,1,1,1,0,0,0,0,0,0,[0|0|0],5,35,0,2,0,0,0,0,0,0,0,0,0,5,1,3,2,-1,1,0,1,2,0,0,2,0,10,-1,0,0,0,1,[0|0|0|0],-1,-1,-1,-1,-1,-1,-1,-1,-1,-1,-1,-1,-1
46900900,Grafted Scion (ADDED),0,0,[0|0|0],10000,469000,8,10,0,0,1,0,-1,5,8,5,8,3000,0.1,-1,-1,30,0,0,0,0,9999,9999,9999,1,7,12,3,30,0,0,100,30,60,120,1,0,5,15,0,0,0,1,128,0,0,0,1,1,1,0,0,0,0,0,0,[0|0|0],5,35,0,2,0,0,0,0,0,0,0,0,0,5,1,3,2,-1,1,0,1,2,0,0,2,0,5,-1,0,0,0,1,[0|0|0|0],-1,-1,-1,-1,-1,-1,-1,-1,-1,-1,-1,-1,-1
47500000,Godrick the Grafted,0,0,[0|0|0],10000,475000,0,0,1,0,1,0,-1,5,8,0,8,3000,0.1,0,0,30,0,1,0,999,9999,9999,9999,1,7,12,3,30,0,0,100,100,30,65,0,0,0,0,0,0,0,0,128,0,0,0,1,1,1,0,0,0,0,0,0,[0|0|0],5,35,0,2,0,0,0,0,0,0,16544,16384,0,2,3,0,2,-1,0,0,0,2,0,0,2,0,5,-1,0,0,0,1,[0|0|0|0],-1,-1,-1,-1,-1,-1,-1,-1,-1,-1,-1,-1,-1
47500010,,0,0,[0|0|0],10000,475000,0,0,1,0,1,0,-1,5,8,0,8,3000,0.1,0,0,30,0,1,0,999,9999,9999,9999,1,7,12,3,30,0,0,100,100,30,65,0,0,0,0,0,0,0,0,128,0,0,0,1,1,1,0,0,0,0,0,0,[0|0|0],5,35,0,2,0,0,0,0,0,0,16544,16384,0,2,3,0,2,-1,0,0,0,2,0,0,2,0,5,-1,0,0,0,1,[0|0|0|0],-1,-1,-1,-1,-1,-1,-1,-1,-1,-1,-1,-1,-1
47500020,,0,0,[0|0|0],10000,475000,0,0,1,0,1,0,-1,5,8,5,8,3000,0.1,0,0,30,0,1,0,0,80,50,50,1,7,12,3,30,0,0,100,100,30,180,0,0,0,0,0,0,0,0,128,0,0,0,1,1,1,0,0,0,0,0,0,[0|0|0],5,35,0,2,0,0,0,0,0,0,16544,16384,0,2,3,0,2,-1,0,0,0,2,0,0,2,0,2,-1,0,0,0,1,[0|0|0|0],-1,-1,-1,-1,-1,-1,-1,-1,-1,-1,-1,-1,-1
47700030,,0,0,[0|0|0],10000,477000,20,20,1,1,0,0,-1,5,8,5,8,3015,0.1,-1,-1,30,0,1,0,0,80,50,50,1,7,12,3,30,0,0,100,100,40,180,1,0,5,15,0,0,0,1,128,0,0,0,1,1,1,0,0,0,0,0,0,[0|0|0],10,35,0,2,0,0,0,0,0,236,16544,16384,0,0,1,0,2,-1,1,0,1,2,0,1,2,0,2,20025,0,0,0,1,[0|0|0|0],477000,-1,-1,-1,-1,-1,-1,-1,17628,17629,20005,20007,-1
47700200,Valiant Gargoyle (Twinblade) (Nokron) (ADDED),0,0,[0|0|0],10000,477000,20,20,1,1,0,0,-1,5,8,0,8,3015,0.1,-1,-1,30,0,0,0,0,9999,9999,9999,1,7,12,3,30,0,0,100,100,45,90,1,0,5,15,0,0,0,1,128,0,0,0,0,1,1,0,0,0,0,0,0,[0|0|0],10,35,0,2,0,0,0,0,0,0,0,0,0,0,1,2,2,-1,1,0,1,2,0,1,2,0,5,20025,0,0,0,1,[0|0|0|0],477000,-1,-1,-1,-1,-1,-1,-1,17628,17629,20005,20007,-1
47701200,Valiant Gargoyle (Nokron) (ADDED),0,0,[0|0|0],10000,477000,20,20,1,1,0,0,-1,5,8,0,8,3002,0.1,-1,-1,30,0,0,0,0,9999,9999,9999,1,7,12,3,30,0,0,100,100,40,35,1,0,5,15,0,0,0,1,128,0,0,0,0,1,1,0,0,0,0,0,0,[0|0|0],10,35,0,2,0,0,0,0,0,0,0,0,0,0,1,2,2,-1,1,0,1,2,0,1,2,0,5,20025,0,0,0,1,[0|0|0|0],477000,-1,-1,-1,-1,-1,-1,-1,17628,17629,20006,20008,-1
47702100,Ruined Gargoyle (Leyndell - Royal Capital) (ADDED),0,0,[0|0|0],10000,477000,10,20,1,0,0,0,-1,5,8,0,20,-1,0.1,-1,-1,30,0,0,0,0,150,30,20,1,7,12,10,30,0,0,100,100,90,35,1,0,5,15,0,0,0,1,128,0,0,0,0,1,1,0,0,0,0,0,0,[0|0|0],10,35,0,2,0,0,0,0,0,0,0,0,0,0,1,0,1,-1,1,0,1,1,0,1,1,0,10,-1,0,0,0,0,[0|0|0|0],477000,-1,-1,-1,-1,-1,-1,-1,-1,-1,-1,-1,-1
48000000,,0,0,[0|0|0],10000,480000,20,20,0,0,1,0,-1,5,8,5,8,3006,0.1,-1,-1,30,0,1,0,999,9999,9999,9999,1,7,12,3,30,0,0,100,100,45,90,0,0,5,15,0,0,0,0,128,0,0,0,0,1,1,0,0,0,0,0,0,[0|0|0],5,35,0,2,0,0,0,0,0,0,16544,16384,0,4,0,2,2,-1,0,0,0,2,0,1,2,0,5,3001,0,0,0,1,[0|0|0|0],-1,-1,-1,-1,-1,-1,-1,-1,-1,-1,-1,-1,-1
48000010,,0,0,[0|0|0],10000,480000,5,10,0,0,1,0,-1,5,8,0,8,3006,0.1,-1,-1,30,0,1,0,999,9999,9999,9999,1,7,12,3,30,0,0,100,100,90,120,1,0,5,15,0,0,0,0,128,0,0,0,0,1,1,0,0,0,0,0,0,[0|0|0],5,35,0,2,0,0,0,0,0,236,16544,16384,0,4,0,0,2,-1,0,0,0,2,0,1,2,0,5,3001,0,0,0,1,[0|0|0|0],-1,-1,-1,-1,-1,-1,-1,-1,-1,-1,-1,-1,-1
48010000,,0,0,[0|0|0],10000,480100,0,0,1,0,1,0,-1,5,8,0,10,-1,0.1,-1,-1,30,0,1,0,0,150,30,20,1,7,12,5,30,0,0,100,0,90,120,0,0,5,15,0,0,0,0,128,0,0,0,0,1,1,0,0,0,0,0,0,[0|0|0],5,35,0,2,0,0,0,0,0,0,16544,16384,0,0,0,0,0,-1,0,0,0,0,0,1,0,0,3,-1,0,0,0,1,[0|0|0|0],-1,-1,-1,-1,-1,-1,-1,-1,-1,-1,-1,-1,-1
48010010,,0,0,[0|0|0],10000,480100,0,0,1,0,1,0,-1,5,8,0,8,-1,0.1,-1,-1,30,0,1,0,999,9999,9999,9999,1,7,12,3,30,0,0,100,0,90,120,0,0,5,15,0,0,0,0,128,0,0,0,0,1,1,0,0,0,0,0,0,[0|0|0],5,35,0,2,0,0,0,0,0,0,16544,16384,0,0,0,0,0,-1,0,0,0,0,0,1,0,0,5,-1,0,0,0,1,[0|0|0|0],-1,-1,-1,-1,-1,-1,-1,-1,-1,-1,-1,-1,-1
48100000,Erdtree Avatar,0,0,[0|0|0],10000,481000,12,20,1,0,0,0,-1,5,8,5,10,3000,0.1,-1,-1,28,0,1,0,0,150,30,20,3,7,50,5,30,0,0,100,100,100,100,1,0,5,15,0,0,0,1,128,0,0,0,1,1,1,0,0,0,0,0,0,[0|0|0],5,35,0,2,0,0,0,0,0,236,16544,16384,0,3,3,2,2,-1,0,0,1,2,0,1,2,0,3,3006,0,0,0,1,[0|0|0|0],-1,-1,-1,-1,-1,-1,-1,-1,-1,-1,-1,-1,-1
48100010,Erdtree Avatar,0,0,[0|0|0],10000,481000,12,20,1,0,0,0,-1,2,2,0,8,3000,0.1,-1,-1,28,0,1,0,0,90,70,20,3,7,50,3,30,0,0,100,100,100,100,1,0,5,15,0,0,0,1,128,0,0,0,1,1,1,0,0,0,0,0,0,[0|0|0],5,35,0,2,0,0,0,0,0,236,16544,16384,0,3,3,2,2,-1,0,0,1,2,0,1,2,0,2,3006,0,0,0,1,[0|0|0|0],-1,-1,-1,-1,-1,-1,-1,-1,-1,-1,-1,-1,-1
48100015,Erdtree Avatar (MMV),0,0,[0|0|0],10000,481000,12,20,1,0,0,0,-1,2,2,0,8,3000,0.1,-1,-1,28,0,1,0,0,90,70,20,3,7,50,3,30,0,0,100,100,100,100,1,0,5,15,0,0,0,1,128,0,0,0,1,1,1,0,0,0,0,0,0,[0|0|0],5,35,0,2,0,0,0,0,0,236,16544,16384,0,3,3,2,2,-1,0,0,1,2,0,1,2,0,2,3006,0,0,0,1,[0|0|0|0],-1,-1,-1,-1,-1,-1,-1,-1,-1,-1,-1,-1,-1
48100020,Erdtree Avatar,0,0,[0|0|0],10000,481000,12,20,1,0,0,0,-1,5,8,0,10,3000,0.1,-1,-1,28,0,1,0,30,50,35,20,3,7,50,5,30,0,0,100,100,100,100,1,0,5,15,0,0,0,1,128,0,0,0,1,1,1,0,0,0,0,0,0,[0|0|0],5,35,0,2,0,0,0,0,0,236,16544,16384,0,3,3,2,2,-1,0,0,1,2,0,1,2,0,3,3006,0,0,0,1,[0|0|0|0],-1,-1,-1,-1,-1,-1,-1,-1,-1,-1,-1,-1,-1
48100100,Erdtree Avatar (ADDED),0,0,[0|0|0],10000,481000,20,20,1,0,0,0,-1,5,8,5,10,3000,0.1,-1,-1,30,0,0,0,0,150,30,20,3,7,50,5,30,0,0,100,100,100,100,1,0,5,15,0,0,0,1,128,0,0,0,0,1,1,0,0,0,0,0,0,[0|0|0],5,35,0,2,0,0,0,0,0,0,0,0,0,3,3,2,1,-1,0,0,1,1,0,1,1,0,3,3006,0,0,0,1,[0|0|0|0],-1,-1,-1,-1,-1,-1,-1,-1,-1,-1,-1,-1,-1
48100900,Erdtree Avatar (ADDED),0,0,[0|0|0],10000,481000,12,20,1,0,0,0,-1,5,8,5,10,3000,0.1,-1,-1,28,0,0,0,0,150,30,20,3,7,50,5,30,0,0,100,100,100,100,1,0,5,15,0,0,0,1,128,0,0,0,0,1,1,0,0,0,0,0,0,[0|0|0],5,35,0,2,0,0,0,0,0,0,0,0,0,3,3,2,2,-1,0,0,1,2,0,1,2,0,3,3006,0,0,0,1,[0|0|0|0],-1,-1,-1,-1,-1,-1,-1,-1,-1,-1,-1,-1,-1
48110000,,0,0,[0|0|0],10000,481000,12,20,1,0,0,0,-1,5,8,5,10,3000,0.1,-1,-1,28,0,1,0,0,150,30,20,3,7,50,5,30,0,0,100,100,100,100,1,0,5,15,0,0,0,1,128,0,0,0,1,1,1,0,0,0,0,0,0,[0|0|0],5,35,0,2,0,0,0,0,0,236,16544,16384,0,3,3,2,2,-1,0,0,1,2,0,1,2,0,3,3006,0,0,0,1,[0|0|0|0],-1,-1,-1,-1,-1,-1,-1,-1,-1,-1,-1,-1,-1
48110005,Putrid Avatar (MMV),0,0,[0|0|0],10000,481000,12,20,1,0,0,0,-1,5,8,5,10,3000,0.1,-1,-1,28,0,1,0,0,150,30,20,3,7,50,5,30,0,0,100,100,100,100,1,0,5,15,0,0,0,1,128,0,0,0,1,1,1,0,0,0,0,0,0,[0|0|0],5,35,0,2,0,0,0,0,0,236,16544,16384,0,3,3,2,2,-1,0,0,1,2,0,1,2,0,3,3006,0,0,0,1,[0|0|0|0],-1,-1,-1,-1,-1,-1,-1,-1,-1,-1,-1,-1,-1
48110010,,0,0,[0|0|0],10000,481000,12,20,1,0,0,0,-1,5,8,5,10,3000,0.1,-1,-1,28,0,1,0,0,150,30,20,3,7,50,5,30,0,0,100,100,100,100,1,0,5,15,0,0,0,1,128,0,0,0,1,1,1,0,0,0,0,0,0,[0|0|0],5,35,0,2,0,0,0,0,0,236,16544,16384,0,3,3,2,2,-1,0,0,1,2,0,1,2,0,3,3006,0,0,0,1,[0|0|0|0],-1,-1,-1,-1,-1,-1,-1,-1,-1,-1,-1,-1,-1
48110040,Putrid Avatar (ADDED),0,0,[0|0|0],10000,481000,9,20,1,0,0,0,-1,5,8,5,10,3000,0.1,-1,-1,23,0,0,0,0,130,30,7,3,7,50,5,30,0,0,100,100,100,100,1,0,5,15,0,0,0,1,128,0,0,0,0,1,1,0,0,0,0,0,0,[0|0|0],5,35,0,2,0,0,0,0,0,0,0,0,0,3,3,2,2,-1,0,0,1,2,0,1,2,0,3,3006,0,0,0,1,[0|0|0|0],-1,-1,-1,-1,-1,-1,-1,-1,-1,-1,-1,-1,-1
48110900,Putrid Avatar (ADDED),0,0,[0|0|0],10000,481000,12,20,1,0,0,0,-1,5,8,5,10,3000,0.1,-1,-1,28,0,0,0,0,150,30,20,3,7,50,5,30,0,0,100,100,100,100,1,0,5,15,0,0,0,1,128,0,0,0,0,1,1,0,0,0,0,0,0,[0|0|0],5,35,0,2,0,0,0,0,0,0,0,0,0,3,3,2,2,-1,0,0,1,2,0,1,2,0,3,3006,0,0,0,1,[0|0|0|0],-1,-1,-1,-1,-1,-1,-1,-1,-1,-1,-1,-1,-1
48110952,Putrid Avatar (ADDED),0,0,[0|0|0],10000,481000,12,20,1,0,0,0,-1,5,8,5,10,3000,0.1,-1,-1,28,0,0,0,13,150,30,20,3,7,50,5,30,0,0,100,100,100,100,1,0,5,15,0,0,0,1,128,0,0,0,0,1,1,0,0,0,0,0,0,[0|0|0],5,35,0,2,0,0,0,0,0,0,0,0,0,3,3,2,2,-1,0,0,1,2,0,1,2,0,3,3006,0,0,0,1,[0|0|0|0],-1,-1,-1,-1,-1,-1,-1,-1,-1,-1,-1,-1,-1
48200500,Omenkiller (ADDED),0,0,[0|0|0],10000,482000,0,20,0,0,1,0,-1,5,8,5,10,3000,0.1,-1,-1,30,0,0,0,0,85,30,20,1,7,12,5,25,0,0,100,100,120,50,0,0,5,15,0,0,0,1,0,0,0,0,0,1,1,1,0,0,0,0,0,[0|0|0],5,35,0,2,0,0,0,0,0,0,0,0,0,3,3,3,2,-1,0,0,1,2,1,0,2,0,3,-1,0,2,1,0,[0|0|0|0],-1,-1,-1,-1,-1,-1,-1,-1,-1,-1,-1,-1,-1
49100000,Magma Wyrm,0,0,[0|0|0],10000,491000,0,10,1,0,0,0,-1,5,8,5,8,3000,0.1,0,0,30,0,1,0,0,150,30,20,3,7,50,3,0,0,0,100,100,90,146,1,0,0,0,0,0,0,1,128,0,0,0,0,1,1,0,0,0,0,1,0,[0|0|0],5,35,0,2,0,0,0,0,0,0,16544,16384,0,5,2,0,2,-1,0,0,1,2,0,0,2,0,5,-1,0,0,0,1,[0|0|0|0],-1,-1,-1,-1,-1,-1,-1,-1,-1,-1,-1,-1,-1
49100005,Magma Wyrm (MMV),0,0,[0|0|0],10000,491000,0,10,1,0,0,0,-1,5,8,5,8,3000,0.1,0,0,30,0,1,0,0,150,30,20,3,7,50,3,0,0,0,100,100,90,146,1,0,0,0,0,0,0,1,128,0,0,0,0,1,1,0,0,0,0,1,0,[0|0|0],5,35,0,2,0,0,0,0,0,0,16544,16384,0,5,2,0,2,-1,0,0,1,2,0,0,2,0,5,-1,0,0,0,1,[0|0|0|0],-1,-1,-1,-1,-1,-1,-1,-1,-1,-1,-1,-1,-1
49100010,Magma Wyrm,0,0,[0|0|0],10000,491000,0,10,1,0,0,0,-1,5,8,0,8,3000,0.1,0,0,30,0,1,0,200,200,85,20,3,7,50,3,0,0,0,100,100,90,146,1,0,0,0,0,0,0,1,128,0,0,0,0,1,1,0,0,0,0,1,0,[0|0|0],5,35,0,2,0,0,0,0,0,0,16544,16384,0,5,2,0,2,-1,0,0,1,2,0,0,2,0,5,-1,0,0,0,1,[0|0|0|0],-1,-1,-1,-1,-1,-1,-1,-1,-1,-1,-1,-1,-1
49100015,Magma Wyrm (MMV),0,0,[0|0|0],10000,491000,0,10,1,0,0,0,-1,5,8,5,8,3000,0.1,0,0,30,0,1,0,0,150,30,20,3,7,50,3,0,0,0,100,100,90,146,1,0,0,0,0,0,0,1,128,0,0,0,0,1,1,0,0,0,0,1,0,[0|0|0],5,35,0,2,0,0,0,0,0,0,16544,16384,0,5,2,0,2,-1,0,0,1,2,0,0,2,0,5,-1,0,0,0,1,[0|0|0|0],-1,-1,-1,-1,-1,-1,-1,-1,-1,-1,-1,-1,-1
49100030,,0,0,[0|0|0],10000,491000,0,10,1,0,0,0,-1,5,8,5,8,3000,0.1,0,0,30,0,1,0,0,80,50,50,3,7,50,3,0,0,0,100,100,90,180,1,0,0,0,0,0,0,1,128,0,0,0,0,1,1,0,0,0,0,1,0,[0|0|0],5,35,0,2,0,0,0,0,0,0,16544,16384,0,5,2,0,2,-1,0,0,1,2,0,0,2,0,2,-1,0,0,0,1,[0|0|0|0],-1,-1,-1,-1,-1,-1,-1,-1,-1,-1,-1,-1,-1
49100900,Magma Wyrm (ADDED),0,0,[0|0|0],10000,491000,0,10,1,0,0,0,-1,5,8,5,8,3000,0.1,0,0,30,0,0,0,0,150,30,20,3,7,50,3,0,0,0,100,0,90,146,1,0,0,0,0,0,0,1,128,0,0,0,0,1,1,0,0,0,0,1,0,[0|0|0],5,35,0,2,0,0,0,0,0,0,0,0,0,5,2,0,2,-1,0,0,1,2,0,0,2,0,5,-1,0,0,0,1,[0|0|0|0],-1,-1,-1,-1,-1,-1,-1,-1,-1,-1,-1,-1,-1
49100926,Magma Wyrm (ADDED),0,0,[0|0|0],10000,491000,0,10,1,0,0,0,-1,5,8,5,8,3000,0.1,0,0,30,0,0,0,9999,999,999,999,999,999,9999,3,0,0,0,100,0,90,146,1,0,0,0,0,0,0,1,128,0,0,0,0,1,1,0,0,0,0,1,0,[0|0|0],5,35,0,2,0,0,0,0,0,0,0,0,0,5,2,0,2,-1,0,0,1,2,0,0,2,0,5,-1,0,0,0,1,[0|0|0|0],-1,-1,-1,-1,-1,-1,-1,-1,-1,-1,-1,-1,-1
49100932,Magma Wyrm (ADDED),0,0,[0|0|0],10000,491000,0,10,1,0,0,0,-1,5,8,5,8,3000,0.1,0,0,30,0,0,0,0,64,30,20,3,7,50,3,0,0,0,100,0,90,146,1,0,0,0,0,0,0,1,128,0,0,0,0,1,1,0,0,0,0,1,0,[0|0|0],5,35,0,2,0,0,0,0,0,0,0,0,0,5,2,0,2,-1,0,0,1,2,0,0,2,0,5,-1,0,0,0,1,[0|0|0|0],-1,-1,-1,-1,-1,-1,-1,-1,-1,-1,-1,-1,-1
49100952,Magma Wyrm (ADDED),0,0,[0|0|0],10000,491000,0,10,1,0,0,0,-1,5,8,5,8,3000,0.1,0,0,30,0,0,0,0,150,60,20,3,7,50,3,0,0,0,100,0,90,146,1,0,0,0,0,0,0,1,128,0,0,0,0,1,1,0,0,0,0,1,0,[0|0|0],5,35,0,2,0,0,0,0,0,0,0,0,0,5,2,0,2,-1,0,0,1,2,0,0,2,0,5,-1,0,0,0,1,[0|0|0|0],-1,-1,-1,-1,-1,-1,-1,-1,-1,-1,-1,-1,-1
49500000,Tibia Mariner,0,0,[0|0|0],10000,495000,20,20,0,0,1,0,-1,5,8,5,8,3000,0.1,0,0,20,0,1,0,0,150,150,20,999,999,9999,3,30,0,0,100,100,60,180,1,0,0,0,0,0,0,0,128,0,0,0,1,1,1,0,0,0,0,0,0,[0|0|0],5,35,0,0,0,0,0,0,0,0,16544,16384,0,3,3,3,2,-1,0,0,0,2,0,0,2,0,5,-1,0,0,0,1,[0|0|0|0],-1,-1,-1,-1,-1,-1,-1,-1,-1,-1,-1,-1,-1
49500050,Tibia Mariner (ADDED),0,0,[0|0|0],10000,495000,0,20,0,0,1,0,-1,5,8,5,10,3000,0.1,0,0,25,0,0,0,0,85,30,20,3,7,7,5,30,0,0,100,80,60,180,1,0,0,0,0,0,0,0,128,0,0,0,1,1,1,0,0,0,0,0,0,[0|0|0],5,35,0,0,0,0,0,0,0,0,0,0,0,3,3,3,2,-1,0,0,0,2,0,0,2,0,3,-1,0,0,0,1,[0|0|0|0],-1,-1,-1,-1,-1,-1,-1,-1,-1,-1,-1,-1,-1
49500070,Tibia Mariner,0,0,[0|0|0],10000,495000,60,40,0,0,1,0,-1,5,8,0,8,3000,0.1,0,0,30,0,1,0,200,200,85,20,999,999,9999,3,30,0,0,100,90,60,180,1,0,0,0,0,0,0,0,128,0,0,0,1,1,1,0,0,0,0,0,0,[0|0|0],5,35,0,0,0,0,0,0,0,0,16544,16384,0,3,3,0,2,-1,0,0,0,2,0,0,2,0,5,-1,0,0,0,1,[0|0|0|0],-1,-1,-1,-1,-1,-1,-1,-1,-1,-1,-1,-1,-1
49500900,Tibia Mariner (ADDED),0,0,[0|0|0],10000,495000,20,20,0,0,1,0,-1,5,8,5,8,3000,0.1,0,0,20,0,0,0,0,150,150,20,999,999,9999,3,30,0,0,100,80,60,180,1,0,0,0,0,0,0,0,128,0,0,0,1,1,1,0,0,0,0,0,0,[0|0|0],5,35,0,0,0,0,0,0,0,0,0,0,0,3,3,3,2,-1,0,0,0,2,0,0,2,0,5,-1,0,0,0,1,[0|0|0|0],-1,-1,-1,-1,-1,-1,-1,-1,-1,-1,-1,-1,-1
49500932,Tibia Mariner (ADDED),0,0,[0|0|0],10000,495000,20,20,0,0,1,0,-1,5,8,5,8,3000,0.1,0,0,20,0,0,0,0,250,250,20,999,999,9999,3,30,0,0,100,80,60,180,1,0,0,0,0,0,0,0,128,0,0,0,1,1,1,0,0,0,0,0,0,[0|0|0],5,35,0,0,0,0,0,0,0,0,0,0,0,3,3,3,2,-1,0,0,0,2,0,0,2,0,5,-1,0,0,0,1,[0|0|0|0],-1,-1,-1,-1,-1,-1,-1,-1,-1,-1,-1,-1,-1
49600000,Giant Skeleton Torso,0,0,[0|0|0],10000,496000,20,20,0,0,0,0,-1,5,8,0,8,3000,0.1,0,0,30,0,1,0,100,9999,9999,9999,999,999,9999,3,30,0,0,100,0,60,180,1,0,0,0,0,0,0,0,128,0,0,0,0,1,1,0,0,0,0,0,0,[0|0|0],5,35,0,0,0,0,0,0,0,0,16544,16384,0,3,3,0,2,-1,0,0,0,2,0,0,2,0,5,-1,0,0,0,1,[0|0|0|0],495000,-1,-1,-1,-1,-1,-1,-1,-1,-1,-1,-1,-1
49600050,Giant Skeleton Torso (ADDED),0,0,[0|0|0],10000,496000,20,20,0,0,0,0,-1,5,8,5,8,3000,0.1,0,0,30,0,0,0,70,85,70,20,3,7,7,3,30,0,0,100,0,60,180,1,0,0,0,0,0,0,0,128,0,0,0,0,1,1,0,0,0,0,0,0,[0|0|0],5,35,0,0,0,0,0,0,0,0,0,0,0,3,3,3,0,-1,0,0,0,0,0,0,0,0,3,-1,0,0,0,1,[0|0|0|0],495000,-1,-1,-1,-1,-1,-1,-1,-1,-1,-1,-1,-1
49600068,Giant Skeleton Torso (ADDED),0,0,[0|0|0],10000,496000,20,20,0,0,0,0,-1,5,8,5,15,3000,0.1,0,0,30,0,0,0,45,85,70,20,3,7,7,15,30,0,0,100,0,60,180,1,0,0,0,0,0,0,0,128,0,0,0,0,1,1,0,0,0,0,0,0,[0|0|0],5,35,0,0,0,0,0,0,0,0,0,0,0,3,3,3,0,-1,0,0,0,0,0,0,0,0,15,-1,0,0,0,1,[0|0|0|0],495000,-1,-1,-1,-1,-1,-1,-1,-1,-1,-1,-1,-1
49600900,Giant Skeleton Torso (ADDED),0,0,[0|0|0],10000,496000,20,20,0,0,0,0,-1,5,8,5,8,3000,0.1,0,0,30,0,0,0,100,9999,9999,9999,999,999,9999,3,30,0,0,100,0,60,180,1,0,0,0,0,0,0,0,128,0,0,0,0,1,1,0,0,0,0,0,0,[0|0|0],5,35,0,0,0,0,0,0,0,0,0,0,0,3,3,3,2,-1,0,0,0,2,0,0,2,0,5,-1,0,0,0,1,[0|0|0|0],495000,-1,-1,-1,-1,-1,-1,-1,-1,-1,-1,-1,-1
49600932,Giant Skeleton Torso (ADDED),0,0,[0|0|0],10000,496000,20,20,0,0,0,0,-1,5,8,5,8,3000,0.1,0,0,30,0,0,0,20,9999,9999,9999,999,999,9999,3,30,0,0,100,0,60,180,1,0,0,0,0,0,0,0,128,0,0,0,0,1,1,0,0,0,0,0,0,[0|0|0],5,35,0,0,0,0,0,0,0,0,0,0,0,3,3,3,2,-1,0,0,0,2,0,0,2,0,5,-1,0,0,0,1,[0|0|0|0],495000,-1,-1,-1,-1,-1,-1,-1,-1,-1,-1,-1,-1
49800000,Death Rite Bird,0,0,[0|0|0],10000,498000,4,20,1,0,0,0,-1,5,8,5,8,3000,0.1,0,0,30,0,1,0,0,150,30,20,3,7,50,3,30,0,0,100,100,50,120,1,0,0,0,0,0,0,1,128,0,0,0,0,1,1,0,0,0,0,0,0,[0|0|0],5,35,0,2,0,0,0,0,0,0,16544,16384,0,3,1,3,2,-1,0,0,1,2,0,0,2,0,5,-1,0,2,0,1,[0|0|0|0],-1,-1,-1,-1,-1,-1,-1,-1,-1,-1,-1,-1,-1
49800005,Death Rite Bird (MMV),0,0,[0|0|0],10000,498000,4,20,1,0,0,0,-1,5,8,5,8,3000,0.1,0,0,30,0,1,0,0,150,30,20,3,7,50,3,30,0,0,100,100,50,120,1,0,0,0,0,0,0,1,128,0,0,0,0,1,1,0,0,0,0,0,0,[0|0|0],5,35,0,2,0,0,0,0,0,0,16544,16384,0,3,1,3,2,-1,0,0,1,2,0,0,2,0,5,-1,0,2,0,1,[0|0|0|0],-1,-1,-1,-1,-1,-1,-1,-1,-1,-1,-1,-1,-1
49800010,Death Rite Bird,0,0,[0|0|0],10000,498000,0,20,1,0,0,0,-1,2,2,0,8,3000,0.1,0,0,30,0,1,0,0,90,70,20,3,7,50,3,30,0,0,100,100,40,120,1,0,0,0,0,0,0,1,128,0,0,0,0,1,1,0,0,0,0,0,0,[0|0|0],5,35,0,2,0,0,0,0,0,236,16544,16384,0,3,1,2,2,-1,0,0,1,2,0,0,2,0,2,3033,0,2,0,1,[0|0|0|0],-1,-1,-1,-1,-1,-1,-1,-1,-1,-1,-1,-1,-1
49800020,Death Rite Bird,0,0,[0|0|0],10000,498000,4,20,1,0,0,0,-1,5,8,0,10,3000,0.1,0,0,30,0,1,0,0,90,60,50,3,7,50,4,30,0,0,100,100,50,120,1,0,0,0,0,0,0,1,128,0,0,0,0,1,1,0,0,0,0,0,0,[0|0|0],5,35,0,2,0,0,0,0,0,0,16544,16384,0,3,1,2,2,-1,0,0,1,2,0,0,2,0,10,3033,0,2,0,1,[0|0|0|0],-1,-1,-1,-1,-1,-1,-1,-1,-1,-1,-1,-1,-1
49800030,Death Rite Bird,0,0,[0|0|0],10000,498000,4,20,1,0,0,0,-1,5,8,0,8,3000,0.1,0,0,30,0,1,0,200,200,85,20,3,7,50,3,30,0,0,100,70,50,120,1,0,0,0,0,0,0,1,128,0,0,0,1,1,1,0,0,0,0,0,0,[0|0|0],5,35,0,2,0,0,0,0,0,5,16544,16384,0,3,1,0,2,-1,0,0,1,2,0,0,2,0,5,-1,0,2,0,1,[0|0|0|0],-1,-1,-1,-1,-1,-1,-1,-1,-1,-1,-1,-1,-1
49800040,Death Rite Bird,0,0,[0|0|0],10000,498000,4,20,1,0,0,0,-1,5,8,0,8,3000,0.1,0,0,30,0,1,0,200,200,85,20,3,7,50,3,30,0,0,100,100,50,120,1,0,0,0,0,0,0,1,128,0,0,0,0,1,1,0,0,0,0,0,0,[0|0|0],5,35,0,2,0,0,0,0,0,0,16544,16384,0,3,1,0,2,-1,0,0,1,2,0,0,2,0,5,-1,0,2,0,1,[0|0|0|0],-1,-1,-1,-1,-1,-1,-1,-1,-1,-1,-1,-1,-1
49800060,,0,0,[0|0|0],10000,498000,4,20,1,0,0,0,-1,5,8,0,8,3000,0.1,0,0,30,0,1,0,0,150,30,20,3,7,50,3,30,0,0,100,100,50,120,1,0,0,0,0,0,0,1,128,0,0,0,0,1,1,0,0,0,0,0,0,[0|0|0],5,35,0,2,0,0,0,0,0,0,16544,16384,0,3,1,3,2,-1,0,0,1,2,0,0,2,0,5,-1,0,2,0,1,[0|0|0|0],-1,-1,-1,-1,-1,-1,-1,-1,-1,-1,-1,-1,-1
49800070,,0,0,[0|0|0],10000,498000,0,20,1,0,0,0,-1,2,2,0,8,3000,0.1,0,0,30,0,1,0,0,90,70,20,3,7,50,3,30,0,0,100,100,40,120,1,0,0,0,0,0,0,1,128,0,0,0,0,1,1,0,0,0,0,0,0,[0|0|0],5,35,0,2,0,0,0,0,0,236,16544,16384,0,3,1,0,2,-1,0,0,1,2,0,0,2,0,2,-1,0,2,0,1,[0|0|0|0],-1,-1,-1,-1,-1,-1,-1,-1,-1,-1,-1,-1,-1
49800080,,0,0,[0|0|0],10000,498000,4,20,1,0,0,0,-1,5,8,5,8,3000,0.1,0,0,30,0,1,0,0,80,50,50,3,7,50,3,30,0,0,100,100,50,180,1,0,0,0,0,0,0,1,128,0,0,0,0,1,1,0,0,0,0,0,0,[0|0|0],5,35,0,2,0,0,0,0,0,0,16544,16384,0,3,1,0,2,-1,0,0,1,2,0,0,2,0,2,-1,0,2,0,1,[0|0|0|0],-1,-1,-1,-1,-1,-1,-1,-1,-1,-1,-1,-1,-1
49800100,Death Rite Bird (ADDED),0,0,[0|0|0],10000,498000,4,20,1,0,0,0,-1,5,8,5,20,3000,0.1,0,0,30,0,0,0,0,150,30,20,3,7,50,5,30,0,0,100,0,50,120,1,0,0,0,0,0,0,1,128,0,0,0,0,1,1,0,0,0,0,0,0,[0|0|0],5,35,0,2,0,0,0,0,0,0,0,0,0,3,1,2,2,-1,0,0,1,2,0,0,2,0,5,-1,0,2,0,1,[0|0|0|0],-1,-1,-1,-1,-1,-1,-1,-1,-1,-1,-1,-1,-1
49800900,Death Rite Bird (ADDED),0,0,[0|0|0],10000,498000,4,20,1,0,0,0,-1,5,8,5,8,3000,0.1,0,0,30,0,0,0,0,150,30,20,3,7,50,3,30,0,0,100,0,50,120,1,0,0,0,0,0,0,1,128,0,0,0,0,1,1,0,0,0,0,0,0,[0|0|0],5,35,0,2,0,0,0,0,0,0,0,0,0,3,1,2,2,-1,0,0,1,2,0,0,2,0,5,-1,0,2,0,1,[0|0|0|0],-1,-1,-1,-1,-1,-1,-1,-1,-1,-1,-1,-1,-1
49800950,Death Rite Bird (ADDED),0,0,[0|0|0],10000,498000,4,20,1,0,0,0,-1,5,8,5,20,3000,0.1,0,0,30,0,0,0,60,100,30,35,3,7,50,5,30,0,0,100,0,50,120,1,0,0,0,0,0,0,1,128,0,0,0,0,1,1,0,0,0,0,0,0,[0|0|0],5,35,0,2,0,0,0,0,0,0,0,0,0,3,1,2,2,-1,0,0,1,2,0,0,2,0,5,-1,0,2,0,1,[0|0|0|0],-1,-1,-1,-1,-1,-1,-1,-1,-1,-1,-1,-1,-1
50100000,Golden Hippopotamus,0,0,[0|0|0],10000,501000,0,0,0,0,1,0,-1,5,8,0,500,3000,0.1,-1,-1,30,0,1,0,0,9999,9999,9999,1,7,12,3,10,0,0,100,100,90,180,1,0,5,15,0,0,0,0,128,0,0,0,1,1,1,0,0,0,0,0,0,[0|0|0],5,35,0,2,0,0,0,0,0,236,16544,16384,0,1,1,0,2,-1,0,0,0,2,0,0,2,0,600,-1,0,2,0,1,[0|0|0|0],-1,-1,-1,-1,-1,-1,-1,-1,-1,-1,-1,-1,-1
50100010,,0,0,[0|0|0],10000,501000,0,0,0,0,1,0,-1,2,3,0,5,3000,0.1,-1,-1,30,0,1,0,0,60,50,20,1,7,12,5,10,0,0,100,100,90,180,1,0,5,15,0,0,0,0,128,0,0,0,1,1,1,0,0,0,0,0,0,[0|0|0],5,35,0,2,0,0,0,0,0,236,16544,16384,0,1,1,0,2,-1,0,0,0,2,0,0,2,0,3,-1,0,2,0,1,[0|0|0|0],-1,-1,-1,-1,-1,-1,-1,-1,-1,-1,-1,-1,-1
50100050,Golden Hippo (NB1),0,0,[0|0|0],10000,501000,0,0,0,0,1,0,-1,2,3,0,8,3000,0.1,-1,-1,30,0,1,0,999,9999,9999,9999,1,7,12,3,30,0,0,100,100,90,180,1,0,5,15,0,0,0,0,128,0,0,0,1,1,1,0,0,0,0,0,0,[0|0|0],5,35,0,2,0,0,0,0,0,236,16544,16384,0,1,1,0,2,-1,0,0,0,2,0,0,2,0,5,-1,0,2,0,1,[0|0|0|0],-1,-1,-1,-1,-1,-1,-1,-1,-1,-1,-1,-1,-1
50110000,Golden Hippopotamus (Golden Wings),1,0,[0|0|0],10000,501100,15,20,0,0,1,0,-1,2,2,5,4,3000,0.1,-1,-1,17,0,1,0,8,150,30,20,3,7,50,3,30,0,0,40,100,40,60,1,0,5,15,0,0,0,1,128,0,0,0,1,1,1,0,0,0,0,0,0,[0|0|0],5,35,0,2,0,0,0,0,0,236,16544,16384,0,2,1,3,2,-1,0,0,1,2,0,0,2,0,2,-1,0,2,0,1,[0|0|0|0],-1,-1,-1,-1,-1,-1,-1,-1,-1,-1,-1,-1,-1
50110010,Golden Hippopotamus (Golden Wings),1,0,[0|0|0],10000,501100,15,20,0,0,1,0,-1,2,2,0,4,3000,0.1,-1,-1,17,0,1,0,0,90,70,20,3,7,50,3,30,0,0,40,100,40,60,1,0,5,15,0,0,0,1,128,0,0,0,1,1,1,0,0,0,0,0,0,[0|0|0],5,35,0,2,0,0,0,0,0,236,16544,16384,0,2,1,0,2,-1,0,0,1,2,0,0,2,0,2,-1,0,2,0,1,[0|0|0|0],-1,-1,-1,-1,-1,-1,-1,-1,-1,-1,-1,-1,-1
50110015,Golden Hippopotamus (MMV),1,0,[0|0|0],10000,501100,15,20,0,0,1,0,-1,2,2,0,4,3000,0.1,-1,-1,17,0,1,0,0,90,70,20,3,7,50,3,30,0,0,40,100,40,60,1,0,5,15,0,0,0,1,128,0,0,0,1,1,1,0,0,0,0,0,0,[0|0|0],5,35,0,2,0,0,0,0,0,236,16544,16384,0,2,1,0,2,-1,0,0,1,2,0,0,2,0,2,-1,0,2,0,1,[0|0|0|0],-1,-1,-1,-1,-1,-1,-1,-1,-1,-1,-1,-1,-1
50110020,Golden Hippopotamus (Golden Wings),1,0,[0|0|0],10000,501100,15,20,0,0,1,0,-1,2,2,0,4,3000,0.1,-1,-1,17,0,1,0,200,200,85,20,3,7,50,3,30,0,0,40,100,40,60,1,0,5,15,0,0,0,1,128,0,0,0,1,1,1,0,0,0,0,0,0,[0|0|0],5,35,0,2,0,0,0,0,0,236,16544,16384,0,2,1,0,2,-1,0,0,1,2,0,0,2,0,2,-1,0,2,0,1,[0|0|0|0],-1,-1,-1,-1,-1,-1,-1,-1,-1,-1,-1,-1,-1
50110030,Golden Hippopotamus (Golden Wings),1,0,[0|0|0],10000,501100,15,20,0,0,1,0,-1,2,2,0,4,3000,0.1,-1,-1,17,0,1,0,30,90,70,20,3,7,50,3,30,0,0,40,100,40,60,1,0,5,15,0,0,0,1,128,0,0,0,1,1,1,0,0,0,0,0,0,[0|0|0],5,35,0,2,0,0,0,0,0,236,16544,16384,0,2,1,0,2,-1,0,0,1,2,0,0,2,0,2,-1,0,2,0,1,[0|0|0|0],-1,-1,-1,-1,-1,-1,-1,-1,-1,-1,-1,-1,-1
50110040,,1,0,[0|0|0],10000,501100,15,20,0,0,1,0,-1,2,2,5,4,3000,0.1,-1,-1,17,0,1,0,8,150,30,20,3,7,50,3,30,0,0,40,100,40,60,1,0,5,15,0,0,0,1,128,0,0,0,1,1,1,0,0,0,0,0,0,[0|0|0],5,35,0,2,0,0,0,0,0,236,16544,16384,0,2,1,3,2,-1,0,0,1,2,0,0,2,0,2,-1,0,2,0,1,[0|0|0|0],-1,-1,-1,-1,-1,-1,-1,-1,-1,-1,-1,-1,-1
50110050,,1,0,[0|0|0],10000,501100,15,20,0,0,1,0,-1,2,2,5,8,3000,0.1,-1,-1,30,0,1,0,0,80,50,50,3,7,50,3,30,0,0,40,100,40,180,1,0,5,15,0,0,0,1,128,0,0,0,1,1,1,0,0,0,0,0,0,[0|0|0],5,35,0,2,0,0,0,0,0,236,16544,16384,0,2,1,0,2,-1,0,0,1,2,0,0,2,0,2,-1,0,2,0,1,[0|0|0|0],-1,-1,-1,-1,-1,-1,-1,-1,-1,-1,-1,-1,-1
50200000,Putrescent Knight (ADDED),0,0,[0|0|0],10000,502000,10,5,1,0,1,0,-1,2,2,5,8,3000,0.1,0,0,30,0,0,0,200,9999,9999,9999,1,7,12,3,20,0,0,100,100,75,85,0,0,0,0,0,0,0,0,128,0,0,0,0,1,1,0,0,0,0,0,0,[0|0|0],5,35,0,2,0,0,0,0,0,0,0,0,0,0,1,3,2,-1,0,0,0,2,1,0,2,0,5,-1,0,2,1,0,[0|0|0|0],-1,-1,-1,-1,-1,-1,-1,-1,-1,-1,-1,-1,-1
50200001,Putrescent Knight (ADDED),0,0,[0|0|0],10000,502010,10,5,1,0,1,0,-1,2,2,5,8,3000,0.1,0,0,30,0,0,0,200,9999,9999,9999,1,7,12,3,20,0,0,100,80,75,85,0,0,0,0,0,0,0,0,128,0,0,0,0,1,1,0,0,0,0,0,0,[0|0|0],5,35,0,2,0,0,0,0,0,0,0,0,0,0,1,3,0,-1,0,0,0,0,1,0,0,0,5,-1,0,2,1,0,[0|0|0|0],502000,502001,502002,-1,-1,-1,-1,-1,-1,-1,-1,-1,-1
50400010,,0,0,[0|0|0],10000,504000,5,5,0,0,1,0,-1,5,8,0,8,3000,0.1,-1,-1,30,0,1,0,999,9999,9999,9999,1,7,12,3,30,0,0,100,100,90,120,1,0,5,15,0,0,0,1,128,0,0,0,1,1,1,0,0,1,0,0,0,[0|0|0],5,35,0,2,0,0,0,0,0,236,16544,16384,0,2,1,0,2,-1,0,0,1,2,1,0,2,0,5,-1,0,2,1,1,[0|0|0|0],-1,-1,-1,-1,-1,-1,-1,-1,-1,-1,-1,-1,-1
50400900,Curseblade Labirith (ADDED),0,0,[0|0|0],10000,504000,0,5,0,0,1,0,-1,5,8,5,8,3000,0.1,-1,-1,30,0,0,0,0,999,999,999,1,7,12,3,30,0,0,100,80,90,180,0,0,5,15,0,0,0,1,128,0,0,0,1,1,1,0,0,1,0,0,0,[0|0|0],5,35,0,2,0,0,0,0,0,0,0,0,0,2,1,3,2,-1,0,0,1,2,1,0,2,0,5,-1,0,2,1,0,[0|0|0|0],-1,-1,-1,-1,-1,-1,-1,-1,-1,-1,-1,-1,-1
50406000,Curseblade Labirith (ADDED),0,0,[0|0|0],10000,504000,5,5,0,0,1,0,-1,5,8,5,8,3000,0.1,-1,-1,30,0,0,0,0,100,30,20,1,7,12,3,20,0,0,100,80,55,50,0,0,5,15,0,0,0,1,128,0,0,0,1,1,1,0,0,1,0,0,0,[0|0|0],5,35,0,2,0,0,0,0,0,0,0,0,0,2,1,3,2,-1,0,0,1,2,1,0,2,0,5,-1,0,2,1,0,[0|0|0|0],-1,-1,-1,-1,-1,-1,-1,-1,-1,-1,-1,-1,-1
50600000,Lamprey (ADDED),0,0,[0|0|0],10000,506000,10,5,0,0,1,0,-1,5,8,5,8,3000,0.1,-1,-1,30,0,0,0,0,100,40,20,1,7,12,3,30,0,0,100,80,75,85,0,0,5,15,0,0,0,1,128,0,0,0,1,1,1,0,0,1,0,0,0,[0|0|0],5,35,0,2,0,0,0,0,0,0,0,0,0,1,1,2,2,-1,0,0,1,2,1,0,2,0,5,3021,0,2,1,0,[0|0|0|0],-1,-1,-1,-1,-1,-1,-1,-1,-1,-1,-1,-1,-1
50600010,Lamprey (ADDED),0,0,[0|0|0],10000,506000,3,5,0,0,1,0,-1,5,8,5,8,3000,0.1,-1,-1,20,0,0,0,0,100,40,20,1,7,12,3,30,0,0,100,80,75,85,0,0,5,15,0,0,0,1,128,0,0,0,1,1,1,0,0,1,0,0,0,[0|0|0],5,35,0,2,0,0,0,0,0,0,0,0,0,1,1,2,2,-1,0,0,1,2,1,0,2,0,5,3021,0,2,1,0,[0|0|0|0],-1,-1,-1,-1,-1,-1,-1,-1,-1,-1,-1,-1,-1
50600020,Lamprey (NB),0,0,[0|0|0],10000,506000,10,5,0,0,1,0,-1,5,8,0,8,3000,0.1,-1,-1,30,0,0,0,200,100,85,20,1,7,12,3,30,0,0,100,80,75,85,0,0,5,15,0,0,0,1,128,0,0,0,1,1,1,0,0,1,0,0,0,[0|0|0],5,35,0,2,0,0,0,0,0,0,16544,16384,0,1,1,0,2,-1,0,0,1,2,1,0,2,0,5,3021,0,2,1,1,[0|0|0|0],-1,-1,-1,-1,-1,-1,-1,-1,-1,-1,-1,-1,-1
50600200,Lamprey (ADDED),0,0,[0|0|0],10000,506000,10,5,0,0,1,0,-1,5,8,5,8,3000,0.1,-1,-1,30,0,0,0,0,100,40,20,1,7,12,3,30,0,0,100,0,75,85,0,0,5,15,0,0,0,1,128,0,0,0,1,1,1,0,0,1,0,0,0,[0|0|0],5,35,0,2,0,0,0,0,0,0,0,0,0,1,1,2,2,-1,0,0,1,2,1,0,2,0,5,3021,0,2,1,0,[0|0|0|0],-1,-1,-1,-1,-1,-1,-1,-1,-1,-1,-1,-1,-1
50600210,Lamprey (ADDED),0,0,[0|0|0],10000,506000,0,0,0,0,1,0,-1,5,8,5,8,3000,0.1,-1,-1,30,0,0,0,0,100,40,20,1,7,12,3,30,0,0,100,0,75,85,0,0,5,15,0,0,0,1,128,0,0,0,1,1,1,0,0,1,0,0,0,[0|0|0],5,35,0,2,0,0,0,0,0,0,0,0,0,1,1,2,2,-1,0,0,1,2,1,0,1,0,5,3021,0,2,1,0,[0|0|0|0],-1,-1,-1,-1,-1,-1,-1,-1,-1,-1,-1,-1,-1
50600300,Lamprey (ADDED),0,0,[0|0|0],10000,506000,10,5,0,0,1,0,-1,5,8,5,8,3000,0.1,-1,-1,30,0,0,0,0,9999,9999,9999,1,7,12,3,30,0,0,100,80,75,85,0,0,5,15,0,0,0,1,128,0,0,0,1,1,1,0,0,1,0,0,0,[0|0|0],5,35,0,2,0,0,0,0,0,0,0,0,0,1,1,2,2,-1,0,0,1,2,1,0,2,0,5,3021,0,2,1,0,[0|0|0|0],506100,-1,-1,-1,-1,-1,-1,-1,-1,-1,-1,-1,-1
50601000,Lamprey (ADDED),0,0,[0|0|0],10000,506000,10,5,0,0,1,0,-1,5,8,5,8,3000,0.1,-1,-1,30,0,0,0,0,100,40,20,1,7,12,3,30,0,0,100,80,75,85,0,0,5,15,0,0,0,1,128,0,0,0,1,1,1,0,0,1,0,0,0,[0|0|0],5,35,0,2,0,0,0,0,0,0,0,0,0,1,1,2,2,-1,0,0,1,2,1,0,2,0,5,3021,0,2,1,0,[0|0|0|0],-1,-1,-1,-1,-1,-1,-1,-1,-1,-1,-1,-1,-1
50601100,Lamprey (ADDED),0,0,[0|0|0],10000,506000,10,5,0,0,1,0,-1,5,8,5,8,3000,0.1,-1,-1,30,0,0,0,0,9999,9999,9999,1,7,12,3,30,0,0,100,80,75,85,0,0,5,15,0,0,0,1,128,0,0,0,1,1,1,0,0,1,0,0,0,[0|0|0],5,35,0,2,0,0,0,0,0,0,0,0,0,1,1,2,2,-1,0,0,1,2,1,0,1,0,5,3021,0,2,1,0,[0|0|0|0],506100,-1,-1,-1,-1,-1,-1,-1,-1,-1,-1,-1,-1
50700010,,0,0,[0|0|0],10000,507000,5,5,0,0,1,0,-1,5,8,0,8,3000,0.1,-1,-1,30,0,1,0,999,9999,9999,9999,1,7,12,3,20,0,0,100,100,90,120,1,0,5,15,0,0,0,1,128,0,0,0,1,1,1,1,0,1,0,0,0,[0|0|0],5,35,0,2,0,0,0,0,0,236,16544,16384,0,1,1,0,2,-1,0,0,1,2,1,0,2,0,5,-1,0,2,1,1,[0|0|0|0],-1,-1,-1,-1,-1,-1,-1,-1,-1,-1,-1,-1,-1
50701010,,0,0,[0|0|0],10000,507010,5,5,0,0,1,0,-1,5,8,0,8,3000,0.1,-1,-1,30,0,1,0,999,9999,9999,9999,1,7,12,3,20,0,0,100,100,90,120,1,0,5,15,0,0,0,1,128,0,0,0,1,1,1,1,0,1,0,0,0,[0|0|0],5,35,0,2,0,0,0,0,0,236,16544,16384,0,1,1,0,2,-1,0,0,1,2,1,0,2,0,5,-1,0,2,1,1,[0|0|0|0],-1,-1,-1,-1,-1,-1,-1,-1,-1,-1,-1,-1,-1
51100000,Spirit Eel,0,0,[0|0|0],10000,511000,0,0,0,0,0,0,-1,5,8,5,8,3001,0.1,-1,-1,30,0,1,0,999,9999,9999,9999,1,7,12,3,30,0,0,100,70,90,120,1,0,5,15,0,0,0,1,128,0,0,0,1,1,1,0,0,1,0,0,0,[0|0|0],10,35,0,2,0,0,0,0,0,0,16544,16384,0,3,3,3,2,-1,0,0,1,2,0,1,2,0,5,-1,0,2,0,1,[0|0|0|0],-1,-1,-1,-1,-1,-1,-1,-1,-1,-1,-1,-1,-1
51108000,Spirit Eel,0,0,[0|0|0],10000,511000,0,0,0,0,0,0,-1,5,8,0,8,3001,0.1,-1,-1,30,0,1,0,999,9999,9999,9999,1,7,12,3,30,0,0,100,70,90,120,1,0,5,15,0,0,0,1,128,0,1,0,1,1,1,0,0,1,0,0,0,[0|0|0],10,35,0,2,0,0,0,0,0,0,16544,16384,0,3,3,0,2,-1,0,0,1,2,0,1,2,0,5,-1,0,2,0,1,[0|0|0|0],754000,-1,-1,-1,-1,-1,-1,-1,-1,-1,-1,-1,-1
51601020,,0,0,[0|0|0],10000,516010,5,5,0,0,1,0,-1,5,8,5,8,3000,0.1,-1,-1,30,0,1,0,0,100,30,20,1,7,12,3,20,0,0,100,100,55,50,0,0,5,15,0,0,0,1,128,0,0,0,1,1,1,1,0,1,0,0,0,[0|0|0],5,35,0,2,0,0,0,0,0,0,16544,16384,0,1,1,3,1,-1,0,0,1,1,1,1,1,0,5,-1,0,2,1,1,[0|0|0|0],-1,-1,-1,-1,-1,-1,-1,-1,-1,-1,-1,-1,-1
51602100,Fire Knight (ADDED),0,0,[0|0|0],10000,516020,5,5,0,0,1,0,-1,5,8,5,8,3000,0.1,-1,-1,30,0,0,0,0,100,30,20,1,7,12,3,20,0,0,100,80,55,50,0,0,5,15,0,0,0,1,128,0,0,0,1,1,1,1,0,1,0,0,0,[0|0|0],5,35,0,2,0,0,0,0,0,0,0,0,0,1,1,3,2,-1,0,0,1,2,1,1,2,0,5,-1,0,2,1,0,[0|0|0|0],-1,-1,-1,-1,-1,-1,-1,-1,-1,-1,-1,-1,-1
51700000,Furnace Golem (ADDED),0,0,[0|0|0],10000,517000,0,0,1,0,0,0,-1,5,8,5,8,-1,0.1,0,0,30,0,0,0,10,150,120,100,1,200,200,3,20,0,0,100,100,90,180,0,0,0,0,0,0,0,1,128,0,0,0,0,1,1,0,0,0,0,0,0,[0|0|0],-1,-1,0,2,0,0,0,0,0,0,0,0,0,1,1,2,2,-1,1,0,0,1,0,1,2,0,5,3006,0,2,0,1,[0|0|0|0],-1,-1,-1,-1,-1,-1,-1,-1,-1,-1,-1,-1,-1
51700010,Furnace Golem (ADDED),0,0,[0|0|0],10000,517000,0,0,1,0,0,0,-1,5,8,5,8,-1,0.1,0,0,30,0,0,0,10,150,120,100,1,200,200,3,20,0,0,100,100,90,180,0,0,0,0,0,0,0,1,128,0,0,0,0,1,1,0,0,0,0,0,0,[0|0|0],-1,-1,0,2,0,0,0,0,0,0,0,0,0,1,1,2,2,-1,1,0,0,1,0,1,2,0,5,3006,0,2,0,1,[0|0|0|0],-1,-1,-1,-1,-1,-1,-1,-1,-1,-1,-1,-1,-1
51700090,Furnace Golem (ADDED),0,0,[0|0|0],10000,517000,0,0,1,0,0,0,-1,5,8,5,8,-1,0.1,0,0,30,0,0,0,10,150,120,100,1,200,200,3,20,0,0,100,100,90,180,0,0,0,0,0,0,0,1,128,0,0,0,0,1,1,0,0,0,0,0,0,[0|0|0],-1,-1,0,2,0,0,0,0,0,0,0,0,0,1,1,2,2,-1,1,0,0,1,0,1,2,0,5,3006,0,2,0,1,[0|0|0|0],-1,-1,-1,-1,-1,-1,-1,-1,-1,-1,-1,-1,-1
51701000,Furnace Golem (ADDED),0,0,[0|0|0],10000,517000,0,0,1,0,0,0,-1,5,8,5,8,-1,0.1,0,0,30,0,0,0,10,150,120,100,1,200,200,3,20,0,0,100,100,90,180,0,0,0,0,0,0,0,1,128,0,0,0,0,1,1,0,0,0,0,0,0,[0|0|0],-1,-1,0,2,0,0,0,0,0,0,0,0,0,1,1,2,2,-1,1,0,0,1,0,1,2,0,5,3010,0,2,0,1,[0|0|0|0],-1,-1,-1,-1,-1,-1,-1,-1,-1,-1,-1,-1,-1
51702000,Furnace Golem (ADDED),0,0,[0|0|0],10000,517000,0,0,1,0,0,0,-1,5,8,5,8,-1,0.1,0,0,30,0,0,0,10,150,120,100,1,200,200,3,20,0,0,100,100,90,90,0,0,0,0,0,0,0,1,128,0,0,0,0,1,1,0,0,0,0,0,0,[0|0|0],-1,-1,0,2,0,0,0,0,0,0,0,0,0,1,1,2,2,-1,1,0,0,1,0,1,2,0,5,3006,0,2,0,1,[0|0|0|0],-1,-1,-1,-1,-1,-1,-1,-1,-1,-1,-1,-1,-1
51702010,Furnace Golem (ADDED),0,0,[0|0|0],10000,517000,0,0,1,0,0,0,-1,5,8,5,8,-1,0.1,0,0,30,0,0,0,10,150,120,100,1,200,200,3,20,0,0,100,100,90,35,1,0,0,0,0,0,0,1,128,0,0,0,0,1,1,0,0,0,0,0,0,[0|0|0],-1,-1,0,2,0,0,0,0,0,0,0,0,0,60,7,2,2,-1,1,0,0,1,0,1,2,0,5,3006,0,2,0,1,[0|0|0|0],-1,-1,-1,-1,-1,-1,-1,-1,-1,-1,-1,-1,-1
51706000,Furnace Golem (ADDED),0,0,[0|0|0],10000,517000,0,0,1,0,0,0,-1,5,8,5,8,-1,0.1,0,0,30,0,0,0,10,150,120,100,1,200,200,3,20,0,0,100,100,90,180,0,0,0,0,0,0,0,1,128,0,0,0,0,1,1,0,0,0,0,0,0,[0|0|0],-1,-1,0,2,0,0,0,0,0,0,0,0,0,1,1,2,2,-1,1,0,0,1,0,1,2,0,5,3005,0,2,0,1,[0|0|0|0],-1,-1,-1,-1,-1,-1,-1,-1,-1,-1,-1,-1,-1
52100000,,0,0,[0|0|0],10000,521000,10,10,0,0,0,0,-1,5,8,0,8,3000,0.1,-1,-1,30,0,1,0,999,9999,9999,9999,1,7,12,3,10,0,0,100,100,90,180,1,0,5,15,0,0,0,0,128,0,0,0,0,1,1,0,0,0,0,0,0,[0|0|0],5,35,0,2,0,0,0,0,0,206,16544,16384,0,1,1,3,2,-1,0,0,0,2,0,0,2,0,5,-1,0,2,0,1,[0|0|0|0],-1,-1,-1,-1,-1,-1,-1,-1,-1,-1,-1,-1,-1
52100010,,0,0,[0|0|0],10000,521000,10,10,0,0,0,0,-1,5,8,0,8,3000,0.1,-1,-1,30,0,1,0,999,9999,9999,9999,1,7,12,3,30,0,0,100,100,90,180,1,0,5,15,0,0,0,0,128,0,0,0,0,1,1,0,0,0,0,0,0,[0|0|0],5,35,0,2,0,0,0,0,0,206,16544,16384,0,1,1,0,2,-1,0,0,0,2,0,0,2,0,5,-1,0,2,0,1,[0|0|0|0],-1,-1,-1,-1,-1,-1,-1,-1,-1,-1,-1,-1,-1
52401060,Commoner (Pot) (ADDED),0,0,[0|0|0],524000,524010,0,20,0,1,1,0,-1,2,2,5,0.1,3000,0.1,-1,-1,30,0,0,0,0,85,30,12,1,7,12,0.1,15,0,0,100,50,60,45,0,0,5,15,0,0,0,1,128,0,0,0,0,1,1,1,0,1,0,0,0,[0|0|0],5,35,0,2,0,0,0,0,0,0,0,0,0,1,1,3,2,-1,0,0,1,1,1,0,1,0,0.1,-1,0,0,1,0,[0|0|0|0],431000,431001,431002,430000,-1,-1,-1,-1,13065,13064,20020,20021,-1
52500010,,0,0,[0|0|0],10000,525000,5,5,0,0,1,0,-1,5,8,0,8,3000,0.1,-1,-1,30,0,1,0,999,9999,9999,9999,1,7,12,3,30,0,0,100,100,90,120,1,0,5,15,0,0,0,1,128,0,0,0,1,1,1,0,0,1,0,0,0,[0|0|0],5,35,0,2,0,0,0,0,0,0,16544,16384,0,1,1,0,2,-1,0,0,1,2,1,0,2,0,5,3011,0,2,1,1,[0|0|0|0],-1,-1,-1,-1,-1,-1,-1,-1,-1,-1,-1,-1,-1
52501020,,0,0,[0|0|0],10000,525010,5,5,0,0,1,0,-1,5,8,0,8,3000,0.1,-1,-1,30,0,1,0,999,9999,9999,9999,1,7,12,3,20,0,0,100,100,90,120,1,0,5,15,0,0,0,1,128,0,0,0,1,1,1,0,0,1,0,0,0,[0|0|0],5,35,0,2,0,0,0,0,0,236,16544,16384,0,1,1,0,2,-1,0,0,1,2,1,0,2,0,5,-1,0,2,1,1,[0|0|0|0],-1,-1,-1,-1,-1,-1,-1,-1,-1,-1,-1,-1,-1
52501025,Horned Warrior (NB),0,0,[0|0|0],10000,525010,5,5,0,0,1,0,-1,5,8,0,8,3000,0.1,-1,-1,30,0,1,0,999,9999,9999,9999,1,7,12,3,20,0,0,100,100,90,120,1,0,5,15,0,0,0,1,128,0,0,0,1,1,1,0,0,1,0,0,0,[0|0|0],5,35,0,2,0,0,0,0,0,236,16544,16384,0,1,1,0,2,-1,0,0,1,2,1,0,2,0,5,-1,0,2,1,1,[0|0|0|0],-1,-1,-1,-1,-1,-1,-1,-1,-1,-1,-1,-1,-1
52502000,Horned Warrior (ADDED),0,0,[0|0|0],10000,525020,0,0,0,0,1,0,-1,2,2,0,8,0,0.1,-1,-1,30,0,0,0,0,85,30,20,1,7,12,3,10,0,0,100,60,90,180,1,0,5,15,0,0,0,1,128,0,0,0,1,1,1,0,0,0,0,0,0,[0|0|0],5,35,0,2,0,0,0,0,0,0,0,0,0,1,1,3,2,-1,0,0,1,2,1,0,2,0,5,-1,0,2,1,1,[0|0|0|0],-1,-1,-1,-1,-1,-1,-1,-1,-1,-1,-1,-1,-1
52512000,Horned Shaman (ADDED),0,0,[0|0|0],10000,525020,0,0,0,0,1,0,-1,2,2,0,8,0,0.1,-1,-1,30,0,0,0,0,85,30,20,1,7,12,3,10,0,0,100,60,90,180,1,0,5,15,0,0,0,1,128,0,0,0,1,1,1,0,0,0,0,0,0,[0|0|0],5,35,0,2,0,0,0,0,0,0,0,0,0,1,1,3,2,-1,0,0,1,2,1,0,2,0,5,-1,0,2,1,1,[0|0|0|0],-1,-1,-1,-1,-1,-1,-1,-1,-1,-1,-1,-1,-1
52512010,Horned Shaman (ADDED),0,0,[0|0|0],10000,525020,0,0,0,0,1,0,-1,0.1,0.1,0,0.1,0,0.1,-1,-1,30,0,0,0,0,85,30,20,1,7,12,0.1,10,0,0,100,60,60,45,1,0,5,15,0,0,0,0,0,0,0,0,0,1,1,0,0,0,0,0,0,[0|0|0],5,35,0,0,0,0,0,0,0,0,0,0,0,1,1,3,0,-1,0,0,0,0,1,0,0,0,0.1,-1,0,2,1,1,[0|0|0|0],-1,-1,-1,-1,-1,-1,-1,-1,-1,-1,-1,-1,-1
52512020,Horned Shaman (ADDED),0,0,[0|0|0],10000,525020,0,0,0,0,1,0,-1,0.1,0.1,0,0.1,0,0.1,-1,-1,30,0,0,0,0,85,30,20,1,7,12,0.1,10,0,0,100,60,90,45,1,0,5,15,0,0,0,0,0,0,0,0,0,1,1,0,0,0,0,0,0,[0|0|0],5,35,0,0,0,0,0,0,0,0,0,0,0,1,1,3,0,-1,0,0,0,0,1,0,0,0,0.1,-1,0,2,1,1,[0|0|0|0],-1,-1,-1,-1,-1,-1,-1,-1,-1,-1,-1,-1,-1
52512030,Horned Shaman (NB),0,0,[0|0|0],10000,525020,0,0,0,0,1,0,-1,2,2,0,8,0,0.1,-1,-1,30,0,0,0,200,85,85,20,1,7,12,3,10,0,0,100,60,90,180,1,0,5,15,0,0,0,1,128,0,0,0,1,1,1,0,0,0,0,0,0,[0|0|0],5,35,0,2,0,0,0,0,0,0,16544,16384,0,1,1,0,2,-1,0,0,1,2,1,0,2,0,5,-1,0,2,1,1,[0|0|0|0],-1,-1,-1,-1,-1,-1,-1,-1,-1,-1,-1,-1,-1
53110003,Inquisitor (NB),0,0,[0|0|0],10000,531000,8,20,0,0,1,0,-1,2,2,5,8,3000,0.1,-1,-1,30,0,0,0,999,9999,9999,9999,1,7,12,3,20,0,0,100,40,60,45,1,0,5,15,0,0,0,1,128,0,0,0,1,1,1,0,0,1,0,0,0,[0|0|0],5,35,0,2,0,0,0,0,0,0,16544,16384,0,1,1,3,2,-1,0,0,1,2,0,0,2,0,5,-1,0,0,0,0,[0|0|0|0],-1,-1,-1,-1,-1,-1,-1,-1,-1,-1,-1,-1,-1
53111006,Inquisitor (NB),0,0,[0|0|0],10000,531010,8,20,0,0,1,0,-1,2,2,5,8,3000,0.1,-1,-1,30,0,0,0,999,9999,9999,9999,1,7,12,3,20,0,0,100,40,60,45,1,0,5,15,0,0,0,1,128,0,0,0,1,1,1,0,0,1,0,0,0,[0|0|0],5,35,0,2,0,0,0,0,0,0,16544,16384,0,1,1,3,2,-1,0,0,1,2,0,0,2,0,5,-1,0,0,0,0,[0|0|0|0],-1,-1,-1,-1,-1,-1,-1,-1,-1,-1,-1,-1,-1
53120000,,0,0,[0|0|0],10000,531020,10,40,0,0,1,0,-1,3,2,5,8,3100,0.1,-1,-1,30,0,0,0,1,85,30,12,1,7,12,3,20,0,0,100,100,90,180,0,0,5,15,0,0,0,0,128,0,0,0,1,1,1,0,0,1,0,0,0,[0|0|0],5,35,0,2,0,0,0,0,0,0,16544,16384,0,1,1,3,2,-1,0,0,0,2,0,0,2,0,5,-1,0,0,0,0,[0|0|0|0],532000,-1,-1,-1,-1,-1,-1,-1,-1,-1,-1,-1,-1
53122000,Inquisitor (Staff) (ADDED),0,0,[0|0|0],10000,531020,10,40,0,0,1,0,-1,2,2,5,8,3100,0.1,-1,-1,30,0,0,0,100,9999,9999,9999,1,7,12,3,20,0,0,100,50,90,180,0,0,5,15,0,0,0,0,128,0,0,0,1,1,1,0,0,1,0,0,0,[0|0|0],5,35,0,2,0,0,0,0,0,0,0,0,0,1,1,3,2,-1,0,0,0,2,0,0,2,0,5,-1,0,0,0,0,[0|0|0|0],532000,-1,-1,-1,-1,-1,-1,-1,-1,-1,-1,-1,-1
53600010,Giant Beast Skeleton (ADDED),0,0,[0|0|0],10000,536000,10,5,0,0,1,0,-1,2,2,5,8,3004,0.1,-1,0,30,0,0,0,0,9999,9999,9999,1,7,12,3,20,0,0,100,50,60,45,1,0,0,0,0,0,0,1,128,1,0,0,1,1,1,1,0,1,0,0,0,[0|0|0],5,35,0,0,0,0,0,0,0,0,0,0,0,2,2,3,2,-1,0,0,1,2,1,0,2,0,5,-1,0,2,1,0,[0|0|0|0],-1,-1,-1,-1,-1,-1,-1,-1,-1,-1,-1,-1,-1
53600020,Giant Beast Skeleton (ADDED),0,0,[0|0|0],10000,536000,10,20,0,0,1,0,-1,2,2,5,999,3004,0.1,-1,0,30,0,0,0,0,9999,999,999,0,7,12,999,20,0,0,100,40,60,180,1,0,0,0,0,0,0,1,128,1,0,0,1,1,1,1,0,1,0,0,0,[0|0|0],5,35,0,0,0,0,0,0,0,0,0,0,0,2,2,3,2,-1,0,0,1,2,1,0,2,0,999,-1,0,2,1,0,[0|0|0|0],-1,-1,-1,-1,-1,-1,-1,-1,-1,-1,-1,-1,-1
53601010,Giant Beast Skeleton (ADDED),0,0,[0|0|0],10000,536010,10,5,0,0,1,0,-1,2,2,5,8,3020,0.1,-1,0,30,0,0,0,0,9999,9999,9999,1,7,12,3,20,0,0,100,50,60,45,1,0,0,0,0,0,0,1,128,1,0,0,1,1,1,1,0,1,0,0,0,[0|0|0],5,35,0,0,0,0,0,0,0,0,0,0,0,2,2,2,2,-1,0,0,1,2,1,0,2,0,5,3021,0,2,1,0,[0|0|0|0],-1,-1,-1,-1,-1,-1,-1,-1,-1,-1,-1,-1,-1
53601021,Giant Beast Skeleton (ADDED),0,0,[0|0|0],10000,536010,10,5,0,0,1,0,-1,2,2,5,8,3020,0.1,-1,0,30,0,0,0,0,85,30,12,1,7,12,3,20,0,0,100,50,60,45,1,0,0,0,0,0,0,1,128,1,0,0,1,1,1,1,0,1,0,0,0,[0|0|0],5,35,0,0,0,0,0,0,0,0,0,0,0,2,2,2,1,-1,0,0,1,1,1,0,1,0,2,3021,0,2,1,0,[0|0|0|0],-1,-1,-1,-1,-1,-1,-1,-1,-1,-1,-1,-1,-1
53602010,Giant Beast Skeleton (ADDED),0,0,[0|0|0],10000,536020,10,5,0,0,1,0,-1,2,2,5,8,3011,0.1,-1,0,30,0,0,0,0,9999,9999,9999,1,7,12,99999,20,0,0,100,50,60,45,1,0,0,0,0,0,0,1,128,1,0,0,1,1,1,1,0,1,0,0,0,[0|0|0],5,35,0,0,0,0,0,0,0,0,0,0,0,2,2,2,2,-1,0,0,1,2,1,0,2,0,5,3010,0,2,1,0,[0|0|0|0],-1,-1,-1,-1,-1,-1,-1,-1,-1,-1,-1,-1,-1
53603010,Giant Beast Skeleton (ADDED),0,0,[0|0|0],10000,536030,10,5,0,0,1,0,-1,2,2,5,8,3000,0.1,-1,0,30,1,0,0,0,9999,9999,9999,1,7,12,3,20,0,0,100,50,60,45,1,0,0,0,0,0,0,1,128,1,0,0,1,1,1,1,0,1,0,0,0,[0|0|0],5,35,0,0,0,0,0,0,0,0,0,0,0,2,2,3,2,-1,0,0,1,2,1,0,2,0,5,-1,0,2,1,0,[0|0|0|0],-1,-1,-1,-1,-1,-1,-1,-1,-1,-1,-1,-1,-1
53604010,Giant Beast Skeleton (ADDED),0,0,[0|0|0],10000,536040,10,5,0,0,1,0,-1,2,2,5,8,3010,0.1,-1,0,30,0,0,0,0,9999,9999,9999,1,7,12,3,20,0,0,100,50,60,45,1,0,0,0,0,0,0,1,128,1,0,0,1,1,1,1,0,1,0,0,0,[0|0|0],5,35,0,0,0,0,0,0,0,0,0,0,0,2,2,3,2,-1,0,0,1,2,1,0,2,0,5,-1,0,2,1,0,[0|0|0|0],-1,-1,-1,-1,-1,-1,-1,-1,-1,-1,-1,-1,-1
55000100,Living Magma (ADDED),0,0,[0|0|0],10000,550000,20,20,0,0,1,0,-1,5,8,5,8,3000,0.1,0,0,30,0,0,0,0,85,30,12,1,7,12,3,15,0,0,100,30,60,45,1,0,0,0,0,0,0,0,128,0,0,0,1,1,1,0,0,1,0,0,0,[0|0|0],5,35,0,2,0,0,0,0,0,0,0,0,0,1,2,2,2,-1,0,0,0,2,1,0,2,0,5,3002,0,2,1,0,[0|0|0|0],-1,-1,-1,-1,-1,-1,-1,-1,-1,-1,-1,-1,-1
55000200,Living Magma (ADDED),0,0,[0|0|0],10000,550000,20,20,0,0,1,0,-1,5,8,5,8,3000,0.1,0,0,30,0,0,0,0,85,30,12,1,7,12,3,15,0,0,100,30,60,45,1,0,0,0,0,0,0,0,128,0,0,0,1,1,1,0,0,1,0,0,0,[0|0|0],5,35,0,2,0,0,0,0,0,0,0,0,0,1,2,2,2,-1,0,0,0,2,1,0,2,0,5,3002,0,2,1,1,[0|0|0|0],-1,-1,-1,-1,-1,-1,-1,-1,-1,-1,-1,-1,-1
55000300,Living Magma (ADDED),0,0,[0|0|0],10000,550000,10,20,0,0,1,0,-1,5,8,5,8,3000,0.1,0,0,30,0,0,0,0,85,30,12,1,7,12,3,30,0,0,100,30,60,45,1,0,0,0,0,0,0,0,128,0,0,0,1,1,1,0,0,1,0,0,0,[0|0|0],5,35,0,2,0,0,0,0,0,0,0,0,0,1,2,2,2,-1,0,0,0,2,1,0,2,0,5,3002,0,2,1,0,[0|0|0|0],-1,-1,-1,-1,-1,-1,-1,-1,-1,-1,-1,-1,-1
55000301,Living Magma (ADDED),0,0,[0|0|0],10000,550000,10,20,0,0,1,0,-1,5,8,5,8,3000,0.1,0,0,30,0,0,0,0,85,30,12,1,7,12,3,30,0,0,100,30,60,45,1,0,0,0,0,0,0,0,128,0,0,0,1,1,1,0,0,1,0,0,0,[0|0|0],5,35,0,2,0,0,0,0,0,0,0,0,0,1,2,2,2,-1,0,0,0,2,1,0,2,0,5,3002,0,2,1,0,[0|0|0|0],-1,-1,-1,-1,-1,-1,-1,-1,-1,-1,-1,-1,-1
55120100,Shade (ADDED),0,0,[0|0|0],10000,366100,20,10,0,0,1,0,-1,5,8,5,60,3024,0.1,0,0,30,0,0,0,0,85,30,12,1,7,12,60,20,0,0,100,10,60,45,0,0,0,0,0,0,0,1,128,0,0,0,1,1,1,0,0,1,0,0,0,[0|0|0],5,35,0,2,0,0,0,0,0,0,0,0,0,1,1,3,2,-1,0,0,1,2,0,0,2,0,60,-1,0,2,0,0,[0|0|0|0],366100,-1,-1,-1,-1,-1,-1,-1,-1,-1,-1,-1,-1
55130020,Cemetary Shade (ADDED),0,0,[0|0|0],10000,551300,5,10,0,0,1,0,-1,5,8,5,60,3000,0.1,0,0,30,0,0,0,0,85,30,20,1,7,12,60,20,0,0,100,10,60,45,1,0,0,0,0,0,0,1,128,0,0,0,1,1,1,0,0,1,0,0,0,[0|0|0],5,35,0,2,0,0,0,0,0,0,0,0,0,1,1,3,2,-1,0,0,1,2,0,0,2,0,60,-1,0,2,0,1,[0|0|0|0],-1,-1,-1,-1,-1,-1,-1,-1,-1,-1,-1,-1,-1
55130912,Cemetary Shade (ADDED),0,0,[0|0|0],10000,551300,10,10,0,0,1,0,-1,5,8,5,999,3000,0.1,0,0,30,0,0,0,100,999,999,999,1,7,12,999,20,0,0,100,10,60,45,1,0,0,0,0,0,0,1,128,0,0,0,1,1,1,0,0,1,0,0,0,[0|0|0],5,35,0,2,0,0,0,0,0,0,0,0,0,1,1,3,2,-1,0,0,1,2,0,0,2,0,999,-1,0,2,0,1,[0|0|0|0],-1,-1,-1,-1,-1,-1,-1,-1,-1,-1,-1,-1,-1
55130920,Cemetary Shade (ADDED),0,0,[0|0|0],10000,551300,10,10,0,0,1,0,-1,5,8,5,999,3000,0.1,0,0,30,0,0,0,100,999,999,999,1,7,12,999,20,0,0,100,10,60,45,1,0,0,0,0,0,0,1,128,0,0,0,1,1,1,0,0,1,0,0,0,[0|0|0],5,35,0,2,0,0,0,0,0,0,0,0,0,1,1,3,2,-1,0,0,1,2,0,0,2,0,999,-1,0,2,0,1,[0|0|0|0],-1,-1,-1,-1,-1,-1,-1,-1,-1,-1,-1,-1,-1
56002010,Catacomb Skeleton (ADDED),0,0,[0|0|0],10000,560003,4,0,0,0,1,0,-1,5,8,5,8,3031,0.1,-1,-1,30,0,0,0,0,85,30,12,1,7,12,3,30,0,0,100,34,120,30,1,0,5,15,0,0,0,1,50,1,0,0,1,1,1,1,0,1,0,0,0,[0|0|0],5,35,0,0,0,0,0,0,0,0,0,0,0,3,3,2,1,-1,0,0,1,1,1,0,1,0,5,3030,0,2,1,0,[0|0|0|0],-1,-1,-1,-1,-1,-1,-1,-1,-1,-1,-1,-1,-1
56004010,Catacomb Skeleton (ADDED),0,0,[0|0|0],10000,351009,4,0,0,0,1,0,-1,5,8,5,8,3012,0.1,-1,-1,30,0,0,0,0,85,30,12,1,7,12,3,15,0,0,100,34,45,30,1,0,5,15,0,0,0,1,50,1,0,0,1,1,1,1,0,1,0,0,0,[0|0|0],5,35,0,0,0,0,0,0,0,0,0,0,0,3,3,2,1,-1,0,0,1,1,1,0,1,0,5,3012,0,2,1,0,[0|0|0|0],-1,-1,-1,-1,-1,-1,-1,-1,-1,-1,-1,-1,-1
56510200,Messmer Foot Soldier (ADDED),0,0,[0|0|0],437000,565000,1,20,0,0,1,0,-1,2,2,5,8,3000,0.1,-1,-1,30,0,0,0,0,85,30,12,1,7,12,3,15,0,0,100,50,60,10,0,0,5,15,0,0,0,1,128,0,0,0,1,1,1,1,0,1,0,0,0,[0|0|0],5,35,0,2,0,0,0,0,0,0,0,0,0,3,3,3,2,-1,0,0,0,0,1,0,0,0,2,-1,0,2,1,0,[0|0|0|0],431000,431001,431002,-1,-1,-1,-1,-1,-1,-1,-1,-1,-1
56510210,Messmer Foot Soldier (ADDED),0,0,[0|0|0],437000,565000,1,20,0,0,1,0,-1,2,2,5,8,3000,0.1,-1,-1,30,0,0,0,0,85,30,12,1,7,12,3,15,0,0,100,50,60,10,0,0,5,15,0,0,0,1,128,0,0,0,1,1,1,1,0,1,0,0,0,[0|0|0],5,35,0,2,0,0,0,0,0,0,0,0,0,3,3,3,2,-1,0,0,0,0,1,0,0,0,2,-1,0,2,1,0,[0|0|0|0],431000,431001,431002,-1,-1,-1,-1,-1,-1,-1,-1,-1,-1
56510220,Messmer Foot Soldier (ADDED),0,0,[0|0|0],437000,565000,1,20,0,0,1,0,-1,2,2,5,8,3000,0.1,-1,-1,30,0,0,0,0,85,30,12,1,7,12,3,15,0,0,100,50,60,20,1,0,5,15,0,0,0,1,128,0,0,0,1,1,1,1,0,1,0,0,0,[0|0|0],5,35,0,2,0,0,0,0,0,0,0,0,0,3,3,3,2,-1,0,0,0,0,1,0,0,0,2,-1,0,2,1,1,[0|0|0|0],431000,431001,431002,-1,-1,-1,-1,-1,-1,-1,-1,-1,-1
57010050,Demi-Human (Large) (ADDED),0,0,[0|0|0],410000,410100,5,5,0,0,1,0,-1,2,2,5,8,3000,0.1,0,0,30,0,0,0,0,85,30,12,1,7,12,3,20,0,0,100,40,30,60,0,0,0,0,0,0,0,1,128,0,0,0,1,1,1,0,0,1,0,0,0,[0|0|0],5,35,0,1,0,0,0,0,0,0,0,0,0,1,1,3,2,-1,0,0,1,2,2,0,2,0,2,-1,0,2,2,0,[0|0|0|0],413000,413002,413006,410000,-1,-1,-1,-1,-1,-1,-1,-1,-1
57500040,Living Jar Warrior (ADDED),0,0,[0|0|0],10000,449000,0,0,0,0,1,0,-1,5,8,0,8,3005,0.1,-1,-1,30,0,0,0,9999,9999,9999,9999,1,7,12,3,15,0,0,100,60,60,90,1,0,5,15,0,0,0,1,128,0,0,0,0,1,1,0,0,0,0,0,0,[0|0|0],5,35,0,2,0,0,0,0,0,0,0,0,0,3,3,3,2,-1,1,0,2,0,1,0,1,0,5,-1,0,2,1,0,[0|0|0|0],-1,-1,-1,-1,-1,-1,-1,-1,-1,-1,-1,-1,-1
57500052,Living Jar Warrior (ADDED),0,0,[0|0|0],10000,449000,0,0,0,0,1,0,-1,5,8,0,8,3005,0.1,-1,-1,30,0,0,0,0,9999,9999,9999,1,7,12,3,15,0,0,100,60,60,90,1,0,5,15,0,0,0,1,128,0,0,0,0,1,1,0,0,0,0,0,0,[0|0|0],5,35,0,2,0,0,0,0,0,0,0,0,0,3,3,3,2,-1,1,0,1,2,1,0,2,0,5,-1,0,2,1,0,[0|0|0|0],-1,-1,-1,-1,-1,-1,-1,-1,-1,-1,-1,-1,-1
58100000,Demi-Human Swordmaster,1,0,[0|0|0],10000,581000,10,5,0,0,1,0,-1,2,2,5,20,3003,0.1,-1,-1,30,0,0,0,0,100,60,50,1,7,12,3,20,0,0,100,100,30,60,0,0,5,15,0,0,0,1,128,0,0,0,1,1,1,0,0,1,0,0,0,[0|0|0],5,35,0,2,0,0,0,0,0,236,16544,16384,0,1,1,3,2,-1,0,0,1,2,2,0,2,0,20,-1,0,2,2,0,[0|0|0|0],413001,413003,413006,41000,-1,-1,-1,-1,-1,-1,-1,-1,-1
58100005,Demi-Human Swordmaster (MMV),1,0,[0|0|0],10000,581000,10,5,0,0,1,0,-1,2,2,5,20,3003,0.1,-1,-1,30,0,0,0,0,100,60,50,1,7,12,3,20,0,0,100,100,30,60,0,0,5,15,0,0,0,1,128,0,0,0,1,1,1,0,0,1,0,0,0,[0|0|0],5,35,0,2,0,0,0,0,0,236,16544,16384,0,1,1,3,2,-1,0,0,1,2,2,0,2,0,20,-1,0,2,2,0,[0|0|0|0],413001,413003,413006,41000,-1,-1,-1,-1,-1,-1,-1,-1,-1
58100010,Demi-Human Swordmaster,1,0,[0|0|0],10000,581000,10,5,0,0,1,0,-1,2,2,0,20,3003,0.1,-1,-1,30,0,1,0,200,200,85,50,1,7,12,3,20,0,0,100,100,30,60,0,0,5,15,0,0,0,1,128,0,0,0,1,1,1,0,0,1,0,0,0,[0|0|0],5,35,0,2,0,0,0,0,0,236,16544,16384,0,1,1,0,2,-1,0,0,1,2,2,0,2,0,20,-1,0,2,2,1,[0|0|0|0],-1,-1,-1,-1,-1,-1,-1,-1,-1,-1,-1,-1,-1
58100020,Demi-Human Swordmaster,1,0,[0|0|0],10000,581000,10,5,0,0,1,0,-1,2,2,0,4,3003,0.1,-1,-1,30,0,1,0,0,50,30,20,3,7,50,3,30,0,0,100,100,90,60,0,0,5,15,0,0,0,1,128,0,0,0,1,1,1,0,0,1,0,0,0,[0|0|0],5,35,0,2,0,0,0,0,0,236,16544,16384,0,1,1,0,1,-1,0,0,1,1,2,0,1,0,2,-1,0,2,2,1,[0|0|0|0],-1,-1,-1,-1,-1,-1,-1,-1,-1,-1,-1,-1,-1
58100030,Demi-Human Swordmaster,1,0,[0|0|0],10000,581000,10,5,0,0,1,0,-1,2,2,0,4,3003,0.1,-1,-1,30,0,1,0,0,65,45,20,3,7,50,3,30,0,0,100,100,90,60,0,0,5,15,0,0,0,1,128,0,0,0,1,1,1,0,0,1,0,0,0,[0|0|0],5,35,0,2,0,0,0,0,0,236,16544,16384,0,1,1,0,1,-1,0,0,1,1,2,0,1,0,2,-1,0,2,2,1,[0|0|0|0],-1,-1,-1,-1,-1,-1,-1,-1,-1,-1,-1,-1,-1
58100040,,1,0,[0|0|0],10000,581000,10,5,0,0,1,0,-1,2,2,5,8,3003,0.1,-1,-1,30,0,1,0,0,80,50,50,1,7,12,3,20,0,0,100,100,30,180,0,0,5,15,0,0,0,1,128,0,0,0,1,1,1,0,0,1,0,0,0,[0|0|0],5,35,0,2,0,0,0,0,0,236,16544,16384,0,1,1,0,2,-1,0,0,1,2,2,0,2,0,2,-1,0,2,2,1,[0|0|0|0],-1,-1,-1,-1,-1,-1,-1,-1,-1,-1,-1,-1,-1
58100900,Demi-Human Swordmaster Onze (ADDED),0,0,[0|0|0],10000,581000,0,5,0,0,1,0,-1,2,2,5,8,3003,0.1,0,0,30,0,0,0,0,999,999,999,1,7,12,3,20,0,0,100,0,90,180,0,0,0,0,0,0,0,1,128,0,0,0,0,1,1,0,0,1,0,0,0,[0|0|0],5,35,0,2,0,0,0,0,0,0,0,0,0,1,1,3,2,-1,0,0,1,2,2,0,2,0,5,-1,0,2,2,0,[0|0|0|0],413001,413003,413006,410000,-1,-1,-1,-1,-1,-1,-1,-1,-1
58200000,,0,0,[0|0|0],10000,582000,15,20,1,0,0,0,-1,2,2,5,4,3001,0.1,-1,-1,60,0,0,0,8,150,30,20,3,7,50,3,60,0,0,100,100,40,60,1,0,5,15,0,0,0,1,128,0,0,0,0,1,1,0,0,0,0,0,0,[0|0|0],5,35,0,2,0,0,0,0,0,206,16544,16384,0,2,1,2,2,-1,0,0,1,2,1,1,2,0,2,3007,0,2,1,0,[0|0|0|0],463000,-1,-1,-1,-1,-1,-1,-1,-1,-1,-1,-1,-1
58200005,Great Red Bear (MMV),0,0,[0|0|0],10000,582000,15,20,1,0,0,0,-1,2,2,5,4,3001,0.1,-1,-1,60,0,0,0,0,150,30,20,3,7,50,3,60,0,0,100,100,40,60,1,0,5,15,0,0,0,1,128,0,0,0,0,1,1,0,0,0,0,0,0,[0|0|0],5,35,0,2,0,0,0,0,0,206,16544,16384,0,2,1,2,2,-1,0,0,1,2,1,1,2,0,2,3007,0,2,1,0,[0|0|0|0],463000,-1,-1,-1,-1,-1,-1,-1,-1,-1,-1,-1,-1
58200010,,0,0,[0|0|0],10000,582000,15,20,1,0,0,0,-1,2,2,0,8,3001,0.1,-1,-1,60,0,1,0,999,9999,9999,9999,3,7,50,3,60,0,0,100,100,90,120,1,0,5,15,0,0,0,1,128,0,0,0,0,1,1,0,0,0,0,0,0,[0|0|0],5,35,0,2,0,0,0,0,0,206,16544,16384,0,2,1,0,2,-1,0,0,1,2,1,1,2,0,5,3007,0,2,1,1,[0|0|0|0],463000,-1,-1,-1,-1,-1,-1,-1,-1,-1,-1,-1,-1
58300010,,0,0,[0|0|0],583000,583000,0,0,0,1,1,0,-1,2,2,5,8,3000,0.1,-1,-1,30,0,0,0,0,85,30,20,1,7,12,3,15,0,0,100,60,60,25,0,0,5,15,0,0,0,1,128,0,0,0,1,1,1,1,0,1,0,0,0,[0|0|0],5,35,0,2,0,0,0,0,0,0,16544,16384,0,1,1,3,1,-1,0,0,1,1,1,0,1,0,2,-1,0,1,1,0,[0|0|0|0],431000,431001,431002,-1,-1,-1,-1,-1,13065,13064,20020,20021,-1
58300011,Messmer Soldier (Axe) (NB),0,0,[0|0|0],583000,583000,0,0,0,1,1,0,-1,2,2,0,8,3000,0.1,-1,-1,30,0,0,0,200,85,85,20,1,7,12,3,15,0,0,100,60,60,25,0,0,5,15,0,0,0,1,128,0,0,0,1,1,1,1,0,1,0,0,0,[0|0|0],5,35,0,2,0,0,0,0,0,0,16544,16384,0,1,1,0,1,-1,0,0,1,1,1,0,1,0,2,-1,0,1,1,1,[0|0|0|0],431000,431001,431002,-1,-1,-1,-1,-1,13065,13064,20020,20021,-1
58300050,Messmer Soldier (ADDED),0,0,[0|0|0],583000,583000,10,10,0,1,1,0,-1,2,2,5,8,3000,0.1,-1,-1,30,0,0,0,0,85,30,20,1,7,12,3,15,0,0,100,80,35,45,0,1,5,15,0,0,0,1,128,0,0,0,0,1,1,1,0,1,0,0,0,[0|0|0],5,35,0,2,0,0,0,0,0,0,0,0,0,1,1,3,2,-1,0,0,1,2,1,0,2,0,2,-1,0,2,1,0,[0|0|0|0],431000,431001,431002,-1,-1,-1,-1,-1,13065,13064,20020,20021,-1
58300051,Messmer Soldier (ADDED),0,0,[0|0|0],583000,583000,0,0,0,1,1,0,-1,2,2,5,8,3000,0.1,-1,-1,30,0,0,0,0,85,30,20,1,7,12,3,15,0,0,100,80,80,25,0,1,5,15,0,0,0,1,128,0,0,0,0,1,1,1,0,1,0,0,0,[0|0|0],5,35,0,2,0,0,0,0,0,0,0,0,0,1,1,2,1,-1,0,0,1,1,1,0,1,0,2,3012,0,0,1,0,[0|0|0|0],431000,431001,431002,-1,-1,-1,-1,-1,13065,13064,20020,20021,-1
58402050,Black Knight (ADDED),0,0,[0|0|0],10000,584010,10,10,0,0,1,0,-1,2,2,5,8,3000,0.1,-1,-1,30,0,0,0,0,85,30,20,1,7,12,3,15,0,0,100,80,35,45,0,1,5,15,0,0,0,1,128,0,0,0,0,1,1,1,0,1,0,0,0,[0|0|0],5,35,0,2,0,0,0,0,0,0,0,0,0,1,1,2,2,3020,1,0,1,2,1,0,2,0,2,3000,0,2,1,0,[0|0|0|0],431001,-1,-1,-1,-1,-1,-1,-1,-1,-1,-1,-1,-1
58402055,Black Knight (ADDED),0,0,[0|0|0],10000,584010,10,10,0,0,1,0,-1,2,2,5,8,3000,0.1,-1,-1,30,0,0,0,0,85,30,20,1,7,12,3,15,0,0,100,80,35,45,0,1,5,15,0,0,0,1,128,0,0,0,0,1,1,1,0,1,0,0,0,[0|0|0],5,35,0,2,0,0,0,0,0,0,0,0,0,1,1,2,1,3020,1,0,1,1,1,0,1,0,2,3000,0,2,1,0,[0|0|0|0],431001,-1,-1,-1,-1,-1,-1,-1,-1,-1,-1,-1,-1
58402100,Black Knight (ADDED),0,0,[0|0|0],10000,584010,10,10,0,0,1,0,-1,2,2,5,8,3000,0.1,-1,-1,30,0,0,0,0,85,30,20,1,7,12,3,15,0,0,100,80,35,45,0,1,5,15,0,0,0,1,128,0,0,0,0,1,1,1,0,1,0,0,0,[0|0|0],5,35,0,2,0,0,0,0,0,0,0,0,0,1,1,2,2,3020,1,0,1,2,1,0,2,0,2,3000,0,2,1,0,[0|0|0|0],431001,-1,-1,-1,-1,-1,-1,-1,-1,-1,-1,-1,-1
58402110,Black Knight (ADDED),0,0,[0|0|0],10000,584010,10,10,0,0,1,0,-1,2,2,5,8,3000,0.1,-1,-1,30,0,0,0,0,85,30,20,1,7,12,3,15,0,0,100,0,35,45,0,1,5,15,0,0,0,1,128,0,0,0,0,1,1,1,0,1,0,0,0,[0|0|0],5,35,0,2,0,0,0,0,0,0,0,0,0,1,1,2,2,3020,1,0,1,2,1,0,2,0,2,3000,0,2,1,0,[0|0|0|0],431001,-1,-1,-1,-1,-1,-1,-1,-1,-1,-1,-1,-1
58600000,,0,0,[0|0|0],586000,586000,35,20,1,0,0,0,-1,2,2,5,20,-1,0.1,-1,-1,45,0,1,0,0,150,30,40,3,7,50,5,25,0,0,100,100,20,20,1,0,5,15,0,0,0,14,128,0,0,0,0,1,1,0,0,0,0,0,0,[0|0|0],15,35,0,2,0,0,0,0,0,0,16544,16384,0,35,18,0,16,-1,0,0,15,2,1,0,2,0,7,-1,0,2,1,1,[0|0|0|0],-1,-1,-1,-1,-1,-1,-1,-1,-1,-1,-1,-1,-1
58600005,Ghostflame Dragon (MMV),0,0,[0|0|0],586000,586000,35,20,1,0,0,0,-1,2,2,5,20,-1,0.1,-1,-1,45,0,1,0,0,150,30,40,3,7,50,5,25,0,0,100,100,20,20,1,0,5,15,0,0,0,14,128,0,0,0,0,1,1,0,0,0,0,0,0,[0|0|0],15,35,0,2,0,0,0,0,0,0,16544,16384,0,35,18,0,16,-1,0,0,15,2,1,0,2,0,7,-1,0,2,1,1,[0|0|0|0],-1,-1,-1,-1,-1,-1,-1,-1,-1,-1,-1,-1,-1
58600050,Ghostflame Dragon (NB1),0,0,[0|0|0],586000,586000,35,20,1,0,0,0,-1,5,8,5,8,-1,0.1,-1,-1,45,0,1,0,999,9999,9999,9999,3,7,12,3,30,0,0,100,100,20,20,1,0,5,15,0,0,0,14,128,0,0,0,0,1,1,0,0,0,0,0,0,[0|0|0],15,35,0,2,0,0,0,0,0,0,16544,16384,0,35,18,0,16,-1,0,0,15,2,1,0,2,0,5,-1,0,2,1,1,[0|0|0|0],-1,-1,-1,-1,-1,-1,-1,-1,-1,-1,-1,-1,-1
62400020, (ADDED),0,0,[0|0|0],10000,215000,0,0,0,0,1,0,-1,5,8,0,500,3000,0.1,-1,-1,30,0,0,0,0,9999,9999,9999,1,7,12,3,10,0,0,100,0,60,180,0,0,5,15,0,0,0,0,0,0,0,0,0,1,1,0,0,0,0,0,0,[0|0|0],5,35,0,2,0,0,0,0,0,0,0,0,0,1,1,3,0,-1,0,0,0,0,0,0,0,0,600,-1,0,2,0,0,[0|0|0|0],-1,-1,-1,-1,-1,-1,-1,-1,-1,-1,-1,-1,-1
71000020,Ancient Hero,1,0,[0|0|0],10000,710000,20,20,0,0,1,0,-1,2,2,0,8,3000,0.1,0,0,30,0,1,0,0,55,40,10,1,7,12,3,15,0,0,100,100,50,50,1,0,0,0,0,0,0,1,128,0,0,0,1,1,1,0,0,1,0,0,0,[0|0|0],5,35,0,2,0,0,0,0,0,236,16544,16384,0,2,2,2,2,-1,0,0,1,2,1,0,2,0,2,3009,0,2,1,1,[0|0|0|0],-1,-1,-1,-1,-1,-1,-1,-1,-1,-1,-1,-1,-1
71000030,Ancient Hero,1,0,[0|0|0],10000,710000,20,20,0,0,1,0,-1,2,2,5,8,3000,0.1,0,0,30,0,1,0,0,40,30,20,1,7,12,3,15,0,0,100,100,50,50,1,0,0,0,0,0,0,1,128,0,0,0,1,1,1,0,0,1,0,0,0,[0|0|0],5,35,0,2,0,0,0,0,0,236,16544,16384,0,2,2,2,2,-1,0,0,1,2,1,0,2,0,2,3009,0,2,1,1,[0|0|0|0],-1,-1,-1,-1,-1,-1,-1,-1,-1,-1,-1,-1,-1
71000035,Ancient Hero (MMV),1,0,[0|0|0],10000,710000,20,20,0,0,1,0,-1,2,2,5,8,3000,0.1,0,0,30,0,1,0,0,40,30,20,1,7,12,3,15,0,0,100,100,50,50,1,0,0,0,0,0,0,1,128,0,0,0,1,1,1,0,0,1,0,0,0,[0|0|0],5,35,0,2,0,0,0,0,0,236,16544,16384,0,2,2,2,2,-1,0,0,1,2,1,0,2,0,2,3009,0,2,1,1,[0|0|0|0],-1,-1,-1,-1,-1,-1,-1,-1,-1,-1,-1,-1,-1
71000900,Ancient Hero of Zamor (ADDED),0,0,[0|0|0],10000,710000,5,20,0,0,1,0,-1,5,8,0,999,3000,0.1,0,0,30,0,0,0,1,999,999,999,1,7,12,999,20,0,0,100,60,50,50,1,0,0,0,0,0,0,1,128,0,0,0,1,1,1,0,0,1,0,0,0,[0|0|0],5,35,0,2,0,0,0,0,0,0,0,0,0,2,2,2,2,-1,0,0,1,2,1,0,2,0,999,3009,0,2,1,1,[0|0|0|0],-1,-1,-1,-1,-1,-1,-1,-1,-1,-1,-1,-1,-1
71000950,Ancient Hero of Zamor (ADDED),0,0,[0|0|0],10000,710000,5,20,0,0,1,0,-1,5,8,0,999,3000,0.1,0,0,30,0,0,0,999,999,999,999,1,7,12,999,20,0,0,100,60,50,50,1,0,0,0,0,0,0,1,128,0,0,0,1,1,1,0,0,1,0,0,0,[0|0|0],5,35,0,2,0,0,0,0,0,0,0,0,0,2,2,2,2,-1,0,0,1,2,1,0,2,0,999,3009,0,2,1,1,[0|0|0|0],-1,-1,-1,-1,-1,-1,-1,-1,-1,-1,-1,-1,-1
76100000,,0,0,[0|0|0],10000,761000,0,0,1,0,0,0,-1,5,8,0,8,3000,0.1,-1,-1,30,0,1,0,999,9999,9999,9999,1,7,12,3,30,0,0,100,50,90,120,1,0,5,15,0,0,0,0,128,0,0,0,1,1,1,0,0,0,0,1,0,[0|0|0],10,35,0,2,0,0,0,0,0,236,16544,16384,0,3,2,0,2,-1,0,0,0,2,0,1,2,0,5,-1,0,0,0,1,[0|0|0|0],-1,-1,-1,-1,-1,-1,-1,-1,-1,-1,-1,-1,-1
76109000,,0,0,[0|0|0],10000,761000,0,0,1,0,0,0,-1,5,8,0,8,3000,0.1,-1,-1,30,0,1,0,999,9999,9999,9999,1,7,12,3,30,0,0,100,50,90,120,1,0,5,15,0,0,0,0,128,0,0,0,1,1,1,0,0,0,0,1,0,[0|0|0],10,35,0,2,0,0,0,0,0,236,16544,16384,0,3,2,0,2,-1,0,0,0,2,0,1,2,0,5,-1,0,0,0,1,[0|0|0|0],-1,-1,-1,-1,-1,-1,-1,-1,-1,-1,-1,-1,-1
76500010,,0,0,[0|0|0],10000,765000,10,10,0,0,1,0,-1,2,2,5,8,3002,0.1,0,0,11,0,0,0,999,9999,9999,9999,1,7,12,3,20,0,0,100,15,60,45,0,0,0,0,0,0,0,1,128,0,0,0,1,1,1,0,0,1,0,0,0,[0|0|0],5,35,0,2,0,0,0,0,0,0,16544,16384,0,1,1,3,2,-1,0,0,1,2,0,0,2,0,5,-1,0,2,0,0,[0|0|0|0],366100,-1,-1,-1,-1,-1,-1,-1,-1,-1,-1,-1,-1
76510010,,0,0,[0|0|0],10000,765000,10,10,0,0,1,0,-1,5,8,5,8,3002,0.1,0,0,14,0,0,0,999,9999,9999,9999,1,7,12,3,20,0,0,100,15,60,45,0,0,0,0,0,0,0,1,128,0,0,0,1,1,1,0,0,1,0,0,0,[0|0|0],5,35,0,2,0,0,0,0,0,0,16544,16384,0,1,1,3,2,-1,0,0,1,2,0,0,2,0,5,-1,0,2,0,0,[0|0|0|0],366100,-1,-1,-1,-1,-1,-1,-1,-1,-1,-1,-1,-1
76600010,,0,0,[0|0|0],10000,766000,10,5,1,0,0,0,-1,5,8,5,8,3000,0.1,0,0,30,0,1,0,999,9999,9999,9999,3,7,50,3,30,0,0,100,50,50,80,0,0,0,0,0,0,0,2,128,0,0,0,1,1,1,0,0,0,0,0,0,[0|0|0],5,35,0,2,5,0,0,0,0,236,16544,16384,0,6,1,1,2,-1,0,0,1,2,0,1,2,0,5,3025,0,2,0,1,[0|0|0|0],-1,-1,-1,-1,-1,-1,-1,-1,-1,-1,-1,-1,-1
77000000,Gaping Dragon,0,0,[0|0|0],10000,770000,0,0,1,0,0,0,-1,5,8,0,8,3001,0.1,-1,-1,30,0,1,0,999,9999,9999,9999,1,7,12,3,30,0,0,100,70,90,120,1,0,5,15,0,0,0,1,128,0,0,0,1,1,1,0,0,0,0,0,0,[0|0|0],10,35,0,2,0,0,0,0,0,0,16544,16384,0,3,3,0,2,-1,0,0,1,2,0,1,2,0,5,-1,0,0,0,1,[0|0|0|0],-1,-1,-1,-1,-1,-1,-1,-1,-1,-1,-1,-1,-1
77000010,,0,0,[0|0|0],10000,770000,0,0,1,0,0,0,-1,5,8,5,8,3001,0.1,-1,-1,30,0,1,0,0,80,50,50,1,7,12,3,30,0,0,100,70,90,180,1,0,5,15,0,0,0,1,128,0,0,0,1,1,1,0,0,0,0,0,0,[0|0|0],10,35,0,2,0,0,0,0,0,0,16544,16384,0,3,3,0,2,-1,0,0,1,2,0,1,2,0,2,-1,0,0,0,1,[0|0|0|0],-1,-1,-1,-1,-1,-1,-1,-1,-1,-1,-1,-1,-1
77100000,Centipede Demon,1,0,[0|0|0],10000,771000,0,0,1,0,0,0,-1,5,8,0,8,3000,0.1,-1,-1,30,0,1,0,999,9999,9999,9999,1,7,12,3,30,0,0,100,100,120,120,1,0,5,15,0,0,0,1,128,0,0,0,1,1,1,0,0,0,0,1,0,[0|0|0],10,35,0,2,0,0,0,0,0,0,16544,16384,0,3,3,0,2,-1,0,0,1,2,0,1,2,0,5,-1,0,0,0,1,[0|0|0|0],-1,-1,-1,-1,-1,-1,-1,-1,-1,-1,-1,-1,-1
77100010,,1,0,[0|0|0],10000,771000,0,0,1,0,0,0,-1,5,8,5,8,3000,0.1,-1,-1,30,0,1,0,0,80,50,50,1,7,12,3,30,0,0,100,100,120,180,1,0,5,15,0,0,0,1,128,0,0,0,1,1,1,0,0,0,0,1,0,[0|0|0],10,35,0,2,0,0,0,0,0,0,16544,16384,0,3,3,0,2,-1,0,0,1,2,0,1,2,0,2,-1,0,0,0,1,[0|0|0|0],-1,-1,-1,-1,-1,-1,-1,-1,-1,-1,-1,-1,-1
77110000,Centipede Grub,1,0,[0|0|0],10000,771100,0,0,1,0,0,0,-1,5,8,0,8,3000,0.1,-1,-1,30,0,1,0,999,9999,9999,9999,1,7,12,3,30,0,0,100,60,75,120,1,0,5,15,0,0,0,1,128,0,0,0,1,1,1,0,0,0,0,1,0,[0|0|0],10,35,0,2,0,0,0,0,0,246,16544,16384,0,3,3,0,2,-1,0,0,1,2,0,1,2,0,5,-1,0,0,0,1,[0|0|0|0],-1,-1,-1,-1,-1,-1,-1,-1,-1,-1,-1,-1,-1
77110010,,1,0,[0|0|0],10000,771100,0,0,1,0,0,0,-1,5,8,5,8,3000,0.1,-1,-1,30,0,1,0,0,150,120,100,1,7,12,3,30,0,0,100,60,75,180,1,0,5,15,0,0,0,1,128,0,0,0,1,1,1,0,0,0,0,1,0,[0|0|0],10,35,0,2,0,0,0,0,0,246,16544,16384,0,3,3,0,2,-1,0,0,1,2,0,1,2,0,2,-1,0,0,0,1,[0|0|0|0],-1,-1,-1,-1,-1,-1,-1,-1,-1,-1,-1,-1,-1
77120000,Centipede Grub,1,0,[0|0|0],10000,771200,0,0,1,0,0,0,-1,5,8,0,8,3000,0.1,-1,-1,30,0,1,0,999,9999,9999,9999,1,7,12,3,30,0,0,100,60,75,120,1,0,5,15,0,0,0,1,128,0,0,0,1,1,1,0,0,0,0,1,0,[0|0|0],10,35,0,2,0,0,0,0,0,246,16544,16384,0,3,3,0,2,-1,0,0,1,2,0,1,2,0,5,-1,0,0,0,1,[0|0|0|0],-1,-1,-1,-1,-1,-1,-1,-1,-1,-1,-1,-1,-1
77120010,,1,0,[0|0|0],10000,771200,0,0,1,0,0,0,-1,5,8,5,8,3000,0.1,-1,-1,30,0,1,0,0,150,120,100,1,7,12,3,30,0,0,100,60,75,180,1,0,5,15,0,0,0,1,128,0,0,0,1,1,1,0,0,0,0,1,0,[0|0|0],10,35,0,2,0,0,0,0,0,246,16544,16384,0,3,3,0,2,-1,0,0,1,2,0,1,2,0,2,-1,0,0,0,1,[0|0|0|0],-1,-1,-1,-1,-1,-1,-1,-1,-1,-1,-1,-1,-1
77200000,,0,0,[0|0|0],10000,772000,0,0,1,0,0,0,-1,5,8,0,8,3000,0.1,-1,-1,30,0,1,0,999,9999,9999,9999,1,7,12,3,30,0,0,100,100,90,120,1,0,5,15,0,0,0,1,128,0,0,0,0,1,1,0,0,0,0,1,0,[0|0|0],10,35,0,2,0,0,0,0,0,0,16544,16384,0,3,2,0,2,-1,0,0,1,2,0,1,2,0,5,-1,0,0,0,1,[0|0|0|0],-1,-1,-1,-1,-1,-1,-1,-1,-1,-1,-1,-1,-1
77200010,,0,0,[0|0|0],10000,772000,0,0,1,0,0,0,-1,5,8,0,8,3000,0.1,-1,-1,30,0,1,0,999,9999,9999,9999,1,7,12,3,30,0,0,100,100,90,120,1,0,5,15,0,0,0,1,128,0,0,0,0,1,1,0,0,0,0,1,0,[0|0|0],10,35,0,2,0,0,0,0,0,0,16544,16384,0,3,2,0,2,-1,0,0,1,2,0,1,2,0,5,-1,0,0,0,1,[0|0|0|0],-1,-1,-1,-1,-1,-1,-1,-1,-1,-1,-1,-1,-1
78000000,Duke's Dear Freja,0,0,[0|0|0],10000,780000,0,0,1,0,0,0,-1,5,8,0,8,3001,0.1,-1,-1,30,0,1,0,999,9999,9999,9999,1,7,12,3,30,0,0,100,10,90,120,1,0,5,15,0,0,0,1,128,0,0,0,1,1,1,0,0,0,0,0,0,[0|0|0],10,35,0,2,0,0,0,0,0,0,16544,16384,0,3,3,0,2,-1,0,0,1,2,0,1,2,0,5,-1,0,0,0,1,[0|0|0|0],-1,-1,-1,-1,-1,-1,-1,-1,-1,-1,-1,-1,-1
78000010,,0,0,[0|0|0],10000,780000,0,0,1,0,0,0,-1,5,8,5,8,3001,0.1,-1,-1,30,0,1,0,0,80,50,50,1,7,12,3,30,0,0,100,10,90,180,1,0,5,15,0,0,0,1,128,0,0,0,1,1,1,0,0,0,0,0,0,[0|0|0],10,35,0,2,0,0,0,0,0,0,16544,16384,0,3,3,0,2,-1,0,0,1,2,0,1,2,0,2,-1,0,0,0,1,[0|0|0|0],-1,-1,-1,-1,-1,-1,-1,-1,-1,-1,-1,-1,-1
78100000,Freja Spiderling,0,0,[0|0|0],781000,781000,0,0,0,0,1,0,-1,2,2,5,8,3000,0.1,-1,-1,30,0,0,0,0,85,30,12,1,0,0,3,30,0,0,100,40,90,120,1,0,5,15,0,0,0,15,128,0,0,0,1,1,1,0,0,0,0,0,0,[0|0|0],5,35,0,0,0,0,0,0,0,0,16544,16384,0,3,3,3,3,-1,0,0,15,3,0,1,3,0,2,-1,0,2,0,0,[0|0|0|0],-1,-1,-1,-1,-1,-1,-1,-1,-1,-1,-1,-1,-1
78100010,Freja Spiderling,0,0,[0|0|0],781000,781000,0,0,0,0,1,0,-1,2,2,0,8,3000,0.1,-1,-1,30,0,1,0,200,85,85,12,1,0,0,3,30,0,0,100,40,90,120,1,0,5,15,0,0,0,15,128,0,0,0,1,1,1,0,0,0,0,0,0,[0|0|0],5,35,0,0,0,0,0,0,0,0,16544,16384,0,3,3,0,3,-1,0,0,15,3,0,1,3,0,2,-1,0,2,0,1,[0|0|0|0],-1,-1,-1,-1,-1,-1,-1,-1,-1,-1,-1,-1,-1
78100020,,0,0,[0|0|0],781000,781000,0,0,0,0,1,0,-1,2,2,5,8,3000,0.1,-1,-1,30,0,1,0,0,80,50,50,1,0,0,3,30,0,0,100,40,90,180,1,0,5,15,0,0,0,15,128,0,0,0,1,1,1,0,0,0,0,0,0,[0|0|0],5,35,0,0,0,0,0,0,0,0,16544,16384,0,3,3,0,3,-1,0,0,15,3,0,1,3,0,2,-1,0,2,0,1,[0|0|0|0],-1,-1,-1,-1,-1,-1,-1,-1,-1,-1,-1,-1,-1
78200000,Smelter Demon,0,0,[0|0|0],10000,782000,0,0,1,0,0,0,-1,5,8,0,8,3001,0.1,-1,-1,30,0,1,0,999,9999,9999,9999,1,7,12,3,30,0,0,100,100,90,120,1,0,5,15,0,0,0,1,128,0,0,0,0,1,1,0,0,0,0,0,0,[0|0|0],10,35,0,2,0,0,0,0,0,0,16544,16384,0,3,3,0,2,-1,0,0,1,2,0,1,2,0,5,-1,0,0,0,1,[0|0|0|0],-1,-1,-1,-1,-1,-1,-1,-1,-1,-1,-1,-1,-1
78200010,,0,0,[0|0|0],10000,782000,0,0,1,0,0,0,-1,5,8,5,8,3001,0.1,-1,-1,30,0,1,0,0,80,50,50,1,7,12,3,30,0,0,100,100,90,180,1,0,5,15,0,0,0,1,128,0,0,0,0,1,1,0,0,0,0,0,0,[0|0|0],10,35,0,2,0,0,0,0,0,0,16544,16384,0,3,3,0,2,-1,0,0,1,2,0,1,2,0,2,-1,0,0,0,1,[0|0|0|0],-1,-1,-1,-1,-1,-1,-1,-1,-1,-1,-1,-1,-1
79000000,Nameless King,0,0,[0|0|0],10000,790000,0,0,1,0,0,0,-1,5,8,0,8,3000,0.1,-1,-1,30,0,1,0,999,9999,9999,9999,1,7,12,3,30,0,0,100,100,120,120,1,0,5,15,0,0,0,1,128,0,0,0,1,1,1,0,0,0,0,0,0,[0|0|0],10,35,0,2,0,0,0,0,0,0,16544,16384,0,3,3,0,2,-1,0,0,1,2,0,0,2,0,5,-1,0,0,0,1,[0|0|0|0],-1,-1,-1,-1,-1,-1,-1,-1,-1,-1,-1,-1,-1
79000010,Nameless King GH Castle,0,0,[0|0|0],10000,790000,0,0,1,0,0,0,-1,5,8,0,8,3000,0.1,-1,-1,30,0,1,0,0,150,30,20,1,7,12,5,30,0,0,100,100,120,120,1,0,5,15,0,0,0,1,128,0,0,0,1,1,1,0,0,0,0,0,0,[0|0|0],10,35,0,2,0,0,0,0,0,0,16544,16384,0,3,3,0,2,-1,0,0,1,2,0,0,2,0,5,-1,0,0,0,1,[0|0|0|0],-1,-1,-1,-1,-1,-1,-1,-1,-1,-1,-1,-1,-1
79100000,Nameless King (Mount),0,0,[0|0|0],10000,791000,0,0,1,0,0,0,-1,5,8,0,8,3000,0.1,-1,-1,30,0,1,0,999,9999,9999,9999,1,7,12,3,30,0,0,100,100,120,120,1,0,5,15,0,0,0,1,128,0,0,0,1,1,1,0,0,0,0,1,0,[0|0|0],10,35,0,2,0,0,0,0,0,0,16544,16384,0,3,3,0,2,-1,0,0,1,2,0,0,2,0,5,-1,0,0,0,1,[0|0|0|0],-1,-1,-1,-1,-1,-1,-1,-1,-1,-1,-1,-1,-1
79200000,Dancer of the Boreal Valley,0,0,[0|0|0],10000,792000,0,0,1,0,0,0,-1,5,8,0,8,3000,0.1,-1,-1,30,0,1,0,999,9999,9999,9999,1,7,12,3,30,0,0,100,100,120,120,1,0,5,15,0,0,0,1,128,0,0,0,0,1,1,0,0,0,0,0,0,[0|0|0],10,35,0,2,0,0,0,0,0,0,16544,16384,0,3,3,0,2,-1,0,0,1,2,0,0,2,0,5,-1,0,0,0,1,[0|0|0|0],-1,-1,-1,-1,-1,-1,-1,-1,-1,-1,-1,-1,-1
79200010,,0,0,[0|0|0],10000,792000,0,0,1,0,0,0,-1,5,8,5,8,3000,0.1,-1,-1,30,0,1,0,0,80,50,50,1,7,12,3,30,0,0,100,100,120,180,1,0,5,15,0,0,0,1,128,0,0,0,0,1,1,0,0,0,0,0,0,[0|0|0],10,35,0,2,0,0,0,0,0,0,16544,16384,0,3,3,0,2,-1,0,0,1,2,0,0,2,0,2,-1,0,0,0,1,[0|0|0|0],-1,-1,-1,-1,-1,-1,-1,-1,-1,-1,-1,-1,-1
79300000,,0,0,[0|0|0],10000,793000,0,0,1,0,0,0,-1,5,8,0,8,3000,0.1,-1,-1,30,0,1,0,999,9999,9999,9999,1,7,12,3,30,0,0,100,51,90,120,1,0,5,15,0,0,0,1,128,0,0,0,1,1,1,0,0,0,0,1,0,[0|0|0],10,35,0,2,0,0,0,0,0,0,16544,16384,0,3,2,0,2,-1,0,0,1,2,0,1,2,0,5,-1,0,0,0,1,[0|0|0|0],-1,-1,-1,-1,-1,-1,-1,-1,-1,-1,-1,-1,-1
79300010,,0,0,[0|0|0],10000,793000,0,0,1,0,0,0,-1,5,8,0,8,3000,0.1,-1,-1,30,0,1,0,999,9999,9999,9999,1,7,12,3,30,0,0,100,51,90,120,1,0,5,15,0,0,0,1,128,0,0,0,1,1,1,0,0,0,0,1,0,[0|0|0],10,35,0,2,0,0,0,0,0,0,16544,16384,0,3,2,0,2,-1,0,0,1,2,0,1,2,0,5,-1,0,0,0,1,[0|0|0|0],-1,-1,-1,-1,-1,-1,-1,-1,-1,-1,-1,-1,-1
79300100,,0,0,[0|0|0],10000,793090,0,0,1,0,0,0,-1,5,8,0,8,3000,0.1,-1,-1,30,0,1,0,999,9999,9999,9999,1,7,12,3,30,0,0,100,100,90,120,1,0,5,15,0,0,0,1,128,0,0,0,0,1,1,0,0,0,0,1,0,[0|0|0],10,35,0,2,0,0,0,0,0,0,16544,16384,0,3,2,0,2,-1,0,0,1,2,0,1,2,0,5,-1,0,0,0,1,[0|0|0|0],-1,-1,-1,-1,-1,-1,-1,-1,-1,-1,-1,-1,-1
79300110,,0,0,[0|0|0],10000,793090,0,0,1,0,0,0,-1,5,8,0,8,3000,0.1,-1,-1,30,0,1,0,999,9999,9999,9999,1,7,12,3,30,0,0,100,100,90,120,1,0,5,15,0,0,0,1,128,0,0,0,0,1,1,0,0,0,0,1,0,[0|0|0],10,35,0,2,0,0,0,0,0,0,16544,16384,0,3,2,0,2,-1,0,0,1,2,0,1,2,0,5,-1,0,0,0,1,[0|0|0|0],-1,-1,-1,-1,-1,-1,-1,-1,-1,-1,-1,-1,-1
79310000,,0,0,[0|0|0],793100,793100,0,0,1,0,0,0,-1,5,8,0,8,3000,0.1,-1,-1,30,0,1,0,999,9999,9999,9999,1,7,12,3,30,0,0,100,100,90,120,1,0,5,15,0,0,0,1,128,0,0,0,0,1,1,0,0,0,0,1,0,[0|0|0],10,35,0,2,0,0,0,0,0,0,16544,16384,0,3,2,0,2,-1,0,0,1,2,0,1,2,0,5,-1,0,0,0,1,[0|0|0|0],-1,-1,-1,-1,-1,-1,-1,-1,-1,-1,-1,-1,-1
79320000,,0,0,[0|0|0],793200,793200,0,0,1,0,0,0,-1,5,8,0,8,3000,0.1,-1,-1,30,0,1,0,999,9999,9999,9999,1,7,12,3,30,0,0,100,100,90,120,1,0,5,15,0,0,0,1,128,0,0,0,0,1,1,0,0,0,0,1,0,[0|0|0],10,35,0,2,0,0,0,0,0,0,16544,16384,0,3,2,0,2,-1,0,0,1,2,0,1,2,0,5,-1,0,0,0,1,[0|0|0|0],-1,-1,-1,-1,-1,-1,-1,-1,-1,-1,-1,-1,-1
80000000,Torrent,0,0,[0|0|0],800000,0,20,20,0,0,1,0,-1,5,8,5,8,-1,0.1,0,0,15,0,0,0,0,9999,9999,9999,999,999,9999,3,0,0,0,100,0,30,30,1,0,0,0,0,0,0,0,128,0,0,0,0,1,1,0,0,0,0,0,0,[0|0|0],5,35,0,0,0,0,0,0,0,0,16544,16384,0,3,3,0,0,-1,0,0,0,0,1,0,0,0,5,-1,0,2,1,0,[0|0|0|0],-1,-1,-1,-1,-1,-1,-1,-1,-1,-1,-1,-1,-1
80001000,Torrent,0,0,[0|0|0],800010,0,20,20,0,0,1,0,-1,5,8,5,8,-1,0.1,0,0,15,0,0,0,0,9999,9999,9999,999,999,9999,3,0,0,0,100,0,30,30,1,0,0,0,0,0,0,0,128,0,0,0,0,1,1,0,0,0,0,0,0,[0|0|0],5,35,0,0,0,0,0,0,0,0,16544,16384,0,3,3,0,0,-1,0,0,0,0,1,0,0,0,5,-1,0,2,1,0,[0|0|0|0],-1,-1,-1,-1,-1,-1,-1,-1,-1,-1,-1,-1,-1
523090010,Patches (ADDED),0,0,[0|0|0],10000,29999,20,20,0,0,1,0,-1,5,8,0,8,0,0.1,-1,-1,30,0,0,0,0,9999,9999,9999,1,7,12,3,28,0,0,100,50,120,120,0,0,5,15,0,0,0,1,120,0,1,0,0,1,1,1,0,1,0,0,0,[0|0|0],5,35,0,2,0,0,0,0,0,0,0,0,0,3,3,3,2,-1,0,0,1,2,1,0,2,0,5,-1,0,2,1,0,[0|0|0|0],-1,-1,-1,-1,-1,-1,-1,-1,-1,-1,-1,-1,-1
523120000,Castellan Jerren (ADDED),0,0,[0|0|0],10000,29999,0,0,0,0,1,0,-1,5,8,0,8,0,0.1,-1,-1,30,0,0,0,9999,9999,9999,9999,1,7,12,3,15,0,0,100,50,60,90,1,0,5,15,0,0,0,1,128,0,0,0,0,1,1,1,0,1,0,0,0,[0|0|0],5,35,0,2,0,0,0,0,0,0,0,0,0,3,3,3,2,-1,0,0,1,2,1,0,2,0,5,-1,0,2,1,0,[0|0|0|0],-1,-1,-1,-1,-1,-1,-1,-1,-1,-1,-1,-1,-1
523120040,Castellan Jerren (ADDED),0,0,[0|0|0],10000,29999,0,0,0,0,1,0,-1,5,8,0,8,0,0.1,-1,-1,30,0,0,0,9999,9999,9999,9999,1,7,12,3,15,0,0,100,30,60,90,1,0,5,15,0,0,0,1,128,0,0,0,1,1,1,1,0,1,0,0,0,[0|0|0],5,35,0,2,0,0,0,0,0,0,0,0,0,3,3,3,2,-1,0,0,1,2,1,0,2,0,5,-1,0,2,1,0,[0|0|0|0],-1,-1,-1,-1,-1,-1,-1,-1,-1,-1,-1,-1,-1
20300000,Rennala Queen of the Full Moon (ADDED),0,0,[0|0|0],10000,203000,0,0,0,0,1,0,-1,5,8,0,500,-1,0.1,-1,-1,30,0,0,0,0,9999,9999,9999,1,7,12,3,10,0,0,100,0,90,180,0,0,5,15,0,0,0,0,128,0,1,0,0,1,1,0,0,0,0,0,0,[0|0|0],5,35,0,2,0,0,0,0,0,0,0,0,0,1,1,3,2,-1,0,0,0,2,0,0,2,0,600,-1,0,2,0,1,[0|0|0|0],-1,-1,-1,-1,-1,-1,-1,-1,-1,-1,-1,-1,-1
20310000,Rennala Queen of the Full Moon (ADDED),0,0,[0|0|0],203100,203100,0,0,0,0,1,0,-1,5,8,0,500,3013,0.1,-1,-1,30,0,0,0,0,9999,9999,9999,1,7,12,3,10,0,0,100,0,90,180,0,0,5,15,0,0,0,0,128,0,0,0,0,1,1,0,0,0,0,0,0,[0|0|0],5,35,0,2,0,0,0,0,0,0,0,0,0,1,1,2,2,-1,0,0,0,2,0,0,2,0,600,3003,0,2,0,1,[0|0|0|0],-1,-1,-1,-1,-1,-1,-1,-1,-1,-1,-1,-1,-1
20310050,Rennala Queen of the Full Moon (NB1),0,0,[0|0|0],203100,203100,0,0,0,0,1,0,-1,5,8,0,8,3013,0.1,-1,-1,30,0,0,0,999,40,35,30,1,7,4,3,30,0,0,100,0,90,180,0,0,5,15,0,0,0,0,128,0,0,0,0,1,1,0,0,0,0,0,0,[0|0|0],5,35,0,2,0,0,0,0,0,0,16544,16384,0,1,1,2,2,-1,0,0,0,2,0,0,2,0,5,3003,0,2,0,1,[0|0|0|0],-1,-1,-1,-1,-1,-1,-1,-1,-1,-1,-1,-1,-1
21100000,Beast Clergyman (ADDED),0,0,[0|0|0],10000,211000,0,0,0,0,1,0,-1,5,8,0,500,3007,0.1,-1,-1,30,0,0,0,70,9999,9999,9999,1,7,12,3,10,0,0,100,0,90,180,1,0,5,15,0,0,0,0,128,0,0,0,0,1,1,0,0,0,0,0,0,[0|0|0],5,35,0,2,0,0,0,0,0,0,0,0,0,1,1,3,2,-1,0,0,0,2,0,0,2,0,600,3003,0,2,0,1,[0|0|0|0],-1,-1,-1,-1,-1,-1,-1,-1,-1,-1,-1,-1,-1
21100050,Beast Clergyman (NB1),0,0,[0|0|0],10000,211000,0,0,0,0,1,0,-1,5,8,0,8,3007,0.1,-1,-1,30,0,0,0,999,9999,9999,9999,1,7,12,3,30,0,0,100,0,90,180,1,0,5,15,0,0,0,0,128,0,0,0,0,1,1,0,0,0,0,0,0,[0|0|0],5,35,0,2,0,0,0,0,0,0,16544,16384,0,1,1,3,2,-1,0,0,0,2,0,0,2,0,5,3003,0,2,0,1,[0|0|0|0],-1,-1,-1,-1,-1,-1,-1,-1,-1,-1,-1,-1,-1
21100005,Beast Clergyman (MMV),0,0,[0|0|0],10000,211000,0,0,0,0,1,0,-1,5,8,0,500,3007,0.1,-1,-1,30,0,0,0,0,50,40,30,1,7,12,3,10,0,0,100,0,90,180,1,0,5,15,0,0,0,0,128,0,0,0,0,1,1,0,0,0,0,0,0,[0|0|0],5,35,0,2,0,0,0,0,0,0,0,0,0,1,1,3,2,-1,0,0,0,2,0,0,2,0,600,3003,0,2,0,1,[0|0|0|0],-1,-1,-1,-1,-1,-1,-1,-1,-1,-1,-1,-1,-1
21101000,Maliketh the Black Blade (ADDED),0,0,[0|0|0],10000,211010,0,0,0,0,1,0,-1,5,8,0,500,3001,0.1,-1,-1,30,0,0,0,70,9999,9999,9999,1,7,12,3,10,0,0,100,0,90,180,1,0,5,15,0,0,0,0,128,0,0,0,0,1,1,0,0,0,0,0,0,[0|0|0],5,35,0,2,0,0,0,0,0,0,0,0,0,1,1,0,2,-1,0,0,0,2,0,0,2,0,600,-1,0,2,0,1,[0|0|0|0],-1,-1,-1,-1,-1,-1,-1,-1,-1,-1,-1,-1,-1
21101050,Maliketh the Black Blade (NB2),0,0,[0|0|0],10000,211010,0,0,0,0,1,0,-1,5,8,0,8,3001,0.1,-1,-1,30,0,0,0,999,9999,9999,9999,1,7,12,3,30,0,0,100,0,90,180,1,0,5,15,0,0,0,0,128,0,0,0,0,1,1,0,0,0,0,0,0,[0|0|0],5,35,0,2,0,0,0,0,0,0,16544,16384,0,1,1,0,2,-1,0,0,0,2,0,0,2,0,5,-1,0,2,0,1,[0|0|0|0],-1,-1,-1,-1,-1,-1,-1,-1,-1,-1,-1,-1,-1
21102000,Beast Clergyman (Sanctum) (ADDED),0,0,[0|0|0],10000,211000,0,0,0,0,1,0,-1,5,8,0,500,3007,0.1,-1,-1,30,0,0,0,0,9999,9999,9999,1,7,12,3,10,0,0,100,0,90,180,1,0,5,15,0,0,0,0,128,0,0,0,0,1,1,0,0,0,0,0,0,[0|0|0],5,35,0,2,0,0,0,0,0,0,0,0,0,1,1,3,2,-1,0,0,0,2,0,0,2,0,600,3003,0,2,0,1,[0|0|0|0],-1,-1,-1,-1,-1,-1,-1,-1,-1,-1,-1,-1,-1
21200000,Malenia- Blade of Miquella (ADDED),0,0,[0|0|0],10000,212000,0,0,0,0,1,0,-1,5,8,0,8,3024,0.1,-1,-1,30,0,0,0,0,9999,9999,9999,1,7,12,3,10,0,0,100,0,90,180,0,0,5,15,0,0,0,0,128,0,0,0,0,1,1,0,0,0,0,0,0,[0|0|0],5,35,0,2,0,0,0,0,0,0,0,0,0,1,1,3,2,-1,0,0,0,2,0,1,2,0,5,-1,0,2,0,1,[0|0|0|0],-1,-1,-1,-1,-1,-1,-1,-1,-1,-1,-1,-1,-1
21200050,Malenia- Blade of Miquella (NB2),0,0,[0|0|0],10000,212000,0,0,0,0,1,0,-1,5,8,0,8,3024,0.1,-1,-1,30,0,0,0,999,9999,9999,9999,1,7,12,3,30,0,0,100,0,90,180,0,0,5,15,0,0,0,0,128,0,0,0,0,1,1,0,0,0,0,0,0,[0|0|0],5,35,0,2,0,0,0,0,0,0,16544,16384,0,1,1,3,2,-1,0,0,0,2,0,1,2,0,5,-1,0,2,0,1,[0|0|0|0],-1,-1,-1,-1,-1,-1,-1,-1,-1,-1,-1,-1,-1
21201000,Malenia- Blade of Miquella (ADDED),0,0,[0|0|0],10000,212000,0,0,0,0,1,0,-1,5,8,0,8,3024,0.1,-1,-1,30,0,0,0,0,9999,9999,9999,1,7,12,3,10,0,0,100,0,90,180,0,0,5,15,0,0,0,0,128,0,0,0,0,1,1,0,0,0,0,0,0,[0|0|0],5,35,0,2,0,0,0,0,0,0,0,0,0,1,1,3,2,-1,0,0,0,2,0,1,2,0,5,-1,0,2,0,1,[0|0|0|0],212000,-1,-1,-1,-1,-1,-1,-1,-1,-1,-1,-1,-1
21201010,Malenia- Blade of Miquella (ADDED),0,0,[0|0|0],10000,212010,0,0,0,0,1,0,-1,5,8,0,8,3024,0.1,-1,-1,30,0,0,0,0,9999,9999,9999,1,7,12,3,10,0,0,100,0,90,180,0,0,5,15,0,0,0,0,128,0,0,0,0,1,1,0,0,0,0,0,0,[0|0|0],5,35,0,2,0,0,0,0,0,0,0,0,0,1,1,3,2,-1,0,0,0,2,0,1,2,0,5,-1,0,2,0,1,[0|0|0|0],212000,-1,-1,-1,-1,-1,-1,-1,-1,-1,-1,-1,-1
45110000,Lichdragon Fortissax (ADDED),0,0,[0|0|0],10000,451000,10,20,1,0,0,0,-1,5,8,5,8,3000,0.1,0,0,30,0,0,0,0,9999,9999,9999,999,999,9999,3,20,0,0,100,0,80,180,0,0,0,0,0,0,0,1,128,0,1,0,0,1,1,0,0,0,0,0,0,[0|0|0],5,35,0,2,0,0,0,0,0,0,0,0,0,3,1,2,2,-1,0,0,1,2,0,0,2,0,5,3022,0,2,0,1,[0|0|0|0],-1,-1,-1,-1,-1,-1,-1,-1,-1,-1,-1,-1,-1
45110050,Lichdragon Fortissax (NB2),0,0,[0|0|0],10000,451000,10,20,1,0,0,0,-1,5,8,5,8,3000,0.1,0,0,30,0,0,0,999,9999,9999,9999,999,999,12,3,30,0,0,100,0,80,180,0,0,0,0,0,0,0,1,128,0,1,0,0,1,1,0,0,0,0,0,0,[0|0|0],5,35,0,2,0,0,0,0,0,0,16544,16384,0,3,1,2,2,-1,0,0,1,2,0,0,2,0,5,3022,0,2,0,1,[0|0|0|0],-1,-1,-1,-1,-1,-1,-1,-1,-1,-1,-1,-1,-1
45110005,Lichdragon Fortissax (MMV),0,0,[0|0|0],10000,451000,10,20,1,0,0,0,-1,5,8,5,8,3000,0.1,0,0,30,0,0,0,0,9999,9999,9999,999,999,9999,3,20,0,0,100,0,80,180,0,0,0,0,0,0,0,1,128,0,1,0,0,1,1,0,0,0,0,0,0,[0|0|0],5,35,0,2,0,0,0,0,0,0,0,0,0,3,1,2,2,-1,0,0,1,2,0,0,2,0,5,3022,0,2,0,1,[0|0|0|0],-1,-1,-1,-1,-1,-1,-1,-1,-1,-1,-1,-1,-1
47200000,Godfrey- First Elden Lord (ADDED),0,0,[0|0|0],10000,472000,0,0,1,0,1,0,-1,5,8,0,8,3000,0.1,0,0,30,0,0,0,0,9999,9999,9999,1,7,12,3,30,0,0,100,80,90,180,0,0,0,0,0,0,0,0,128,0,0,0,0,1,1,0,0,0,0,0,0,[0|0|0],5,35,0,2,0,0,0,0,0,0,0,0,0,0,0,0,2,-1,0,0,0,2,0,0,2,0,5,-1,0,2,0,1,[0|0|0|0],-1,-1,-1,-1,-1,-1,-1,-1,-1,-1,-1,-1,-1
47200050,Godfrey- First Elden Lord (NB1),0,0,[0|0|0],10000,472000,0,0,1,0,1,0,-1,5,8,0,8,3000,0.1,0,0,30,0,0,0,999,9999,9999,9999,1,7,12,3,30,0,0,100,80,90,180,0,0,0,0,0,0,0,0,128,0,0,0,0,1,1,0,0,0,0,0,0,[0|0|0],5,35,0,2,0,0,0,0,0,0,16544,16384,0,0,0,0,2,-1,0,0,0,2,0,0,2,0,5,-1,0,2,0,1,[0|0|0|0],-1,-1,-1,-1,-1,-1,-1,-1,-1,-1,-1,-1,-1
47200900,Godfrey- First Elden Lord (ADDED),0,0,[0|0|0],10000,472000,0,0,1,0,1,0,-1,5,8,0,8,3000,0.1,0,0,30,0,0,0,0,9999,9999,9999,1,7,12,3,30,0,0,100,80,90,180,0,0,0,0,0,0,0,0,128,0,0,0,0,1,1,0,0,0,0,0,0,[0|0|0],5,35,0,2,0,0,0,0,0,0,0,0,0,0,0,0,2,-1,0,0,0,2,0,0,2,0,5,-1,0,2,0,1,[0|0|0|0],-1,-1,-1,-1,-1,-1,-1,-1,-1,-1,-1,-1,-1
47210000,Hoarah Loux (ADDED),0,0,[0|0|0],10000,472100,0,0,1,0,1,0,-1,5,8,0,8,3000,0.1,0,0,30,0,0,0,0,9999,9999,9999,1,7,12,3,30,0,0,100,80,90,180,0,0,0,0,0,0,0,0,128,0,0,0,0,1,1,0,0,0,0,0,0,[0|0|0],5,35,0,2,0,0,0,0,0,0,0,0,0,0,0,0,2,-1,0,0,0,2,0,0,2,0,5,-1,0,2,0,1,[0|0|0|0],-1,-1,-1,-1,-1,-1,-1,-1,-1,-1,-1,-1,-1
47210900,Hoarah Loux (ADDED),0,0,[0|0|0],10000,472100,0,0,1,0,1,0,-1,5,8,0,8,3000,0.1,0,0,30,0,0,0,0,9999,9999,9999,1,7,12,3,30,0,0,100,80,90,180,0,0,0,0,0,0,0,0,128,0,0,0,0,1,1,0,0,0,0,0,0,[0|0|0],5,35,0,2,0,0,0,0,0,0,0,0,0,0,0,0,2,-1,0,0,0,2,0,0,2,0,5,-1,0,2,0,1,[0|0|0|0],-1,-1,-1,-1,-1,-1,-1,-1,-1,-1,-1,-1,-1
47300000,Starscourge Radahn (ADDED),0,0,[0|0|0],10000,473000,0,0,1,0,0,0,-1,5,8,0,8,-1,0.1,0,0,30,0,0,0,200,9999,9999,9999,1,7,12,3,30,0,0,100,80,90,180,1,0,0,0,0,0,0,3,128,0,0,0,0,1,1,0,0,0,0,0,0,[0|0|0],5,35,0,2,0,0,0,0,0,0,0,0,0,3,0,0,3,-1,0,0,3,3,0,0,3,0,5,-1,0,0,0,1,[0|0|0|0],-1,-1,-1,-1,-1,-1,-1,-1,-1,-1,-1,-1,-1
47300050,Starscourge Radahn (NB1),0,0,[0|0|0],10000,473000,0,0,1,0,0,0,-1,5,8,0,8,-1,0.1,0,0,30,0,0,0,999,9999,9999,9999,1,7,12,3,30,0,0,100,80,90,180,1,0,0,0,0,0,0,3,128,0,0,0,0,1,1,0,0,0,0,0,0,[0|0|0],5,35,0,2,0,0,0,0,0,0,16544,16384,0,3,0,0,3,-1,0,0,3,3,0,0,3,0,5,-1,0,0,0,1,[0|0|0|0],-1,-1,-1,-1,-1,-1,-1,-1,-1,-1,-1,-1,-1
47300100,Starscourge Radahn (ADDED),0,0,[0|0|0],10000,473000,0,0,1,0,0,0,-1,5,8,0,8,-1,0.1,0,0,30,0,0,0,0,9999,9999,9999,1,7,12,3,30,0,0,100,80,60,80,1,0,0,0,0,0,0,3,128,0,0,0,0,1,1,0,0,0,0,0,0,[0|0|0],10,35,0,2,0,0,0,0,0,0,0,0,0,3,0,0,3,-1,0,0,1,3,0,0,3,0,5,-1,0,0,0,1,[0|0|0|0],-1,-1,-1,-1,-1,-1,-1,-1,-1,-1,-1,-1,-1
50000000,Commander Gaius (ADDED),0,0,[0|0|0],10000,500000,0,0,0,0,1,0,-1,5,8,0,500,0,0.1,-1,-1,30,0,0,0,0,9999,9999,9999,1,7,12,3,10,0,0,100,0,90,180,1,0,5,15,0,0,0,0,128,0,0,0,0,1,1,0,0,0,0,0,0,[0|0|0],5,35,0,2,0,0,0,0,0,0,0,0,0,1,1,3,2,-1,0,0,0,2,0,0,2,0,600,3003,0,2,0,1,[0|0|0|0],-1,-1,-1,-1,-1,-1,-1,-1,-1,-1,-1,-1,-1
50000050,Commander Gaius (NB2),0,0,[0|0|0],10000,500000,0,0,0,0,1,0,-1,5,8,0,8,0,0.1,-1,-1,30,0,0,0,999,9999,9999,9999,1,7,12,3,30,0,0,100,0,90,180,1,0,5,15,0,0,0,0,128,0,0,0,0,1,1,0,0,0,0,0,0,[0|0|0],5,35,0,2,0,0,0,0,0,0,16544,16384,0,1,1,3,2,-1,0,0,0,2,0,0,2,0,5,3003,0,2,0,1,[0|0|0|0],-1,-1,-1,-1,-1,-1,-1,-1,-1,-1,-1,-1,-1
50000010,Commander Gaius (ADDED),0,0,[0|0|0],10000,500000,0,0,0,0,1,0,-1,5,8,0,500,0,0.1,-1,-1,30,0,0,0,70,9999,9999,9999,1,7,12,3,10,0,0,100,0,90,180,1,0,5,15,0,0,0,0,128,0,0,0,0,1,1,0,0,0,0,0,0,[0|0|0],5,35,0,2,0,0,0,0,0,0,0,0,0,1,1,3,2,-1,0,0,0,2,0,0,2,0,600,3003,0,2,0,1,[0|0|0|0],-1,-1,-1,-1,-1,-1,-1,-1,-1,-1,-1,-1,-1
50300000,Romina- Saint of the Bud (ADDED),0,0,[0|0|0],10000,503000,10,5,0,0,1,0,-1,5,8,5,500,3000,0.1,-1,-1,30,0,0,0,0,9999,9999,9999,1,7,12,3,20,0,0,100,0,90,180,1,0,5,15,0,0,0,0,128,0,1,0,0,1,1,0,0,0,0,0,0,[0|0|0],5,35,0,2,0,0,0,0,0,0,0,0,0,0,1,3,2,-1,0,0,0,2,0,0,2,0,600,-1,0,2,0,0,[0|0|0|0],-1,-1,-1,-1,-1,-1,-1,-1,-1,-1,-1,-1,-1
50300050,Romina- Saint of the Bud (NB2),0,0,[0|0|0],10000,503000,10,5,0,0,1,0,-1,5,8,5,8,3000,0.1,-1,-1,30,0,0,0,999,9999,9999,9999,1,7,12,3,30,0,0,100,0,90,180,1,0,5,15,0,0,0,0,128,0,1,0,0,1,1,0,0,0,0,0,0,[0|0|0],5,35,0,2,0,0,0,0,0,0,16544,16384,0,0,1,3,2,-1,0,0,0,2,0,0,2,0,5,-1,0,2,0,0,[0|0|0|0],-1,-1,-1,-1,-1,-1,-1,-1,-1,-1,-1,-1,-1
50300005,Romina (MMV),0,0,[0|0|0],10000,503000,10,5,0,0,1,0,-1,5,8,5,500,3000,0.1,-1,-1,30,0,0,0,0,9999,9999,9999,1,7,12,3,20,0,0,100,0,90,180,1,0,5,15,0,0,0,0,128,0,1,0,0,1,1,0,0,0,0,0,0,[0|0|0],5,35,0,2,0,0,0,0,0,0,0,0,0,0,1,3,2,-1,0,0,0,2,0,0,2,0,600,-1,0,2,0,0,[0|0|0|0],-1,-1,-1,-1,-1,-1,-1,-1,-1,-1,-1,-1,-1
50510000,Midra- Lord of Frenzied Flame (ADDED),0,0,[0|0|0],10000,505100,10,5,1,0,1,0,-1,2,2,5,8,3000,0.1,0,0,20,0,0,0,100,999,999,999,1,7,12,3,20,0,0,100,100,75,85,0,0,0,0,0,0,0,0,128,0,0,0,0,1,1,0,0,0,0,0,0,[0|0|0],5,35,0,2,0,0,0,0,0,0,0,0,0,0,1,3,2,-1,0,0,0,2,1,0,2,0,5,-1,0,2,1,0,[0|0|0|0],-1,-1,-1,-1,-1,-1,-1,-1,-1,-1,-1,-1,-1
50510050,Midra- Lord of Frenzied Flame (NB2),0,0,[0|0|0],10000,505100,10,5,1,0,1,0,-1,2,2,5,8,3000,0.1,0,0,20,0,0,0,999,9999,9999,9999,1,7,12,3,30,0,0,100,100,75,85,0,0,0,0,0,0,0,0,128,0,0,0,0,1,1,0,0,0,0,0,0,[0|0|0],5,35,0,2,0,0,0,0,0,0,16544,16384,0,0,1,3,2,-1,0,0,0,2,1,0,2,0,5,-1,0,2,1,0,[0|0|0|0],-1,-1,-1,-1,-1,-1,-1,-1,-1,-1,-1,-1,-1
51300000,Messmer the Impaler (ADDED),0,0,[0|0|0],10000,513000,0,0,0,0,1,0,-1,5,8,0,8,3000,0.1,-1,-1,30,0,0,0,200,9999,9999,9999,1,7,12,3,10,0,0,100,0,90,180,0,0,5,15,0,0,0,0,128,0,0,0,0,1,1,0,0,0,0,0,0,[0|0|0],5,35,0,2,0,0,0,0,0,0,0,0,0,1,1,3,2,-1,0,0,0,2,0,1,2,0,5,-1,0,2,0,1,[0|0|0|0],-1,-1,-1,-1,-1,-1,-1,-1,-1,-1,-1,-1,-1
51300050,Messmer the Impaler (NB2),0,0,[0|0|0],10000,513000,0,0,0,0,1,0,-1,5,8,0,8,3000,0.1,-1,-1,30,0,0,0,999,9999,9999,9999,1,7,12,3,30,0,0,100,0,90,180,0,0,5,15,0,0,0,0,128,0,0,0,0,1,1,0,0,0,0,0,0,[0|0|0],5,35,0,2,0,0,0,0,0,0,16544,16384,0,1,1,3,2,-1,0,0,0,2,0,1,2,0,5,-1,0,2,0,1,[0|0|0|0],-1,-1,-1,-1,-1,-1,-1,-1,-1,-1,-1,-1,-1
52000000,Metyr- Mother of Fingers (ADDED),0,0,[0|0|0],10000,520000,10,5,0,0,1,0,-1,5,8,5,500,3000,0.1,-1,-1,30,0,0,0,999,9999,9999,9999,1,7,12,3,20,0,0,100,0,90,180,1,0,5,15,0,0,0,0,128,0,0,0,0,1,1,0,0,0,0,0,0,[0|0|0],5,35,0,2,0,0,0,0,0,0,0,0,0,0,1,3,2,-1,0,0,0,2,0,0,2,0,600,-1,0,2,0,0,[0|0|0|0],-1,-1,-1,-1,-1,-1,-1,-1,-1,-1,-1,-1,-1
52000050,Metyr- Mother of Fingers (NB2),0,0,[0|0|0],10000,520000,10,5,0,0,1,0,-1,5,8,5,8,3000,0.1,-1,-1,30,0,0,0,999,9999,9999,9999,1,7,12,3,30,0,0,100,0,90,180,1,0,5,15,0,0,0,0,128,0,0,0,0,1,1,0,0,0,0,0,0,[0|0|0],5,35,0,2,0,0,0,0,0,0,16544,16384,0,0,1,3,2,-1,0,0,0,2,0,0,2,0,5,-1,0,2,0,0,[0|0|0|0],-1,-1,-1,-1,-1,-1,-1,-1,-1,-1,-1,-1,-1
52300000,Scadutree Avatar (ADDED),0,0,[0|0|0],10000,523000,10,10,0,0,0,0,-1,5,8,0,8,3000,0.1,-1,-1,30,0,0,0,200,9999,9999,9999,1,7,12,3,20,0,0,100,0,90,180,1,0,5,15,0,0,0,0,128,0,1,0,0,1,1,0,0,0,0,0,0,[0|0|0],5,35,0,2,0,0,0,0,0,0,0,0,0,0,1,3,2,-1,0,0,0,2,0,0,2,0,5,-1,0,2,0,0,[0|0|0|0],-1,-1,-1,-1,-1,-1,-1,-1,-1,-1,-1,-1,-1
52300050,Scadutree Avatar (NB1),0,0,[0|0|0],10000,523000,10,10,0,0,0,0,-1,5,8,0,8,3000,0.1,-1,-1,30,0,0,0,999,9999,9999,9999,1,7,12,3,30,0,0,100,0,90,180,1,0,5,15,0,0,0,0,128,0,1,0,0,1,1,0,0,0,0,0,0,[0|0|0],5,35,0,2,0,0,0,0,0,0,16544,16384,0,0,1,3,2,-1,0,0,0,2,0,0,2,0,5,-1,0,2,0,0,[0|0|0|0],-1,-1,-1,-1,-1,-1,-1,-1,-1,-1,-1,-1,-1
53000000,Rellana- Twin Moon Knight (ADDED),0,0,[0|0|0],10000,530000,0,0,0,0,1,0,-1,5,8,0,8,3000,0.1,-1,-1,30,0,0,0,0,9999,9999,9999,1,7,12,3,10,0,0,100,0,90,180,0,0,5,15,0,0,0,0,128,0,1,0,0,1,1,0,0,0,0,0,0,[0|0|0],5,35,0,2,0,0,0,0,0,0,0,0,0,1,1,3,2,-1,0,0,0,2,0,1,2,0,5,-1,0,2,0,1,[0|0|0|0],-1,-1,-1,-1,-1,-1,-1,-1,-1,-1,-1,-1,-1
53000050,Rellana- Twin Moon Knight (NB2),0,0,[0|0|0],10000,530000,0,0,0,0,1,0,-1,5,8,0,8,3000,0.1,-1,-1,30,0,0,0,999,9999,9999,9999,1,7,12,3,30,0,0,100,0,90,180,0,0,5,15,0,0,0,0,128,0,1,0,0,1,1,0,0,0,0,0,0,[0|0|0],5,35,0,2,0,0,0,0,0,0,16544,16384,0,1,1,3,2,-1,0,0,0,2,0,1,2,0,5,-1,0,2,0,1,[0|0|0|0],-1,-1,-1,-1,-1,-1,-1,-1,-1,-1,-1,-1,-1
56500200,Messmer Foot Soldier (ADDED),0,0,[0|0|0],437000,565000,10,20,0,0,1,0,-1,2,2,5,8,3000,0.1,-1,-1,30,0,0,0,0,85,30,12,1,7,12,3,15,0,0,100,50,60,45,0,0,5,15,0,0,0,1,128,0,0,0,1,1,1,1,0,1,0,0,0,[0|0|0],5,35,0,2,0,0,0,0,0,0,0,0,0,3,3,3,2,-1,0,0,0,0,1,0,0,0,2,-1,0,2,1,0,[0|0|0|0],431000,431001,431002,-1,-1,-1,-1,-1,-1,-1,-1,-1,-1
58720000,Imp (Dragon Head) (ADDED),0,0,[0|0|0],10000,587200,10,20,0,0,1,0,-1,5,8,5,8,3020,0.1,-1,-1,30,0,0,0,100,85,30,12,1,7,12,3,15,0,0,100,30,25,180,1,0,5,15,0,0,0,0,128,1,0,0,0,1,1,0,0,0,0,0,0,[0|0|0],5,35,0,2,0,0,0,0,0,0,0,0,0,3,3,1,0,-1,0,0,0,0,0,0,0,0,2,-1,0,0,0,0,[0|0|0|0],-1,-1,-1,-1,-1,-1,-1,-1,-1,-1,-1,-1,-1
58720010,Imp (Dragon Head) (NB),0,0,[0|0|0],10000,587200,10,20,0,0,1,0,-1,5,8,0,8,3020,0.1,-1,-1,30,0,0,0,200,85,85,12,1,7,12,3,15,0,0,100,30,25,180,1,0,5,15,0,0,0,0,128,1,0,0,0,1,1,0,0,0,0,0,0,[0|0|0],5,35,0,2,0,0,0,0,0,0,16544,16384,0,3,3,0,0,-1,0,0,0,0,0,0,0,0,2,-1,0,0,0,1,[0|0|0|0],-1,-1,-1,-1,-1,-1,-1,-1,-1,-1,-1,-1,-1
58800000,Putrescence Sorcerer (ADDED),0,0,[0|0|0],10000,588000,5,5,0,0,1,0,-1,5,8,5,8,3000,0.1,-1,-1,30,0,0,0,1,85,30,20,1,7,12,3,25,0,0,100,30,25,55,0,1,5,15,0,0,0,1,128,0,0,0,0,1,1,1,0,1,0,0,0,[0|0|0],5,35,0,2,0,0,0,0,0,0,0,0,0,1,1,2,1,-1,0,0,1,1,1,0,1,0,5,3006,0,2,1,0,[0|0|0|0],-1,-1,-1,-1,-1,-1,-1,-1,-1,-1,-1,-1,-1
58800010,Putrescence Sorcerer (ADDED),0,0,[0|0|0],10000,588000,5,5,0,0,1,0,-1,5,8,5,8,3000,0.1,-1,-1,30,0,0,0,1,85,30,20,1,7,12,3,25,0,0,100,30,50,55,0,1,5,15,0,0,0,1,128,0,0,0,0,1,1,1,0,1,0,0,0,[0|0|0],5,35,0,2,0,0,0,0,0,0,0,0,0,1,1,2,1,-1,0,0,1,1,1,0,1,0,5,3006,0,2,1,0,[0|0|0|0],-1,-1,-1,-1,-1,-1,-1,-1,-1,-1,-1,-1,-1
62000000,Gael P2 (NB2),0,0,[0|0|0],10000,620000,0,0,1,0,0,0,-1,5,8,0,8,3000,0.1,-1,-1,30,0,1,0,999,9999,9999,9999,1,7,12,3,30,0,0,100,100,90,120,1,0,5,15,0,0,0,1,128,0,0,0,0,1,1,0,0,0,0,1,0,[0|0|0],10,35,0,2,0,0,0,0,0,0,16544,16384,0,3,2,0,2,-1,0,0,1,2,0,1,2,0,5,-1,0,0,0,1,[0|0|0|0],-1,-1,-1,-1,-1,-1,-1,-1,-1,-1,-1,-1,-1
62100000,Corvian Knight (Rapier),0,0,[0|0|0],10000,621000,8,10,0,0,1,0,-1,2,2,5,8,3000,0.1,-1,-1,30,1,1,0,0,100,30,20,1,7,12,3,30,0,0,100,1,60,60,1,0,5,15,0,0,0,1,128,0,0,0,1,1,1,0,1,0,1,0,1,[0|0|0],5,35,0,2,0,0,0,0,0,236,16544,16384,0,5,1,3,2,-1,1,0,1,2,0,0,2,0,2,-1,0,0,0,1,[0|0|0|0],-1,-1,-1,-1,-1,-1,-1,-1,-1,-1,-1,-1,-1
62100052,Albinauric Archer (ADDED),0,0,[0|0|0],317000,317000,0,60,0,0,1,0,-1,5,8,5,6,3004,0.1,0,0,30,0,0,0,0,85,30,20,3,7,50,5,10,0,0,100,10,60,40,1,0,0,0,0,0,0,1,128,0,0,0,0,1,1,0,0,0,0,0,0,[0|0|0],5,35,0,2,0,0,0,0,0,0,0,0,0,1,1,2,1,-1,0,0,1,1,2,0,1,0,6,3000,0,2,2,0,[0|0|0|0],-1,-1,-1,-1,-1,-1,-1,-1,-1,-1,-1,-1,-1
62100053,Albinauric Archer (ADDED),0,0,[0|0|0],317000,317000,0,60,0,0,1,0,-1,5,8,5,6,3004,0.1,0,0,30,0,0,0,0,85,30,20,3,7,50,5,10,0,0,100,10,20,35,1,0,0,0,0,0,0,1,128,0,0,0,0,1,1,0,0,0,0,0,0,[0|0|0],5,35,0,2,0,0,0,0,0,0,0,0,0,1,1,2,1,-1,0,0,1,1,2,0,1,0,6,3000,0,2,2,0,[0|0|0|0],-1,-1,-1,-1,-1,-1,-1,-1,-1,-1,-1,-1,-1
62100054,Albinauric Archer (ADDED),0,0,[0|0|0],317000,317000,0,60,0,0,1,0,-1,5,8,5,6,3004,0.1,0,0,30,0,0,0,0,85,30,20,3,7,50,5,10,0,0,100,10,20,35,1,0,0,0,0,0,0,1,128,0,0,0,0,1,1,0,0,0,0,0,0,[0|0|0],5,35,0,2,0,0,0,0,0,0,0,0,0,1,1,2,1,-1,0,0,1,1,2,0,1,0,6,3000,0,2,2,0,[0|0|0|0],-1,-1,-1,-1,-1,-1,-1,-1,-1,-1,-1,-1,-1
62100055,Albinauric Archer (ADDED),0,0,[0|0|0],317000,317000,0,60,0,0,1,0,-1,5,8,5,6,3004,0.1,0,0,30,0,0,0,0,85,30,20,3,7,50,5,10,0,0,100,10,20,35,1,0,0,0,0,0,0,1,128,0,0,0,0,1,1,0,0,0,0,0,0,[0|0|0],5,35,0,2,0,0,0,0,0,0,0,0,0,1,1,2,1,-1,0,0,1,1,2,0,1,0,6,3000,0,2,2,0,[0|0|0|0],-1,-1,-1,-1,-1,-1,-1,-1,-1,-1,-1,-1,-1
62100056,Albinauric Archer (ADDED),0,0,[0|0|0],317000,317000,0,60,0,0,1,0,-1,5,8,5,6,3004,0.1,0,0,30,0,0,0,0,85,30,20,3,7,50,5,10,0,0,100,10,20,35,1,0,0,0,0,0,0,1,128,0,0,0,0,1,1,0,0,0,0,0,0,[0|0|0],5,35,0,2,0,0,0,0,0,0,0,0,0,1,1,2,1,-1,0,0,1,1,2,0,1,0,6,3000,0,2,2,0,[0|0|0|0],-1,-1,-1,-1,-1,-1,-1,-1,-1,-1,-1,-1,-1
62100057,Albinauric Archer (ADDED),0,0,[0|0|0],317000,317000,0,60,0,0,1,0,-1,5,8,5,6,3004,0.1,0,0,30,0,0,0,0,85,30,20,3,7,50,5,10,0,0,100,10,20,35,1,0,0,0,0,0,0,1,128,0,0,0,0,1,1,0,0,0,0,0,0,[0|0|0],5,35,0,2,0,0,0,0,0,0,0,0,0,1,1,2,1,-1,0,0,1,1,2,0,1,0,6,3000,0,2,2,0,[0|0|0|0],-1,-1,-1,-1,-1,-1,-1,-1,-1,-1,-1,-1,-1
62201000,Fire Demon (NB1),0,0,[0|0|0],10000,622000,8,10,1,0,0,0,-1,5,8,5,8,3000,0.1,-1,-1,30,0,1,0,999,150,30,20,1,7,12,3,30,0,0,100,100,60,60,1,0,5,15,0,0,0,1,128,0,0,0,0,1,1,0,1,0,0,0,0,[0|0|0],10,35,0,2,0,0,0,0,0,0,16544,16384,0,35,18,3,2,-1,0,0,1,2,0,1,2,0,5,-1,0,0,0,1,[0|0|0|0],-1,-1,-1,-1,-1,-1,-1,-1,-1,-1,-1,-1,-1
62200000,,0,0,[0|0|0],10000,622000,8,10,1,0,0,0,-1,5,8,5,8,3000,0.1,-1,-1,30,0,1,0,0,150,30,20,1,7,50,3,30,0,0,100,100,60,60,1,0,5,15,0,0,0,1,128,0,0,0,0,1,1,0,1,0,0,0,0,[0|0|0],10,35,0,2,0,0,0,0,0,0,16544,16384,0,3,3,3,2,-1,0,0,1,2,0,1,2,0,5,-1,0,0,0,1,[0|0|0|0],-1,-1,-1,-1,-1,-1,-1,-1,-1,-1,-1,-1,-1
62600000,Death Rite Bird (ADDED),0,0,[0|0|0],10000,498000,4,20,1,0,0,0,-1,5,8,5,8,3000,0.1,0,0,30,0,0,0,0,150,30,20,3,7,50,3,30,0,0,100,0,50,120,1,0,0,0,0,0,0,1,128,0,0,0,0,1,1,0,0,0,0,0,0,[0|0|0],5,35,0,2,0,0,0,0,0,0,0,0,0,3,1,2,2,-1,0,0,1,2,0,0,2,0,5,-1,0,2,0,1,[0|0|0|0],-1,-1,-1,-1,-1,-1,-1,-1,-1,-1,-1,-1,-1
62600100,Death Rite Bird (ADDED),0,0,[0|0|0],10000,498000,4,20,1,0,0,0,-1,5,8,5,20,3000,0.1,0,0,30,0,0,0,0,150,30,20,3,7,50,5,30,0,0,100,0,50,120,1,0,0,0,0,0,0,1,128,0,0,0,0,1,1,0,0,0,0,0,0,[0|0|0],5,35,0,2,0,0,0,0,0,0,0,0,0,3,1,2,2,-1,0,0,1,2,0,0,2,0,5,-1,0,2,0,1,[0|0|0|0],-1,-1,-1,-1,-1,-1,-1,-1,-1,-1,-1,-1,-1
62600900,Death Rite Bird (ADDED),0,0,[0|0|0],10000,498000,4,20,1,0,0,0,-1,5,8,5,8,3000,0.1,0,0,30,0,0,0,0,150,30,20,3,7,50,3,30,0,0,100,0,50,120,1,0,0,0,0,0,0,1,128,0,0,0,0,1,1,0,0,0,0,0,0,[0|0|0],5,35,0,2,0,0,0,0,0,0,0,0,0,3,1,2,2,-1,0,0,1,2,0,0,2,0,5,-1,0,2,0,1,[0|0|0|0],-1,-1,-1,-1,-1,-1,-1,-1,-1,-1,-1,-1,-1
62600950,Death Rite Bird (ADDED),0,0,[0|0|0],10000,498000,4,20,1,0,0,0,-1,5,8,5,20,3000,0.1,0,0,30,0,0,0,60,100,30,35,3,7,50,5,30,0,0,100,0,50,120,1,0,0,0,0,0,0,1,128,0,0,0,0,1,1,0,0,0,0,0,0,[0|0|0],5,35,0,2,0,0,0,0,0,0,0,0,0,3,1,2,2,-1,0,0,1,2,0,0,2,0,5,-1,0,2,0,1,[0|0|0|0],-1,-1,-1,-1,-1,-1,-1,-1,-1,-1,-1,-1,-1
82000001,Gael P1,0,0,[0|0|0],10000,820000,0,0,1,0,0,0,-1,5,8,0,8,3000,0.1,-1,-1,30,0,1,0,999,9999,9999,9999,1,7,12,3,30,0,0,100,100,90,120,1,0,5,15,0,0,0,1,128,0,0,0,0,1,1,0,0,0,0,1,0,[0|0|0],10,35,0,2,0,0,0,0,0,0,16544,16384,0,3,2,0,2,-1,0,0,1,2,0,1,2,0,5,-1,0,0,0,1,[0|0|0|0],-1,-1,-1,-1,-1,-1,-1,-1,-1,-1,-1,-1,-1
82000000,,0,0,[0|0|0],10000,820000,0,0,0,0,1,0,-1,5,5,5,8,3001,0.1,-1,-1,30,0,0,0,5,85,30,20,1,7,12,3,30,0,0,100,100,90,120,0,0,5,15,0,0,0,1,128,0,0,0,1,1,1,0,0,1,0,0,0,[0|0|0],5,35,0,2,0,0,0,0,0,0,16544,16384,0,1,1,0,2,-1,0,0,1,2,0,0,2,0,5,-1,0,0,0,0,[0|0|0|0],-1,-1,-1,-1,-1,-1,-1,-1,-1,-1,-1,-1,-1
83000000,Dragonslayer Armor,0,0,[0|0|0],10000,830000,0,0,1,0,0,0,-1,5,8,0,8,3000,0.1,-1,-1,30,1,1,0,999,9999,9999,9999,1,7,12,3,30,0,0,100,100,90,120,1,0,5,15,0,0,0,1,128,0,0,0,0,1,1,0,0,0,0,1,0,[0|0|0],10,35,0,2,0,0,0,0,0,0,16544,16384,0,3,2,0,2,-1,0,0,1,2,0,1,2,0,5,-1,0,0,0,1,[0|0|0|0],-1,-1,-1,-1,-1,-1,-1,-1,-1,-1,-1,-1,-1
85000000,,0,0,[0|0|0],10000,850000,0,0,1,0,0,0,-1,5,8,0,8,3000,0.1,-1,-1,30,0,1,0,999,9999,9999,9999,1,7,12,3,30,0,0,100,100,90,120,1,0,5,15,0,0,0,1,128,0,0,0,0,1,1,0,0,0,0,1,0,[0|0|0],10,35,0,2,0,0,0,0,0,0,16544,16384,0,3,2,0,2,-1,0,0,1,2,0,1,2,0,5,-1,0,0,0,1,[0|0|0|0],-1,-1,-1,-1,-1,-1,-1,-1,-1,-1,-1,-1,-1
22400000,,0,0,[0|0|0],10000,224000,0,0,1,0,0,0,-1,5,8,0,8,3000,0.1,-1,-1,30,0,1,0,999,9999,9999,9999,1,7,12,3,30,0,0,100,100,90,120,1,0,5,15,0,0,0,1,128,0,0,0,0,1,1,0,0,0,0,1,0,[0|0|0],10,35,0,2,0,0,0,0,0,0,16544,16384,0,3,2,0,2,-1,0,0,1,2,0,1,2,0,5,-1,0,0,0,1,[0|0|0|0],-1,-1,-1,-1,-1,-1,-1,-1,-1,-1,-1,-1,-1
13100000,Outrider Knight,0,0,[0|0|0],10000,131000,8,10,0,0,1,0,-1,2,2,5,8,3000,0.1,-1,-1,30,1,1,0,0,100,30,20,1,7,12,3,30,0,0,100,100,60,60,1,0,5,15,0,0,0,1,128,0,0,0,1,1,1,0,1,0,1,0,1,[0|0|0],5,35,0,2,0,0,0,0,0,236,16544,16384,0,5,1,3,2,-1,1,0,1,2,0,0,2,0,2,-1,0,0,0,1,[0|0|0|0],-1,-1,-1,-1,-1,-1,-1,-1,-1,-1,-1,-1,-1
31100000,,0,0,[0|0|0],10000,311000,8,10,0,0,1,0,-1,2,2,5,8,3000,0.1,-1,-1,30,1,1,0,0,40,30,20,1,7,12,3,30,0,0,100,100,60,60,1,0,5,15,0,0,0,1,128,0,0,0,1,1,1,0,1,0,1,0,1,[0|0|0],5,35,0,2,0,0,0,0,0,236,16544,16384,0,5,1,3,2,-1,1,0,1,2,0,0,2,0,2,-1,0,0,0,1,[0|0|0|0],-1,-1,-1,-1,-1,-1,-1,-1,-1,-1,-1,-1,-1
62100010,Corvian Knight (Claws),0,0,[0|0|0],10000,621010,8,10,0,0,1,0,-1,2,2,5,8,3000,0.1,-1,-1,30,1,1,0,0,100,30,20,1,7,12,3,30,0,0,100,1,60,60,1,0,5,15,0,0,0,1,128,0,0,0,1,1,1,0,1,0,1,0,1,[0|0|0],5,35,0,2,0,0,0,0,0,236,16544,16384,0,5,1,3,2,-1,1,0,1,2,0,0,2,0,2,-1,0,0,0,1,[0|0|0|0],-1,-1,-1,-1,-1,-1,-1,-1,-1,-1,-1,-1,-1
